URL,Priority,Route Provenance,Primary Search Intent,Primary Query Family,Secondary Query Families,Commercial Modifiers,Geographic Modifiers,Relevant Entities,Relevant Services,Relevant Sectors,Related Informational Queries,Conversion Intent
"/","P0","LEGACY_VERIFIED","home services","home services","commercial home; home contractor UK","contractor, maintenance, PPM, quote, cost, SLA, emergency, compliance","UK Nationwide","EntireFM, SFG20, NICEIC, Gas Safe Register, CIBSE, HSE","Hard FM, Soft FM, PPM, Mechanical & Electrical","Commercial, Industrial, Logistics, Corporate","What is included in ? How often is PPM required?","Generate commercial enquiries and survey requests for home."
"/24-7-fm-support","P1","LEGACY_VERIFIED","24 7 fm support services","24 7 fm support services","commercial 24 7 fm support; 24 7 fm support contractor UK","contractor, maintenance, PPM, quote, cost, SLA, emergency, compliance","UK Nationwide","EntireFM, SFG20, NICEIC, Gas Safe Register, CIBSE, HSE","Hard FM, Soft FM, PPM, Mechanical & Electrical","Commercial, Industrial, Logistics, Corporate","What is included in 24 7 fm support? How often is PPM required?","Generate commercial enquiries and survey requests for 24 7 fm support."
"/about-entire-facilities-management","P1","LEGACY_VERIFIED","about entire facilities management services","about entire facilities management services","commercial about entire facilities management; about entire facilities management contractor UK","contractor, maintenance, PPM, quote, cost, SLA, emergency, compliance","UK Nationwide","EntireFM, SFG20, NICEIC, Gas Safe Register, CIBSE, HSE","Hard FM, Soft FM, PPM, Mechanical & Electrical","Commercial, Industrial, Logistics, Corporate","What is included in about entire facilities management? How often is PPM required?","Generate commercial enquiries and survey requests for about entire facilities management."
"/academy","P1","LEGACY_PROTECTED_BY_DIRECTIVE","Commercial facilities management","academy","","contractor, maintenance, PPM, quote, cost, SLA, emergency, compliance","UK Nationwide","EntireFM, SFG20, NICEIC, Gas Safe Register, CIBSE, HSE","Hard FM, Soft FM, PPM, Mechanical & Electrical","Commercial, Industrial, Logistics, Corporate","What is included in academy? How often is PPM required?","Generate commercial enquiries and site survey requests"
"/access-control","P2","LEGACY_VERIFIED","Commercial facilities management","access control","","contractor, maintenance, PPM, quote, cost, SLA, emergency, compliance","UK Nationwide","EntireFM, SFG20, NICEIC, Gas Safe Register, CIBSE, HSE","Hard FM, Soft FM, PPM, Mechanical & Electrical","Commercial, Industrial, Logistics, Corporate","What is included in access control? How often is PPM required?","Generate commercial enquiries and site survey requests"
"/accessibility-statement","P1","LEGACY_VERIFIED","accessibility statement services","accessibility statement services","commercial accessibility statement; accessibility statement contractor UK","contractor, maintenance, PPM, quote, cost, SLA, emergency, compliance","UK Nationwide","EntireFM, SFG20, NICEIC, Gas Safe Register, CIBSE, HSE","Hard FM, Soft FM, PPM, Mechanical & Electrical","Commercial, Industrial, Logistics, Corporate","What is included in accessibility statement? How often is PPM required?","Generate commercial enquiries and survey requests for accessibility statement."
"/account-registration","P2","LEGACY_VERIFIED","Commercial facilities management","account registration","","contractor, maintenance, PPM, quote, cost, SLA, emergency, compliance","UK Nationwide","EntireFM, SFG20, NICEIC, Gas Safe Register, CIBSE, HSE","Hard FM, Soft FM, PPM, Mechanical & Electrical","Commercial, Industrial, Logistics, Corporate","What is included in account registration? How often is PPM required?","Generate commercial enquiries and site survey requests"
"/aerial-drone-building-inspection","P1","LEGACY_VERIFIED","aerial drone building inspection services","aerial drone building inspection services","commercial aerial drone building inspection; aerial drone building inspection contractor UK","contractor, maintenance, PPM, quote, cost, SLA, emergency, compliance","UK Nationwide","EntireFM, SFG20, NICEIC, Gas Safe Register, CIBSE, HSE","Hard FM, Soft FM, PPM, Mechanical & Electrical","Commercial, Industrial, Logistics, Corporate","What is included in aerial drone building inspection? How often is PPM required?","Generate commercial enquiries and survey requests for aerial drone building inspection."
"/airport-facilities-management","P1","LEGACY_VERIFIED","airport facilities management services","airport facilities management services","commercial airport facilities management; airport facilities management contractor UK","contractor, maintenance, PPM, quote, cost, SLA, emergency, compliance","UK Nationwide","EntireFM, SFG20, NICEIC, Gas Safe Register, CIBSE, HSE","Hard FM, Soft FM, PPM, Mechanical & Electrical","Commercial, Industrial, Logistics, Corporate","What is included in airport facilities management? How often is PPM required?","Generate commercial enquiries and survey requests for airport facilities management."
"/arena-facilities-management","P1","LEGACY_VERIFIED","arena facilities management services","arena facilities management services","commercial arena facilities management; arena facilities management contractor UK","contractor, maintenance, PPM, quote, cost, SLA, emergency, compliance","UK Nationwide","EntireFM, SFG20, NICEIC, Gas Safe Register, CIBSE, HSE","Hard FM, Soft FM, PPM, Mechanical & Electrical","Commercial, Industrial, Logistics, Corporate","What is included in arena facilities management? How often is PPM required?","Generate commercial enquiries and survey requests for arena facilities management."
"/arena-facilities-management-1","P2","LEGACY_VERIFIED","Commercial facilities management","arena facilities management 1","","contractor, maintenance, PPM, quote, cost, SLA, emergency, compliance","UK Nationwide","EntireFM, SFG20, NICEIC, Gas Safe Register, CIBSE, HSE","Hard FM, Soft FM, PPM, Mechanical & Electrical","Commercial, Industrial, Logistics, Corporate","What is included in arena facilities management 1? How often is PPM required?","Generate commercial enquiries and site survey requests"
"/best-facilities-management-company","P1","LEGACY_VERIFIED","best facilities management company services","best facilities management company services","commercial best facilities management company; best facilities management company contractor UK","contractor, maintenance, PPM, quote, cost, SLA, emergency, compliance","UK Nationwide","EntireFM, SFG20, NICEIC, Gas Safe Register, CIBSE, HSE","Hard FM, Soft FM, PPM, Mechanical & Electrical","Commercial, Industrial, Logistics, Corporate","What is included in best facilities management company? How often is PPM required?","Generate commercial enquiries and survey requests for best facilities management company."
"/birmingham-facilities-management","P0","LEGACY_PROTECTED_BY_DIRECTIVE","birmingham facilities management services","birmingham facilities management services","commercial birmingham facilities management; birmingham facilities management contractor UK","contractor, maintenance, PPM, quote, cost, SLA, emergency, compliance","Birmingham","EntireFM, SFG20, NICEIC, Gas Safe Register, CIBSE, HSE","Hard FM, Soft FM, PPM, Mechanical & Electrical","Commercial, Industrial, Logistics, Corporate","What is included in birmingham facilities management? How often is PPM required?","Generate commercial enquiries and survey requests for birmingham facilities management."
"/blog","P2","LEGACY_VERIFIED","blog services","blog services","commercial blog; blog contractor UK","contractor, maintenance, PPM, quote, cost, SLA, emergency, compliance","UK Nationwide","EntireFM, SFG20, NICEIC, Gas Safe Register, CIBSE, HSE","Hard FM, Soft FM, PPM, Mechanical & Electrical","Commercial, Industrial, Logistics, Corporate","What is included in blog? How often is PPM required?","Generate commercial enquiries and survey requests for blog."
"/bms-maintenance-london","P1","NEW_GROWTH","bms maintenance london","bms maintenance london","building management system london; bms controls maintenance london; building automation servicing london; energy optimisation bms london","contractor, maintenance, PPM, quote, cost, SLA, emergency, compliance","London","EntireFM, SFG20, NICEIC, Gas Safe Register, CIBSE, HSE","Hard FM, Soft FM, PPM, Mechanical & Electrical","Commercial, Industrial, Logistics, Corporate","What is included in bms maintenance london? How often is PPM required?","Book a BMS system audit or building controls maintenance review in London."
"/bocker-crane-hire","P1","LEGACY_VERIFIED","bocker crane hire services","bocker crane hire services","commercial bocker crane hire; bocker crane hire contractor UK","contractor, maintenance, PPM, quote, cost, SLA, emergency, compliance","UK Nationwide","EntireFM, SFG20, NICEIC, Gas Safe Register, CIBSE, HSE","Hard FM, Soft FM, PPM, Mechanical & Electrical","Commercial, Industrial, Logistics, Corporate","What is included in bocker crane hire? How often is PPM required?","Generate commercial enquiries and survey requests for bocker crane hire."
"/bolton-facilities-management","P2","NEW_GROWTH","bolton facilities management services","bolton facilities management services","commercial bolton facilities management; bolton facilities management contractor UK","contractor, maintenance, PPM, quote, cost, SLA, emergency, compliance","Bolton","EntireFM, SFG20, NICEIC, Gas Safe Register, CIBSE, HSE","Hard FM, Soft FM, PPM, Mechanical & Electrical","Commercial, Industrial, Logistics, Corporate","What is included in bolton facilities management? How often is PPM required?","Generate commercial enquiries and survey requests for bolton facilities management."
"/bradford-facilities-management","P1","LEGACY_PROTECTED_BY_DIRECTIVE","bradford facilities management services","bradford facilities management services","commercial bradford facilities management; bradford facilities management contractor UK","contractor, maintenance, PPM, quote, cost, SLA, emergency, compliance","Bradford","EntireFM, SFG20, NICEIC, Gas Safe Register, CIBSE, HSE","Hard FM, Soft FM, PPM, Mechanical & Electrical","Commercial, Industrial, Logistics, Corporate","What is included in bradford facilities management? How often is PPM required?","Generate commercial enquiries and survey requests for bradford facilities management."
"/building-inspecting-testing","P1","LEGACY_VERIFIED","building inspecting testing services","building inspecting testing services","commercial building inspecting testing; building inspecting testing contractor UK","contractor, maintenance, PPM, quote, cost, SLA, emergency, compliance","UK Nationwide","EntireFM, SFG20, NICEIC, Gas Safe Register, CIBSE, HSE","Hard FM, Soft FM, PPM, Mechanical & Electrical","Commercial, Industrial, Logistics, Corporate","What is included in building inspecting testing? How often is PPM required?","Generate commercial enquiries and survey requests for building inspecting testing."
"/building-maintenance","P1","LEGACY_VERIFIED","building maintenance services","building maintenance services","commercial building maintenance; building maintenance contractor UK","contractor, maintenance, PPM, quote, cost, SLA, emergency, compliance","UK Nationwide","EntireFM, SFG20, NICEIC, Gas Safe Register, CIBSE, HSE","Hard FM, Soft FM, PPM, Mechanical & Electrical","Commercial, Industrial, Logistics, Corporate","What is included in building maintenance? How often is PPM required?","Generate commercial enquiries and survey requests for building maintenance."
"/building-walk","P1","LEGACY_PROTECTED_BY_DIRECTIVE","Commercial facilities management","building walk","","contractor, maintenance, PPM, quote, cost, SLA, emergency, compliance","UK Nationwide","EntireFM, SFG20, NICEIC, Gas Safe Register, CIBSE, HSE","Hard FM, Soft FM, PPM, Mechanical & Electrical","Commercial, Industrial, Logistics, Corporate","What is included in building walk? How often is PPM required?","Generate commercial enquiries and site survey requests"
"/bury-facilities-management","P2","NEW_GROWTH","bury facilities management services","bury facilities management services","commercial bury facilities management; bury facilities management contractor UK","contractor, maintenance, PPM, quote, cost, SLA, emergency, compliance","Bury","EntireFM, SFG20, NICEIC, Gas Safe Register, CIBSE, HSE","Hard FM, Soft FM, PPM, Mechanical & Electrical","Commercial, Industrial, Logistics, Corporate","What is included in bury facilities management? How often is PPM required?","Generate commercial enquiries and survey requests for bury facilities management."
"/careers","P1","NEW_GROWTH","Commercial facilities management","careers","","contractor, maintenance, PPM, quote, cost, SLA, emergency, compliance","UK Nationwide","EntireFM, SFG20, NICEIC, Gas Safe Register, CIBSE, HSE","Hard FM, Soft FM, PPM, Mechanical & Electrical","Commercial, Industrial, Logistics, Corporate","What is included in careers? How often is PPM required?","Generate commercial enquiries and site survey requests"
"/caretaker","P1","LEGACY_VERIFIED","caretaker services","caretaker services","commercial caretaker; caretaker contractor UK","contractor, maintenance, PPM, quote, cost, SLA, emergency, compliance","UK Nationwide","EntireFM, SFG20, NICEIC, Gas Safe Register, CIBSE, HSE","Hard FM, Soft FM, PPM, Mechanical & Electrical","Commercial, Industrial, Logistics, Corporate","What is included in caretaker? How often is PPM required?","Generate commercial enquiries and survey requests for caretaker."
"/carpark-management","P1","LEGACY_VERIFIED","carpark management services","carpark management services","commercial carpark management; carpark management contractor UK","contractor, maintenance, PPM, quote, cost, SLA, emergency, compliance","UK Nationwide","EntireFM, SFG20, NICEIC, Gas Safe Register, CIBSE, HSE","Hard FM, Soft FM, PPM, Mechanical & Electrical","Commercial, Industrial, Logistics, Corporate","What is included in carpark management? How often is PPM required?","Generate commercial enquiries and survey requests for carpark management."
"/case-studies","P1","CURRENT_LIVE_RETAINED","case studies services","case studies services","commercial case studies; case studies contractor UK","contractor, maintenance, PPM, quote, cost, SLA, emergency, compliance","UK Nationwide","EntireFM, SFG20, NICEIC, Gas Safe Register, CIBSE, HSE","Hard FM, Soft FM, PPM, Mechanical & Electrical","Commercial, Industrial, Logistics, Corporate","What is included in case studies? How often is PPM required?","Generate commercial enquiries and survey requests for case studies."
"/chesterfield","P2","LEGACY_VERIFIED","Commercial facilities management","chesterfield","","contractor, maintenance, PPM, quote, cost, SLA, emergency, compliance","UK Nationwide","EntireFM, SFG20, NICEIC, Gas Safe Register, CIBSE, HSE","Hard FM, Soft FM, PPM, Mechanical & Electrical","Commercial, Industrial, Logistics, Corporate","What is included in chesterfield? How often is PPM required?","Generate commercial enquiries and site survey requests"
"/chesterfield-facilities-management","P1","LEGACY_PROTECTED_BY_DIRECTIVE","chesterfield facilities management services","chesterfield facilities management services","commercial chesterfield facilities management; chesterfield facilities management contractor UK","contractor, maintenance, PPM, quote, cost, SLA, emergency, compliance","Chesterfield","EntireFM, SFG20, NICEIC, Gas Safe Register, CIBSE, HSE","Hard FM, Soft FM, PPM, Mechanical & Electrical","Commercial, Industrial, Logistics, Corporate","What is included in chesterfield facilities management? How often is PPM required?","Generate commercial enquiries and survey requests for chesterfield facilities management."
"/cleaning-services","P0","LEGACY_VERIFIED","cleaning services services","cleaning services services","commercial cleaning services; cleaning services contractor UK","contractor, maintenance, PPM, quote, cost, SLA, emergency, compliance","UK Nationwide","EntireFM, SFG20, NICEIC, Gas Safe Register, CIBSE, HSE","Hard FM, Soft FM, PPM, Mechanical & Electrical","Commercial, Industrial, Logistics, Corporate","What is included in cleaning services? How often is PPM required?","Generate commercial enquiries and survey requests for cleaning services."
"/client-login","P1","LEGACY_VERIFIED","client login services","client login services","commercial client login; client login contractor UK","contractor, maintenance, PPM, quote, cost, SLA, emergency, compliance","UK Nationwide","EntireFM, SFG20, NICEIC, Gas Safe Register, CIBSE, HSE","Hard FM, Soft FM, PPM, Mechanical & Electrical","Commercial, Industrial, Logistics, Corporate","What is included in client login? How often is PPM required?","Generate commercial enquiries and survey requests for client login."
"/client-login/account-registration","P1","LEGACY_VERIFIED","client login/account registration services","client login/account registration services","commercial client login/account registration; client login/account registration contractor UK","contractor, maintenance, PPM, quote, cost, SLA, emergency, compliance","UK Nationwide","EntireFM, SFG20, NICEIC, Gas Safe Register, CIBSE, HSE","Hard FM, Soft FM, PPM, Mechanical & Electrical","Commercial, Industrial, Logistics, Corporate","What is included in client login/account registration? How often is PPM required?","Generate commercial enquiries and survey requests for client login/account registration."
"/client-portal","P0","NEW_GROWTH","Commercial facilities management","client portal","","contractor, maintenance, PPM, quote, cost, SLA, emergency, compliance","UK Nationwide","EntireFM, SFG20, NICEIC, Gas Safe Register, CIBSE, HSE","Hard FM, Soft FM, PPM, Mechanical & Electrical","Commercial, Industrial, Logistics, Corporate","What is included in client portal? How often is PPM required?","Generate commercial enquiries and site survey requests"
"/client-portal/compliance-reporting","P1","NEW_GROWTH","Commercial facilities management","client portal/compliance reporting","","contractor, maintenance, PPM, quote, cost, SLA, emergency, compliance","UK Nationwide","EntireFM, SFG20, NICEIC, Gas Safe Register, CIBSE, HSE","Hard FM, Soft FM, PPM, Mechanical & Electrical","Commercial, Industrial, Logistics, Corporate","What is included in client portal/compliance reporting? How often is PPM required?","Generate commercial enquiries and site survey requests"
"/client-portal/real-time-operations","P1","NEW_GROWTH","Commercial facilities management","client portal/real time operations","","contractor, maintenance, PPM, quote, cost, SLA, emergency, compliance","UK Nationwide","EntireFM, SFG20, NICEIC, Gas Safe Register, CIBSE, HSE","Hard FM, Soft FM, PPM, Mechanical & Electrical","Commercial, Industrial, Logistics, Corporate","What is included in client portal/real time operations? How often is PPM required?","Generate commercial enquiries and site survey requests"
"/client-portal/site-360","P1","NEW_GROWTH","Commercial facilities management","client portal/site 360","","contractor, maintenance, PPM, quote, cost, SLA, emergency, compliance","UK Nationwide","EntireFM, SFG20, NICEIC, Gas Safe Register, CIBSE, HSE","Hard FM, Soft FM, PPM, Mechanical & Electrical","Commercial, Industrial, Logistics, Corporate","What is included in client portal/site 360? How often is PPM required?","Generate commercial enquiries and site survey requests"
"/commercial-building-maintenance-london","P1","NEW_GROWTH","commercial building maintenance london","commercial building maintenance london","building maintenance london; commercial property maintenance london; building fabric maintenance london; estate maintenance london","contractor, maintenance, PPM, quote, cost, SLA, emergency, compliance","London","EntireFM, SFG20, NICEIC, Gas Safe Register, CIBSE, HSE","Hard FM, Soft FM, PPM, Mechanical & Electrical","Commercial, Industrial, Logistics, Corporate","What is included in commercial building maintenance london? How often is PPM required?","Generate building maintenance survey requests and fabric upkeep proposals across London."
"/commercial-cleaning-birmingham","P1","LEGACY_VERIFIED","commercial cleaning birmingham services","commercial cleaning birmingham services","commercial commercial cleaning birmingham; commercial cleaning birmingham contractor UK","contractor, maintenance, PPM, quote, cost, SLA, emergency, compliance","Birmingham","EntireFM, SFG20, NICEIC, Gas Safe Register, CIBSE, HSE","Hard FM, Soft FM, PPM, Mechanical & Electrical","Commercial, Industrial, Logistics, Corporate","What is included in commercial cleaning birmingham? How often is PPM required?","Generate commercial enquiries and survey requests for commercial cleaning birmingham."
"/commercial-cleaning-chesterfield","P1","LEGACY_VERIFIED","commercial cleaning chesterfield services","commercial cleaning chesterfield services","commercial commercial cleaning chesterfield; commercial cleaning chesterfield contractor UK","contractor, maintenance, PPM, quote, cost, SLA, emergency, compliance","Chesterfield","EntireFM, SFG20, NICEIC, Gas Safe Register, CIBSE, HSE","Hard FM, Soft FM, PPM, Mechanical & Electrical","Commercial, Industrial, Logistics, Corporate","What is included in commercial cleaning chesterfield? How often is PPM required?","Generate commercial enquiries and survey requests for commercial cleaning chesterfield."
"/commercial-cleaning-derby","P1","NEW_GROWTH","Commercial facilities management","commercial cleaning derby","","contractor, maintenance, PPM, quote, cost, SLA, emergency, compliance","UK Nationwide","EntireFM, SFG20, NICEIC, Gas Safe Register, CIBSE, HSE","Hard FM, Soft FM, PPM, Mechanical & Electrical","Commercial, Industrial, Logistics, Corporate","What is included in commercial cleaning derby? How often is PPM required?","Generate commercial enquiries and site survey requests"
"/commercial-cleaning-leeds","P1","LEGACY_VERIFIED","commercial cleaning leeds services","commercial cleaning leeds services","commercial commercial cleaning leeds; commercial cleaning leeds contractor UK","contractor, maintenance, PPM, quote, cost, SLA, emergency, compliance","Leeds","EntireFM, SFG20, NICEIC, Gas Safe Register, CIBSE, HSE","Hard FM, Soft FM, PPM, Mechanical & Electrical","Commercial, Industrial, Logistics, Corporate","What is included in commercial cleaning leeds? How often is PPM required?","Generate commercial enquiries and survey requests for commercial cleaning leeds."
"/commercial-cleaning-lincoln","P1","LEGACY_VERIFIED","commercial cleaning lincoln services","commercial cleaning lincoln services","commercial commercial cleaning lincoln; commercial cleaning lincoln contractor UK","contractor, maintenance, PPM, quote, cost, SLA, emergency, compliance","Lincoln","EntireFM, SFG20, NICEIC, Gas Safe Register, CIBSE, HSE","Hard FM, Soft FM, PPM, Mechanical & Electrical","Commercial, Industrial, Logistics, Corporate","What is included in commercial cleaning lincoln? How often is PPM required?","Generate commercial enquiries and survey requests for commercial cleaning lincoln."
"/commercial-cleaning-liverpool","P1","NEW_GROWTH","Commercial facilities management","commercial cleaning liverpool","","contractor, maintenance, PPM, quote, cost, SLA, emergency, compliance","UK Nationwide","EntireFM, SFG20, NICEIC, Gas Safe Register, CIBSE, HSE","Hard FM, Soft FM, PPM, Mechanical & Electrical","Commercial, Industrial, Logistics, Corporate","What is included in commercial cleaning liverpool? How often is PPM required?","Generate commercial enquiries and site survey requests"
"/commercial-cleaning-london","P1","LEGACY_VERIFIED","commercial cleaning london services","commercial cleaning london services","commercial commercial cleaning london; commercial cleaning london contractor UK","contractor, maintenance, PPM, quote, cost, SLA, emergency, compliance","London","EntireFM, SFG20, NICEIC, Gas Safe Register, CIBSE, HSE","Hard FM, Soft FM, PPM, Mechanical & Electrical","Commercial, Industrial, Logistics, Corporate","What is included in commercial cleaning london? How often is PPM required?","Generate commercial enquiries and survey requests for commercial cleaning london."
"/commercial-cleaning-manchester","P1","LEGACY_VERIFIED","commercial cleaning manchester services","commercial cleaning manchester services","commercial commercial cleaning manchester; commercial cleaning manchester contractor UK","contractor, maintenance, PPM, quote, cost, SLA, emergency, compliance","Manchester","EntireFM, SFG20, NICEIC, Gas Safe Register, CIBSE, HSE","Hard FM, Soft FM, PPM, Mechanical & Electrical","Commercial, Industrial, Logistics, Corporate","What is included in commercial cleaning manchester? How often is PPM required?","Generate commercial enquiries and survey requests for commercial cleaning manchester."
"/commercial-cleaning-nottingham","P1","LEGACY_VERIFIED","commercial cleaning nottingham services","commercial cleaning nottingham services","commercial commercial cleaning nottingham; commercial cleaning nottingham contractor UK","contractor, maintenance, PPM, quote, cost, SLA, emergency, compliance","Nottingham","EntireFM, SFG20, NICEIC, Gas Safe Register, CIBSE, HSE","Hard FM, Soft FM, PPM, Mechanical & Electrical","Commercial, Industrial, Logistics, Corporate","What is included in commercial cleaning nottingham? How often is PPM required?","Generate commercial enquiries and survey requests for commercial cleaning nottingham."
"/commercial-cleaning-sheffield","P1","LEGACY_VERIFIED","commercial cleaning sheffield services","commercial cleaning sheffield services","commercial commercial cleaning sheffield; commercial cleaning sheffield contractor UK","contractor, maintenance, PPM, quote, cost, SLA, emergency, compliance","Sheffield","EntireFM, SFG20, NICEIC, Gas Safe Register, CIBSE, HSE","Hard FM, Soft FM, PPM, Mechanical & Electrical","Commercial, Industrial, Logistics, Corporate","What is included in commercial cleaning sheffield? How often is PPM required?","Generate commercial enquiries and survey requests for commercial cleaning sheffield."
"/commercial-eicr-testing-london","P1","NEW_GROWTH","commercial eicr testing london","commercial eicr testing london","fixed wire testing london; commercial electrical inspection london; eicr certificate london; periodic electrical inspection london","contractor, maintenance, PPM, quote, cost, SLA, emergency, compliance","London","EntireFM, SFG20, NICEIC, Gas Safe Register, CIBSE, HSE","Hard FM, Soft FM, PPM, Mechanical & Electrical","Commercial, Industrial, Logistics, Corporate","What is included in commercial eicr testing london? How often is PPM required?","Book a commercial EICR inspection or fixed wire testing programme across London."
"/commercial-electrical-maintenance-london","P1","NEW_GROWTH","commercial electrical maintenance london","commercial electrical maintenance london","electrical maintenance london; commercial electricians london; switchgear maintenance london; emergency lighting testing london","contractor, maintenance, PPM, quote, cost, SLA, emergency, compliance","London","EntireFM, SFG20, NICEIC, Gas Safe Register, CIBSE, HSE","Hard FM, Soft FM, PPM, Mechanical & Electrical","Commercial, Industrial, Logistics, Corporate","What is included in commercial electrical maintenance london? How often is PPM required?","Generate commercial electrical maintenance proposals and site survey requests across London."
"/commercial-facilities-management","P1","LEGACY_VERIFIED","commercial facilities management services","commercial facilities management services","commercial commercial facilities management; commercial facilities management contractor UK","contractor, maintenance, PPM, quote, cost, SLA, emergency, compliance","UK Nationwide","EntireFM, SFG20, NICEIC, Gas Safe Register, CIBSE, HSE","Hard FM, Soft FM, PPM, Mechanical & Electrical","Commercial, Industrial, Logistics, Corporate","What is included in commercial facilities management? How often is PPM required?","Generate commercial enquiries and survey requests for commercial facilities management."
"/commercial-fm-lincoln","P1","LEGACY_VERIFIED","commercial fm lincoln services","commercial fm lincoln services","commercial commercial fm lincoln; commercial fm lincoln contractor UK","contractor, maintenance, PPM, quote, cost, SLA, emergency, compliance","Lincoln","EntireFM, SFG20, NICEIC, Gas Safe Register, CIBSE, HSE","Hard FM, Soft FM, PPM, Mechanical & Electrical","Commercial, Industrial, Logistics, Corporate","What is included in commercial fm lincoln? How often is PPM required?","Generate commercial enquiries and survey requests for commercial fm lincoln."
"/commercial-plumbing-london","P1","NEW_GROWTH","commercial plumbing maintenance london","commercial plumbing maintenance london","commercial plumbers london; commercial pipework maintenance london; booster pump maintenance london; commercial drainage repairs london","contractor, maintenance, PPM, quote, cost, SLA, emergency, compliance","London","EntireFM, SFG20, NICEIC, Gas Safe Register, CIBSE, HSE","Hard FM, Soft FM, PPM, Mechanical & Electrical","Commercial, Industrial, Logistics, Corporate","What is included in commercial plumbing london? How often is PPM required?","Request a commercial plumbing maintenance survey or proposal for London premises."
"/commercial-water-hygiene-london","P1","NEW_GROWTH","commercial water hygiene london","commercial water hygiene london","legionella risk assessment london; water hygiene testing london; acop l8 compliance london; commercial water treatment london","contractor, maintenance, PPM, quote, cost, SLA, emergency, compliance","London","EntireFM, SFG20, NICEIC, Gas Safe Register, CIBSE, HSE","Hard FM, Soft FM, PPM, Mechanical & Electrical","Commercial, Industrial, Logistics, Corporate","What is included in commercial water hygiene london? How often is PPM required?","Book a Legionella risk assessment or water hygiene maintenance contract in London."
"/compliance","P1","NEW_GROWTH","Commercial facilities management","compliance","","contractor, maintenance, PPM, quote, cost, SLA, emergency, compliance","UK Nationwide","EntireFM, SFG20, NICEIC, Gas Safe Register, CIBSE, HSE","Hard FM, Soft FM, PPM, Mechanical & Electrical","Commercial, Industrial, Logistics, Corporate","What is included in compliance? How often is PPM required?","Generate commercial enquiries and site survey requests"
"/compliance/asbestos-management","P1","NEW_GROWTH","Commercial facilities management","compliance/asbestos management","","contractor, maintenance, PPM, quote, cost, SLA, emergency, compliance","UK Nationwide","EntireFM, SFG20, NICEIC, Gas Safe Register, CIBSE, HSE","Hard FM, Soft FM, PPM, Mechanical & Electrical","Commercial, Industrial, Logistics, Corporate","What is included in compliance/asbestos management? How often is PPM required?","Generate commercial enquiries and site survey requests"
"/compliance/commercial-gas-safety","P1","NEW_GROWTH","Commercial facilities management","compliance/commercial gas safety","","contractor, maintenance, PPM, quote, cost, SLA, emergency, compliance","UK Nationwide","EntireFM, SFG20, NICEIC, Gas Safe Register, CIBSE, HSE","Hard FM, Soft FM, PPM, Mechanical & Electrical","Commercial, Industrial, Logistics, Corporate","What is included in compliance/commercial gas safety? How often is PPM required?","Generate commercial enquiries and site survey requests"
"/compliance/emergency-lighting-testing","P1","NEW_GROWTH","Commercial facilities management","compliance/emergency lighting testing","","contractor, maintenance, PPM, quote, cost, SLA, emergency, compliance","UK Nationwide","EntireFM, SFG20, NICEIC, Gas Safe Register, CIBSE, HSE","Hard FM, Soft FM, PPM, Mechanical & Electrical","Commercial, Industrial, Logistics, Corporate","What is included in compliance/emergency lighting testing? How often is PPM required?","Generate commercial enquiries and site survey requests"
"/compliance/f-gas-regulations","P1","NEW_GROWTH","Commercial facilities management","compliance/f gas regulations","","contractor, maintenance, PPM, quote, cost, SLA, emergency, compliance","UK Nationwide","EntireFM, SFG20, NICEIC, Gas Safe Register, CIBSE, HSE","Hard FM, Soft FM, PPM, Mechanical & Electrical","Commercial, Industrial, Logistics, Corporate","What is included in compliance/f gas regulations? How often is PPM required?","Generate commercial enquiries and site survey requests"
"/compliance/fire-risk-assessment","P1","NEW_GROWTH","Commercial facilities management","compliance/fire risk assessment","","contractor, maintenance, PPM, quote, cost, SLA, emergency, compliance","UK Nationwide","EntireFM, SFG20, NICEIC, Gas Safe Register, CIBSE, HSE","Hard FM, Soft FM, PPM, Mechanical & Electrical","Commercial, Industrial, Logistics, Corporate","What is included in compliance/fire risk assessment? How often is PPM required?","Generate commercial enquiries and site survey requests"
"/compliance/fixed-wire-testing-eicr","P1","NEW_GROWTH","Commercial facilities management","compliance/fixed wire testing eicr","","contractor, maintenance, PPM, quote, cost, SLA, emergency, compliance","UK Nationwide","EntireFM, SFG20, NICEIC, Gas Safe Register, CIBSE, HSE","Hard FM, Soft FM, PPM, Mechanical & Electrical","Commercial, Industrial, Logistics, Corporate","What is included in compliance/fixed wire testing eicr? How often is PPM required?","Generate commercial enquiries and site survey requests"
"/compliance/legionella-water-hygiene","P1","NEW_GROWTH","Commercial facilities management","compliance/legionella water hygiene","","contractor, maintenance, PPM, quote, cost, SLA, emergency, compliance","UK Nationwide","EntireFM, SFG20, NICEIC, Gas Safe Register, CIBSE, HSE","Hard FM, Soft FM, PPM, Mechanical & Electrical","Commercial, Industrial, Logistics, Corporate","What is included in compliance/legionella water hygiene? How often is PPM required?","Generate commercial enquiries and site survey requests"
"/compliance/lifting-equipment-loler","P1","NEW_GROWTH","Commercial facilities management","compliance/lifting equipment loler","","contractor, maintenance, PPM, quote, cost, SLA, emergency, compliance","UK Nationwide","EntireFM, SFG20, NICEIC, Gas Safe Register, CIBSE, HSE","Hard FM, Soft FM, PPM, Mechanical & Electrical","Commercial, Industrial, Logistics, Corporate","What is included in compliance/lifting equipment loler? How often is PPM required?","Generate commercial enquiries and site survey requests"
"/compliance/pat-testing","P1","NEW_GROWTH","Commercial facilities management","compliance/pat testing","","contractor, maintenance, PPM, quote, cost, SLA, emergency, compliance","UK Nationwide","EntireFM, SFG20, NICEIC, Gas Safe Register, CIBSE, HSE","Hard FM, Soft FM, PPM, Mechanical & Electrical","Commercial, Industrial, Logistics, Corporate","What is included in compliance/pat testing? How often is PPM required?","Generate commercial enquiries and site survey requests"
"/compliance/work-at-height","P1","NEW_GROWTH","Commercial facilities management","compliance/work at height","","contractor, maintenance, PPM, quote, cost, SLA, emergency, compliance","UK Nationwide","EntireFM, SFG20, NICEIC, Gas Safe Register, CIBSE, HSE","Hard FM, Soft FM, PPM, Mechanical & Electrical","Commercial, Industrial, Logistics, Corporate","What is included in compliance/work at height? How often is PPM required?","Generate commercial enquiries and site survey requests"
"/concierge-services","P1","LEGACY_VERIFIED","concierge services services","concierge services services","commercial concierge services; concierge services contractor UK","contractor, maintenance, PPM, quote, cost, SLA, emergency, compliance","UK Nationwide","EntireFM, SFG20, NICEIC, Gas Safe Register, CIBSE, HSE","Hard FM, Soft FM, PPM, Mechanical & Electrical","Commercial, Industrial, Logistics, Corporate","What is included in concierge services? How often is PPM required?","Generate commercial enquiries and survey requests for concierge services."
"/construction-facilities-management","P1","LEGACY_VERIFIED","construction facilities management services","construction facilities management services","commercial construction facilities management; construction facilities management contractor UK","contractor, maintenance, PPM, quote, cost, SLA, emergency, compliance","UK Nationwide","EntireFM, SFG20, NICEIC, Gas Safe Register, CIBSE, HSE","Hard FM, Soft FM, PPM, Mechanical & Electrical","Commercial, Industrial, Logistics, Corporate","What is included in construction facilities management? How often is PPM required?","Generate commercial enquiries and survey requests for construction facilities management."
"/contact-us","P1","LEGACY_VERIFIED","contact us services","contact us services","commercial contact us; contact us contractor UK","contractor, maintenance, PPM, quote, cost, SLA, emergency, compliance","UK Nationwide","EntireFM, SFG20, NICEIC, Gas Safe Register, CIBSE, HSE","Hard FM, Soft FM, PPM, Mechanical & Electrical","Commercial, Industrial, Logistics, Corporate","What is included in contact us? How often is PPM required?","Generate commercial enquiries and survey requests for contact us."
"/contract-cleaning","P1","LEGACY_VERIFIED","contract cleaning services","contract cleaning services","commercial contract cleaning; contract cleaning contractor UK","contractor, maintenance, PPM, quote, cost, SLA, emergency, compliance","UK Nationwide","EntireFM, SFG20, NICEIC, Gas Safe Register, CIBSE, HSE","Hard FM, Soft FM, PPM, Mechanical & Electrical","Commercial, Industrial, Logistics, Corporate","What is included in contract cleaning? How often is PPM required?","Generate commercial enquiries and survey requests for contract cleaning."
"/contract-cleaning-chesterfield","P1","LEGACY_VERIFIED","contract cleaning chesterfield services","contract cleaning chesterfield services","commercial contract cleaning chesterfield; contract cleaning chesterfield contractor UK","contractor, maintenance, PPM, quote, cost, SLA, emergency, compliance","Chesterfield","EntireFM, SFG20, NICEIC, Gas Safe Register, CIBSE, HSE","Hard FM, Soft FM, PPM, Mechanical & Electrical","Commercial, Industrial, Logistics, Corporate","What is included in contract cleaning chesterfield? How often is PPM required?","Generate commercial enquiries and survey requests for contract cleaning chesterfield."
"/contract-cleaning-leeds","P1","LEGACY_VERIFIED","contract cleaning leeds services","contract cleaning leeds services","commercial contract cleaning leeds; contract cleaning leeds contractor UK","contractor, maintenance, PPM, quote, cost, SLA, emergency, compliance","Leeds","EntireFM, SFG20, NICEIC, Gas Safe Register, CIBSE, HSE","Hard FM, Soft FM, PPM, Mechanical & Electrical","Commercial, Industrial, Logistics, Corporate","What is included in contract cleaning leeds? How often is PPM required?","Generate commercial enquiries and survey requests for contract cleaning leeds."
"/contract-cleaning-lincoln","P1","LEGACY_VERIFIED","contract cleaning lincoln services","contract cleaning lincoln services","commercial contract cleaning lincoln; contract cleaning lincoln contractor UK","contractor, maintenance, PPM, quote, cost, SLA, emergency, compliance","Lincoln","EntireFM, SFG20, NICEIC, Gas Safe Register, CIBSE, HSE","Hard FM, Soft FM, PPM, Mechanical & Electrical","Commercial, Industrial, Logistics, Corporate","What is included in contract cleaning lincoln? How often is PPM required?","Generate commercial enquiries and survey requests for contract cleaning lincoln."
"/contract-cleaning-london","P1","LEGACY_VERIFIED","contract cleaning london services","contract cleaning london services","commercial contract cleaning london; contract cleaning london contractor UK","contractor, maintenance, PPM, quote, cost, SLA, emergency, compliance","London","EntireFM, SFG20, NICEIC, Gas Safe Register, CIBSE, HSE","Hard FM, Soft FM, PPM, Mechanical & Electrical","Commercial, Industrial, Logistics, Corporate","What is included in contract cleaning london? How often is PPM required?","Generate commercial enquiries and survey requests for contract cleaning london."
"/contract-cleaning-manchester","P1","LEGACY_VERIFIED","contract cleaning manchester services","contract cleaning manchester services","commercial contract cleaning manchester; contract cleaning manchester contractor UK","contractor, maintenance, PPM, quote, cost, SLA, emergency, compliance","Manchester","EntireFM, SFG20, NICEIC, Gas Safe Register, CIBSE, HSE","Hard FM, Soft FM, PPM, Mechanical & Electrical","Commercial, Industrial, Logistics, Corporate","What is included in contract cleaning manchester? How often is PPM required?","Generate commercial enquiries and survey requests for contract cleaning manchester."
"/contract-cleaning-sheffield","P1","LEGACY_VERIFIED","contract cleaning sheffield services","contract cleaning sheffield services","commercial contract cleaning sheffield; contract cleaning sheffield contractor UK","contractor, maintenance, PPM, quote, cost, SLA, emergency, compliance","Sheffield","EntireFM, SFG20, NICEIC, Gas Safe Register, CIBSE, HSE","Hard FM, Soft FM, PPM, Mechanical & Electrical","Commercial, Industrial, Logistics, Corporate","What is included in contract cleaning sheffield? How often is PPM required?","Generate commercial enquiries and survey requests for contract cleaning sheffield."
"/copy-of-helpdesk-registration","P1","LEGACY_VERIFIED","copy of helpdesk registration services","copy of helpdesk registration services","commercial copy of helpdesk registration; copy of helpdesk registration contractor UK","contractor, maintenance, PPM, quote, cost, SLA, emergency, compliance","UK Nationwide","EntireFM, SFG20, NICEIC, Gas Safe Register, CIBSE, HSE","Hard FM, Soft FM, PPM, Mechanical & Electrical","Commercial, Industrial, Logistics, Corporate","What is included in copy of helpdesk registration? How often is PPM required?","Generate commercial enquiries and survey requests for copy of helpdesk registration."
"/copy-of-industrial-cleaning","P1","LEGACY_VERIFIED","copy of industrial cleaning services","copy of industrial cleaning services","commercial copy of industrial cleaning; copy of industrial cleaning contractor UK","contractor, maintenance, PPM, quote, cost, SLA, emergency, compliance","UK Nationwide","EntireFM, SFG20, NICEIC, Gas Safe Register, CIBSE, HSE","Hard FM, Soft FM, PPM, Mechanical & Electrical","Commercial, Industrial, Logistics, Corporate","What is included in copy of industrial cleaning? How often is PPM required?","Generate commercial enquiries and survey requests for copy of industrial cleaning."
"/copy-of-what-is-facilities-manageme","P1","LEGACY_VERIFIED","copy of what is facilities manageme services","copy of what is facilities manageme services","commercial copy of what is facilities manageme; copy of what is facilities manageme contractor UK","contractor, maintenance, PPM, quote, cost, SLA, emergency, compliance","UK Nationwide","EntireFM, SFG20, NICEIC, Gas Safe Register, CIBSE, HSE","Hard FM, Soft FM, PPM, Mechanical & Electrical","Commercial, Industrial, Logistics, Corporate","What is included in copy of what is facilities manageme? How often is PPM required?","Generate commercial enquiries and survey requests for copy of what is facilities manageme."
"/derby-facilities-management","P1","LEGACY_PROTECTED_BY_DIRECTIVE","derby facilities management services","derby facilities management services","commercial derby facilities management; derby facilities management contractor UK","contractor, maintenance, PPM, quote, cost, SLA, emergency, compliance","Derby","EntireFM, SFG20, NICEIC, Gas Safe Register, CIBSE, HSE","Hard FM, Soft FM, PPM, Mechanical & Electrical","Commercial, Industrial, Logistics, Corporate","What is included in derby facilities management? How often is PPM required?","Generate commercial enquiries and survey requests for derby facilities management."
"/doncaster-facilities-management","P2","NEW_GROWTH","doncaster facilities management services","doncaster facilities management services","commercial doncaster facilities management; doncaster facilities management contractor UK","contractor, maintenance, PPM, quote, cost, SLA, emergency, compliance","Doncaster","EntireFM, SFG20, NICEIC, Gas Safe Register, CIBSE, HSE","Hard FM, Soft FM, PPM, Mechanical & Electrical","Commercial, Industrial, Logistics, Corporate","What is included in doncaster facilities management? How often is PPM required?","Generate commercial enquiries and survey requests for doncaster facilities management."
"/education-cleaning","P1","LEGACY_VERIFIED","education cleaning services","education cleaning services","commercial education cleaning; education cleaning contractor UK","contractor, maintenance, PPM, quote, cost, SLA, emergency, compliance","UK Nationwide","EntireFM, SFG20, NICEIC, Gas Safe Register, CIBSE, HSE","Hard FM, Soft FM, PPM, Mechanical & Electrical","Commercial, Industrial, Logistics, Corporate","What is included in education cleaning? How often is PPM required?","Generate commercial enquiries and survey requests for education cleaning."
"/education-facilities-management","P1","LEGACY_VERIFIED","education facilities management services","education facilities management services","commercial education facilities management; education facilities management contractor UK","contractor, maintenance, PPM, quote, cost, SLA, emergency, compliance","UK Nationwide","EntireFM, SFG20, NICEIC, Gas Safe Register, CIBSE, HSE","Hard FM, Soft FM, PPM, Mechanical & Electrical","Commercial, Industrial, Logistics, Corporate","What is included in education facilities management? How often is PPM required?","Generate commercial enquiries and survey requests for education facilities management."
"/emergency-light-testing","P2","LEGACY_VERIFIED","Commercial facilities management","emergency light testing","","contractor, maintenance, PPM, quote, cost, SLA, emergency, compliance","UK Nationwide","EntireFM, SFG20, NICEIC, Gas Safe Register, CIBSE, HSE","Hard FM, Soft FM, PPM, Mechanical & Electrical","Commercial, Industrial, Logistics, Corporate","What is included in emergency light testing? How often is PPM required?","Generate commercial enquiries and site survey requests"
"/employment-portal","P1","LEGACY_VERIFIED","employment portal services","employment portal services","commercial employment portal; employment portal contractor UK","contractor, maintenance, PPM, quote, cost, SLA, emergency, compliance","UK Nationwide","EntireFM, SFG20, NICEIC, Gas Safe Register, CIBSE, HSE","Hard FM, Soft FM, PPM, Mechanical & Electrical","Commercial, Industrial, Logistics, Corporate","What is included in employment portal? How often is PPM required?","Generate commercial enquiries and survey requests for employment portal."
"/external-cleaning-birmingham","P1","LEGACY_VERIFIED","external cleaning birmingham services","external cleaning birmingham services","commercial external cleaning birmingham; external cleaning birmingham contractor UK","contractor, maintenance, PPM, quote, cost, SLA, emergency, compliance","Birmingham","EntireFM, SFG20, NICEIC, Gas Safe Register, CIBSE, HSE","Hard FM, Soft FM, PPM, Mechanical & Electrical","Commercial, Industrial, Logistics, Corporate","What is included in external cleaning birmingham? How often is PPM required?","Generate commercial enquiries and survey requests for external cleaning birmingham."
"/external-cleaning-lincoln","P1","LEGACY_VERIFIED","external cleaning lincoln services","external cleaning lincoln services","commercial external cleaning lincoln; external cleaning lincoln contractor UK","contractor, maintenance, PPM, quote, cost, SLA, emergency, compliance","Lincoln","EntireFM, SFG20, NICEIC, Gas Safe Register, CIBSE, HSE","Hard FM, Soft FM, PPM, Mechanical & Electrical","Commercial, Industrial, Logistics, Corporate","What is included in external cleaning lincoln? How often is PPM required?","Generate commercial enquiries and survey requests for external cleaning lincoln."
"/external-cleaning-london","P1","LEGACY_VERIFIED","external cleaning london services","external cleaning london services","commercial external cleaning london; external cleaning london contractor UK","contractor, maintenance, PPM, quote, cost, SLA, emergency, compliance","London","EntireFM, SFG20, NICEIC, Gas Safe Register, CIBSE, HSE","Hard FM, Soft FM, PPM, Mechanical & Electrical","Commercial, Industrial, Logistics, Corporate","What is included in external cleaning london? How often is PPM required?","Generate commercial enquiries and survey requests for external cleaning london."
"/external-cleaning-manchester","P1","LEGACY_VERIFIED","external cleaning manchester services","external cleaning manchester services","commercial external cleaning manchester; external cleaning manchester contractor UK","contractor, maintenance, PPM, quote, cost, SLA, emergency, compliance","Manchester","EntireFM, SFG20, NICEIC, Gas Safe Register, CIBSE, HSE","Hard FM, Soft FM, PPM, Mechanical & Electrical","Commercial, Industrial, Logistics, Corporate","What is included in external cleaning manchester? How often is PPM required?","Generate commercial enquiries and survey requests for external cleaning manchester."
"/facilities-management-birmingham","P0","LEGACY_VERIFIED","facilities management birmingham services","facilities management birmingham services","commercial facilities management birmingham; facilities management birmingham contractor UK","contractor, maintenance, PPM, quote, cost, SLA, emergency, compliance","Birmingham","EntireFM, SFG20, NICEIC, Gas Safe Register, CIBSE, HSE","Hard FM, Soft FM, PPM, Mechanical & Electrical","Commercial, Industrial, Logistics, Corporate","What is included in facilities management birmingham? How often is PPM required?","Generate commercial enquiries and survey requests for facilities management birmingham."
"/facilities-management-blog","P2","LEGACY_VERIFIED","facilities management blog services","facilities management blog services","commercial facilities management blog; facilities management blog contractor UK","contractor, maintenance, PPM, quote, cost, SLA, emergency, compliance","UK Nationwide","EntireFM, SFG20, NICEIC, Gas Safe Register, CIBSE, HSE","Hard FM, Soft FM, PPM, Mechanical & Electrical","Commercial, Industrial, Logistics, Corporate","What is included in facilities management blog? How often is PPM required?","Generate commercial enquiries and survey requests for facilities management blog."
"/facilities-management-bolton","P2","NEW_GROWTH","facilities management bolton services","facilities management bolton services","commercial facilities management bolton; facilities management bolton contractor UK","contractor, maintenance, PPM, quote, cost, SLA, emergency, compliance","Bolton","EntireFM, SFG20, NICEIC, Gas Safe Register, CIBSE, HSE","Hard FM, Soft FM, PPM, Mechanical & Electrical","Commercial, Industrial, Logistics, Corporate","What is included in facilities management bolton? How often is PPM required?","Generate commercial enquiries and survey requests for facilities management bolton."
"/facilities-management-bradford","P1","LEGACY_VERIFIED","facilities management bradford services","facilities management bradford services","commercial facilities management bradford; facilities management bradford contractor UK","contractor, maintenance, PPM, quote, cost, SLA, emergency, compliance","Bradford","EntireFM, SFG20, NICEIC, Gas Safe Register, CIBSE, HSE","Hard FM, Soft FM, PPM, Mechanical & Electrical","Commercial, Industrial, Logistics, Corporate","What is included in facilities management bradford? How often is PPM required?","Generate commercial enquiries and survey requests for facilities management bradford."
"/facilities-management-bury","P2","NEW_GROWTH","facilities management bury services","facilities management bury services","commercial facilities management bury; facilities management bury contractor UK","contractor, maintenance, PPM, quote, cost, SLA, emergency, compliance","Bury","EntireFM, SFG20, NICEIC, Gas Safe Register, CIBSE, HSE","Hard FM, Soft FM, PPM, Mechanical & Electrical","Commercial, Industrial, Logistics, Corporate","What is included in facilities management bury? How often is PPM required?","Generate commercial enquiries and survey requests for facilities management bury."
"/facilities-management-chesterfield","P1","LEGACY_VERIFIED","facilities management chesterfield services","facilities management chesterfield services","commercial facilities management chesterfield; facilities management chesterfield contractor UK","contractor, maintenance, PPM, quote, cost, SLA, emergency, compliance","Chesterfield","EntireFM, SFG20, NICEIC, Gas Safe Register, CIBSE, HSE","Hard FM, Soft FM, PPM, Mechanical & Electrical","Commercial, Industrial, Logistics, Corporate","What is included in facilities management chesterfield? How often is PPM required?","Generate commercial enquiries and survey requests for facilities management chesterfield."
"/facilities-management-derby","P1","LEGACY_VERIFIED","facilities management derby services","facilities management derby services","commercial facilities management derby; facilities management derby contractor UK","contractor, maintenance, PPM, quote, cost, SLA, emergency, compliance","Derby","EntireFM, SFG20, NICEIC, Gas Safe Register, CIBSE, HSE","Hard FM, Soft FM, PPM, Mechanical & Electrical","Commercial, Industrial, Logistics, Corporate","What is included in facilities management derby? How often is PPM required?","Generate commercial enquiries and survey requests for facilities management derby."
"/facilities-management-doncaster","P2","NEW_GROWTH","facilities management doncaster services","facilities management doncaster services","commercial facilities management doncaster; facilities management doncaster contractor UK","contractor, maintenance, PPM, quote, cost, SLA, emergency, compliance","Doncaster","EntireFM, SFG20, NICEIC, Gas Safe Register, CIBSE, HSE","Hard FM, Soft FM, PPM, Mechanical & Electrical","Commercial, Industrial, Logistics, Corporate","What is included in facilities management doncaster? How often is PPM required?","Generate commercial enquiries and survey requests for facilities management doncaster."
"/facilities-management-for/construction-facilities-management","P1","LEGACY_VERIFIED","facilities management for/construction facilities management services","facilities management for/construction facilities management services","commercial facilities management for/construction facilities management; facilities management for/construction facilities management contractor UK","contractor, maintenance, PPM, quote, cost, SLA, emergency, compliance","UK Nationwide","EntireFM, SFG20, NICEIC, Gas Safe Register, CIBSE, HSE","Hard FM, Soft FM, PPM, Mechanical & Electrical","Commercial, Industrial, Logistics, Corporate","What is included in facilities management for/construction facilities management? How often is PPM required?","Generate commercial enquiries and survey requests for facilities management for/construction facilities management."
"/facilities-management-for/education-%26-schools-facilities-management","P1","LEGACY_VERIFIED","facilities management for/education %26 schools facilities management services","facilities management for/education %26 schools facilities management services","commercial facilities management for/education %26 schools facilities management; facilities management for/education %26 schools facilities management contractor UK","contractor, maintenance, PPM, quote, cost, SLA, emergency, compliance","UK Nationwide","EntireFM, SFG20, NICEIC, Gas Safe Register, CIBSE, HSE","Hard FM, Soft FM, PPM, Mechanical & Electrical","Commercial, Industrial, Logistics, Corporate","What is included in facilities management for/education %26 schools facilities management? How often is PPM required?","Generate commercial enquiries and survey requests for facilities management for/education %26 schools facilities management."
"/facilities-management-for/healthcare-facilities-management","P1","LEGACY_VERIFIED","facilities management for/healthcare facilities management services","facilities management for/healthcare facilities management services","commercial facilities management for/healthcare facilities management; facilities management for/healthcare facilities management contractor UK","contractor, maintenance, PPM, quote, cost, SLA, emergency, compliance","UK Nationwide","EntireFM, SFG20, NICEIC, Gas Safe Register, CIBSE, HSE","Hard FM, Soft FM, PPM, Mechanical & Electrical","Commercial, Industrial, Logistics, Corporate","What is included in facilities management for/healthcare facilities management? How often is PPM required?","Generate commercial enquiries and survey requests for facilities management for/healthcare facilities management."
"/facilities-management-for/hotels-%26-resort-facilities-management","P1","LEGACY_VERIFIED","facilities management for/hotels %26 resort facilities management services","facilities management for/hotels %26 resort facilities management services","commercial facilities management for/hotels %26 resort facilities management; facilities management for/hotels %26 resort facilities management contractor UK","contractor, maintenance, PPM, quote, cost, SLA, emergency, compliance","UK Nationwide","EntireFM, SFG20, NICEIC, Gas Safe Register, CIBSE, HSE","Hard FM, Soft FM, PPM, Mechanical & Electrical","Commercial, Industrial, Logistics, Corporate","What is included in facilities management for/hotels %26 resort facilities management? How often is PPM required?","Generate commercial enquiries and survey requests for facilities management for/hotels %26 resort facilities management."
"/facilities-management-for/industrial-facilities-management","P1","LEGACY_VERIFIED","facilities management for/industrial facilities management services","facilities management for/industrial facilities management services","commercial facilities management for/industrial facilities management; facilities management for/industrial facilities management contractor UK","contractor, maintenance, PPM, quote, cost, SLA, emergency, compliance","UK Nationwide","EntireFM, SFG20, NICEIC, Gas Safe Register, CIBSE, HSE","Hard FM, Soft FM, PPM, Mechanical & Electrical","Commercial, Industrial, Logistics, Corporate","What is included in facilities management for/industrial facilities management? How often is PPM required?","Generate commercial enquiries and survey requests for facilities management for/industrial facilities management."
"/facilities-management-for/leisure-centre-facilities-management","P1","LEGACY_VERIFIED","facilities management for/leisure centre facilities management services","facilities management for/leisure centre facilities management services","commercial facilities management for/leisure centre facilities management; facilities management for/leisure centre facilities management contractor UK","contractor, maintenance, PPM, quote, cost, SLA, emergency, compliance","UK Nationwide","EntireFM, SFG20, NICEIC, Gas Safe Register, CIBSE, HSE","Hard FM, Soft FM, PPM, Mechanical & Electrical","Commercial, Industrial, Logistics, Corporate","What is included in facilities management for/leisure centre facilities management? How often is PPM required?","Generate commercial enquiries and survey requests for facilities management for/leisure centre facilities management."
"/facilities-management-for/logistics-%26-distribution-facilities-management","P1","LEGACY_VERIFIED","facilities management for/logistics %26 distribution facilities management services","facilities management for/logistics %26 distribution facilities management services","commercial facilities management for/logistics %26 distribution facilities management; facilities management for/logistics %26 distribution facilities management contractor UK","contractor, maintenance, PPM, quote, cost, SLA, emergency, compliance","UK Nationwide","EntireFM, SFG20, NICEIC, Gas Safe Register, CIBSE, HSE","Hard FM, Soft FM, PPM, Mechanical & Electrical","Commercial, Industrial, Logistics, Corporate","What is included in facilities management for/logistics %26 distribution facilities management? How often is PPM required?","Generate commercial enquiries and survey requests for facilities management for/logistics %26 distribution facilities management."
"/facilities-management-for/managing-agent-facilities-management","P1","LEGACY_VERIFIED","facilities management for/managing agent facilities management services","facilities management for/managing agent facilities management services","commercial facilities management for/managing agent facilities management; facilities management for/managing agent facilities management contractor UK","contractor, maintenance, PPM, quote, cost, SLA, emergency, compliance","UK Nationwide","EntireFM, SFG20, NICEIC, Gas Safe Register, CIBSE, HSE","Hard FM, Soft FM, PPM, Mechanical & Electrical","Commercial, Industrial, Logistics, Corporate","What is included in facilities management for/managing agent facilities management? How often is PPM required?","Generate commercial enquiries and survey requests for facilities management for/managing agent facilities management."
"/facilities-management-for/offices%2C-corporate-%26-co-working","P1","LEGACY_VERIFIED","facilities management for/offices%2c corporate %26 co working services","facilities management for/offices%2c corporate %26 co working services","commercial facilities management for/offices%2c corporate %26 co working; facilities management for/offices%2c corporate %26 co working contractor UK","contractor, maintenance, PPM, quote, cost, SLA, emergency, compliance","UK Nationwide","EntireFM, SFG20, NICEIC, Gas Safe Register, CIBSE, HSE","Hard FM, Soft FM, PPM, Mechanical & Electrical","Commercial, Industrial, Logistics, Corporate","What is included in facilities management for/offices%2C corporate %26 co working? How often is PPM required?","Generate commercial enquiries and survey requests for facilities management for/offices%2c corporate %26 co working."
"/facilities-management-for/residential-facilities-management","P1","LEGACY_VERIFIED","facilities management for/residential facilities management services","facilities management for/residential facilities management services","commercial facilities management for/residential facilities management; facilities management for/residential facilities management contractor UK","contractor, maintenance, PPM, quote, cost, SLA, emergency, compliance","UK Nationwide","EntireFM, SFG20, NICEIC, Gas Safe Register, CIBSE, HSE","Hard FM, Soft FM, PPM, Mechanical & Electrical","Commercial, Industrial, Logistics, Corporate","What is included in facilities management for/residential facilities management? How often is PPM required?","Generate commercial enquiries and survey requests for facilities management for/residential facilities management."
"/facilities-management-for/restaurant-%26-hospitality-facilities-management","P1","LEGACY_VERIFIED","facilities management for/restaurant %26 hospitality facilities management services","facilities management for/restaurant %26 hospitality facilities management services","commercial facilities management for/restaurant %26 hospitality facilities management; facilities management for/restaurant %26 hospitality facilities management contractor UK","contractor, maintenance, PPM, quote, cost, SLA, emergency, compliance","UK Nationwide","EntireFM, SFG20, NICEIC, Gas Safe Register, CIBSE, HSE","Hard FM, Soft FM, PPM, Mechanical & Electrical","Commercial, Industrial, Logistics, Corporate","What is included in facilities management for/restaurant %26 hospitality facilities management? How often is PPM required?","Generate commercial enquiries and survey requests for facilities management for/restaurant %26 hospitality facilities management."
"/facilities-management-for/retail-%26-shopping-centre-facilities-management","P1","LEGACY_VERIFIED","facilities management for/retail %26 shopping centre facilities management services","facilities management for/retail %26 shopping centre facilities management services","commercial facilities management for/retail %26 shopping centre facilities management; facilities management for/retail %26 shopping centre facilities management contractor UK","contractor, maintenance, PPM, quote, cost, SLA, emergency, compliance","UK Nationwide","EntireFM, SFG20, NICEIC, Gas Safe Register, CIBSE, HSE","Hard FM, Soft FM, PPM, Mechanical & Electrical","Commercial, Industrial, Logistics, Corporate","What is included in facilities management for/retail %26 shopping centre facilities management? How often is PPM required?","Generate commercial enquiries and survey requests for facilities management for/retail %26 shopping centre facilities management."
"/facilities-management-for/sports-venue-facilities-management","P1","LEGACY_VERIFIED","facilities management for/sports venue facilities management services","facilities management for/sports venue facilities management services","commercial facilities management for/sports venue facilities management; facilities management for/sports venue facilities management contractor UK","contractor, maintenance, PPM, quote, cost, SLA, emergency, compliance","UK Nationwide","EntireFM, SFG20, NICEIC, Gas Safe Register, CIBSE, HSE","Hard FM, Soft FM, PPM, Mechanical & Electrical","Commercial, Industrial, Logistics, Corporate","What is included in facilities management for/sports venue facilities management? How often is PPM required?","Generate commercial enquiries and survey requests for facilities management for/sports venue facilities management."
"/facilities-management-for/stadium-%26-arena-facilities-management","P1","LEGACY_VERIFIED","facilities management for/stadium %26 arena facilities management services","facilities management for/stadium %26 arena facilities management services","commercial facilities management for/stadium %26 arena facilities management; facilities management for/stadium %26 arena facilities management contractor UK","contractor, maintenance, PPM, quote, cost, SLA, emergency, compliance","UK Nationwide","EntireFM, SFG20, NICEIC, Gas Safe Register, CIBSE, HSE","Hard FM, Soft FM, PPM, Mechanical & Electrical","Commercial, Industrial, Logistics, Corporate","What is included in facilities management for/stadium %26 arena facilities management? How often is PPM required?","Generate commercial enquiries and survey requests for facilities management for/stadium %26 arena facilities management."
"/facilities-management-for/warehouse-%26-distribution","P1","LEGACY_VERIFIED","facilities management for/warehouse %26 distribution services","facilities management for/warehouse %26 distribution services","commercial facilities management for/warehouse %26 distribution; facilities management for/warehouse %26 distribution contractor UK","contractor, maintenance, PPM, quote, cost, SLA, emergency, compliance","UK Nationwide","EntireFM, SFG20, NICEIC, Gas Safe Register, CIBSE, HSE","Hard FM, Soft FM, PPM, Mechanical & Electrical","Commercial, Industrial, Logistics, Corporate","What is included in facilities management for/warehouse %26 distribution? How often is PPM required?","Generate commercial enquiries and survey requests for facilities management for/warehouse %26 distribution."
"/facilities-management-glossary","P1","NEW_GROWTH","Commercial facilities management","facilities management glossary","","contractor, maintenance, PPM, quote, cost, SLA, emergency, compliance","UK Nationwide","EntireFM, SFG20, NICEIC, Gas Safe Register, CIBSE, HSE","Hard FM, Soft FM, PPM, Mechanical & Electrical","Commercial, Industrial, Logistics, Corporate","What is included in facilities management glossary? How often is PPM required?","Generate commercial enquiries and site survey requests"
"/facilities-management-glossary-birmingham","P2","NEW_GROWTH","Commercial facilities management","facilities management glossary birmingham","","contractor, maintenance, PPM, quote, cost, SLA, emergency, compliance","Birmingham","EntireFM, SFG20, NICEIC, Gas Safe Register, CIBSE, HSE","Hard FM, Soft FM, PPM, Mechanical & Electrical","Commercial, Industrial, Logistics, Corporate","What is included in facilities management glossary birmingham? How often is PPM required?","Generate commercial enquiries and site survey requests"
"/facilities-management-glossary-bolton","P2","NEW_GROWTH","Commercial facilities management","facilities management glossary bolton","","contractor, maintenance, PPM, quote, cost, SLA, emergency, compliance","Bolton","EntireFM, SFG20, NICEIC, Gas Safe Register, CIBSE, HSE","Hard FM, Soft FM, PPM, Mechanical & Electrical","Commercial, Industrial, Logistics, Corporate","What is included in facilities management glossary bolton? How often is PPM required?","Generate commercial enquiries and site survey requests"
"/facilities-management-glossary-bradford","P2","NEW_GROWTH","Commercial facilities management","facilities management glossary bradford","","contractor, maintenance, PPM, quote, cost, SLA, emergency, compliance","Bradford","EntireFM, SFG20, NICEIC, Gas Safe Register, CIBSE, HSE","Hard FM, Soft FM, PPM, Mechanical & Electrical","Commercial, Industrial, Logistics, Corporate","What is included in facilities management glossary bradford? How often is PPM required?","Generate commercial enquiries and site survey requests"
"/facilities-management-glossary-bury","P2","NEW_GROWTH","Commercial facilities management","facilities management glossary bury","","contractor, maintenance, PPM, quote, cost, SLA, emergency, compliance","Bury","EntireFM, SFG20, NICEIC, Gas Safe Register, CIBSE, HSE","Hard FM, Soft FM, PPM, Mechanical & Electrical","Commercial, Industrial, Logistics, Corporate","What is included in facilities management glossary bury? How often is PPM required?","Generate commercial enquiries and site survey requests"
"/facilities-management-glossary-chesterfield","P2","NEW_GROWTH","Commercial facilities management","facilities management glossary chesterfield","","contractor, maintenance, PPM, quote, cost, SLA, emergency, compliance","Chesterfield","EntireFM, SFG20, NICEIC, Gas Safe Register, CIBSE, HSE","Hard FM, Soft FM, PPM, Mechanical & Electrical","Commercial, Industrial, Logistics, Corporate","What is included in facilities management glossary chesterfield? How often is PPM required?","Generate commercial enquiries and site survey requests"
"/facilities-management-glossary-derby","P2","NEW_GROWTH","Commercial facilities management","facilities management glossary derby","","contractor, maintenance, PPM, quote, cost, SLA, emergency, compliance","Derby","EntireFM, SFG20, NICEIC, Gas Safe Register, CIBSE, HSE","Hard FM, Soft FM, PPM, Mechanical & Electrical","Commercial, Industrial, Logistics, Corporate","What is included in facilities management glossary derby? How often is PPM required?","Generate commercial enquiries and site survey requests"
"/facilities-management-glossary-doncaster","P2","NEW_GROWTH","Commercial facilities management","facilities management glossary doncaster","","contractor, maintenance, PPM, quote, cost, SLA, emergency, compliance","Doncaster","EntireFM, SFG20, NICEIC, Gas Safe Register, CIBSE, HSE","Hard FM, Soft FM, PPM, Mechanical & Electrical","Commercial, Industrial, Logistics, Corporate","What is included in facilities management glossary doncaster? How often is PPM required?","Generate commercial enquiries and site survey requests"
"/facilities-management-glossary-grimsby","P2","NEW_GROWTH","Commercial facilities management","facilities management glossary grimsby","","contractor, maintenance, PPM, quote, cost, SLA, emergency, compliance","Grimsby","EntireFM, SFG20, NICEIC, Gas Safe Register, CIBSE, HSE","Hard FM, Soft FM, PPM, Mechanical & Electrical","Commercial, Industrial, Logistics, Corporate","What is included in facilities management glossary grimsby? How often is PPM required?","Generate commercial enquiries and site survey requests"
"/facilities-management-glossary-leeds","P2","NEW_GROWTH","Commercial facilities management","facilities management glossary leeds","","contractor, maintenance, PPM, quote, cost, SLA, emergency, compliance","Leeds","EntireFM, SFG20, NICEIC, Gas Safe Register, CIBSE, HSE","Hard FM, Soft FM, PPM, Mechanical & Electrical","Commercial, Industrial, Logistics, Corporate","What is included in facilities management glossary leeds? How often is PPM required?","Generate commercial enquiries and site survey requests"
"/facilities-management-glossary-lincoln","P2","NEW_GROWTH","Commercial facilities management","facilities management glossary lincoln","","contractor, maintenance, PPM, quote, cost, SLA, emergency, compliance","Lincoln","EntireFM, SFG20, NICEIC, Gas Safe Register, CIBSE, HSE","Hard FM, Soft FM, PPM, Mechanical & Electrical","Commercial, Industrial, Logistics, Corporate","What is included in facilities management glossary lincoln? How often is PPM required?","Generate commercial enquiries and site survey requests"
"/facilities-management-glossary-liverpool","P2","NEW_GROWTH","Commercial facilities management","facilities management glossary liverpool","","contractor, maintenance, PPM, quote, cost, SLA, emergency, compliance","Liverpool","EntireFM, SFG20, NICEIC, Gas Safe Register, CIBSE, HSE","Hard FM, Soft FM, PPM, Mechanical & Electrical","Commercial, Industrial, Logistics, Corporate","What is included in facilities management glossary liverpool? How often is PPM required?","Generate commercial enquiries and site survey requests"
"/facilities-management-glossary-london","P2","NEW_GROWTH","Commercial facilities management","facilities management glossary london","","contractor, maintenance, PPM, quote, cost, SLA, emergency, compliance","London","EntireFM, SFG20, NICEIC, Gas Safe Register, CIBSE, HSE","Hard FM, Soft FM, PPM, Mechanical & Electrical","Commercial, Industrial, Logistics, Corporate","What is included in facilities management glossary london? How often is PPM required?","Generate commercial enquiries and site survey requests"
"/facilities-management-glossary-manchester","P2","NEW_GROWTH","Commercial facilities management","facilities management glossary manchester","","contractor, maintenance, PPM, quote, cost, SLA, emergency, compliance","Manchester","EntireFM, SFG20, NICEIC, Gas Safe Register, CIBSE, HSE","Hard FM, Soft FM, PPM, Mechanical & Electrical","Commercial, Industrial, Logistics, Corporate","What is included in facilities management glossary manchester? How often is PPM required?","Generate commercial enquiries and site survey requests"
"/facilities-management-glossary-matlock","P2","NEW_GROWTH","Commercial facilities management","facilities management glossary matlock","","contractor, maintenance, PPM, quote, cost, SLA, emergency, compliance","Matlock","EntireFM, SFG20, NICEIC, Gas Safe Register, CIBSE, HSE","Hard FM, Soft FM, PPM, Mechanical & Electrical","Commercial, Industrial, Logistics, Corporate","What is included in facilities management glossary matlock? How often is PPM required?","Generate commercial enquiries and site survey requests"
"/facilities-management-glossary-nottingham","P2","NEW_GROWTH","Commercial facilities management","facilities management glossary nottingham","","contractor, maintenance, PPM, quote, cost, SLA, emergency, compliance","Nottingham","EntireFM, SFG20, NICEIC, Gas Safe Register, CIBSE, HSE","Hard FM, Soft FM, PPM, Mechanical & Electrical","Commercial, Industrial, Logistics, Corporate","What is included in facilities management glossary nottingham? How often is PPM required?","Generate commercial enquiries and site survey requests"
"/facilities-management-glossary-oxford","P2","NEW_GROWTH","Commercial facilities management","facilities management glossary oxford","","contractor, maintenance, PPM, quote, cost, SLA, emergency, compliance","Oxford","EntireFM, SFG20, NICEIC, Gas Safe Register, CIBSE, HSE","Hard FM, Soft FM, PPM, Mechanical & Electrical","Commercial, Industrial, Logistics, Corporate","What is included in facilities management glossary oxford? How often is PPM required?","Generate commercial enquiries and site survey requests"
"/facilities-management-glossary-preston","P2","NEW_GROWTH","Commercial facilities management","facilities management glossary preston","","contractor, maintenance, PPM, quote, cost, SLA, emergency, compliance","Preston","EntireFM, SFG20, NICEIC, Gas Safe Register, CIBSE, HSE","Hard FM, Soft FM, PPM, Mechanical & Electrical","Commercial, Industrial, Logistics, Corporate","What is included in facilities management glossary preston? How often is PPM required?","Generate commercial enquiries and site survey requests"
"/facilities-management-glossary-rotherham","P2","NEW_GROWTH","Commercial facilities management","facilities management glossary rotherham","","contractor, maintenance, PPM, quote, cost, SLA, emergency, compliance","Rotherham","EntireFM, SFG20, NICEIC, Gas Safe Register, CIBSE, HSE","Hard FM, Soft FM, PPM, Mechanical & Electrical","Commercial, Industrial, Logistics, Corporate","What is included in facilities management glossary rotherham? How often is PPM required?","Generate commercial enquiries and site survey requests"
"/facilities-management-glossary-sheffield","P2","NEW_GROWTH","Commercial facilities management","facilities management glossary sheffield","","contractor, maintenance, PPM, quote, cost, SLA, emergency, compliance","Sheffield","EntireFM, SFG20, NICEIC, Gas Safe Register, CIBSE, HSE","Hard FM, Soft FM, PPM, Mechanical & Electrical","Commercial, Industrial, Logistics, Corporate","What is included in facilities management glossary sheffield? How often is PPM required?","Generate commercial enquiries and site survey requests"
"/facilities-management-glossary-telford","P2","NEW_GROWTH","Commercial facilities management","facilities management glossary telford","","contractor, maintenance, PPM, quote, cost, SLA, emergency, compliance","Telford","EntireFM, SFG20, NICEIC, Gas Safe Register, CIBSE, HSE","Hard FM, Soft FM, PPM, Mechanical & Electrical","Commercial, Industrial, Logistics, Corporate","What is included in facilities management glossary telford? How often is PPM required?","Generate commercial enquiries and site survey requests"
"/facilities-management-glossary-wigan","P2","NEW_GROWTH","Commercial facilities management","facilities management glossary wigan","","contractor, maintenance, PPM, quote, cost, SLA, emergency, compliance","Wigan","EntireFM, SFG20, NICEIC, Gas Safe Register, CIBSE, HSE","Hard FM, Soft FM, PPM, Mechanical & Electrical","Commercial, Industrial, Logistics, Corporate","What is included in facilities management glossary wigan? How often is PPM required?","Generate commercial enquiries and site survey requests"
"/facilities-management-grimsby","P2","NEW_GROWTH","facilities management grimsby services","facilities management grimsby services","commercial facilities management grimsby; facilities management grimsby contractor UK","contractor, maintenance, PPM, quote, cost, SLA, emergency, compliance","Grimsby","EntireFM, SFG20, NICEIC, Gas Safe Register, CIBSE, HSE","Hard FM, Soft FM, PPM, Mechanical & Electrical","Commercial, Industrial, Logistics, Corporate","What is included in facilities management grimsby? How often is PPM required?","Generate commercial enquiries and survey requests for facilities management grimsby."
"/facilities-management-in-telford","P1","LEGACY_VERIFIED","facilities management in telford services","facilities management in telford services","commercial facilities management in telford; facilities management in telford contractor UK","contractor, maintenance, PPM, quote, cost, SLA, emergency, compliance","Telford","EntireFM, SFG20, NICEIC, Gas Safe Register, CIBSE, HSE","Hard FM, Soft FM, PPM, Mechanical & Electrical","Commercial, Industrial, Logistics, Corporate","What is included in facilities management in telford? How often is PPM required?","Generate commercial enquiries and survey requests for facilities management in telford."
"/facilities-management-in-the-midlands","P1","LEGACY_VERIFIED","facilities management in the midlands services","facilities management in the midlands services","commercial facilities management in the midlands; facilities management in the midlands contractor UK","contractor, maintenance, PPM, quote, cost, SLA, emergency, compliance","Midlands","EntireFM, SFG20, NICEIC, Gas Safe Register, CIBSE, HSE","Hard FM, Soft FM, PPM, Mechanical & Electrical","Commercial, Industrial, Logistics, Corporate","What is included in facilities management in the midlands? How often is PPM required?","Generate commercial enquiries and survey requests for facilities management in the midlands."
"/facilities-management-industries","P2","LEGACY_VERIFIED","Commercial facilities management","facilities management industries","","contractor, maintenance, PPM, quote, cost, SLA, emergency, compliance","UK Nationwide","EntireFM, SFG20, NICEIC, Gas Safe Register, CIBSE, HSE","Hard FM, Soft FM, PPM, Mechanical & Electrical","Commercial, Industrial, Logistics, Corporate","What is included in facilities management industries? How often is PPM required?","Generate commercial enquiries and site survey requests"
"/facilities-management-leeds","P0","LEGACY_PROTECTED_BY_DIRECTIVE","facilities management leeds services","facilities management leeds services","commercial facilities management leeds; facilities management leeds contractor UK","contractor, maintenance, PPM, quote, cost, SLA, emergency, compliance","Leeds","EntireFM, SFG20, NICEIC, Gas Safe Register, CIBSE, HSE","Hard FM, Soft FM, PPM, Mechanical & Electrical","Commercial, Industrial, Logistics, Corporate","What is included in facilities management leeds? How often is PPM required?","Generate commercial enquiries and survey requests for facilities management leeds."
"/facilities-management-lincoln","P1","LEGACY_VERIFIED","facilities management lincoln services","facilities management lincoln services","commercial facilities management lincoln; facilities management lincoln contractor UK","contractor, maintenance, PPM, quote, cost, SLA, emergency, compliance","Lincoln","EntireFM, SFG20, NICEIC, Gas Safe Register, CIBSE, HSE","Hard FM, Soft FM, PPM, Mechanical & Electrical","Commercial, Industrial, Logistics, Corporate","What is included in facilities management lincoln? How often is PPM required?","Generate commercial enquiries and survey requests for facilities management lincoln."
"/facilities-management-liverpool","P1","LEGACY_PROTECTED_BY_DIRECTIVE","facilities management liverpool services","facilities management liverpool services","commercial facilities management liverpool; facilities management liverpool contractor UK","contractor, maintenance, PPM, quote, cost, SLA, emergency, compliance","Liverpool","EntireFM, SFG20, NICEIC, Gas Safe Register, CIBSE, HSE","Hard FM, Soft FM, PPM, Mechanical & Electrical","Commercial, Industrial, Logistics, Corporate","What is included in facilities management liverpool? How often is PPM required?","Generate commercial enquiries and survey requests for facilities management liverpool."
"/facilities-management-london","P0","LEGACY_VERIFIED","facilities management london","facilities management london","facilities management company london; facilities management services london; facilities management companies london; london facilities management company; commercial facilities management london; building maintenance london","contractor, maintenance, PPM, quote, cost, SLA, emergency, compliance","London","EntireFM, SFG20, NICEIC, Gas Safe Register, CIBSE, HSE","Hard FM, Soft FM, PPM, Mechanical & Electrical","Commercial, Industrial, Logistics, Corporate","What is included in facilities management london? How often is PPM required?","Generate commercial enquiries and site survey requests for facilities management in London."
"/facilities-management-manchester","P0","LEGACY_VERIFIED","facilities management manchester services","facilities management manchester services","commercial facilities management manchester; facilities management manchester contractor UK","contractor, maintenance, PPM, quote, cost, SLA, emergency, compliance","Manchester","EntireFM, SFG20, NICEIC, Gas Safe Register, CIBSE, HSE","Hard FM, Soft FM, PPM, Mechanical & Electrical","Commercial, Industrial, Logistics, Corporate","What is included in facilities management manchester? How often is PPM required?","Generate commercial enquiries and survey requests for facilities management manchester."
"/facilities-management-midlands","P1","LEGACY_PROTECTED_BY_DIRECTIVE","facilities management midlands services","facilities management midlands services","commercial facilities management midlands; facilities management midlands contractor UK","contractor, maintenance, PPM, quote, cost, SLA, emergency, compliance","Midlands","EntireFM, SFG20, NICEIC, Gas Safe Register, CIBSE, HSE","Hard FM, Soft FM, PPM, Mechanical & Electrical","Commercial, Industrial, Logistics, Corporate","What is included in facilities management midlands? How often is PPM required?","Generate commercial enquiries and survey requests for facilities management midlands."
"/facilities-management-nottingham","P1","LEGACY_PROTECTED_BY_DIRECTIVE","facilities management nottingham services","facilities management nottingham services","commercial facilities management nottingham; facilities management nottingham contractor UK","contractor, maintenance, PPM, quote, cost, SLA, emergency, compliance","Nottingham","EntireFM, SFG20, NICEIC, Gas Safe Register, CIBSE, HSE","Hard FM, Soft FM, PPM, Mechanical & Electrical","Commercial, Industrial, Logistics, Corporate","What is included in facilities management nottingham? How often is PPM required?","Generate commercial enquiries and survey requests for facilities management nottingham."
"/facilities-management-offices","P1","LEGACY_VERIFIED","facilities management offices services","facilities management offices services","commercial facilities management offices; facilities management offices contractor UK","contractor, maintenance, PPM, quote, cost, SLA, emergency, compliance","UK Nationwide","EntireFM, SFG20, NICEIC, Gas Safe Register, CIBSE, HSE","Hard FM, Soft FM, PPM, Mechanical & Electrical","Commercial, Industrial, Logistics, Corporate","What is included in facilities management offices? How often is PPM required?","Generate commercial enquiries and survey requests for facilities management offices."
"/facilities-management-oxford","P2","NEW_GROWTH","facilities management oxford services","facilities management oxford services","commercial facilities management oxford; facilities management oxford contractor UK","contractor, maintenance, PPM, quote, cost, SLA, emergency, compliance","Oxford","EntireFM, SFG20, NICEIC, Gas Safe Register, CIBSE, HSE","Hard FM, Soft FM, PPM, Mechanical & Electrical","Commercial, Industrial, Logistics, Corporate","What is included in facilities management oxford? How often is PPM required?","Generate commercial enquiries and survey requests for facilities management oxford."
"/facilities-management-preston","P2","NEW_GROWTH","facilities management preston services","facilities management preston services","commercial facilities management preston; facilities management preston contractor UK","contractor, maintenance, PPM, quote, cost, SLA, emergency, compliance","Preston","EntireFM, SFG20, NICEIC, Gas Safe Register, CIBSE, HSE","Hard FM, Soft FM, PPM, Mechanical & Electrical","Commercial, Industrial, Logistics, Corporate","What is included in facilities management preston? How often is PPM required?","Generate commercial enquiries and survey requests for facilities management preston."
"/facilities-management-rotherham","P2","NEW_GROWTH","facilities management rotherham services","facilities management rotherham services","commercial facilities management rotherham; facilities management rotherham contractor UK","contractor, maintenance, PPM, quote, cost, SLA, emergency, compliance","Rotherham","EntireFM, SFG20, NICEIC, Gas Safe Register, CIBSE, HSE","Hard FM, Soft FM, PPM, Mechanical & Electrical","Commercial, Industrial, Logistics, Corporate","What is included in facilities management rotherham? How often is PPM required?","Generate commercial enquiries and survey requests for facilities management rotherham."
"/facilities-management-services","P0","LEGACY_VERIFIED","facilities management services services","facilities management services services","commercial facilities management services; facilities management services contractor UK","contractor, maintenance, PPM, quote, cost, SLA, emergency, compliance","UK Nationwide","EntireFM, SFG20, NICEIC, Gas Safe Register, CIBSE, HSE","Hard FM, Soft FM, PPM, Mechanical & Electrical","Commercial, Industrial, Logistics, Corporate","What is included in facilities management services? How often is PPM required?","Generate commercial enquiries and survey requests for facilities management services."
"/facilities-management-services-london","P1","LEGACY_VERIFIED","facilities management services london","facilities management services london","london facilities management services; commercial fm services london; hard and soft fm services london; facilities maintenance services london; m&e services london; building maintenance services london","contractor, maintenance, PPM, quote, cost, SLA, emergency, compliance","London","EntireFM, SFG20, NICEIC, Gas Safe Register, CIBSE, HSE","Hard FM, Soft FM, PPM, Mechanical & Electrical","Commercial, Industrial, Logistics, Corporate","What is included in facilities management services london? How often is PPM required?","Generate commercial service enquiries and maintenance survey requests for London premises."
"/facilities-management-sheffield","P0","LEGACY_PROTECTED_BY_DIRECTIVE","facilities management sheffield services","facilities management sheffield services","commercial facilities management sheffield; facilities management sheffield contractor UK","contractor, maintenance, PPM, quote, cost, SLA, emergency, compliance","Sheffield","EntireFM, SFG20, NICEIC, Gas Safe Register, CIBSE, HSE","Hard FM, Soft FM, PPM, Mechanical & Electrical","Commercial, Industrial, Logistics, Corporate","What is included in facilities management sheffield? How often is PPM required?","Generate commercial enquiries and survey requests for facilities management sheffield."
"/facilities-management-team","P1","LEGACY_VERIFIED","facilities management team services","facilities management team services","commercial facilities management team; facilities management team contractor UK","contractor, maintenance, PPM, quote, cost, SLA, emergency, compliance","UK Nationwide","EntireFM, SFG20, NICEIC, Gas Safe Register, CIBSE, HSE","Hard FM, Soft FM, PPM, Mechanical & Electrical","Commercial, Industrial, Logistics, Corporate","What is included in facilities management team? How often is PPM required?","Generate commercial enquiries and survey requests for facilities management team."
"/facilities-management-telford","P1","LEGACY_PROTECTED_BY_DIRECTIVE","facilities management telford services","facilities management telford services","commercial facilities management telford; facilities management telford contractor UK","contractor, maintenance, PPM, quote, cost, SLA, emergency, compliance","Telford","EntireFM, SFG20, NICEIC, Gas Safe Register, CIBSE, HSE","Hard FM, Soft FM, PPM, Mechanical & Electrical","Commercial, Industrial, Logistics, Corporate","What is included in facilities management telford? How often is PPM required?","Generate commercial enquiries and survey requests for facilities management telford."
"/facilities-management-wigan","P2","NEW_GROWTH","facilities management wigan services","facilities management wigan services","commercial facilities management wigan; facilities management wigan contractor UK","contractor, maintenance, PPM, quote, cost, SLA, emergency, compliance","Wigan","EntireFM, SFG20, NICEIC, Gas Safe Register, CIBSE, HSE","Hard FM, Soft FM, PPM, Mechanical & Electrical","Commercial, Industrial, Logistics, Corporate","What is included in facilities management wigan? How often is PPM required?","Generate commercial enquiries and survey requests for facilities management wigan."
"/fire-emergency-systems","P1","LEGACY_VERIFIED","fire emergency systems services","fire emergency systems services","commercial fire emergency systems; fire emergency systems contractor UK","contractor, maintenance, PPM, quote, cost, SLA, emergency, compliance","UK Nationwide","EntireFM, SFG20, NICEIC, Gas Safe Register, CIBSE, HSE","Hard FM, Soft FM, PPM, Mechanical & Electrical","Commercial, Industrial, Logistics, Corporate","What is included in fire emergency systems? How often is PPM required?","Generate commercial enquiries and survey requests for fire emergency systems."
"/fire-emergency-systems-london","P1","NEW_GROWTH","fire emergency systems maintenance london","fire emergency systems maintenance london","fire alarm maintenance london; commercial emergency lighting london; fire safety compliance london; aov and dry riser testing london","contractor, maintenance, PPM, quote, cost, SLA, emergency, compliance","London","EntireFM, SFG20, NICEIC, Gas Safe Register, CIBSE, HSE","Hard FM, Soft FM, PPM, Mechanical & Electrical","Commercial, Industrial, Logistics, Corporate","What is included in fire emergency systems london? How often is PPM required?","Request a fire safety and emergency lighting maintenance proposal for London premises."
"/fm-birmingham","P0","LEGACY_VERIFIED","fm birmingham services","fm birmingham services","commercial fm birmingham; fm birmingham contractor UK","contractor, maintenance, PPM, quote, cost, SLA, emergency, compliance","Birmingham","EntireFM, SFG20, NICEIC, Gas Safe Register, CIBSE, HSE","Hard FM, Soft FM, PPM, Mechanical & Electrical","Commercial, Industrial, Logistics, Corporate","What is included in fm birmingham? How often is PPM required?","Generate commercial enquiries and survey requests for fm birmingham."
"/fm-bolton","P2","NEW_GROWTH","fm bolton services","fm bolton services","commercial fm bolton; fm bolton contractor UK","contractor, maintenance, PPM, quote, cost, SLA, emergency, compliance","Bolton","EntireFM, SFG20, NICEIC, Gas Safe Register, CIBSE, HSE","Hard FM, Soft FM, PPM, Mechanical & Electrical","Commercial, Industrial, Logistics, Corporate","What is included in fm bolton? How often is PPM required?","Generate commercial enquiries and survey requests for fm bolton."
"/fm-bradford","P1","LEGACY_VERIFIED","fm bradford services","fm bradford services","commercial fm bradford; fm bradford contractor UK","contractor, maintenance, PPM, quote, cost, SLA, emergency, compliance","Bradford","EntireFM, SFG20, NICEIC, Gas Safe Register, CIBSE, HSE","Hard FM, Soft FM, PPM, Mechanical & Electrical","Commercial, Industrial, Logistics, Corporate","What is included in fm bradford? How often is PPM required?","Generate commercial enquiries and survey requests for fm bradford."
"/fm-briefing","P2","LEGACY_PROTECTED_BY_DIRECTIVE","Commercial facilities management","fm briefing","","contractor, maintenance, PPM, quote, cost, SLA, emergency, compliance","UK Nationwide","EntireFM, SFG20, NICEIC, Gas Safe Register, CIBSE, HSE","Hard FM, Soft FM, PPM, Mechanical & Electrical","Commercial, Industrial, Logistics, Corporate","What is included in fm briefing? How often is PPM required?","Generate commercial enquiries and site survey requests"
"/fm-briefing/unsubscribe","P2","LEGACY_PROTECTED_BY_DIRECTIVE","Commercial facilities management","fm briefing/unsubscribe","","contractor, maintenance, PPM, quote, cost, SLA, emergency, compliance","UK Nationwide","EntireFM, SFG20, NICEIC, Gas Safe Register, CIBSE, HSE","Hard FM, Soft FM, PPM, Mechanical & Electrical","Commercial, Industrial, Logistics, Corporate","What is included in fm briefing/unsubscribe? How often is PPM required?","Generate commercial enquiries and site survey requests"
"/fm-bury","P2","NEW_GROWTH","fm bury services","fm bury services","commercial fm bury; fm bury contractor UK","contractor, maintenance, PPM, quote, cost, SLA, emergency, compliance","Bury","EntireFM, SFG20, NICEIC, Gas Safe Register, CIBSE, HSE","Hard FM, Soft FM, PPM, Mechanical & Electrical","Commercial, Industrial, Logistics, Corporate","What is included in fm bury? How often is PPM required?","Generate commercial enquiries and survey requests for fm bury."
"/fm-chesterfield","P1","LEGACY_VERIFIED","fm chesterfield services","fm chesterfield services","commercial fm chesterfield; fm chesterfield contractor UK","contractor, maintenance, PPM, quote, cost, SLA, emergency, compliance","Chesterfield","EntireFM, SFG20, NICEIC, Gas Safe Register, CIBSE, HSE","Hard FM, Soft FM, PPM, Mechanical & Electrical","Commercial, Industrial, Logistics, Corporate","What is included in fm chesterfield? How often is PPM required?","Generate commercial enquiries and survey requests for fm chesterfield."
"/fm-client-info","P1","LEGACY_VERIFIED","fm client info services","fm client info services","commercial fm client info; fm client info contractor UK","contractor, maintenance, PPM, quote, cost, SLA, emergency, compliance","UK Nationwide","EntireFM, SFG20, NICEIC, Gas Safe Register, CIBSE, HSE","Hard FM, Soft FM, PPM, Mechanical & Electrical","Commercial, Industrial, Logistics, Corporate","What is included in fm client info? How often is PPM required?","Generate commercial enquiries and survey requests for fm client info."
"/fm-derby","P1","LEGACY_VERIFIED","fm derby services","fm derby services","commercial fm derby; fm derby contractor UK","contractor, maintenance, PPM, quote, cost, SLA, emergency, compliance","Derby","EntireFM, SFG20, NICEIC, Gas Safe Register, CIBSE, HSE","Hard FM, Soft FM, PPM, Mechanical & Electrical","Commercial, Industrial, Logistics, Corporate","What is included in fm derby? How often is PPM required?","Generate commercial enquiries and survey requests for fm derby."
"/fm-doncaster","P2","NEW_GROWTH","fm doncaster services","fm doncaster services","commercial fm doncaster; fm doncaster contractor UK","contractor, maintenance, PPM, quote, cost, SLA, emergency, compliance","Doncaster","EntireFM, SFG20, NICEIC, Gas Safe Register, CIBSE, HSE","Hard FM, Soft FM, PPM, Mechanical & Electrical","Commercial, Industrial, Logistics, Corporate","What is included in fm doncaster? How often is PPM required?","Generate commercial enquiries and survey requests for fm doncaster."
"/fm-grimsby","P2","NEW_GROWTH","fm grimsby services","fm grimsby services","commercial fm grimsby; fm grimsby contractor UK","contractor, maintenance, PPM, quote, cost, SLA, emergency, compliance","Grimsby","EntireFM, SFG20, NICEIC, Gas Safe Register, CIBSE, HSE","Hard FM, Soft FM, PPM, Mechanical & Electrical","Commercial, Industrial, Logistics, Corporate","What is included in fm grimsby? How often is PPM required?","Generate commercial enquiries and survey requests for fm grimsby."
"/fm-intelligence","P1","LEGACY_PROTECTED_BY_DIRECTIVE","Commercial facilities management","fm intelligence","","contractor, maintenance, PPM, quote, cost, SLA, emergency, compliance","UK Nationwide","EntireFM, SFG20, NICEIC, Gas Safe Register, CIBSE, HSE","Hard FM, Soft FM, PPM, Mechanical & Electrical","Commercial, Industrial, Logistics, Corporate","What is included in fm intelligence? How often is PPM required?","Generate commercial enquiries and site survey requests"
"/fm-leeds","P0","LEGACY_VERIFIED","fm leeds services","fm leeds services","commercial fm leeds; fm leeds contractor UK","contractor, maintenance, PPM, quote, cost, SLA, emergency, compliance","Leeds","EntireFM, SFG20, NICEIC, Gas Safe Register, CIBSE, HSE","Hard FM, Soft FM, PPM, Mechanical & Electrical","Commercial, Industrial, Logistics, Corporate","What is included in fm leeds? How often is PPM required?","Generate commercial enquiries and survey requests for fm leeds."
"/fm-lincoln","P1","LEGACY_VERIFIED","fm lincoln services","fm lincoln services","commercial fm lincoln; fm lincoln contractor UK","contractor, maintenance, PPM, quote, cost, SLA, emergency, compliance","Lincoln","EntireFM, SFG20, NICEIC, Gas Safe Register, CIBSE, HSE","Hard FM, Soft FM, PPM, Mechanical & Electrical","Commercial, Industrial, Logistics, Corporate","What is included in fm lincoln? How often is PPM required?","Generate commercial enquiries and survey requests for fm lincoln."
"/fm-liverpool","P1","LEGACY_VERIFIED","fm liverpool services","fm liverpool services","commercial fm liverpool; fm liverpool contractor UK","contractor, maintenance, PPM, quote, cost, SLA, emergency, compliance","Liverpool","EntireFM, SFG20, NICEIC, Gas Safe Register, CIBSE, HSE","Hard FM, Soft FM, PPM, Mechanical & Electrical","Commercial, Industrial, Logistics, Corporate","What is included in fm liverpool? How often is PPM required?","Generate commercial enquiries and survey requests for fm liverpool."
"/fm-london","P0","LEGACY_VERIFIED","outsourced facilities management london","outsourced facilities management london","integrated facilities management london; total facilities management london; outsourced fm london; integrated fm london; total fm london; single-source facilities management london; managed fm services london; facilities management outsourcing london","contractor, maintenance, PPM, quote, cost, SLA, emergency, compliance","London","EntireFM, SFG20, NICEIC, Gas Safe Register, CIBSE, HSE","Hard FM, Soft FM, PPM, Mechanical & Electrical","Commercial, Industrial, Logistics, Corporate","What is included in fm london? How often is PPM required?","Generate outsourced FM contract proposals and supplier consolidation enquiries for London estates."
"/fm-manchester","P0","LEGACY_VERIFIED","fm manchester services","fm manchester services","commercial fm manchester; fm manchester contractor UK","contractor, maintenance, PPM, quote, cost, SLA, emergency, compliance","Manchester","EntireFM, SFG20, NICEIC, Gas Safe Register, CIBSE, HSE","Hard FM, Soft FM, PPM, Mechanical & Electrical","Commercial, Industrial, Logistics, Corporate","What is included in fm manchester? How often is PPM required?","Generate commercial enquiries and survey requests for fm manchester."
"/fm-matlock","P1","LEGACY_VERIFIED","fm matlock services","fm matlock services","commercial fm matlock; fm matlock contractor UK","contractor, maintenance, PPM, quote, cost, SLA, emergency, compliance","Matlock","EntireFM, SFG20, NICEIC, Gas Safe Register, CIBSE, HSE","Hard FM, Soft FM, PPM, Mechanical & Electrical","Commercial, Industrial, Logistics, Corporate","What is included in fm matlock? How often is PPM required?","Generate commercial enquiries and survey requests for fm matlock."
"/fm-nottingham","P1","LEGACY_VERIFIED","fm nottingham services","fm nottingham services","commercial fm nottingham; fm nottingham contractor UK","contractor, maintenance, PPM, quote, cost, SLA, emergency, compliance","Nottingham","EntireFM, SFG20, NICEIC, Gas Safe Register, CIBSE, HSE","Hard FM, Soft FM, PPM, Mechanical & Electrical","Commercial, Industrial, Logistics, Corporate","What is included in fm nottingham? How often is PPM required?","Generate commercial enquiries and survey requests for fm nottingham."
"/fm-oxford","P2","NEW_GROWTH","fm oxford services","fm oxford services","commercial fm oxford; fm oxford contractor UK","contractor, maintenance, PPM, quote, cost, SLA, emergency, compliance","Oxford","EntireFM, SFG20, NICEIC, Gas Safe Register, CIBSE, HSE","Hard FM, Soft FM, PPM, Mechanical & Electrical","Commercial, Industrial, Logistics, Corporate","What is included in fm oxford? How often is PPM required?","Generate commercial enquiries and survey requests for fm oxford."
"/fm-preston","P2","NEW_GROWTH","fm preston services","fm preston services","commercial fm preston; fm preston contractor UK","contractor, maintenance, PPM, quote, cost, SLA, emergency, compliance","Preston","EntireFM, SFG20, NICEIC, Gas Safe Register, CIBSE, HSE","Hard FM, Soft FM, PPM, Mechanical & Electrical","Commercial, Industrial, Logistics, Corporate","What is included in fm preston? How often is PPM required?","Generate commercial enquiries and survey requests for fm preston."
"/fm-rotherham","P2","NEW_GROWTH","fm rotherham services","fm rotherham services","commercial fm rotherham; fm rotherham contractor UK","contractor, maintenance, PPM, quote, cost, SLA, emergency, compliance","Rotherham","EntireFM, SFG20, NICEIC, Gas Safe Register, CIBSE, HSE","Hard FM, Soft FM, PPM, Mechanical & Electrical","Commercial, Industrial, Logistics, Corporate","What is included in fm rotherham? How often is PPM required?","Generate commercial enquiries and survey requests for fm rotherham."
"/fm-services-sheffield","P0","LEGACY_VERIFIED","fm services sheffield services","fm services sheffield services","commercial fm services sheffield; fm services sheffield contractor UK","contractor, maintenance, PPM, quote, cost, SLA, emergency, compliance","Sheffield","EntireFM, SFG20, NICEIC, Gas Safe Register, CIBSE, HSE","Hard FM, Soft FM, PPM, Mechanical & Electrical","Commercial, Industrial, Logistics, Corporate","What is included in fm services sheffield? How often is PPM required?","Generate commercial enquiries and survey requests for fm services sheffield."
"/fm-sheffield","P0","LEGACY_VERIFIED","fm sheffield services","fm sheffield services","commercial fm sheffield; fm sheffield contractor UK","contractor, maintenance, PPM, quote, cost, SLA, emergency, compliance","Sheffield","EntireFM, SFG20, NICEIC, Gas Safe Register, CIBSE, HSE","Hard FM, Soft FM, PPM, Mechanical & Electrical","Commercial, Industrial, Logistics, Corporate","What is included in fm sheffield? How often is PPM required?","Generate commercial enquiries and survey requests for fm sheffield."
"/fm-supply-chain","P1","LEGACY_VERIFIED","fm supply chain services","fm supply chain services","commercial fm supply chain; fm supply chain contractor UK","contractor, maintenance, PPM, quote, cost, SLA, emergency, compliance","UK Nationwide","EntireFM, SFG20, NICEIC, Gas Safe Register, CIBSE, HSE","Hard FM, Soft FM, PPM, Mechanical & Electrical","Commercial, Industrial, Logistics, Corporate","What is included in fm supply chain? How often is PPM required?","Generate commercial enquiries and survey requests for fm supply chain."
"/fm-supply-form","P1","LEGACY_VERIFIED","fm supply form services","fm supply form services","commercial fm supply form; fm supply form contractor UK","contractor, maintenance, PPM, quote, cost, SLA, emergency, compliance","UK Nationwide","EntireFM, SFG20, NICEIC, Gas Safe Register, CIBSE, HSE","Hard FM, Soft FM, PPM, Mechanical & Electrical","Commercial, Industrial, Logistics, Corporate","What is included in fm supply form? How often is PPM required?","Generate commercial enquiries and survey requests for fm supply form."
"/fm-support-n-contact","P1","LEGACY_VERIFIED","fm support n contact services","fm support n contact services","commercial fm support n contact; fm support n contact contractor UK","contractor, maintenance, PPM, quote, cost, SLA, emergency, compliance","UK Nationwide","EntireFM, SFG20, NICEIC, Gas Safe Register, CIBSE, HSE","Hard FM, Soft FM, PPM, Mechanical & Electrical","Commercial, Industrial, Logistics, Corporate","What is included in fm support n contact? How often is PPM required?","Generate commercial enquiries and survey requests for fm support n contact."
"/fm-support-n-contact/facilities-management-glossary","P2","LEGACY_VERIFIED","fm support n contact/facilities management glossary services","fm support n contact/facilities management glossary services","commercial fm support n contact/facilities management glossary; fm support n contact/facilities management glossary contractor UK","contractor, maintenance, PPM, quote, cost, SLA, emergency, compliance","UK Nationwide","EntireFM, SFG20, NICEIC, Gas Safe Register, CIBSE, HSE","Hard FM, Soft FM, PPM, Mechanical & Electrical","Commercial, Industrial, Logistics, Corporate","What is included in fm support n contact/facilities management glossary? How often is PPM required?","Generate commercial enquiries and survey requests for fm support n contact/facilities management glossary."
"/fm-technical-services","P1","LEGACY_VERIFIED","fm technical services services","fm technical services services","commercial fm technical services; fm technical services contractor UK","contractor, maintenance, PPM, quote, cost, SLA, emergency, compliance","UK Nationwide","EntireFM, SFG20, NICEIC, Gas Safe Register, CIBSE, HSE","Hard FM, Soft FM, PPM, Mechanical & Electrical","Commercial, Industrial, Logistics, Corporate","What is included in fm technical services? How often is PPM required?","Generate commercial enquiries and survey requests for fm technical services."
"/fm-telford","P1","LEGACY_PROTECTED_BY_DIRECTIVE","fm telford services","fm telford services","commercial fm telford; fm telford contractor UK","contractor, maintenance, PPM, quote, cost, SLA, emergency, compliance","Telford","EntireFM, SFG20, NICEIC, Gas Safe Register, CIBSE, HSE","Hard FM, Soft FM, PPM, Mechanical & Electrical","Commercial, Industrial, Logistics, Corporate","What is included in fm telford? How often is PPM required?","Generate commercial enquiries and survey requests for fm telford."
"/fm-wigan","P2","NEW_GROWTH","fm wigan services","fm wigan services","commercial fm wigan; fm wigan contractor UK","contractor, maintenance, PPM, quote, cost, SLA, emergency, compliance","Wigan","EntireFM, SFG20, NICEIC, Gas Safe Register, CIBSE, HSE","Hard FM, Soft FM, PPM, Mechanical & Electrical","Commercial, Industrial, Logistics, Corporate","What is included in fm wigan? How often is PPM required?","Generate commercial enquiries and survey requests for fm wigan."
"/gates-barriers","P1","LEGACY_VERIFIED","gates barriers services","gates barriers services","commercial gates barriers; gates barriers contractor UK","contractor, maintenance, PPM, quote, cost, SLA, emergency, compliance","UK Nationwide","EntireFM, SFG20, NICEIC, Gas Safe Register, CIBSE, HSE","Hard FM, Soft FM, PPM, Mechanical & Electrical","Commercial, Industrial, Logistics, Corporate","What is included in gates barriers? How often is PPM required?","Generate commercial enquiries and survey requests for gates barriers."
"/grimsby-facilities-management","P2","NEW_GROWTH","grimsby facilities management services","grimsby facilities management services","commercial grimsby facilities management; grimsby facilities management contractor UK","contractor, maintenance, PPM, quote, cost, SLA, emergency, compliance","Grimsby","EntireFM, SFG20, NICEIC, Gas Safe Register, CIBSE, HSE","Hard FM, Soft FM, PPM, Mechanical & Electrical","Commercial, Industrial, Logistics, Corporate","What is included in grimsby facilities management? How often is PPM required?","Generate commercial enquiries and survey requests for grimsby facilities management."
"/grounds-maintenance","P1","LEGACY_VERIFIED","grounds maintenance services","grounds maintenance services","commercial grounds maintenance; grounds maintenance contractor UK","contractor, maintenance, PPM, quote, cost, SLA, emergency, compliance","UK Nationwide","EntireFM, SFG20, NICEIC, Gas Safe Register, CIBSE, HSE","Hard FM, Soft FM, PPM, Mechanical & Electrical","Commercial, Industrial, Logistics, Corporate","What is included in grounds maintenance? How often is PPM required?","Generate commercial enquiries and survey requests for grounds maintenance."
"/hard-facilities-management-london","P1","NEW_GROWTH","hard facilities management london","hard facilities management london","hard fm london; hard services london; technical facilities management london; building engineering services london","contractor, maintenance, PPM, quote, cost, SLA, emergency, compliance","London","EntireFM, SFG20, NICEIC, Gas Safe Register, CIBSE, HSE","Hard FM, Soft FM, PPM, Mechanical & Electrical","Commercial, Industrial, Logistics, Corporate","What is included in hard facilities management london? How often is PPM required?","Generate technical Hard FM survey and proposal requests for London commercial property."
"/hard-services","P0","LEGACY_VERIFIED","hard services services","hard services services","commercial hard services; hard services contractor UK","contractor, maintenance, PPM, quote, cost, SLA, emergency, compliance","UK Nationwide","EntireFM, SFG20, NICEIC, Gas Safe Register, CIBSE, HSE","Hard FM, Soft FM, PPM, Mechanical & Electrical","Commercial, Industrial, Logistics, Corporate","What is included in hard services? How often is PPM required?","Generate commercial enquiries and survey requests for hard services."
"/healthcare-facilities-management","P1","LEGACY_VERIFIED","healthcare facilities management services","healthcare facilities management services","commercial healthcare facilities management; healthcare facilities management contractor UK","contractor, maintenance, PPM, quote, cost, SLA, emergency, compliance","UK Nationwide","EntireFM, SFG20, NICEIC, Gas Safe Register, CIBSE, HSE","Hard FM, Soft FM, PPM, Mechanical & Electrical","Commercial, Industrial, Logistics, Corporate","What is included in healthcare facilities management? How often is PPM required?","Generate commercial enquiries and survey requests for healthcare facilities management."
"/helpdesk","P1","LEGACY_VERIFIED","helpdesk services","helpdesk services","commercial helpdesk; helpdesk contractor UK","contractor, maintenance, PPM, quote, cost, SLA, emergency, compliance","UK Nationwide","EntireFM, SFG20, NICEIC, Gas Safe Register, CIBSE, HSE","Hard FM, Soft FM, PPM, Mechanical & Electrical","Commercial, Industrial, Logistics, Corporate","What is included in helpdesk? How often is PPM required?","Generate commercial enquiries and survey requests for helpdesk."
"/helpdesk-registration","P1","LEGACY_VERIFIED","helpdesk registration services","helpdesk registration services","commercial helpdesk registration; helpdesk registration contractor UK","contractor, maintenance, PPM, quote, cost, SLA, emergency, compliance","UK Nationwide","EntireFM, SFG20, NICEIC, Gas Safe Register, CIBSE, HSE","Hard FM, Soft FM, PPM, Mechanical & Electrical","Commercial, Industrial, Logistics, Corporate","What is included in helpdesk registration? How often is PPM required?","Generate commercial enquiries and survey requests for helpdesk registration."
"/home","P2","LEGACY_VERIFIED","Commercial facilities management","home","","contractor, maintenance, PPM, quote, cost, SLA, emergency, compliance","UK Nationwide","EntireFM, SFG20, NICEIC, Gas Safe Register, CIBSE, HSE","Hard FM, Soft FM, PPM, Mechanical & Electrical","Commercial, Industrial, Logistics, Corporate","What is included in home? How often is PPM required?","Generate commercial enquiries and site survey requests"
"/home-1-1","P2","LEGACY_VERIFIED","Commercial facilities management","home 1 1","","contractor, maintenance, PPM, quote, cost, SLA, emergency, compliance","UK Nationwide","EntireFM, SFG20, NICEIC, Gas Safe Register, CIBSE, HSE","Hard FM, Soft FM, PPM, Mechanical & Electrical","Commercial, Industrial, Logistics, Corporate","What is included in home 1 1? How often is PPM required?","Generate commercial enquiries and site survey requests"
"/home-1-1-1","P2","LEGACY_VERIFIED","Commercial facilities management","home 1 1 1","","contractor, maintenance, PPM, quote, cost, SLA, emergency, compliance","UK Nationwide","EntireFM, SFG20, NICEIC, Gas Safe Register, CIBSE, HSE","Hard FM, Soft FM, PPM, Mechanical & Electrical","Commercial, Industrial, Logistics, Corporate","What is included in home 1 1 1? How often is PPM required?","Generate commercial enquiries and site survey requests"
"/homeab","P2","LEGACY_VERIFIED","Commercial facilities management","homeab","","contractor, maintenance, PPM, quote, cost, SLA, emergency, compliance","UK Nationwide","EntireFM, SFG20, NICEIC, Gas Safe Register, CIBSE, HSE","Hard FM, Soft FM, PPM, Mechanical & Electrical","Commercial, Industrial, Logistics, Corporate","What is included in homeab? How often is PPM required?","Generate commercial enquiries and site survey requests"
"/hot-tub-relocation","P1","LEGACY_VERIFIED","hot tub relocation services","hot tub relocation services","commercial hot tub relocation; hot tub relocation contractor UK","contractor, maintenance, PPM, quote, cost, SLA, emergency, compliance","UK Nationwide","EntireFM, SFG20, NICEIC, Gas Safe Register, CIBSE, HSE","Hard FM, Soft FM, PPM, Mechanical & Electrical","Commercial, Industrial, Logistics, Corporate","What is included in hot tub relocation? How often is PPM required?","Generate commercial enquiries and survey requests for hot tub relocation."
"/hotel-facilities-management","P1","LEGACY_VERIFIED","hotel facilities management services","hotel facilities management services","commercial hotel facilities management; hotel facilities management contractor UK","contractor, maintenance, PPM, quote, cost, SLA, emergency, compliance","UK Nationwide","EntireFM, SFG20, NICEIC, Gas Safe Register, CIBSE, HSE","Hard FM, Soft FM, PPM, Mechanical & Electrical","Commercial, Industrial, Logistics, Corporate","What is included in hotel facilities management? How often is PPM required?","Generate commercial enquiries and survey requests for hotel facilities management."
"/html-sitemap","P3","NEW_GROWTH","Commercial facilities management","html sitemap","","contractor, maintenance, PPM, quote, cost, SLA, emergency, compliance","UK Nationwide","EntireFM, SFG20, NICEIC, Gas Safe Register, CIBSE, HSE","Hard FM, Soft FM, PPM, Mechanical & Electrical","Commercial, Industrial, Logistics, Corporate","What is included in html sitemap? How often is PPM required?","Generate commercial enquiries and site survey requests"
"/hvac-contractor","P0","LEGACY_VERIFIED","hvac contractor services","hvac contractor services","commercial hvac contractor; hvac contractor contractor UK","contractor, maintenance, PPM, quote, cost, SLA, emergency, compliance","UK Nationwide","EntireFM, SFG20, NICEIC, Gas Safe Register, CIBSE, HSE","Hard FM, Soft FM, PPM, Mechanical & Electrical","Commercial, Industrial, Logistics, Corporate","What is included in hvac contractor? How often is PPM required?","Generate commercial enquiries and survey requests for hvac contractor."
"/hvac-london","P1","NEW_GROWTH","commercial hvac maintenance london","commercial hvac maintenance london","hvac london; commercial air conditioning london; chiller maintenance london; ahu servicing london; f-gas compliance london","contractor, maintenance, PPM, quote, cost, SLA, emergency, compliance","London","EntireFM, SFG20, NICEIC, Gas Safe Register, CIBSE, HSE","Hard FM, Soft FM, PPM, Mechanical & Electrical","Commercial, Industrial, Logistics, Corporate","What is included in hvac london? How often is PPM required?","Request a commercial HVAC maintenance survey or air conditioning proposal across London."
"/hvac-manchester","P1","NEW_GROWTH","Commercial facilities management","hvac manchester","","contractor, maintenance, PPM, quote, cost, SLA, emergency, compliance","Manchester","EntireFM, SFG20, NICEIC, Gas Safe Register, CIBSE, HSE","Hard FM, Soft FM, PPM, Mechanical & Electrical","Commercial, Industrial, Logistics, Corporate","What is included in hvac manchester? How often is PPM required?","Generate commercial enquiries and site survey requests"
"/industrial-cleaning","P0","LEGACY_VERIFIED","industrial cleaning services","industrial cleaning services","commercial industrial cleaning; industrial cleaning contractor UK","contractor, maintenance, PPM, quote, cost, SLA, emergency, compliance","UK Nationwide","EntireFM, SFG20, NICEIC, Gas Safe Register, CIBSE, HSE","Hard FM, Soft FM, PPM, Mechanical & Electrical","Commercial, Industrial, Logistics, Corporate","What is included in industrial cleaning? How often is PPM required?","Generate commercial enquiries and survey requests for industrial cleaning."
"/industrial-cleaning-birmingham","P1","LEGACY_VERIFIED","industrial cleaning birmingham services","industrial cleaning birmingham services","commercial industrial cleaning birmingham; industrial cleaning birmingham contractor UK","contractor, maintenance, PPM, quote, cost, SLA, emergency, compliance","Birmingham","EntireFM, SFG20, NICEIC, Gas Safe Register, CIBSE, HSE","Hard FM, Soft FM, PPM, Mechanical & Electrical","Commercial, Industrial, Logistics, Corporate","What is included in industrial cleaning birmingham? How often is PPM required?","Generate commercial enquiries and survey requests for industrial cleaning birmingham."
"/industrial-cleaning-chesterfield","P1","LEGACY_VERIFIED","industrial cleaning chesterfield services","industrial cleaning chesterfield services","commercial industrial cleaning chesterfield; industrial cleaning chesterfield contractor UK","contractor, maintenance, PPM, quote, cost, SLA, emergency, compliance","Chesterfield","EntireFM, SFG20, NICEIC, Gas Safe Register, CIBSE, HSE","Hard FM, Soft FM, PPM, Mechanical & Electrical","Commercial, Industrial, Logistics, Corporate","What is included in industrial cleaning chesterfield? How often is PPM required?","Generate commercial enquiries and survey requests for industrial cleaning chesterfield."
"/industrial-cleaning-derby","P1","LEGACY_VERIFIED","industrial cleaning derby services","industrial cleaning derby services","commercial industrial cleaning derby; industrial cleaning derby contractor UK","contractor, maintenance, PPM, quote, cost, SLA, emergency, compliance","Derby","EntireFM, SFG20, NICEIC, Gas Safe Register, CIBSE, HSE","Hard FM, Soft FM, PPM, Mechanical & Electrical","Commercial, Industrial, Logistics, Corporate","What is included in industrial cleaning derby? How often is PPM required?","Generate commercial enquiries and survey requests for industrial cleaning derby."
"/industrial-cleaning-leeds","P1","LEGACY_VERIFIED","industrial cleaning leeds services","industrial cleaning leeds services","commercial industrial cleaning leeds; industrial cleaning leeds contractor UK","contractor, maintenance, PPM, quote, cost, SLA, emergency, compliance","Leeds","EntireFM, SFG20, NICEIC, Gas Safe Register, CIBSE, HSE","Hard FM, Soft FM, PPM, Mechanical & Electrical","Commercial, Industrial, Logistics, Corporate","What is included in industrial cleaning leeds? How often is PPM required?","Generate commercial enquiries and survey requests for industrial cleaning leeds."
"/industrial-cleaning-lincoln","P1","LEGACY_VERIFIED","industrial cleaning lincoln services","industrial cleaning lincoln services","commercial industrial cleaning lincoln; industrial cleaning lincoln contractor UK","contractor, maintenance, PPM, quote, cost, SLA, emergency, compliance","Lincoln","EntireFM, SFG20, NICEIC, Gas Safe Register, CIBSE, HSE","Hard FM, Soft FM, PPM, Mechanical & Electrical","Commercial, Industrial, Logistics, Corporate","What is included in industrial cleaning lincoln? How often is PPM required?","Generate commercial enquiries and survey requests for industrial cleaning lincoln."
"/industrial-cleaning-london","P1","LEGACY_VERIFIED","industrial cleaning london","industrial cleaning london","industrial cleaning services london; warehouse cleaning london; factory cleaning london; high level cleaning london","contractor, maintenance, PPM, quote, cost, SLA, emergency, compliance","London","EntireFM, SFG20, NICEIC, Gas Safe Register, CIBSE, HSE","Hard FM, Soft FM, PPM, Mechanical & Electrical","Commercial, Industrial, Logistics, Corporate","What is included in industrial cleaning london? How often is PPM required?","Request an industrial cleaning site survey and bespoke quotation in London."
"/industrial-cleaning-manchester","P1","LEGACY_VERIFIED","industrial cleaning manchester services","industrial cleaning manchester services","commercial industrial cleaning manchester; industrial cleaning manchester contractor UK","contractor, maintenance, PPM, quote, cost, SLA, emergency, compliance","Manchester","EntireFM, SFG20, NICEIC, Gas Safe Register, CIBSE, HSE","Hard FM, Soft FM, PPM, Mechanical & Electrical","Commercial, Industrial, Logistics, Corporate","What is included in industrial cleaning manchester? How often is PPM required?","Generate commercial enquiries and survey requests for industrial cleaning manchester."
"/industrial-cleaning-nottingham","P1","LEGACY_VERIFIED","industrial cleaning nottingham services","industrial cleaning nottingham services","commercial industrial cleaning nottingham; industrial cleaning nottingham contractor UK","contractor, maintenance, PPM, quote, cost, SLA, emergency, compliance","Nottingham","EntireFM, SFG20, NICEIC, Gas Safe Register, CIBSE, HSE","Hard FM, Soft FM, PPM, Mechanical & Electrical","Commercial, Industrial, Logistics, Corporate","What is included in industrial cleaning nottingham? How often is PPM required?","Generate commercial enquiries and survey requests for industrial cleaning nottingham."
"/industrial-cleaning-sheffield","P1","LEGACY_VERIFIED","industrial cleaning sheffield services","industrial cleaning sheffield services","commercial industrial cleaning sheffield; industrial cleaning sheffield contractor UK","contractor, maintenance, PPM, quote, cost, SLA, emergency, compliance","Sheffield","EntireFM, SFG20, NICEIC, Gas Safe Register, CIBSE, HSE","Hard FM, Soft FM, PPM, Mechanical & Electrical","Commercial, Industrial, Logistics, Corporate","What is included in industrial cleaning sheffield? How often is PPM required?","Generate commercial enquiries and survey requests for industrial cleaning sheffield."
"/industrial-facilities-management","P1","LEGACY_VERIFIED","industrial facilities management services","industrial facilities management services","commercial industrial facilities management; industrial facilities management contractor UK","contractor, maintenance, PPM, quote, cost, SLA, emergency, compliance","UK Nationwide","EntireFM, SFG20, NICEIC, Gas Safe Register, CIBSE, HSE","Hard FM, Soft FM, PPM, Mechanical & Electrical","Commercial, Industrial, Logistics, Corporate","What is included in industrial facilities management? How often is PPM required?","Generate commercial enquiries and survey requests for industrial facilities management."
"/industrial-fm-lincoln","P1","LEGACY_VERIFIED","industrial fm lincoln services","industrial fm lincoln services","commercial industrial fm lincoln; industrial fm lincoln contractor UK","contractor, maintenance, PPM, quote, cost, SLA, emergency, compliance","Lincoln","EntireFM, SFG20, NICEIC, Gas Safe Register, CIBSE, HSE","Hard FM, Soft FM, PPM, Mechanical & Electrical","Commercial, Industrial, Logistics, Corporate","What is included in industrial fm lincoln? How often is PPM required?","Generate commercial enquiries and survey requests for industrial fm lincoln."
"/internal-cleaning","P1","LEGACY_VERIFIED","internal cleaning services","internal cleaning services","commercial internal cleaning; internal cleaning contractor UK","contractor, maintenance, PPM, quote, cost, SLA, emergency, compliance","UK Nationwide","EntireFM, SFG20, NICEIC, Gas Safe Register, CIBSE, HSE","Hard FM, Soft FM, PPM, Mechanical & Electrical","Commercial, Industrial, Logistics, Corporate","What is included in internal cleaning? How often is PPM required?","Generate commercial enquiries and survey requests for internal cleaning."
"/items","P1","LEGACY_VERIFIED","items services","items services","commercial items; items contractor UK","contractor, maintenance, PPM, quote, cost, SLA, emergency, compliance","UK Nationwide","EntireFM, SFG20, NICEIC, Gas Safe Register, CIBSE, HSE","Hard FM, Soft FM, PPM, Mechanical & Electrical","Commercial, Industrial, Logistics, Corporate","What is included in items? How often is PPM required?","Generate commercial enquiries and survey requests for items."
"/job-board","P1","LEGACY_VERIFIED","job board services","job board services","commercial job board; job board contractor UK","contractor, maintenance, PPM, quote, cost, SLA, emergency, compliance","UK Nationwide","EntireFM, SFG20, NICEIC, Gas Safe Register, CIBSE, HSE","Hard FM, Soft FM, PPM, Mechanical & Electrical","Commercial, Industrial, Logistics, Corporate","What is included in job board? How often is PPM required?","Generate commercial enquiries and survey requests for job board."
"/landmark-facilities-management","P1","LEGACY_VERIFIED","landmark facilities management services","landmark facilities management services","commercial landmark facilities management; landmark facilities management contractor UK","contractor, maintenance, PPM, quote, cost, SLA, emergency, compliance","UK Nationwide","EntireFM, SFG20, NICEIC, Gas Safe Register, CIBSE, HSE","Hard FM, Soft FM, PPM, Mechanical & Electrical","Commercial, Industrial, Logistics, Corporate","What is included in landmark facilities management? How often is PPM required?","Generate commercial enquiries and survey requests for landmark facilities management."
"/landscaping","P1","LEGACY_VERIFIED","landscaping services","landscaping services","commercial landscaping; landscaping contractor UK","contractor, maintenance, PPM, quote, cost, SLA, emergency, compliance","UK Nationwide","EntireFM, SFG20, NICEIC, Gas Safe Register, CIBSE, HSE","Hard FM, Soft FM, PPM, Mechanical & Electrical","Commercial, Industrial, Logistics, Corporate","What is included in landscaping? How often is PPM required?","Generate commercial enquiries and survey requests for landscaping."
"/leeds-facilities-management","P0","LEGACY_PROTECTED_BY_DIRECTIVE","leeds facilities management services","leeds facilities management services","commercial leeds facilities management; leeds facilities management contractor UK","contractor, maintenance, PPM, quote, cost, SLA, emergency, compliance","Leeds","EntireFM, SFG20, NICEIC, Gas Safe Register, CIBSE, HSE","Hard FM, Soft FM, PPM, Mechanical & Electrical","Commercial, Industrial, Logistics, Corporate","What is included in leeds facilities management? How often is PPM required?","Generate commercial enquiries and survey requests for leeds facilities management."
"/lincoln-facilities-management","P1","LEGACY_PROTECTED_BY_DIRECTIVE","lincoln facilities management services","lincoln facilities management services","commercial lincoln facilities management; lincoln facilities management contractor UK","contractor, maintenance, PPM, quote, cost, SLA, emergency, compliance","Lincoln","EntireFM, SFG20, NICEIC, Gas Safe Register, CIBSE, HSE","Hard FM, Soft FM, PPM, Mechanical & Electrical","Commercial, Industrial, Logistics, Corporate","What is included in lincoln facilities management? How often is PPM required?","Generate commercial enquiries and survey requests for lincoln facilities management."
"/lincoln-facilities-management-areas","P1","LEGACY_VERIFIED","lincoln facilities management areas services","lincoln facilities management areas services","commercial lincoln facilities management areas; lincoln facilities management areas contractor UK","contractor, maintenance, PPM, quote, cost, SLA, emergency, compliance","Lincoln","EntireFM, SFG20, NICEIC, Gas Safe Register, CIBSE, HSE","Hard FM, Soft FM, PPM, Mechanical & Electrical","Commercial, Industrial, Logistics, Corporate","What is included in lincoln facilities management areas? How often is PPM required?","Generate commercial enquiries and survey requests for lincoln facilities management areas."
"/liverpool-facilities-management","P1","LEGACY_PROTECTED_BY_DIRECTIVE","liverpool facilities management services","liverpool facilities management services","commercial liverpool facilities management; liverpool facilities management contractor UK","contractor, maintenance, PPM, quote, cost, SLA, emergency, compliance","Liverpool","EntireFM, SFG20, NICEIC, Gas Safe Register, CIBSE, HSE","Hard FM, Soft FM, PPM, Mechanical & Electrical","Commercial, Industrial, Logistics, Corporate","What is included in liverpool facilities management? How often is PPM required?","Generate commercial enquiries and survey requests for liverpool facilities management."
"/locations","P1","CURRENT_LIVE_RETAINED","locations services","locations services","commercial locations; locations contractor UK","contractor, maintenance, PPM, quote, cost, SLA, emergency, compliance","UK Nationwide","EntireFM, SFG20, NICEIC, Gas Safe Register, CIBSE, HSE","Hard FM, Soft FM, PPM, Mechanical & Electrical","Commercial, Industrial, Logistics, Corporate","What is included in locations? How often is PPM required?","Generate commercial enquiries and survey requests for locations."
"/locations/birmingham","P1","NEW_GROWTH","Commercial facilities management","locations/birmingham","","contractor, maintenance, PPM, quote, cost, SLA, emergency, compliance","Birmingham","EntireFM, SFG20, NICEIC, Gas Safe Register, CIBSE, HSE","Hard FM, Soft FM, PPM, Mechanical & Electrical","Commercial, Industrial, Logistics, Corporate","What is included in locations/birmingham? How often is PPM required?","Generate commercial enquiries and site survey requests"
"/locations/birmingham/services","P1","NEW_GROWTH","Commercial facilities management","locations/birmingham/services","","contractor, maintenance, PPM, quote, cost, SLA, emergency, compliance","Birmingham","EntireFM, SFG20, NICEIC, Gas Safe Register, CIBSE, HSE","Hard FM, Soft FM, PPM, Mechanical & Electrical","Commercial, Industrial, Logistics, Corporate","What is included in locations/birmingham/services? How often is PPM required?","Generate commercial enquiries and site survey requests"
"/locations/bolton","P1","NEW_GROWTH","Commercial facilities management","locations/bolton","","contractor, maintenance, PPM, quote, cost, SLA, emergency, compliance","Bolton","EntireFM, SFG20, NICEIC, Gas Safe Register, CIBSE, HSE","Hard FM, Soft FM, PPM, Mechanical & Electrical","Commercial, Industrial, Logistics, Corporate","What is included in locations/bolton? How often is PPM required?","Generate commercial enquiries and site survey requests"
"/locations/bolton/services","P1","NEW_GROWTH","Commercial facilities management","locations/bolton/services","","contractor, maintenance, PPM, quote, cost, SLA, emergency, compliance","Bolton","EntireFM, SFG20, NICEIC, Gas Safe Register, CIBSE, HSE","Hard FM, Soft FM, PPM, Mechanical & Electrical","Commercial, Industrial, Logistics, Corporate","What is included in locations/bolton/services? How often is PPM required?","Generate commercial enquiries and site survey requests"
"/locations/bradford","P1","NEW_GROWTH","Commercial facilities management","locations/bradford","","contractor, maintenance, PPM, quote, cost, SLA, emergency, compliance","Bradford","EntireFM, SFG20, NICEIC, Gas Safe Register, CIBSE, HSE","Hard FM, Soft FM, PPM, Mechanical & Electrical","Commercial, Industrial, Logistics, Corporate","What is included in locations/bradford? How often is PPM required?","Generate commercial enquiries and site survey requests"
"/locations/bradford/services","P1","NEW_GROWTH","Commercial facilities management","locations/bradford/services","","contractor, maintenance, PPM, quote, cost, SLA, emergency, compliance","Bradford","EntireFM, SFG20, NICEIC, Gas Safe Register, CIBSE, HSE","Hard FM, Soft FM, PPM, Mechanical & Electrical","Commercial, Industrial, Logistics, Corporate","What is included in locations/bradford/services? How often is PPM required?","Generate commercial enquiries and site survey requests"
"/locations/bury","P1","NEW_GROWTH","Commercial facilities management","locations/bury","","contractor, maintenance, PPM, quote, cost, SLA, emergency, compliance","Bury","EntireFM, SFG20, NICEIC, Gas Safe Register, CIBSE, HSE","Hard FM, Soft FM, PPM, Mechanical & Electrical","Commercial, Industrial, Logistics, Corporate","What is included in locations/bury? How often is PPM required?","Generate commercial enquiries and site survey requests"
"/locations/bury/services","P1","NEW_GROWTH","Commercial facilities management","locations/bury/services","","contractor, maintenance, PPM, quote, cost, SLA, emergency, compliance","Bury","EntireFM, SFG20, NICEIC, Gas Safe Register, CIBSE, HSE","Hard FM, Soft FM, PPM, Mechanical & Electrical","Commercial, Industrial, Logistics, Corporate","What is included in locations/bury/services? How often is PPM required?","Generate commercial enquiries and site survey requests"
"/locations/chesterfield","P1","NEW_GROWTH","Commercial facilities management","locations/chesterfield","","contractor, maintenance, PPM, quote, cost, SLA, emergency, compliance","Chesterfield","EntireFM, SFG20, NICEIC, Gas Safe Register, CIBSE, HSE","Hard FM, Soft FM, PPM, Mechanical & Electrical","Commercial, Industrial, Logistics, Corporate","What is included in locations/chesterfield? How often is PPM required?","Generate commercial enquiries and site survey requests"
"/locations/chesterfield/services","P1","NEW_GROWTH","Commercial facilities management","locations/chesterfield/services","","contractor, maintenance, PPM, quote, cost, SLA, emergency, compliance","Chesterfield","EntireFM, SFG20, NICEIC, Gas Safe Register, CIBSE, HSE","Hard FM, Soft FM, PPM, Mechanical & Electrical","Commercial, Industrial, Logistics, Corporate","What is included in locations/chesterfield/services? How often is PPM required?","Generate commercial enquiries and site survey requests"
"/locations/derby","P1","NEW_GROWTH","Commercial facilities management","locations/derby","","contractor, maintenance, PPM, quote, cost, SLA, emergency, compliance","Derby","EntireFM, SFG20, NICEIC, Gas Safe Register, CIBSE, HSE","Hard FM, Soft FM, PPM, Mechanical & Electrical","Commercial, Industrial, Logistics, Corporate","What is included in locations/derby? How often is PPM required?","Generate commercial enquiries and site survey requests"
"/locations/derby/services","P1","NEW_GROWTH","Commercial facilities management","locations/derby/services","","contractor, maintenance, PPM, quote, cost, SLA, emergency, compliance","Derby","EntireFM, SFG20, NICEIC, Gas Safe Register, CIBSE, HSE","Hard FM, Soft FM, PPM, Mechanical & Electrical","Commercial, Industrial, Logistics, Corporate","What is included in locations/derby/services? How often is PPM required?","Generate commercial enquiries and site survey requests"
"/locations/doncaster","P1","NEW_GROWTH","Commercial facilities management","locations/doncaster","","contractor, maintenance, PPM, quote, cost, SLA, emergency, compliance","Doncaster","EntireFM, SFG20, NICEIC, Gas Safe Register, CIBSE, HSE","Hard FM, Soft FM, PPM, Mechanical & Electrical","Commercial, Industrial, Logistics, Corporate","What is included in locations/doncaster? How often is PPM required?","Generate commercial enquiries and site survey requests"
"/locations/doncaster/services","P1","NEW_GROWTH","Commercial facilities management","locations/doncaster/services","","contractor, maintenance, PPM, quote, cost, SLA, emergency, compliance","Doncaster","EntireFM, SFG20, NICEIC, Gas Safe Register, CIBSE, HSE","Hard FM, Soft FM, PPM, Mechanical & Electrical","Commercial, Industrial, Logistics, Corporate","What is included in locations/doncaster/services? How often is PPM required?","Generate commercial enquiries and site survey requests"
"/locations/grimsby","P1","NEW_GROWTH","Commercial facilities management","locations/grimsby","","contractor, maintenance, PPM, quote, cost, SLA, emergency, compliance","Grimsby","EntireFM, SFG20, NICEIC, Gas Safe Register, CIBSE, HSE","Hard FM, Soft FM, PPM, Mechanical & Electrical","Commercial, Industrial, Logistics, Corporate","What is included in locations/grimsby? How often is PPM required?","Generate commercial enquiries and site survey requests"
"/locations/grimsby/services","P1","NEW_GROWTH","Commercial facilities management","locations/grimsby/services","","contractor, maintenance, PPM, quote, cost, SLA, emergency, compliance","Grimsby","EntireFM, SFG20, NICEIC, Gas Safe Register, CIBSE, HSE","Hard FM, Soft FM, PPM, Mechanical & Electrical","Commercial, Industrial, Logistics, Corporate","What is included in locations/grimsby/services? How often is PPM required?","Generate commercial enquiries and site survey requests"
"/locations/leeds","P1","NEW_GROWTH","Commercial facilities management","locations/leeds","","contractor, maintenance, PPM, quote, cost, SLA, emergency, compliance","Leeds","EntireFM, SFG20, NICEIC, Gas Safe Register, CIBSE, HSE","Hard FM, Soft FM, PPM, Mechanical & Electrical","Commercial, Industrial, Logistics, Corporate","What is included in locations/leeds? How often is PPM required?","Generate commercial enquiries and site survey requests"
"/locations/leeds/services","P1","NEW_GROWTH","Commercial facilities management","locations/leeds/services","","contractor, maintenance, PPM, quote, cost, SLA, emergency, compliance","Leeds","EntireFM, SFG20, NICEIC, Gas Safe Register, CIBSE, HSE","Hard FM, Soft FM, PPM, Mechanical & Electrical","Commercial, Industrial, Logistics, Corporate","What is included in locations/leeds/services? How often is PPM required?","Generate commercial enquiries and site survey requests"
"/locations/lincoln","P1","NEW_GROWTH","Commercial facilities management","locations/lincoln","","contractor, maintenance, PPM, quote, cost, SLA, emergency, compliance","Lincoln","EntireFM, SFG20, NICEIC, Gas Safe Register, CIBSE, HSE","Hard FM, Soft FM, PPM, Mechanical & Electrical","Commercial, Industrial, Logistics, Corporate","What is included in locations/lincoln? How often is PPM required?","Generate commercial enquiries and site survey requests"
"/locations/lincoln/services","P1","NEW_GROWTH","Commercial facilities management","locations/lincoln/services","","contractor, maintenance, PPM, quote, cost, SLA, emergency, compliance","Lincoln","EntireFM, SFG20, NICEIC, Gas Safe Register, CIBSE, HSE","Hard FM, Soft FM, PPM, Mechanical & Electrical","Commercial, Industrial, Logistics, Corporate","What is included in locations/lincoln/services? How often is PPM required?","Generate commercial enquiries and site survey requests"
"/locations/liverpool","P1","NEW_GROWTH","Commercial facilities management","locations/liverpool","","contractor, maintenance, PPM, quote, cost, SLA, emergency, compliance","Liverpool","EntireFM, SFG20, NICEIC, Gas Safe Register, CIBSE, HSE","Hard FM, Soft FM, PPM, Mechanical & Electrical","Commercial, Industrial, Logistics, Corporate","What is included in locations/liverpool? How often is PPM required?","Generate commercial enquiries and site survey requests"
"/locations/liverpool/services","P1","NEW_GROWTH","Commercial facilities management","locations/liverpool/services","","contractor, maintenance, PPM, quote, cost, SLA, emergency, compliance","Liverpool","EntireFM, SFG20, NICEIC, Gas Safe Register, CIBSE, HSE","Hard FM, Soft FM, PPM, Mechanical & Electrical","Commercial, Industrial, Logistics, Corporate","What is included in locations/liverpool/services? How often is PPM required?","Generate commercial enquiries and site survey requests"
"/locations/london","P1","NEW_GROWTH","Commercial facilities management","locations/london","","contractor, maintenance, PPM, quote, cost, SLA, emergency, compliance","London","EntireFM, SFG20, NICEIC, Gas Safe Register, CIBSE, HSE","Hard FM, Soft FM, PPM, Mechanical & Electrical","Commercial, Industrial, Logistics, Corporate","What is included in locations/london? How often is PPM required?","Generate commercial enquiries and site survey requests"
"/locations/london/services","P1","NEW_GROWTH","Commercial facilities management","locations/london/services","","contractor, maintenance, PPM, quote, cost, SLA, emergency, compliance","London","EntireFM, SFG20, NICEIC, Gas Safe Register, CIBSE, HSE","Hard FM, Soft FM, PPM, Mechanical & Electrical","Commercial, Industrial, Logistics, Corporate","What is included in locations/london/services? How often is PPM required?","Generate commercial enquiries and site survey requests"
"/locations/manchester","P1","NEW_GROWTH","Commercial facilities management","locations/manchester","","contractor, maintenance, PPM, quote, cost, SLA, emergency, compliance","Manchester","EntireFM, SFG20, NICEIC, Gas Safe Register, CIBSE, HSE","Hard FM, Soft FM, PPM, Mechanical & Electrical","Commercial, Industrial, Logistics, Corporate","What is included in locations/manchester? How often is PPM required?","Generate commercial enquiries and site survey requests"
"/locations/manchester/services","P1","NEW_GROWTH","Commercial facilities management","locations/manchester/services","","contractor, maintenance, PPM, quote, cost, SLA, emergency, compliance","Manchester","EntireFM, SFG20, NICEIC, Gas Safe Register, CIBSE, HSE","Hard FM, Soft FM, PPM, Mechanical & Electrical","Commercial, Industrial, Logistics, Corporate","What is included in locations/manchester/services? How often is PPM required?","Generate commercial enquiries and site survey requests"
"/locations/matlock","P1","NEW_GROWTH","Commercial facilities management","locations/matlock","","contractor, maintenance, PPM, quote, cost, SLA, emergency, compliance","Matlock","EntireFM, SFG20, NICEIC, Gas Safe Register, CIBSE, HSE","Hard FM, Soft FM, PPM, Mechanical & Electrical","Commercial, Industrial, Logistics, Corporate","What is included in locations/matlock? How often is PPM required?","Generate commercial enquiries and site survey requests"
"/locations/matlock/services","P1","NEW_GROWTH","Commercial facilities management","locations/matlock/services","","contractor, maintenance, PPM, quote, cost, SLA, emergency, compliance","Matlock","EntireFM, SFG20, NICEIC, Gas Safe Register, CIBSE, HSE","Hard FM, Soft FM, PPM, Mechanical & Electrical","Commercial, Industrial, Logistics, Corporate","What is included in locations/matlock/services? How often is PPM required?","Generate commercial enquiries and site survey requests"
"/locations/nottingham","P1","NEW_GROWTH","Commercial facilities management","locations/nottingham","","contractor, maintenance, PPM, quote, cost, SLA, emergency, compliance","Nottingham","EntireFM, SFG20, NICEIC, Gas Safe Register, CIBSE, HSE","Hard FM, Soft FM, PPM, Mechanical & Electrical","Commercial, Industrial, Logistics, Corporate","What is included in locations/nottingham? How often is PPM required?","Generate commercial enquiries and site survey requests"
"/locations/nottingham/services","P1","NEW_GROWTH","Commercial facilities management","locations/nottingham/services","","contractor, maintenance, PPM, quote, cost, SLA, emergency, compliance","Nottingham","EntireFM, SFG20, NICEIC, Gas Safe Register, CIBSE, HSE","Hard FM, Soft FM, PPM, Mechanical & Electrical","Commercial, Industrial, Logistics, Corporate","What is included in locations/nottingham/services? How often is PPM required?","Generate commercial enquiries and site survey requests"
"/locations/oxford","P1","NEW_GROWTH","Commercial facilities management","locations/oxford","","contractor, maintenance, PPM, quote, cost, SLA, emergency, compliance","Oxford","EntireFM, SFG20, NICEIC, Gas Safe Register, CIBSE, HSE","Hard FM, Soft FM, PPM, Mechanical & Electrical","Commercial, Industrial, Logistics, Corporate","What is included in locations/oxford? How often is PPM required?","Generate commercial enquiries and site survey requests"
"/locations/oxford/services","P1","NEW_GROWTH","Commercial facilities management","locations/oxford/services","","contractor, maintenance, PPM, quote, cost, SLA, emergency, compliance","Oxford","EntireFM, SFG20, NICEIC, Gas Safe Register, CIBSE, HSE","Hard FM, Soft FM, PPM, Mechanical & Electrical","Commercial, Industrial, Logistics, Corporate","What is included in locations/oxford/services? How often is PPM required?","Generate commercial enquiries and site survey requests"
"/locations/preston","P1","NEW_GROWTH","Commercial facilities management","locations/preston","","contractor, maintenance, PPM, quote, cost, SLA, emergency, compliance","Preston","EntireFM, SFG20, NICEIC, Gas Safe Register, CIBSE, HSE","Hard FM, Soft FM, PPM, Mechanical & Electrical","Commercial, Industrial, Logistics, Corporate","What is included in locations/preston? How often is PPM required?","Generate commercial enquiries and site survey requests"
"/locations/preston/services","P1","NEW_GROWTH","Commercial facilities management","locations/preston/services","","contractor, maintenance, PPM, quote, cost, SLA, emergency, compliance","Preston","EntireFM, SFG20, NICEIC, Gas Safe Register, CIBSE, HSE","Hard FM, Soft FM, PPM, Mechanical & Electrical","Commercial, Industrial, Logistics, Corporate","What is included in locations/preston/services? How often is PPM required?","Generate commercial enquiries and site survey requests"
"/locations/rotherham","P1","NEW_GROWTH","Commercial facilities management","locations/rotherham","","contractor, maintenance, PPM, quote, cost, SLA, emergency, compliance","Rotherham","EntireFM, SFG20, NICEIC, Gas Safe Register, CIBSE, HSE","Hard FM, Soft FM, PPM, Mechanical & Electrical","Commercial, Industrial, Logistics, Corporate","What is included in locations/rotherham? How often is PPM required?","Generate commercial enquiries and site survey requests"
"/locations/rotherham/services","P1","NEW_GROWTH","Commercial facilities management","locations/rotherham/services","","contractor, maintenance, PPM, quote, cost, SLA, emergency, compliance","Rotherham","EntireFM, SFG20, NICEIC, Gas Safe Register, CIBSE, HSE","Hard FM, Soft FM, PPM, Mechanical & Electrical","Commercial, Industrial, Logistics, Corporate","What is included in locations/rotherham/services? How often is PPM required?","Generate commercial enquiries and site survey requests"
"/locations/sheffield","P1","NEW_GROWTH","Commercial facilities management","locations/sheffield","","contractor, maintenance, PPM, quote, cost, SLA, emergency, compliance","Sheffield","EntireFM, SFG20, NICEIC, Gas Safe Register, CIBSE, HSE","Hard FM, Soft FM, PPM, Mechanical & Electrical","Commercial, Industrial, Logistics, Corporate","What is included in locations/sheffield? How often is PPM required?","Generate commercial enquiries and site survey requests"
"/locations/sheffield/services","P1","NEW_GROWTH","Commercial facilities management","locations/sheffield/services","","contractor, maintenance, PPM, quote, cost, SLA, emergency, compliance","Sheffield","EntireFM, SFG20, NICEIC, Gas Safe Register, CIBSE, HSE","Hard FM, Soft FM, PPM, Mechanical & Electrical","Commercial, Industrial, Logistics, Corporate","What is included in locations/sheffield/services? How often is PPM required?","Generate commercial enquiries and site survey requests"
"/locations/telford","P1","NEW_GROWTH","Commercial facilities management","locations/telford","","contractor, maintenance, PPM, quote, cost, SLA, emergency, compliance","Telford","EntireFM, SFG20, NICEIC, Gas Safe Register, CIBSE, HSE","Hard FM, Soft FM, PPM, Mechanical & Electrical","Commercial, Industrial, Logistics, Corporate","What is included in locations/telford? How often is PPM required?","Generate commercial enquiries and site survey requests"
"/locations/telford/services","P1","NEW_GROWTH","Commercial facilities management","locations/telford/services","","contractor, maintenance, PPM, quote, cost, SLA, emergency, compliance","Telford","EntireFM, SFG20, NICEIC, Gas Safe Register, CIBSE, HSE","Hard FM, Soft FM, PPM, Mechanical & Electrical","Commercial, Industrial, Logistics, Corporate","What is included in locations/telford/services? How often is PPM required?","Generate commercial enquiries and site survey requests"
"/locations/wigan","P1","NEW_GROWTH","Commercial facilities management","locations/wigan","","contractor, maintenance, PPM, quote, cost, SLA, emergency, compliance","Wigan","EntireFM, SFG20, NICEIC, Gas Safe Register, CIBSE, HSE","Hard FM, Soft FM, PPM, Mechanical & Electrical","Commercial, Industrial, Logistics, Corporate","What is included in locations/wigan? How often is PPM required?","Generate commercial enquiries and site survey requests"
"/locations/wigan/services","P1","NEW_GROWTH","Commercial facilities management","locations/wigan/services","","contractor, maintenance, PPM, quote, cost, SLA, emergency, compliance","Wigan","EntireFM, SFG20, NICEIC, Gas Safe Register, CIBSE, HSE","Hard FM, Soft FM, PPM, Mechanical & Electrical","Commercial, Industrial, Logistics, Corporate","What is included in locations/wigan/services? How often is PPM required?","Generate commercial enquiries and site survey requests"
"/logistics-facilities-management","P1","LEGACY_VERIFIED","logistics facilities management services","logistics facilities management services","commercial logistics facilities management; logistics facilities management contractor UK","contractor, maintenance, PPM, quote, cost, SLA, emergency, compliance","UK Nationwide","EntireFM, SFG20, NICEIC, Gas Safe Register, CIBSE, HSE","Hard FM, Soft FM, PPM, Mechanical & Electrical","Commercial, Industrial, Logistics, Corporate","What is included in logistics facilities management? How often is PPM required?","Generate commercial enquiries and survey requests for logistics facilities management."
"/london-facilities-management","P0","LEGACY_VERIFIED","multi-site facilities management london","multi-site facilities management london","facilities management for london estates; multi-site fm london; property portfolio facilities management london; estate facilities management london; managing agent fm london; commercial estate maintenance london","contractor, maintenance, PPM, quote, cost, SLA, emergency, compliance","London","EntireFM, SFG20, NICEIC, Gas Safe Register, CIBSE, HSE","Hard FM, Soft FM, PPM, Mechanical & Electrical","Commercial, Industrial, Logistics, Corporate","What is included in london facilities management? How often is PPM required?","Generate portfolio FM enquiries and multi-site estate survey requests across Greater London."
"/london-facilities-management-areas","P0","LEGACY_VERIFIED","london facilities management areas services","london facilities management areas services","commercial london facilities management areas; london facilities management areas contractor UK","contractor, maintenance, PPM, quote, cost, SLA, emergency, compliance","London","EntireFM, SFG20, NICEIC, Gas Safe Register, CIBSE, HSE","Hard FM, Soft FM, PPM, Mechanical & Electrical","Commercial, Industrial, Logistics, Corporate","What is included in london facilities management areas? How often is PPM required?","Generate commercial enquiries and survey requests for london facilities management areas."
"/manchester-facilities-management","P0","LEGACY_PROTECTED_BY_DIRECTIVE","manchester facilities management services","manchester facilities management services","commercial manchester facilities management; manchester facilities management contractor UK","contractor, maintenance, PPM, quote, cost, SLA, emergency, compliance","Manchester","EntireFM, SFG20, NICEIC, Gas Safe Register, CIBSE, HSE","Hard FM, Soft FM, PPM, Mechanical & Electrical","Commercial, Industrial, Logistics, Corporate","What is included in manchester facilities management? How often is PPM required?","Generate commercial enquiries and survey requests for manchester facilities management."
"/manchester-facilities-managment","P1","LEGACY_VERIFIED","manchester facilities managment services","manchester facilities managment services","commercial manchester facilities managment; manchester facilities managment contractor UK","contractor, maintenance, PPM, quote, cost, SLA, emergency, compliance","Manchester","EntireFM, SFG20, NICEIC, Gas Safe Register, CIBSE, HSE","Hard FM, Soft FM, PPM, Mechanical & Electrical","Commercial, Industrial, Logistics, Corporate","What is included in manchester facilities managment? How often is PPM required?","Generate commercial enquiries and survey requests for manchester facilities managment."
"/manchester-office-cleaning","P1","LEGACY_VERIFIED","manchester office cleaning services","manchester office cleaning services","commercial manchester office cleaning; manchester office cleaning contractor UK","contractor, maintenance, PPM, quote, cost, SLA, emergency, compliance","Manchester","EntireFM, SFG20, NICEIC, Gas Safe Register, CIBSE, HSE","Hard FM, Soft FM, PPM, Mechanical & Electrical","Commercial, Industrial, Logistics, Corporate","What is included in manchester office cleaning? How often is PPM required?","Generate commercial enquiries and survey requests for manchester office cleaning."
"/mechanical-electrical","P0","LEGACY_VERIFIED","mechanical electrical services","mechanical electrical services","commercial mechanical electrical; mechanical electrical contractor UK","contractor, maintenance, PPM, quote, cost, SLA, emergency, compliance","UK Nationwide","EntireFM, SFG20, NICEIC, Gas Safe Register, CIBSE, HSE","Hard FM, Soft FM, PPM, Mechanical & Electrical","Commercial, Industrial, Logistics, Corporate","What is included in mechanical electrical? How often is PPM required?","Generate commercial enquiries and survey requests for mechanical electrical."
"/mechanical-electrical-london","P1","NEW_GROWTH","mechanical electrical maintenance london","mechanical electrical maintenance london","m&e contractors london; m&e maintenance london; mechanical electrical services london; commercial m&e london","contractor, maintenance, PPM, quote, cost, SLA, emergency, compliance","London","EntireFM, SFG20, NICEIC, Gas Safe Register, CIBSE, HSE","Hard FM, Soft FM, PPM, Mechanical & Electrical","Commercial, Industrial, Logistics, Corporate","What is included in mechanical electrical london? How often is PPM required?","Request a commercial M&E engineering proposal and site survey across London."
"/mechanical-electrical/access-control","P1","LEGACY_VERIFIED","mechanical electrical/access control services","mechanical electrical/access control services","commercial mechanical electrical/access control; mechanical electrical/access control contractor UK","contractor, maintenance, PPM, quote, cost, SLA, emergency, compliance","UK Nationwide","EntireFM, SFG20, NICEIC, Gas Safe Register, CIBSE, HSE","Hard FM, Soft FM, PPM, Mechanical & Electrical","Commercial, Industrial, Logistics, Corporate","What is included in mechanical electrical/access control? How often is PPM required?","Generate commercial enquiries and survey requests for mechanical electrical/access control."
"/mechanical-electrical/emergency-light-testing","P1","LEGACY_VERIFIED","mechanical electrical/emergency light testing services","mechanical electrical/emergency light testing services","commercial mechanical electrical/emergency light testing; mechanical electrical/emergency light testing contractor UK","contractor, maintenance, PPM, quote, cost, SLA, emergency, compliance","UK Nationwide","EntireFM, SFG20, NICEIC, Gas Safe Register, CIBSE, HSE","Hard FM, Soft FM, PPM, Mechanical & Electrical","Commercial, Industrial, Logistics, Corporate","What is included in mechanical electrical/emergency light testing? How often is PPM required?","Generate commercial enquiries and survey requests for mechanical electrical/emergency light testing."
"/media","P2","NEW_GROWTH","Commercial facilities management","media","","contractor, maintenance, PPM, quote, cost, SLA, emergency, compliance","UK Nationwide","EntireFM, SFG20, NICEIC, Gas Safe Register, CIBSE, HSE","Hard FM, Soft FM, PPM, Mechanical & Electrical","Commercial, Industrial, Logistics, Corporate","What is included in media? How often is PPM required?","Generate commercial enquiries and site survey requests"
"/media-digital-displays","P1","LEGACY_VERIFIED","media digital displays services","media digital displays services","commercial media digital displays; media digital displays contractor UK","contractor, maintenance, PPM, quote, cost, SLA, emergency, compliance","UK Nationwide","EntireFM, SFG20, NICEIC, Gas Safe Register, CIBSE, HSE","Hard FM, Soft FM, PPM, Mechanical & Electrical","Commercial, Industrial, Logistics, Corporate","What is included in media digital displays? How often is PPM required?","Generate commercial enquiries and survey requests for media digital displays."
"/medical-cleaning","P1","LEGACY_VERIFIED","medical cleaning services","medical cleaning services","commercial medical cleaning; medical cleaning contractor UK","contractor, maintenance, PPM, quote, cost, SLA, emergency, compliance","UK Nationwide","EntireFM, SFG20, NICEIC, Gas Safe Register, CIBSE, HSE","Hard FM, Soft FM, PPM, Mechanical & Electrical","Commercial, Industrial, Logistics, Corporate","What is included in medical cleaning? How often is PPM required?","Generate commercial enquiries and survey requests for medical cleaning."
"/mobile-crane-hire","P1","LEGACY_VERIFIED","mobile crane hire services","mobile crane hire services","commercial mobile crane hire; mobile crane hire contractor UK","contractor, maintenance, PPM, quote, cost, SLA, emergency, compliance","UK Nationwide","EntireFM, SFG20, NICEIC, Gas Safe Register, CIBSE, HSE","Hard FM, Soft FM, PPM, Mechanical & Electrical","Commercial, Industrial, Logistics, Corporate","What is included in mobile crane hire? How often is PPM required?","Generate commercial enquiries and survey requests for mobile crane hire."
"/mobile-crane-hire/chesterfield","P1","LEGACY_VERIFIED","mobile crane hire/chesterfield services","mobile crane hire/chesterfield services","commercial mobile crane hire/chesterfield; mobile crane hire/chesterfield contractor UK","contractor, maintenance, PPM, quote, cost, SLA, emergency, compliance","Chesterfield","EntireFM, SFG20, NICEIC, Gas Safe Register, CIBSE, HSE","Hard FM, Soft FM, PPM, Mechanical & Electrical","Commercial, Industrial, Logistics, Corporate","What is included in mobile crane hire/chesterfield? How often is PPM required?","Generate commercial enquiries and survey requests for mobile crane hire/chesterfield."
"/mobile-crane-hire/sheffield","P1","LEGACY_VERIFIED","mobile crane hire/sheffield services","mobile crane hire/sheffield services","commercial mobile crane hire/sheffield; mobile crane hire/sheffield contractor UK","contractor, maintenance, PPM, quote, cost, SLA, emergency, compliance","Sheffield","EntireFM, SFG20, NICEIC, Gas Safe Register, CIBSE, HSE","Hard FM, Soft FM, PPM, Mechanical & Electrical","Commercial, Industrial, Logistics, Corporate","What is included in mobile crane hire/sheffield? How often is PPM required?","Generate commercial enquiries and survey requests for mobile crane hire/sheffield."
"/mobile-crane-hire/truck-mount-crane-hire","P1","LEGACY_VERIFIED","mobile crane hire/truck mount crane hire services","mobile crane hire/truck mount crane hire services","commercial mobile crane hire/truck mount crane hire; mobile crane hire/truck mount crane hire contractor UK","contractor, maintenance, PPM, quote, cost, SLA, emergency, compliance","UK Nationwide","EntireFM, SFG20, NICEIC, Gas Safe Register, CIBSE, HSE","Hard FM, Soft FM, PPM, Mechanical & Electrical","Commercial, Industrial, Logistics, Corporate","What is included in mobile crane hire/truck mount crane hire? How often is PPM required?","Generate commercial enquiries and survey requests for mobile crane hire/truck mount crane hire."
"/nottingham-facilities-management","P1","LEGACY_PROTECTED_BY_DIRECTIVE","nottingham facilities management services","nottingham facilities management services","commercial nottingham facilities management; nottingham facilities management contractor UK","contractor, maintenance, PPM, quote, cost, SLA, emergency, compliance","Nottingham","EntireFM, SFG20, NICEIC, Gas Safe Register, CIBSE, HSE","Hard FM, Soft FM, PPM, Mechanical & Electrical","Commercial, Industrial, Logistics, Corporate","What is included in nottingham facilities management? How often is PPM required?","Generate commercial enquiries and survey requests for nottingham facilities management."
"/office-cleaning","P1","LEGACY_VERIFIED","office cleaning services","office cleaning services","commercial office cleaning; office cleaning contractor UK","contractor, maintenance, PPM, quote, cost, SLA, emergency, compliance","UK Nationwide","EntireFM, SFG20, NICEIC, Gas Safe Register, CIBSE, HSE","Hard FM, Soft FM, PPM, Mechanical & Electrical","Commercial, Industrial, Logistics, Corporate","What is included in office cleaning? How often is PPM required?","Generate commercial enquiries and survey requests for office cleaning."
"/office-cleaning-lincoln","P1","LEGACY_VERIFIED","office cleaning lincoln services","office cleaning lincoln services","commercial office cleaning lincoln; office cleaning lincoln contractor UK","contractor, maintenance, PPM, quote, cost, SLA, emergency, compliance","Lincoln","EntireFM, SFG20, NICEIC, Gas Safe Register, CIBSE, HSE","Hard FM, Soft FM, PPM, Mechanical & Electrical","Commercial, Industrial, Logistics, Corporate","What is included in office cleaning lincoln? How often is PPM required?","Generate commercial enquiries and survey requests for office cleaning lincoln."
"/office-cleaning-london","P1","LEGACY_VERIFIED","commercial office cleaning london","commercial office cleaning london","office cleaning london; corporate cleaning london; contract office cleaning london; commercial cleaning services london","contractor, maintenance, PPM, quote, cost, SLA, emergency, compliance","London","EntireFM, SFG20, NICEIC, Gas Safe Register, CIBSE, HSE","Hard FM, Soft FM, PPM, Mechanical & Electrical","Commercial, Industrial, Logistics, Corporate","What is included in office cleaning london? How often is PPM required?","Request an office cleaning quotation and site survey for your London premises."
"/oxford-facilities-management","P2","NEW_GROWTH","oxford facilities management services","oxford facilities management services","commercial oxford facilities management; oxford facilities management contractor UK","contractor, maintenance, PPM, quote, cost, SLA, emergency, compliance","Oxford","EntireFM, SFG20, NICEIC, Gas Safe Register, CIBSE, HSE","Hard FM, Soft FM, PPM, Mechanical & Electrical","Commercial, Industrial, Logistics, Corporate","What is included in oxford facilities management? How often is PPM required?","Generate commercial enquiries and survey requests for oxford facilities management."
"/plumbing-gas","P1","LEGACY_VERIFIED","plumbing gas services","plumbing gas services","commercial plumbing gas; plumbing gas contractor UK","contractor, maintenance, PPM, quote, cost, SLA, emergency, compliance","UK Nationwide","EntireFM, SFG20, NICEIC, Gas Safe Register, CIBSE, HSE","Hard FM, Soft FM, PPM, Mechanical & Electrical","Commercial, Industrial, Logistics, Corporate","What is included in plumbing gas? How often is PPM required?","Generate commercial enquiries and survey requests for plumbing gas."
"/portal","P2","LEGACY_VERIFIED","Commercial facilities management","portal","","contractor, maintenance, PPM, quote, cost, SLA, emergency, compliance","UK Nationwide","EntireFM, SFG20, NICEIC, Gas Safe Register, CIBSE, HSE","Hard FM, Soft FM, PPM, Mechanical & Electrical","Commercial, Industrial, Logistics, Corporate","What is included in portal? How often is PPM required?","Generate commercial enquiries and site survey requests"
"/portfolio","P1","LEGACY_VERIFIED","portfolio services","portfolio services","commercial portfolio; portfolio contractor UK","contractor, maintenance, PPM, quote, cost, SLA, emergency, compliance","UK Nationwide","EntireFM, SFG20, NICEIC, Gas Safe Register, CIBSE, HSE","Hard FM, Soft FM, PPM, Mechanical & Electrical","Commercial, Industrial, Logistics, Corporate","What is included in portfolio? How often is PPM required?","Generate commercial enquiries and survey requests for portfolio."
"/post/10-questions-to-ask-ai-fm-software-suppliers","P2","NEW_GROWTH","Commercial facilities management","post/10 questions to ask ai fm software suppliers","","contractor, maintenance, PPM, quote, cost, SLA, emergency, compliance","UK Nationwide","EntireFM, SFG20, NICEIC, Gas Safe Register, CIBSE, HSE","Hard FM, Soft FM, PPM, Mechanical & Electrical","Commercial, Industrial, Logistics, Corporate","What is included in post/10 questions to ask ai fm software suppliers? How often is PPM required?","Generate commercial enquiries and site survey requests"
"/post/ai-agents-in-facilities-management","P2","NEW_GROWTH","Commercial facilities management","post/ai agents in facilities management","","contractor, maintenance, PPM, quote, cost, SLA, emergency, compliance","UK Nationwide","EntireFM, SFG20, NICEIC, Gas Safe Register, CIBSE, HSE","Hard FM, Soft FM, PPM, Mechanical & Electrical","Commercial, Industrial, Logistics, Corporate","What is included in post/ai agents in facilities management? How often is PPM required?","Generate commercial enquiries and site survey requests"
"/post/ai-and-the-future-of-cafm","P2","NEW_GROWTH","Commercial facilities management","post/ai and the future of cafm","","contractor, maintenance, PPM, quote, cost, SLA, emergency, compliance","UK Nationwide","EntireFM, SFG20, NICEIC, Gas Safe Register, CIBSE, HSE","Hard FM, Soft FM, PPM, Mechanical & Electrical","Commercial, Industrial, Logistics, Corporate","What is included in post/ai and the future of cafm? How often is PPM required?","Generate commercial enquiries and site survey requests"
"/post/ai-in-facilities-management-2026","P2","NEW_GROWTH","Commercial facilities management","post/ai in facilities management 2026","","contractor, maintenance, PPM, quote, cost, SLA, emergency, compliance","UK Nationwide","EntireFM, SFG20, NICEIC, Gas Safe Register, CIBSE, HSE","Hard FM, Soft FM, PPM, Mechanical & Electrical","Commercial, Industrial, Logistics, Corporate","What is included in post/ai in facilities management 2026? How often is PPM required?","Generate commercial enquiries and site survey requests"
"/post/asset-data-quality-for-fm-ai","P2","NEW_GROWTH","Commercial facilities management","post/asset data quality for fm ai","","contractor, maintenance, PPM, quote, cost, SLA, emergency, compliance","UK Nationwide","EntireFM, SFG20, NICEIC, Gas Safe Register, CIBSE, HSE","Hard FM, Soft FM, PPM, Mechanical & Electrical","Commercial, Industrial, Logistics, Corporate","What is included in post/asset data quality for fm ai? How often is PPM required?","Generate commercial enquiries and site survey requests"
"/post/can-ai-run-an-fm-helpdesk","P2","NEW_GROWTH","Commercial facilities management","post/can ai run an fm helpdesk","","contractor, maintenance, PPM, quote, cost, SLA, emergency, compliance","UK Nationwide","EntireFM, SFG20, NICEIC, Gas Safe Register, CIBSE, HSE","Hard FM, Soft FM, PPM, Mechanical & Electrical","Commercial, Industrial, Logistics, Corporate","What is included in post/can ai run an fm helpdesk? How often is PPM required?","Generate commercial enquiries and site survey requests"
"/post/digital-twins-in-facilities-management","P2","NEW_GROWTH","Commercial facilities management","post/digital twins in facilities management","","contractor, maintenance, PPM, quote, cost, SLA, emergency, compliance","UK Nationwide","EntireFM, SFG20, NICEIC, Gas Safe Register, CIBSE, HSE","Hard FM, Soft FM, PPM, Mechanical & Electrical","Commercial, Industrial, Logistics, Corporate","What is included in post/digital twins in facilities management? How often is PPM required?","Generate commercial enquiries and site survey requests"
"/post/facilities-management-in-different-sectors-similarities-differences-and-the-need-for-agility","P2","LEGACY_VERIFIED","post/facilities management in different sectors similarities differences and the need for agility services","post/facilities management in different sectors similarities differences and the need for agility services","commercial post/facilities management in different sectors similarities differences and the need for agility; post/facilities management in different sectors similarities differences and the need for agility contractor UK","contractor, maintenance, PPM, quote, cost, SLA, emergency, compliance","UK Nationwide","EntireFM, SFG20, NICEIC, Gas Safe Register, CIBSE, HSE","Hard FM, Soft FM, PPM, Mechanical & Electrical","Commercial, Industrial, Logistics, Corporate","What is included in post/facilities management in different sectors similarities differences and the need for agility? How often is PPM required?","Generate commercial enquiries and survey requests for post/facilities management in different sectors similarities differences and the need for agility."
"/post/facilities-management-services-in-lincoln","P2","LEGACY_VERIFIED","post/facilities management services in lincoln services","post/facilities management services in lincoln services","commercial post/facilities management services in lincoln; post/facilities management services in lincoln contractor UK","contractor, maintenance, PPM, quote, cost, SLA, emergency, compliance","Lincoln","EntireFM, SFG20, NICEIC, Gas Safe Register, CIBSE, HSE","Hard FM, Soft FM, PPM, Mechanical & Electrical","Commercial, Industrial, Logistics, Corporate","What is included in post/facilities management services in lincoln? How often is PPM required?","Generate commercial enquiries and survey requests for post/facilities management services in lincoln."
"/post/facilities-management-to-birmingham","P2","LEGACY_VERIFIED","post/facilities management to birmingham services","post/facilities management to birmingham services","commercial post/facilities management to birmingham; post/facilities management to birmingham contractor UK","contractor, maintenance, PPM, quote, cost, SLA, emergency, compliance","Birmingham","EntireFM, SFG20, NICEIC, Gas Safe Register, CIBSE, HSE","Hard FM, Soft FM, PPM, Mechanical & Electrical","Commercial, Industrial, Logistics, Corporate","What is included in post/facilities management to birmingham? How often is PPM required?","Generate commercial enquiries and survey requests for post/facilities management to birmingham."
"/post/fm-contract-mobilisation-checklist","P2","NEW_GROWTH","Commercial facilities management","post/fm contract mobilisation checklist","","contractor, maintenance, PPM, quote, cost, SLA, emergency, compliance","UK Nationwide","EntireFM, SFG20, NICEIC, Gas Safe Register, CIBSE, HSE","Hard FM, Soft FM, PPM, Mechanical & Electrical","Commercial, Industrial, Logistics, Corporate","What is included in post/fm contract mobilisation checklist? How often is PPM required?","Generate commercial enquiries and site survey requests"
"/post/hard-fm-vs-soft-fm-scope-boundaries","P2","NEW_GROWTH","Commercial facilities management","post/hard fm vs soft fm scope boundaries","","contractor, maintenance, PPM, quote, cost, SLA, emergency, compliance","UK Nationwide","EntireFM, SFG20, NICEIC, Gas Safe Register, CIBSE, HSE","Hard FM, Soft FM, PPM, Mechanical & Electrical","Commercial, Industrial, Logistics, Corporate","What is included in post/hard fm vs soft fm scope boundaries? How often is PPM required?","Generate commercial enquiries and site survey requests"
"/post/how-to-change-facilities-management-provider","P2","NEW_GROWTH","Commercial facilities management","post/how to change facilities management provider","","contractor, maintenance, PPM, quote, cost, SLA, emergency, compliance","UK Nationwide","EntireFM, SFG20, NICEIC, Gas Safe Register, CIBSE, HSE","Hard FM, Soft FM, PPM, Mechanical & Electrical","Commercial, Industrial, Logistics, Corporate","What is included in post/how to change facilities management provider? How often is PPM required?","Generate commercial enquiries and site survey requests"
"/post/predictive-maintenance-vs-ppm","P2","NEW_GROWTH","Commercial facilities management","post/predictive maintenance vs ppm","","contractor, maintenance, PPM, quote, cost, SLA, emergency, compliance","UK Nationwide","EntireFM, SFG20, NICEIC, Gas Safe Register, CIBSE, HSE","Hard FM, Soft FM, PPM, Mechanical & Electrical","Commercial, Industrial, Logistics, Corporate","What is included in post/predictive maintenance vs ppm? How often is PPM required?","Generate commercial enquiries and site survey requests"
"/post/reactive-maintenance-vs-over-servicing-ppm","P2","NEW_GROWTH","Commercial facilities management","post/reactive maintenance vs over servicing ppm","","contractor, maintenance, PPM, quote, cost, SLA, emergency, compliance","UK Nationwide","EntireFM, SFG20, NICEIC, Gas Safe Register, CIBSE, HSE","Hard FM, Soft FM, PPM, Mechanical & Electrical","Commercial, Industrial, Logistics, Corporate","What is included in post/reactive maintenance vs over servicing ppm? How often is PPM required?","Generate commercial enquiries and site survey requests"
"/post/the-importance-of-regular-maintenance-and-inspections","P2","LEGACY_VERIFIED","post/the importance of regular maintenance and inspections services","post/the importance of regular maintenance and inspections services","commercial post/the importance of regular maintenance and inspections; post/the importance of regular maintenance and inspections contractor UK","contractor, maintenance, PPM, quote, cost, SLA, emergency, compliance","UK Nationwide","EntireFM, SFG20, NICEIC, Gas Safe Register, CIBSE, HSE","Hard FM, Soft FM, PPM, Mechanical & Electrical","Commercial, Industrial, Logistics, Corporate","What is included in post/the importance of regular maintenance and inspections? How often is PPM required?","Generate commercial enquiries and survey requests for post/the importance of regular maintenance and inspections."
"/post/the-importance-of-regular-maintenance-and-inspections-1","P2","LEGACY_VERIFIED","post/the importance of regular maintenance and inspections 1 services","post/the importance of regular maintenance and inspections 1 services","commercial post/the importance of regular maintenance and inspections 1; post/the importance of regular maintenance and inspections 1 contractor UK","contractor, maintenance, PPM, quote, cost, SLA, emergency, compliance","UK Nationwide","EntireFM, SFG20, NICEIC, Gas Safe Register, CIBSE, HSE","Hard FM, Soft FM, PPM, Mechanical & Electrical","Commercial, Industrial, Logistics, Corporate","What is included in post/the importance of regular maintenance and inspections 1? How often is PPM required?","Generate commercial enquiries and survey requests for post/the importance of regular maintenance and inspections 1."
"/post/what-are-hard-services","P2","LEGACY_VERIFIED","post/what are hard services services","post/what are hard services services","commercial post/what are hard services; post/what are hard services contractor UK","contractor, maintenance, PPM, quote, cost, SLA, emergency, compliance","UK Nationwide","EntireFM, SFG20, NICEIC, Gas Safe Register, CIBSE, HSE","Hard FM, Soft FM, PPM, Mechanical & Electrical","Commercial, Industrial, Logistics, Corporate","What is included in post/what are hard services? How often is PPM required?","Generate commercial enquiries and survey requests for post/what are hard services."
"/post/what-are-hard-services-in-facilities-management","P2","LEGACY_VERIFIED","post/what are hard services in facilities management services","post/what are hard services in facilities management services","commercial post/what are hard services in facilities management; post/what are hard services in facilities management contractor UK","contractor, maintenance, PPM, quote, cost, SLA, emergency, compliance","UK Nationwide","EntireFM, SFG20, NICEIC, Gas Safe Register, CIBSE, HSE","Hard FM, Soft FM, PPM, Mechanical & Electrical","Commercial, Industrial, Logistics, Corporate","What is included in post/what are hard services in facilities management? How often is PPM required?","Generate commercial enquiries and survey requests for post/what are hard services in facilities management."
"/post/what-are-hard-services-in-facilities-management-1","P2","LEGACY_VERIFIED","post/what are hard services in facilities management 1 services","post/what are hard services in facilities management 1 services","commercial post/what are hard services in facilities management 1; post/what are hard services in facilities management 1 contractor UK","contractor, maintenance, PPM, quote, cost, SLA, emergency, compliance","UK Nationwide","EntireFM, SFG20, NICEIC, Gas Safe Register, CIBSE, HSE","Hard FM, Soft FM, PPM, Mechanical & Electrical","Commercial, Industrial, Logistics, Corporate","What is included in post/what are hard services in facilities management 1? How often is PPM required?","Generate commercial enquiries and survey requests for post/what are hard services in facilities management 1."
"/post/what-is-an-asset-register-in-fm","P2","NEW_GROWTH","Commercial facilities management","post/what is an asset register in fm","","contractor, maintenance, PPM, quote, cost, SLA, emergency, compliance","UK Nationwide","EntireFM, SFG20, NICEIC, Gas Safe Register, CIBSE, HSE","Hard FM, Soft FM, PPM, Mechanical & Electrical","Commercial, Industrial, Logistics, Corporate","What is included in post/what is an asset register in fm? How often is PPM required?","Generate commercial enquiries and site survey requests"
"/post/what-is-facilities-management","P2","LEGACY_VERIFIED","post/what is facilities management services","post/what is facilities management services","commercial post/what is facilities management; post/what is facilities management contractor UK","contractor, maintenance, PPM, quote, cost, SLA, emergency, compliance","UK Nationwide","EntireFM, SFG20, NICEIC, Gas Safe Register, CIBSE, HSE","Hard FM, Soft FM, PPM, Mechanical & Electrical","Commercial, Industrial, Logistics, Corporate","What is included in post/what is facilities management? How often is PPM required?","Generate commercial enquiries and survey requests for post/what is facilities management."
"/post/what-is-facilities-management-1","P2","LEGACY_VERIFIED","post/what is facilities management 1 services","post/what is facilities management 1 services","commercial post/what is facilities management 1; post/what is facilities management 1 contractor UK","contractor, maintenance, PPM, quote, cost, SLA, emergency, compliance","UK Nationwide","EntireFM, SFG20, NICEIC, Gas Safe Register, CIBSE, HSE","Hard FM, Soft FM, PPM, Mechanical & Electrical","Commercial, Industrial, Logistics, Corporate","What is included in post/what is facilities management 1? How often is PPM required?","Generate commercial enquiries and survey requests for post/what is facilities management 1."
"/post/what-is-facilities-management-1-1","P2","LEGACY_VERIFIED","post/what is facilities management 1 1 services","post/what is facilities management 1 1 services","commercial post/what is facilities management 1 1; post/what is facilities management 1 1 contractor UK","contractor, maintenance, PPM, quote, cost, SLA, emergency, compliance","UK Nationwide","EntireFM, SFG20, NICEIC, Gas Safe Register, CIBSE, HSE","Hard FM, Soft FM, PPM, Mechanical & Electrical","Commercial, Industrial, Logistics, Corporate","What is included in post/what is facilities management 1 1? How often is PPM required?","Generate commercial enquiries and survey requests for post/what is facilities management 1 1."
"/post/what-should-be-included-in-a-commercial-ppm-schedule","P2","NEW_GROWTH","Commercial facilities management","post/what should be included in a commercial ppm schedule","","contractor, maintenance, PPM, quote, cost, SLA, emergency, compliance","UK Nationwide","EntireFM, SFG20, NICEIC, Gas Safe Register, CIBSE, HSE","Hard FM, Soft FM, PPM, Mechanical & Electrical","Commercial, Industrial, Logistics, Corporate","What is included in post/what should be included in a commercial ppm schedule? How often is PPM required?","Generate commercial enquiries and site survey requests"
"/post/what-to-include-in-a-monthly-fm-report","P2","NEW_GROWTH","Commercial facilities management","post/what to include in a monthly fm report","","contractor, maintenance, PPM, quote, cost, SLA, emergency, compliance","UK Nationwide","EntireFM, SFG20, NICEIC, Gas Safe Register, CIBSE, HSE","Hard FM, Soft FM, PPM, Mechanical & Electrical","Commercial, Industrial, Logistics, Corporate","What is included in post/what to include in a monthly fm report? How often is PPM required?","Generate commercial enquiries and site survey requests"
"/ppm","P0","LEGACY_VERIFIED","ppm services","ppm services","commercial ppm; ppm contractor UK","contractor, maintenance, PPM, quote, cost, SLA, emergency, compliance","UK Nationwide","EntireFM, SFG20, NICEIC, Gas Safe Register, CIBSE, HSE","Hard FM, Soft FM, PPM, Mechanical & Electrical","Commercial, Industrial, Logistics, Corporate","What is included in ppm? How often is PPM required?","Generate commercial enquiries and survey requests for ppm."
"/ppm-birmingham","P1","NEW_GROWTH","Commercial facilities management","ppm birmingham","","contractor, maintenance, PPM, quote, cost, SLA, emergency, compliance","Birmingham","EntireFM, SFG20, NICEIC, Gas Safe Register, CIBSE, HSE","Hard FM, Soft FM, PPM, Mechanical & Electrical","Commercial, Industrial, Logistics, Corporate","What is included in ppm birmingham? How often is PPM required?","Generate commercial enquiries and site survey requests"
"/ppm-leeds","P1","NEW_GROWTH","Commercial facilities management","ppm leeds","","contractor, maintenance, PPM, quote, cost, SLA, emergency, compliance","Leeds","EntireFM, SFG20, NICEIC, Gas Safe Register, CIBSE, HSE","Hard FM, Soft FM, PPM, Mechanical & Electrical","Commercial, Industrial, Logistics, Corporate","What is included in ppm leeds? How often is PPM required?","Generate commercial enquiries and site survey requests"
"/ppm-london","P1","NEW_GROWTH","planned preventative maintenance london","planned preventative maintenance london","ppm london; planned maintenance london; preventative maintenance london; commercial ppm london; building maintenance schedules london","contractor, maintenance, PPM, quote, cost, SLA, emergency, compliance","London","EntireFM, SFG20, NICEIC, Gas Safe Register, CIBSE, HSE","Hard FM, Soft FM, PPM, Mechanical & Electrical","Commercial, Industrial, Logistics, Corporate","What is included in ppm london? How often is PPM required?","Build your London PPM maintenance schedule and request an asset survey."
"/ppm-manchester","P1","NEW_GROWTH","Commercial facilities management","ppm manchester","","contractor, maintenance, PPM, quote, cost, SLA, emergency, compliance","Manchester","EntireFM, SFG20, NICEIC, Gas Safe Register, CIBSE, HSE","Hard FM, Soft FM, PPM, Mechanical & Electrical","Commercial, Industrial, Logistics, Corporate","What is included in ppm manchester? How often is PPM required?","Generate commercial enquiries and site survey requests"
"/ppm-sheffield","P1","NEW_GROWTH","Commercial facilities management","ppm sheffield","","contractor, maintenance, PPM, quote, cost, SLA, emergency, compliance","Sheffield","EntireFM, SFG20, NICEIC, Gas Safe Register, CIBSE, HSE","Hard FM, Soft FM, PPM, Mechanical & Electrical","Commercial, Industrial, Logistics, Corporate","What is included in ppm sheffield? How often is PPM required?","Generate commercial enquiries and site survey requests"
"/pressure-washing","P1","LEGACY_VERIFIED","pressure washing services","pressure washing services","commercial pressure washing; pressure washing contractor UK","contractor, maintenance, PPM, quote, cost, SLA, emergency, compliance","UK Nationwide","EntireFM, SFG20, NICEIC, Gas Safe Register, CIBSE, HSE","Hard FM, Soft FM, PPM, Mechanical & Electrical","Commercial, Industrial, Logistics, Corporate","What is included in pressure washing? How often is PPM required?","Generate commercial enquiries and survey requests for pressure washing."
"/pressure-washing-birmingham","P1","LEGACY_VERIFIED","pressure washing birmingham services","pressure washing birmingham services","commercial pressure washing birmingham; pressure washing birmingham contractor UK","contractor, maintenance, PPM, quote, cost, SLA, emergency, compliance","Birmingham","EntireFM, SFG20, NICEIC, Gas Safe Register, CIBSE, HSE","Hard FM, Soft FM, PPM, Mechanical & Electrical","Commercial, Industrial, Logistics, Corporate","What is included in pressure washing birmingham? How often is PPM required?","Generate commercial enquiries and survey requests for pressure washing birmingham."
"/pressure-washing-lincoln","P1","LEGACY_VERIFIED","pressure washing lincoln services","pressure washing lincoln services","commercial pressure washing lincoln; pressure washing lincoln contractor UK","contractor, maintenance, PPM, quote, cost, SLA, emergency, compliance","Lincoln","EntireFM, SFG20, NICEIC, Gas Safe Register, CIBSE, HSE","Hard FM, Soft FM, PPM, Mechanical & Electrical","Commercial, Industrial, Logistics, Corporate","What is included in pressure washing lincoln? How often is PPM required?","Generate commercial enquiries and survey requests for pressure washing lincoln."
"/pressure-washing-london","P1","LEGACY_VERIFIED","pressure washing london services","pressure washing london services","commercial pressure washing london; pressure washing london contractor UK","contractor, maintenance, PPM, quote, cost, SLA, emergency, compliance","London","EntireFM, SFG20, NICEIC, Gas Safe Register, CIBSE, HSE","Hard FM, Soft FM, PPM, Mechanical & Electrical","Commercial, Industrial, Logistics, Corporate","What is included in pressure washing london? How often is PPM required?","Generate commercial enquiries and survey requests for pressure washing london."
"/pressure-washing-manchester","P1","LEGACY_VERIFIED","pressure washing manchester services","pressure washing manchester services","commercial pressure washing manchester; pressure washing manchester contractor UK","contractor, maintenance, PPM, quote, cost, SLA, emergency, compliance","Manchester","EntireFM, SFG20, NICEIC, Gas Safe Register, CIBSE, HSE","Hard FM, Soft FM, PPM, Mechanical & Electrical","Commercial, Industrial, Logistics, Corporate","What is included in pressure washing manchester? How often is PPM required?","Generate commercial enquiries and survey requests for pressure washing manchester."
"/pressure-washing-sheffield","P1","LEGACY_VERIFIED","pressure washing sheffield services","pressure washing sheffield services","commercial pressure washing sheffield; pressure washing sheffield contractor UK","contractor, maintenance, PPM, quote, cost, SLA, emergency, compliance","Sheffield","EntireFM, SFG20, NICEIC, Gas Safe Register, CIBSE, HSE","Hard FM, Soft FM, PPM, Mechanical & Electrical","Commercial, Industrial, Logistics, Corporate","What is included in pressure washing sheffield? How often is PPM required?","Generate commercial enquiries and survey requests for pressure washing sheffield."
"/preston-facilities-management","P2","NEW_GROWTH","preston facilities management services","preston facilities management services","commercial preston facilities management; preston facilities management contractor UK","contractor, maintenance, PPM, quote, cost, SLA, emergency, compliance","Preston","EntireFM, SFG20, NICEIC, Gas Safe Register, CIBSE, HSE","Hard FM, Soft FM, PPM, Mechanical & Electrical","Commercial, Industrial, Logistics, Corporate","What is included in preston facilities management? How often is PPM required?","Generate commercial enquiries and survey requests for preston facilities management."
"/privacy-policy","P1","LEGACY_VERIFIED","privacy policy services","privacy policy services","commercial privacy policy; privacy policy contractor UK","contractor, maintenance, PPM, quote, cost, SLA, emergency, compliance","UK Nationwide","EntireFM, SFG20, NICEIC, Gas Safe Register, CIBSE, HSE","Hard FM, Soft FM, PPM, Mechanical & Electrical","Commercial, Industrial, Logistics, Corporate","What is included in privacy policy? How often is PPM required?","Generate commercial enquiries and survey requests for privacy policy."
"/property-manager-fm-services","P1","LEGACY_VERIFIED","property manager fm services services","property manager fm services services","commercial property manager fm services; property manager fm services contractor UK","contractor, maintenance, PPM, quote, cost, SLA, emergency, compliance","UK Nationwide","EntireFM, SFG20, NICEIC, Gas Safe Register, CIBSE, HSE","Hard FM, Soft FM, PPM, Mechanical & Electrical","Commercial, Industrial, Logistics, Corporate","What is included in property manager fm services? How often is PPM required?","Generate commercial enquiries and survey requests for property manager fm services."
"/public-sector-facilities-management","P1","LEGACY_VERIFIED","public sector facilities management services","public sector facilities management services","commercial public sector facilities management; public sector facilities management contractor UK","contractor, maintenance, PPM, quote, cost, SLA, emergency, compliance","UK Nationwide","EntireFM, SFG20, NICEIC, Gas Safe Register, CIBSE, HSE","Hard FM, Soft FM, PPM, Mechanical & Electrical","Commercial, Industrial, Logistics, Corporate","What is included in public sector facilities management? How often is PPM required?","Generate commercial enquiries and survey requests for public sector facilities management."
"/reactive-cleaning-services","P1","LEGACY_VERIFIED","reactive cleaning services services","reactive cleaning services services","commercial reactive cleaning services; reactive cleaning services contractor UK","contractor, maintenance, PPM, quote, cost, SLA, emergency, compliance","UK Nationwide","EntireFM, SFG20, NICEIC, Gas Safe Register, CIBSE, HSE","Hard FM, Soft FM, PPM, Mechanical & Electrical","Commercial, Industrial, Logistics, Corporate","What is included in reactive cleaning services? How often is PPM required?","Generate commercial enquiries and survey requests for reactive cleaning services."
"/reactive-maintenance-london","P1","NEW_GROWTH","reactive maintenance london","reactive maintenance london","emergency building maintenance london; reactive fm london; commercial emergency repairs london; 24/7 callout maintenance london","contractor, maintenance, PPM, quote, cost, SLA, emergency, compliance","London","EntireFM, SFG20, NICEIC, Gas Safe Register, CIBSE, HSE","Hard FM, Soft FM, PPM, Mechanical & Electrical","Commercial, Industrial, Logistics, Corporate","What is included in reactive maintenance london? How often is PPM required?","Establish contracted 24/7 reactive maintenance coverage for London commercial estates."
"/residential-cleaning","P1","LEGACY_VERIFIED","residential cleaning services","residential cleaning services","commercial residential cleaning; residential cleaning contractor UK","contractor, maintenance, PPM, quote, cost, SLA, emergency, compliance","UK Nationwide","EntireFM, SFG20, NICEIC, Gas Safe Register, CIBSE, HSE","Hard FM, Soft FM, PPM, Mechanical & Electrical","Commercial, Industrial, Logistics, Corporate","What is included in residential cleaning? How often is PPM required?","Generate commercial enquiries and survey requests for residential cleaning."
"/residential-facilities-management","P1","LEGACY_VERIFIED","residential facilities management services","residential facilities management services","commercial residential facilities management; residential facilities management contractor UK","contractor, maintenance, PPM, quote, cost, SLA, emergency, compliance","UK Nationwide","EntireFM, SFG20, NICEIC, Gas Safe Register, CIBSE, HSE","Hard FM, Soft FM, PPM, Mechanical & Electrical","Commercial, Industrial, Logistics, Corporate","What is included in residential facilities management? How often is PPM required?","Generate commercial enquiries and survey requests for residential facilities management."
"/residential-fm-lincoln","P1","LEGACY_VERIFIED","residential fm lincoln services","residential fm lincoln services","commercial residential fm lincoln; residential fm lincoln contractor UK","contractor, maintenance, PPM, quote, cost, SLA, emergency, compliance","Lincoln","EntireFM, SFG20, NICEIC, Gas Safe Register, CIBSE, HSE","Hard FM, Soft FM, PPM, Mechanical & Electrical","Commercial, Industrial, Logistics, Corporate","What is included in residential fm lincoln? How often is PPM required?","Generate commercial enquiries and survey requests for residential fm lincoln."
"/resources","P2","CURRENT_LIVE_RETAINED","resources services","resources services","commercial resources; resources contractor UK","contractor, maintenance, PPM, quote, cost, SLA, emergency, compliance","UK Nationwide","EntireFM, SFG20, NICEIC, Gas Safe Register, CIBSE, HSE","Hard FM, Soft FM, PPM, Mechanical & Electrical","Commercial, Industrial, Logistics, Corporate","What is included in resources? How often is PPM required?","Generate commercial enquiries and survey requests for resources."
"/resources/ai-in-facilities-management","P1","NEW_GROWTH","Commercial facilities management","resources/ai in facilities management","","contractor, maintenance, PPM, quote, cost, SLA, emergency, compliance","UK Nationwide","EntireFM, SFG20, NICEIC, Gas Safe Register, CIBSE, HSE","Hard FM, Soft FM, PPM, Mechanical & Electrical","Commercial, Industrial, Logistics, Corporate","What is included in resources/ai in facilities management? How often is PPM required?","Generate commercial enquiries and site survey requests"
"/resources/ai-in-facilities-management/ai-agents","P2","NEW_GROWTH","Commercial facilities management","resources/ai in facilities management/ai agents","","contractor, maintenance, PPM, quote, cost, SLA, emergency, compliance","UK Nationwide","EntireFM, SFG20, NICEIC, Gas Safe Register, CIBSE, HSE","Hard FM, Soft FM, PPM, Mechanical & Electrical","Commercial, Industrial, Logistics, Corporate","What is included in resources/ai in facilities management/ai agents? How often is PPM required?","Generate commercial enquiries and site survey requests"
"/resources/ai-in-facilities-management/ai-cafm","P2","NEW_GROWTH","Commercial facilities management","resources/ai in facilities management/ai cafm","","contractor, maintenance, PPM, quote, cost, SLA, emergency, compliance","UK Nationwide","EntireFM, SFG20, NICEIC, Gas Safe Register, CIBSE, HSE","Hard FM, Soft FM, PPM, Mechanical & Electrical","Commercial, Industrial, Logistics, Corporate","What is included in resources/ai in facilities management/ai cafm? How often is PPM required?","Generate commercial enquiries and site survey requests"
"/resources/ai-in-facilities-management/ai-compliance","P2","NEW_GROWTH","Commercial facilities management","resources/ai in facilities management/ai compliance","","contractor, maintenance, PPM, quote, cost, SLA, emergency, compliance","UK Nationwide","EntireFM, SFG20, NICEIC, Gas Safe Register, CIBSE, HSE","Hard FM, Soft FM, PPM, Mechanical & Electrical","Commercial, Industrial, Logistics, Corporate","What is included in resources/ai in facilities management/ai compliance? How often is PPM required?","Generate commercial enquiries and site survey requests"
"/resources/ai-in-facilities-management/ai-governance","P2","NEW_GROWTH","Commercial facilities management","resources/ai in facilities management/ai governance","","contractor, maintenance, PPM, quote, cost, SLA, emergency, compliance","UK Nationwide","EntireFM, SFG20, NICEIC, Gas Safe Register, CIBSE, HSE","Hard FM, Soft FM, PPM, Mechanical & Electrical","Commercial, Industrial, Logistics, Corporate","What is included in resources/ai in facilities management/ai governance? How often is PPM required?","Generate commercial enquiries and site survey requests"
"/resources/ai-in-facilities-management/ai-helpdesk-work-orders","P2","NEW_GROWTH","Commercial facilities management","resources/ai in facilities management/ai helpdesk work orders","","contractor, maintenance, PPM, quote, cost, SLA, emergency, compliance","UK Nationwide","EntireFM, SFG20, NICEIC, Gas Safe Register, CIBSE, HSE","Hard FM, Soft FM, PPM, Mechanical & Electrical","Commercial, Industrial, Logistics, Corporate","What is included in resources/ai in facilities management/ai helpdesk work orders? How often is PPM required?","Generate commercial enquiries and site survey requests"
"/resources/ai-in-facilities-management/computer-vision","P2","NEW_GROWTH","Commercial facilities management","resources/ai in facilities management/computer vision","","contractor, maintenance, PPM, quote, cost, SLA, emergency, compliance","UK Nationwide","EntireFM, SFG20, NICEIC, Gas Safe Register, CIBSE, HSE","Hard FM, Soft FM, PPM, Mechanical & Electrical","Commercial, Industrial, Logistics, Corporate","What is included in resources/ai in facilities management/computer vision? How often is PPM required?","Generate commercial enquiries and site survey requests"
"/resources/ai-in-facilities-management/digital-twins","P2","NEW_GROWTH","Commercial facilities management","resources/ai in facilities management/digital twins","","contractor, maintenance, PPM, quote, cost, SLA, emergency, compliance","UK Nationwide","EntireFM, SFG20, NICEIC, Gas Safe Register, CIBSE, HSE","Hard FM, Soft FM, PPM, Mechanical & Electrical","Commercial, Industrial, Logistics, Corporate","What is included in resources/ai in facilities management/digital twins? How often is PPM required?","Generate commercial enquiries and site survey requests"
"/resources/ai-in-facilities-management/energy-optimisation","P2","NEW_GROWTH","Commercial facilities management","resources/ai in facilities management/energy optimisation","","contractor, maintenance, PPM, quote, cost, SLA, emergency, compliance","UK Nationwide","EntireFM, SFG20, NICEIC, Gas Safe Register, CIBSE, HSE","Hard FM, Soft FM, PPM, Mechanical & Electrical","Commercial, Industrial, Logistics, Corporate","What is included in resources/ai in facilities management/energy optimisation? How often is PPM required?","Generate commercial enquiries and site survey requests"
"/resources/ai-in-facilities-management/fm-data-readiness","P2","NEW_GROWTH","Commercial facilities management","resources/ai in facilities management/fm data readiness","","contractor, maintenance, PPM, quote, cost, SLA, emergency, compliance","UK Nationwide","EntireFM, SFG20, NICEIC, Gas Safe Register, CIBSE, HSE","Hard FM, Soft FM, PPM, Mechanical & Electrical","Commercial, Industrial, Logistics, Corporate","What is included in resources/ai in facilities management/fm data readiness? How often is PPM required?","Generate commercial enquiries and site survey requests"
"/resources/ai-in-facilities-management/predictive-maintenance","P2","NEW_GROWTH","Commercial facilities management","resources/ai in facilities management/predictive maintenance","","contractor, maintenance, PPM, quote, cost, SLA, emergency, compliance","UK Nationwide","EntireFM, SFG20, NICEIC, Gas Safe Register, CIBSE, HSE","Hard FM, Soft FM, PPM, Mechanical & Electrical","Commercial, Industrial, Logistics, Corporate","What is included in resources/ai in facilities management/predictive maintenance? How often is PPM required?","Generate commercial enquiries and site survey requests"
"/resources/document-vault","P1","LEGACY_PROTECTED_BY_DIRECTIVE","Commercial facilities management","resources/document vault","","contractor, maintenance, PPM, quote, cost, SLA, emergency, compliance","UK Nationwide","EntireFM, SFG20, NICEIC, Gas Safe Register, CIBSE, HSE","Hard FM, Soft FM, PPM, Mechanical & Electrical","Commercial, Industrial, Logistics, Corporate","What is included in resources/document vault? How often is PPM required?","Generate commercial enquiries and site survey requests"
"/resources/guides","P1","NEW_GROWTH","Commercial facilities management","resources/guides","","contractor, maintenance, PPM, quote, cost, SLA, emergency, compliance","UK Nationwide","EntireFM, SFG20, NICEIC, Gas Safe Register, CIBSE, HSE","Hard FM, Soft FM, PPM, Mechanical & Electrical","Commercial, Industrial, Logistics, Corporate","What is included in resources/guides? How often is PPM required?","Generate commercial enquiries and site survey requests"
"/resources/guides/asset-register-guide","P1","NEW_GROWTH","Commercial facilities management","resources/guides/asset register guide","","contractor, maintenance, PPM, quote, cost, SLA, emergency, compliance","UK Nationwide","EntireFM, SFG20, NICEIC, Gas Safe Register, CIBSE, HSE","Hard FM, Soft FM, PPM, Mechanical & Electrical","Commercial, Industrial, Logistics, Corporate","What is included in resources/guides/asset register guide? How often is PPM required?","Generate commercial enquiries and site survey requests"
"/resources/guides/facilities-management-guide","P1","NEW_GROWTH","Commercial facilities management","resources/guides/facilities management guide","","contractor, maintenance, PPM, quote, cost, SLA, emergency, compliance","UK Nationwide","EntireFM, SFG20, NICEIC, Gas Safe Register, CIBSE, HSE","Hard FM, Soft FM, PPM, Mechanical & Electrical","Commercial, Industrial, Logistics, Corporate","What is included in resources/guides/facilities management guide? How often is PPM required?","Generate commercial enquiries and site survey requests"
"/resources/guides/fm-tender-guide","P1","NEW_GROWTH","Commercial facilities management","resources/guides/fm tender guide","","contractor, maintenance, PPM, quote, cost, SLA, emergency, compliance","UK Nationwide","EntireFM, SFG20, NICEIC, Gas Safe Register, CIBSE, HSE","Hard FM, Soft FM, PPM, Mechanical & Electrical","Commercial, Industrial, Logistics, Corporate","What is included in resources/guides/fm tender guide? How often is PPM required?","Generate commercial enquiries and site survey requests"
"/resources/guides/ppm-guide","P1","NEW_GROWTH","Commercial facilities management","resources/guides/ppm guide","","contractor, maintenance, PPM, quote, cost, SLA, emergency, compliance","UK Nationwide","EntireFM, SFG20, NICEIC, Gas Safe Register, CIBSE, HSE","Hard FM, Soft FM, PPM, Mechanical & Electrical","Commercial, Industrial, Logistics, Corporate","What is included in resources/guides/ppm guide? How often is PPM required?","Generate commercial enquiries and site survey requests"
"/restaurant-facilities-management","P1","LEGACY_VERIFIED","restaurant facilities management services","restaurant facilities management services","commercial restaurant facilities management; restaurant facilities management contractor UK","contractor, maintenance, PPM, quote, cost, SLA, emergency, compliance","UK Nationwide","EntireFM, SFG20, NICEIC, Gas Safe Register, CIBSE, HSE","Hard FM, Soft FM, PPM, Mechanical & Electrical","Commercial, Industrial, Logistics, Corporate","What is included in restaurant facilities management? How often is PPM required?","Generate commercial enquiries and survey requests for restaurant facilities management."
"/retail-cleaning","P1","LEGACY_VERIFIED","retail cleaning services","retail cleaning services","commercial retail cleaning; retail cleaning contractor UK","contractor, maintenance, PPM, quote, cost, SLA, emergency, compliance","UK Nationwide","EntireFM, SFG20, NICEIC, Gas Safe Register, CIBSE, HSE","Hard FM, Soft FM, PPM, Mechanical & Electrical","Commercial, Industrial, Logistics, Corporate","What is included in retail cleaning? How often is PPM required?","Generate commercial enquiries and survey requests for retail cleaning."
"/retail-facilities-management","P1","LEGACY_VERIFIED","retail facilities management services","retail facilities management services","commercial retail facilities management; retail facilities management contractor UK","contractor, maintenance, PPM, quote, cost, SLA, emergency, compliance","UK Nationwide","EntireFM, SFG20, NICEIC, Gas Safe Register, CIBSE, HSE","Hard FM, Soft FM, PPM, Mechanical & Electrical","Commercial, Industrial, Logistics, Corporate","What is included in retail facilities management? How often is PPM required?","Generate commercial enquiries and survey requests for retail facilities management."
"/retail-fm-lincoln","P1","LEGACY_VERIFIED","retail fm lincoln services","retail fm lincoln services","commercial retail fm lincoln; retail fm lincoln contractor UK","contractor, maintenance, PPM, quote, cost, SLA, emergency, compliance","Lincoln","EntireFM, SFG20, NICEIC, Gas Safe Register, CIBSE, HSE","Hard FM, Soft FM, PPM, Mechanical & Electrical","Commercial, Industrial, Logistics, Corporate","What is included in retail fm lincoln? How often is PPM required?","Generate commercial enquiries and survey requests for retail fm lincoln."
"/rotherham-facilities-management","P2","NEW_GROWTH","rotherham facilities management services","rotherham facilities management services","commercial rotherham facilities management; rotherham facilities management contractor UK","contractor, maintenance, PPM, quote, cost, SLA, emergency, compliance","Rotherham","EntireFM, SFG20, NICEIC, Gas Safe Register, CIBSE, HSE","Hard FM, Soft FM, PPM, Mechanical & Electrical","Commercial, Industrial, Logistics, Corporate","What is included in rotherham facilities management? How often is PPM required?","Generate commercial enquiries and survey requests for rotherham facilities management."
"/safety-critical-emergency-systems","P1","LEGACY_VERIFIED","safety critical emergency systems services","safety critical emergency systems services","commercial safety critical emergency systems; safety critical emergency systems contractor UK","contractor, maintenance, PPM, quote, cost, SLA, emergency, compliance","UK Nationwide","EntireFM, SFG20, NICEIC, Gas Safe Register, CIBSE, HSE","Hard FM, Soft FM, PPM, Mechanical & Electrical","Commercial, Industrial, Logistics, Corporate","What is included in safety critical emergency systems? How often is PPM required?","Generate commercial enquiries and survey requests for safety critical emergency systems."
"/search","P2","LEGACY_VERIFIED","Commercial facilities management","search","","contractor, maintenance, PPM, quote, cost, SLA, emergency, compliance","UK Nationwide","EntireFM, SFG20, NICEIC, Gas Safe Register, CIBSE, HSE","Hard FM, Soft FM, PPM, Mechanical & Electrical","Commercial, Industrial, Logistics, Corporate","What is included in search? How often is PPM required?","Generate commercial enquiries and site survey requests"
"/sectors","P1","CURRENT_LIVE_RETAINED","sectors services","sectors services","commercial sectors; sectors contractor UK","contractor, maintenance, PPM, quote, cost, SLA, emergency, compliance","UK Nationwide","EntireFM, SFG20, NICEIC, Gas Safe Register, CIBSE, HSE","Hard FM, Soft FM, PPM, Mechanical & Electrical","Commercial, Industrial, Logistics, Corporate","What is included in sectors? How often is PPM required?","Generate commercial enquiries and survey requests for sectors."
"/security-services","P1","LEGACY_VERIFIED","security services services","security services services","commercial security services; security services contractor UK","contractor, maintenance, PPM, quote, cost, SLA, emergency, compliance","UK Nationwide","EntireFM, SFG20, NICEIC, Gas Safe Register, CIBSE, HSE","Hard FM, Soft FM, PPM, Mechanical & Electrical","Commercial, Industrial, Logistics, Corporate","What is included in security services? How often is PPM required?","Generate commercial enquiries and survey requests for security services."
"/service-station-fm","P1","LEGACY_VERIFIED","service station fm services","service station fm services","commercial service station fm; service station fm contractor UK","contractor, maintenance, PPM, quote, cost, SLA, emergency, compliance","UK Nationwide","EntireFM, SFG20, NICEIC, Gas Safe Register, CIBSE, HSE","Hard FM, Soft FM, PPM, Mechanical & Electrical","Commercial, Industrial, Logistics, Corporate","What is included in service station fm? How often is PPM required?","Generate commercial enquiries and survey requests for service station fm."
"/services","P1","LEGACY_VERIFIED","services services","services services","commercial services; services contractor UK","contractor, maintenance, PPM, quote, cost, SLA, emergency, compliance","UK Nationwide","EntireFM, SFG20, NICEIC, Gas Safe Register, CIBSE, HSE","Hard FM, Soft FM, PPM, Mechanical & Electrical","Commercial, Industrial, Logistics, Corporate","What is included in services? How often is PPM required?","Generate commercial enquiries and survey requests for services."
"/services/drone-services","P0","NEW_GROWTH","Commercial facilities management","services/drone services","","contractor, maintenance, PPM, quote, cost, SLA, emergency, compliance","UK Nationwide","EntireFM, SFG20, NICEIC, Gas Safe Register, CIBSE, HSE","Hard FM, Soft FM, PPM, Mechanical & Electrical","Commercial, Industrial, Logistics, Corporate","What is included in services/drone services? How often is PPM required?","Generate commercial enquiries and site survey requests"
"/services/drone-services/aerial-photography-video","P1","NEW_GROWTH","Commercial facilities management","services/drone services/aerial photography video","","contractor, maintenance, PPM, quote, cost, SLA, emergency, compliance","UK Nationwide","EntireFM, SFG20, NICEIC, Gas Safe Register, CIBSE, HSE","Hard FM, Soft FM, PPM, Mechanical & Electrical","Commercial, Industrial, Logistics, Corporate","What is included in services/drone services/aerial photography video? How often is PPM required?","Generate commercial enquiries and site survey requests"
"/services/drone-services/building-envelope-inspections","P1","NEW_GROWTH","Commercial facilities management","services/drone services/building envelope inspections","","contractor, maintenance, PPM, quote, cost, SLA, emergency, compliance","UK Nationwide","EntireFM, SFG20, NICEIC, Gas Safe Register, CIBSE, HSE","Hard FM, Soft FM, PPM, Mechanical & Electrical","Commercial, Industrial, Logistics, Corporate","What is included in services/drone services/building envelope inspections? How often is PPM required?","Generate commercial enquiries and site survey requests"
"/services/drone-services/construction-monitoring","P1","NEW_GROWTH","Commercial facilities management","services/drone services/construction monitoring","","contractor, maintenance, PPM, quote, cost, SLA, emergency, compliance","UK Nationwide","EntireFM, SFG20, NICEIC, Gas Safe Register, CIBSE, HSE","Hard FM, Soft FM, PPM, Mechanical & Electrical","Commercial, Industrial, Logistics, Corporate","What is included in services/drone services/construction monitoring? How often is PPM required?","Generate commercial enquiries and site survey requests"
"/services/drone-services/digital-twin-3d-capture","P1","NEW_GROWTH","Commercial facilities management","services/drone services/digital twin 3d capture","","contractor, maintenance, PPM, quote, cost, SLA, emergency, compliance","UK Nationwide","EntireFM, SFG20, NICEIC, Gas Safe Register, CIBSE, HSE","Hard FM, Soft FM, PPM, Mechanical & Electrical","Commercial, Industrial, Logistics, Corporate","What is included in services/drone services/digital twin 3d capture? How often is PPM required?","Generate commercial enquiries and site survey requests"
"/services/drone-services/drone-inspections","P1","NEW_GROWTH","Commercial facilities management","services/drone services/drone inspections","","contractor, maintenance, PPM, quote, cost, SLA, emergency, compliance","UK Nationwide","EntireFM, SFG20, NICEIC, Gas Safe Register, CIBSE, HSE","Hard FM, Soft FM, PPM, Mechanical & Electrical","Commercial, Industrial, Logistics, Corporate","What is included in services/drone services/drone inspections? How often is PPM required?","Generate commercial enquiries and site survey requests"
"/services/drone-services/emergency-insurance-surveys","P1","NEW_GROWTH","Commercial facilities management","services/drone services/emergency insurance surveys","","contractor, maintenance, PPM, quote, cost, SLA, emergency, compliance","UK Nationwide","EntireFM, SFG20, NICEIC, Gas Safe Register, CIBSE, HSE","Hard FM, Soft FM, PPM, Mechanical & Electrical","Commercial, Industrial, Logistics, Corporate","What is included in services/drone services/emergency insurance surveys? How often is PPM required?","Generate commercial enquiries and site survey requests"
"/services/drone-services/roof-inspections","P1","NEW_GROWTH","Commercial facilities management","services/drone services/roof inspections","","contractor, maintenance, PPM, quote, cost, SLA, emergency, compliance","UK Nationwide","EntireFM, SFG20, NICEIC, Gas Safe Register, CIBSE, HSE","Hard FM, Soft FM, PPM, Mechanical & Electrical","Commercial, Industrial, Logistics, Corporate","What is included in services/drone services/roof inspections? How often is PPM required?","Generate commercial enquiries and site survey requests"
"/services/drone-services/solar-pv-inspections","P1","NEW_GROWTH","Commercial facilities management","services/drone services/solar pv inspections","","contractor, maintenance, PPM, quote, cost, SLA, emergency, compliance","UK Nationwide","EntireFM, SFG20, NICEIC, Gas Safe Register, CIBSE, HSE","Hard FM, Soft FM, PPM, Mechanical & Electrical","Commercial, Industrial, Logistics, Corporate","What is included in services/drone services/solar pv inspections? How often is PPM required?","Generate commercial enquiries and site survey requests"
"/services/drone-services/surveying-mapping","P1","NEW_GROWTH","Commercial facilities management","services/drone services/surveying mapping","","contractor, maintenance, PPM, quote, cost, SLA, emergency, compliance","UK Nationwide","EntireFM, SFG20, NICEIC, Gas Safe Register, CIBSE, HSE","Hard FM, Soft FM, PPM, Mechanical & Electrical","Commercial, Industrial, Logistics, Corporate","What is included in services/drone services/surveying mapping? How often is PPM required?","Generate commercial enquiries and site survey requests"
"/services/drone-services/thermal-imaging","P1","NEW_GROWTH","Commercial facilities management","services/drone services/thermal imaging","","contractor, maintenance, PPM, quote, cost, SLA, emergency, compliance","UK Nationwide","EntireFM, SFG20, NICEIC, Gas Safe Register, CIBSE, HSE","Hard FM, Soft FM, PPM, Mechanical & Electrical","Commercial, Industrial, Logistics, Corporate","What is included in services/drone services/thermal imaging? How often is PPM required?","Generate commercial enquiries and site survey requests"
"/services/drone-services/volumetric-surveys","P1","NEW_GROWTH","Commercial facilities management","services/drone services/volumetric surveys","","contractor, maintenance, PPM, quote, cost, SLA, emergency, compliance","UK Nationwide","EntireFM, SFG20, NICEIC, Gas Safe Register, CIBSE, HSE","Hard FM, Soft FM, PPM, Mechanical & Electrical","Commercial, Industrial, Logistics, Corporate","What is included in services/drone services/volumetric surveys? How often is PPM required?","Generate commercial enquiries and site survey requests"
"/sheffield","P2","LEGACY_VERIFIED","Commercial facilities management","sheffield","","contractor, maintenance, PPM, quote, cost, SLA, emergency, compliance","Sheffield","EntireFM, SFG20, NICEIC, Gas Safe Register, CIBSE, HSE","Hard FM, Soft FM, PPM, Mechanical & Electrical","Commercial, Industrial, Logistics, Corporate","What is included in sheffield? How often is PPM required?","Generate commercial enquiries and site survey requests"
"/sheffield-facilities-management","P0","LEGACY_PROTECTED_BY_DIRECTIVE","sheffield facilities management services","sheffield facilities management services","commercial sheffield facilities management; sheffield facilities management contractor UK","contractor, maintenance, PPM, quote, cost, SLA, emergency, compliance","Sheffield","EntireFM, SFG20, NICEIC, Gas Safe Register, CIBSE, HSE","Hard FM, Soft FM, PPM, Mechanical & Electrical","Commercial, Industrial, Logistics, Corporate","What is included in sheffield facilities management? How often is PPM required?","Generate commercial enquiries and survey requests for sheffield facilities management."
"/soft-facilities-management-london","P1","NEW_GROWTH","soft facilities management london","soft facilities management london","soft fm london; soft services london; commercial cleaning and soft fm london; workplace support services london","contractor, maintenance, PPM, quote, cost, SLA, emergency, compliance","London","EntireFM, SFG20, NICEIC, Gas Safe Register, CIBSE, HSE","Hard FM, Soft FM, PPM, Mechanical & Electrical","Commercial, Industrial, Logistics, Corporate","What is included in soft facilities management london? How often is PPM required?","Generate Soft FM and commercial cleaning contract enquiries for London premises."
"/soft-services","P0","LEGACY_VERIFIED","soft services services","soft services services","commercial soft services; soft services contractor UK","contractor, maintenance, PPM, quote, cost, SLA, emergency, compliance","UK Nationwide","EntireFM, SFG20, NICEIC, Gas Safe Register, CIBSE, HSE","Hard FM, Soft FM, PPM, Mechanical & Electrical","Commercial, Industrial, Logistics, Corporate","What is included in soft services? How often is PPM required?","Generate commercial enquiries and survey requests for soft services."
"/sport-centre-facilities-management","P1","LEGACY_VERIFIED","sport centre facilities management services","sport centre facilities management services","commercial sport centre facilities management; sport centre facilities management contractor UK","contractor, maintenance, PPM, quote, cost, SLA, emergency, compliance","UK Nationwide","EntireFM, SFG20, NICEIC, Gas Safe Register, CIBSE, HSE","Hard FM, Soft FM, PPM, Mechanical & Electrical","Commercial, Industrial, Logistics, Corporate","What is included in sport centre facilities management? How often is PPM required?","Generate commercial enquiries and survey requests for sport centre facilities management."
"/suppliers","P0","NEW_GROWTH","Commercial facilities management","suppliers","","contractor, maintenance, PPM, quote, cost, SLA, emergency, compliance","UK Nationwide","EntireFM, SFG20, NICEIC, Gas Safe Register, CIBSE, HSE","Hard FM, Soft FM, PPM, Mechanical & Electrical","Commercial, Industrial, Logistics, Corporate","What is included in suppliers? How often is PPM required?","Generate commercial enquiries and site survey requests"
"/suppliers/apply","P0","NEW_GROWTH","Commercial facilities management","suppliers/apply","","contractor, maintenance, PPM, quote, cost, SLA, emergency, compliance","UK Nationwide","EntireFM, SFG20, NICEIC, Gas Safe Register, CIBSE, HSE","Hard FM, Soft FM, PPM, Mechanical & Electrical","Commercial, Industrial, Logistics, Corporate","What is included in suppliers/apply? How often is PPM required?","Generate commercial enquiries and site survey requests"
"/suppliers/compliance","P1","NEW_GROWTH","Commercial facilities management","suppliers/compliance","","contractor, maintenance, PPM, quote, cost, SLA, emergency, compliance","UK Nationwide","EntireFM, SFG20, NICEIC, Gas Safe Register, CIBSE, HSE","Hard FM, Soft FM, PPM, Mechanical & Electrical","Commercial, Industrial, Logistics, Corporate","What is included in suppliers/compliance? How often is PPM required?","Generate commercial enquiries and site survey requests"
"/suppliers/events","P0","NEW_GROWTH","Commercial facilities management","suppliers/events","","contractor, maintenance, PPM, quote, cost, SLA, emergency, compliance","UK Nationwide","EntireFM, SFG20, NICEIC, Gas Safe Register, CIBSE, HSE","Hard FM, Soft FM, PPM, Mechanical & Electrical","Commercial, Industrial, Logistics, Corporate","What is included in suppliers/events? How often is PPM required?","Generate commercial enquiries and site survey requests"
"/suppliers/faq","P1","NEW_GROWTH","Commercial facilities management","suppliers/faq","","contractor, maintenance, PPM, quote, cost, SLA, emergency, compliance","UK Nationwide","EntireFM, SFG20, NICEIC, Gas Safe Register, CIBSE, HSE","Hard FM, Soft FM, PPM, Mechanical & Electrical","Commercial, Industrial, Logistics, Corporate","What is included in suppliers/faq? How often is PPM required?","Generate commercial enquiries and site survey requests"
"/suppliers/how-we-work","P1","NEW_GROWTH","Commercial facilities management","suppliers/how we work","","contractor, maintenance, PPM, quote, cost, SLA, emergency, compliance","UK Nationwide","EntireFM, SFG20, NICEIC, Gas Safe Register, CIBSE, HSE","Hard FM, Soft FM, PPM, Mechanical & Electrical","Commercial, Industrial, Logistics, Corporate","What is included in suppliers/how we work? How often is PPM required?","Generate commercial enquiries and site survey requests"
"/suppliers/industry-partners","P0","NEW_GROWTH","Commercial facilities management","suppliers/industry partners","","contractor, maintenance, PPM, quote, cost, SLA, emergency, compliance","UK Nationwide","EntireFM, SFG20, NICEIC, Gas Safe Register, CIBSE, HSE","Hard FM, Soft FM, PPM, Mechanical & Electrical","Commercial, Industrial, Logistics, Corporate","What is included in suppliers/industry partners? How often is PPM required?","Generate commercial enquiries and site survey requests"
"/suppliers/innovation","P1","NEW_GROWTH","Commercial facilities management","suppliers/innovation","","contractor, maintenance, PPM, quote, cost, SLA, emergency, compliance","UK Nationwide","EntireFM, SFG20, NICEIC, Gas Safe Register, CIBSE, HSE","Hard FM, Soft FM, PPM, Mechanical & Electrical","Commercial, Industrial, Logistics, Corporate","What is included in suppliers/innovation? How often is PPM required?","Generate commercial enquiries and site survey requests"
"/suppliers/membership","P0","NEW_GROWTH","Commercial facilities management","suppliers/membership","","contractor, maintenance, PPM, quote, cost, SLA, emergency, compliance","UK Nationwide","EntireFM, SFG20, NICEIC, Gas Safe Register, CIBSE, HSE","Hard FM, Soft FM, PPM, Mechanical & Electrical","Commercial, Industrial, Logistics, Corporate","What is included in suppliers/membership? How often is PPM required?","Generate commercial enquiries and site survey requests"
"/suppliers/onboarding","P1","NEW_GROWTH","Commercial facilities management","suppliers/onboarding","","contractor, maintenance, PPM, quote, cost, SLA, emergency, compliance","UK Nationwide","EntireFM, SFG20, NICEIC, Gas Safe Register, CIBSE, HSE","Hard FM, Soft FM, PPM, Mechanical & Electrical","Commercial, Industrial, Logistics, Corporate","What is included in suppliers/onboarding? How often is PPM required?","Generate commercial enquiries and site survey requests"
"/suppliers/partner-network","P0","NEW_GROWTH","Commercial facilities management","suppliers/partner network","","contractor, maintenance, PPM, quote, cost, SLA, emergency, compliance","UK Nationwide","EntireFM, SFG20, NICEIC, Gas Safe Register, CIBSE, HSE","Hard FM, Soft FM, PPM, Mechanical & Electrical","Commercial, Industrial, Logistics, Corporate","What is included in suppliers/partner network? How often is PPM required?","Generate commercial enquiries and site survey requests"
"/suppliers/partner-with-entirefm","P1","NEW_GROWTH","Commercial facilities management","suppliers/partner with entirefm","","contractor, maintenance, PPM, quote, cost, SLA, emergency, compliance","UK Nationwide","EntireFM, SFG20, NICEIC, Gas Safe Register, CIBSE, HSE","Hard FM, Soft FM, PPM, Mechanical & Electrical","Commercial, Industrial, Logistics, Corporate","What is included in suppliers/partner with entirefm? How often is PPM required?","Generate commercial enquiries and site survey requests"
"/suppliers/standards","P1","NEW_GROWTH","Commercial facilities management","suppliers/standards","","contractor, maintenance, PPM, quote, cost, SLA, emergency, compliance","UK Nationwide","EntireFM, SFG20, NICEIC, Gas Safe Register, CIBSE, HSE","Hard FM, Soft FM, PPM, Mechanical & Electrical","Commercial, Industrial, Logistics, Corporate","What is included in suppliers/standards? How often is PPM required?","Generate commercial enquiries and site survey requests"
"/suppliers/sustainability","P1","NEW_GROWTH","Commercial facilities management","suppliers/sustainability","","contractor, maintenance, PPM, quote, cost, SLA, emergency, compliance","UK Nationwide","EntireFM, SFG20, NICEIC, Gas Safe Register, CIBSE, HSE","Hard FM, Soft FM, PPM, Mechanical & Electrical","Commercial, Industrial, Logistics, Corporate","What is included in suppliers/sustainability? How often is PPM required?","Generate commercial enquiries and site survey requests"
"/suppliers/vetting","P0","NEW_GROWTH","Commercial facilities management","suppliers/vetting","","contractor, maintenance, PPM, quote, cost, SLA, emergency, compliance","UK Nationwide","EntireFM, SFG20, NICEIC, Gas Safe Register, CIBSE, HSE","Hard FM, Soft FM, PPM, Mechanical & Electrical","Commercial, Industrial, Logistics, Corporate","What is included in suppliers/vetting? How often is PPM required?","Generate commercial enquiries and site survey requests"
"/telford-facilities-management","P1","LEGACY_PROTECTED_BY_DIRECTIVE","telford facilities management services","telford facilities management services","commercial telford facilities management; telford facilities management contractor UK","contractor, maintenance, PPM, quote, cost, SLA, emergency, compliance","Telford","EntireFM, SFG20, NICEIC, Gas Safe Register, CIBSE, HSE","Hard FM, Soft FM, PPM, Mechanical & Electrical","Commercial, Industrial, Logistics, Corporate","What is included in telford facilities management? How often is PPM required?","Generate commercial enquiries and survey requests for telford facilities management."
"/terms-and-conditions","P1","LEGACY_VERIFIED","terms and conditions services","terms and conditions services","commercial terms and conditions; terms and conditions contractor UK","contractor, maintenance, PPM, quote, cost, SLA, emergency, compliance","UK Nationwide","EntireFM, SFG20, NICEIC, Gas Safe Register, CIBSE, HSE","Hard FM, Soft FM, PPM, Mechanical & Electrical","Commercial, Industrial, Logistics, Corporate","What is included in terms and conditions? How often is PPM required?","Generate commercial enquiries and survey requests for terms and conditions."
"/tier-one-facilities-management","P1","LEGACY_VERIFIED","tier one facilities management services","tier one facilities management services","commercial tier one facilities management; tier one facilities management contractor UK","contractor, maintenance, PPM, quote, cost, SLA, emergency, compliance","UK Nationwide","EntireFM, SFG20, NICEIC, Gas Safe Register, CIBSE, HSE","Hard FM, Soft FM, PPM, Mechanical & Electrical","Commercial, Industrial, Logistics, Corporate","What is included in tier one facilities management? How often is PPM required?","Generate commercial enquiries and survey requests for tier one facilities management."
"/tierone-facilities-managment","P1","LEGACY_VERIFIED","tierone facilities managment services","tierone facilities managment services","commercial tierone facilities managment; tierone facilities managment contractor UK","contractor, maintenance, PPM, quote, cost, SLA, emergency, compliance","UK Nationwide","EntireFM, SFG20, NICEIC, Gas Safe Register, CIBSE, HSE","Hard FM, Soft FM, PPM, Mechanical & Electrical","Commercial, Industrial, Logistics, Corporate","What is included in tierone facilities managment? How often is PPM required?","Generate commercial enquiries and survey requests for tierone facilities managment."
"/tools","P1","CURRENT_LIVE_RETAINED","Commercial facilities management","tools","","contractor, maintenance, PPM, quote, cost, SLA, emergency, compliance","UK Nationwide","EntireFM, SFG20, NICEIC, Gas Safe Register, CIBSE, HSE","Hard FM, Soft FM, PPM, Mechanical & Electrical","Commercial, Industrial, Logistics, Corporate","What is included in tools? How often is PPM required?","Generate commercial enquiries and site survey requests"
"/tools/compliance-calendar","P1","LEGACY_PROTECTED_BY_DIRECTIVE","Commercial facilities management","tools/compliance calendar","","contractor, maintenance, PPM, quote, cost, SLA, emergency, compliance","UK Nationwide","EntireFM, SFG20, NICEIC, Gas Safe Register, CIBSE, HSE","Hard FM, Soft FM, PPM, Mechanical & Electrical","Commercial, Industrial, Logistics, Corporate","What is included in tools/compliance calendar? How often is PPM required?","Generate commercial enquiries and site survey requests"
"/tools/compliance-checker","P1","LEGACY_PROTECTED_BY_DIRECTIVE","Commercial facilities management","tools/compliance checker","","contractor, maintenance, PPM, quote, cost, SLA, emergency, compliance","UK Nationwide","EntireFM, SFG20, NICEIC, Gas Safe Register, CIBSE, HSE","Hard FM, Soft FM, PPM, Mechanical & Electrical","Commercial, Industrial, Logistics, Corporate","What is included in tools/compliance checker? How often is PPM required?","Generate commercial enquiries and site survey requests"
"/tools/drone-inspection-planner","P1","NEW_GROWTH","Commercial facilities management","tools/drone inspection planner","","contractor, maintenance, PPM, quote, cost, SLA, emergency, compliance","UK Nationwide","EntireFM, SFG20, NICEIC, Gas Safe Register, CIBSE, HSE","Hard FM, Soft FM, PPM, Mechanical & Electrical","Commercial, Industrial, Logistics, Corporate","What is included in tools/drone inspection planner? How often is PPM required?","Generate commercial enquiries and site survey requests"
"/tools/fm-health-check","P1","LEGACY_PROTECTED_BY_DIRECTIVE","Commercial facilities management","tools/fm health check","","contractor, maintenance, PPM, quote, cost, SLA, emergency, compliance","UK Nationwide","EntireFM, SFG20, NICEIC, Gas Safe Register, CIBSE, HSE","Hard FM, Soft FM, PPM, Mechanical & Electrical","Commercial, Industrial, Logistics, Corporate","What is included in tools/fm health check? How often is PPM required?","Generate commercial enquiries and site survey requests"
"/tools/fm-roi-calculator","P1","LEGACY_PROTECTED_BY_DIRECTIVE","Commercial facilities management","tools/fm roi calculator","","contractor, maintenance, PPM, quote, cost, SLA, emergency, compliance","UK Nationwide","EntireFM, SFG20, NICEIC, Gas Safe Register, CIBSE, HSE","Hard FM, Soft FM, PPM, Mechanical & Electrical","Commercial, Industrial, Logistics, Corporate","What is included in tools/fm roi calculator? How often is PPM required?","Generate commercial enquiries and site survey requests"
"/tools/ppm-estimator","P1","LEGACY_PROTECTED_BY_DIRECTIVE","Commercial facilities management","tools/ppm estimator","","contractor, maintenance, PPM, quote, cost, SLA, emergency, compliance","UK Nationwide","EntireFM, SFG20, NICEIC, Gas Safe Register, CIBSE, HSE","Hard FM, Soft FM, PPM, Mechanical & Electrical","Commercial, Industrial, Logistics, Corporate","What is included in tools/ppm estimator? How often is PPM required?","Generate commercial enquiries and site survey requests"
"/tools/ppm-schedule-builder","P1","LEGACY_PROTECTED_BY_DIRECTIVE","Commercial facilities management","tools/ppm schedule builder","","contractor, maintenance, PPM, quote, cost, SLA, emergency, compliance","UK Nationwide","EntireFM, SFG20, NICEIC, Gas Safe Register, CIBSE, HSE","Hard FM, Soft FM, PPM, Mechanical & Electrical","Commercial, Industrial, Logistics, Corporate","What is included in tools/ppm schedule builder? How often is PPM required?","Generate commercial enquiries and site survey requests"
"/tools/tender-brief","P1","LEGACY_PROTECTED_BY_DIRECTIVE","Commercial facilities management","tools/tender brief","","contractor, maintenance, PPM, quote, cost, SLA, emergency, compliance","UK Nationwide","EntireFM, SFG20, NICEIC, Gas Safe Register, CIBSE, HSE","Hard FM, Soft FM, PPM, Mechanical & Electrical","Commercial, Industrial, Logistics, Corporate","What is included in tools/tender brief? How often is PPM required?","Generate commercial enquiries and site survey requests"
"/transport-facilities-management","P1","LEGACY_VERIFIED","transport facilities management services","transport facilities management services","commercial transport facilities management; transport facilities management contractor UK","contractor, maintenance, PPM, quote, cost, SLA, emergency, compliance","UK Nationwide","EntireFM, SFG20, NICEIC, Gas Safe Register, CIBSE, HSE","Hard FM, Soft FM, PPM, Mechanical & Electrical","Commercial, Industrial, Logistics, Corporate","What is included in transport facilities management? How often is PPM required?","Generate commercial enquiries and survey requests for transport facilities management."
"/truck-mount-crane-hire","P2","LEGACY_VERIFIED","Commercial facilities management","truck mount crane hire","","contractor, maintenance, PPM, quote, cost, SLA, emergency, compliance","UK Nationwide","EntireFM, SFG20, NICEIC, Gas Safe Register, CIBSE, HSE","Hard FM, Soft FM, PPM, Mechanical & Electrical","Commercial, Industrial, Logistics, Corporate","What is included in truck mount crane hire? How often is PPM required?","Generate commercial enquiries and site survey requests"
"/vending-supplier","P1","LEGACY_VERIFIED","vending supplier services","vending supplier services","commercial vending supplier; vending supplier contractor UK","contractor, maintenance, PPM, quote, cost, SLA, emergency, compliance","UK Nationwide","EntireFM, SFG20, NICEIC, Gas Safe Register, CIBSE, HSE","Hard FM, Soft FM, PPM, Mechanical & Electrical","Commercial, Industrial, Logistics, Corporate","What is included in vending supplier? How often is PPM required?","Generate commercial enquiries and survey requests for vending supplier."
"/warehouse-facilities-management","P1","LEGACY_VERIFIED","warehouse facilities management services","warehouse facilities management services","commercial warehouse facilities management; warehouse facilities management contractor UK","contractor, maintenance, PPM, quote, cost, SLA, emergency, compliance","UK Nationwide","EntireFM, SFG20, NICEIC, Gas Safe Register, CIBSE, HSE","Hard FM, Soft FM, PPM, Mechanical & Electrical","Commercial, Industrial, Logistics, Corporate","What is included in warehouse facilities management? How often is PPM required?","Generate commercial enquiries and survey requests for warehouse facilities management."
"/washroom-management","P1","LEGACY_VERIFIED","washroom management services","washroom management services","commercial washroom management; washroom management contractor UK","contractor, maintenance, PPM, quote, cost, SLA, emergency, compliance","UK Nationwide","EntireFM, SFG20, NICEIC, Gas Safe Register, CIBSE, HSE","Hard FM, Soft FM, PPM, Mechanical & Electrical","Commercial, Industrial, Logistics, Corporate","What is included in washroom management? How often is PPM required?","Generate commercial enquiries and survey requests for washroom management."
"/what-is-facilities-management","P1","LEGACY_VERIFIED","what is facilities management services","what is facilities management services","commercial what is facilities management; what is facilities management contractor UK","contractor, maintenance, PPM, quote, cost, SLA, emergency, compliance","UK Nationwide","EntireFM, SFG20, NICEIC, Gas Safe Register, CIBSE, HSE","Hard FM, Soft FM, PPM, Mechanical & Electrical","Commercial, Industrial, Logistics, Corporate","What is included in what is facilities management? How often is PPM required?","Generate commercial enquiries and survey requests for what is facilities management."
"/wigan-facilities-management","P2","NEW_GROWTH","wigan facilities management services","wigan facilities management services","commercial wigan facilities management; wigan facilities management contractor UK","contractor, maintenance, PPM, quote, cost, SLA, emergency, compliance","Wigan","EntireFM, SFG20, NICEIC, Gas Safe Register, CIBSE, HSE","Hard FM, Soft FM, PPM, Mechanical & Electrical","Commercial, Industrial, Logistics, Corporate","What is included in wigan facilities management? How often is PPM required?","Generate commercial enquiries and survey requests for wigan facilities management."
"/window-cleaning","P1","LEGACY_VERIFIED","window cleaning services","window cleaning services","commercial window cleaning; window cleaning contractor UK","contractor, maintenance, PPM, quote, cost, SLA, emergency, compliance","UK Nationwide","EntireFM, SFG20, NICEIC, Gas Safe Register, CIBSE, HSE","Hard FM, Soft FM, PPM, Mechanical & Electrical","Commercial, Industrial, Logistics, Corporate","What is included in window cleaning? How often is PPM required?","Generate commercial enquiries and survey requests for window cleaning."
"/working-at-height-rope-access-bmu","P1","NEW_GROWTH","Commercial facilities management","working at height rope access bmu","","contractor, maintenance, PPM, quote, cost, SLA, emergency, compliance","UK Nationwide","EntireFM, SFG20, NICEIC, Gas Safe Register, CIBSE, HSE","Hard FM, Soft FM, PPM, Mechanical & Electrical","Commercial, Industrial, Logistics, Corporate","What is included in working at height rope access bmu? How often is PPM required?","Generate commercial enquiries and site survey requests"
"/working-at-heights","P1","LEGACY_VERIFIED","working at heights services","working at heights services","commercial working at heights; working at heights contractor UK","contractor, maintenance, PPM, quote, cost, SLA, emergency, compliance","UK Nationwide","EntireFM, SFG20, NICEIC, Gas Safe Register, CIBSE, HSE","Hard FM, Soft FM, PPM, Mechanical & Electrical","Commercial, Industrial, Logistics, Corporate","What is included in working at heights? How often is PPM required?","Generate commercial enquiries and survey requests for working at heights."