URL,Provenance,Page Type,Location,Service,Sector,Historic Source,Historic Intent,Title,H1,Meta Description,Content Status,Internal Links,Conversion Type,Schema,Canonical,Sitemap Group,Similarity Check,Business Claims Verified,Restoration Status
"/","LEGACY_VERIFIED","home","National","FM / M&E / Cleaning","Commercial","wix-generation-1; wix-generation-2","Homepage gateway for commercial property owners and facilities managers seeking an accountable national FM provider.","Entire FM | Total Facilities Management Services UK","Total Facilities Management & Engineering Precision","Entire FM delivers integrated Hard FM, Soft FM, mechanical & electrical engineering, scheduled PPM, and specialist facilities services across the UK.","COMPLETE","7 related links","Embedded RFQ + Phone CTA","Service","self","core","PASS (Differentiated)","Guarded by BUSINESS-CLAIMS-VERIFICATION.md","RESTORED"
"/24-7-fm-support","LEGACY_VERIFIED","service","National","FM / M&E / Cleaning","Commercial","wix-generation-1","Commercial navigation or reference intent for Entire FM's 24 7 fm support.","24 7 Fm Support | Entire FM","24 7 Fm Support","Entire FM — 24 7 Fm Support. Dedicated facilities management, mechanical & electrical engineering, and property maintenance services.","COMPLETE","3 related links","Embedded RFQ + Phone CTA","Service","self","core","PASS (Differentiated)","Guarded by BUSINESS-CLAIMS-VERIFICATION.md","RESTORED"
"/about-entire-facilities-management","LEGACY_VERIFIED","company","National","FM / M&E / Cleaning","Commercial","wix-generation-1; wix-generation-2","Commercial navigation or reference intent for Entire FM's about entire facilities management.","About Entire Facilities Management | Entire FM","About Entire Facilities Management","Entire FM — About Entire Facilities Management. Dedicated facilities management, mechanical & electrical engineering, and property maintenance services.","COMPLETE","3 related links","Embedded RFQ + Phone CTA","Service","self","company","PASS (Differentiated)","Guarded by BUSINESS-CLAIMS-VERIFICATION.md","RESTORED"
"/accessibility-statement","LEGACY_VERIFIED","legal","National","FM / M&E / Cleaning","Commercial","wix-generation-2","Commercial navigation or reference intent for Entire FM's accessibility statement.","Accessibility Statement | Entire FM","Accessibility Statement","Entire FM — Accessibility Statement. Dedicated facilities management, mechanical & electrical engineering, and property maintenance services.","COMPLETE","3 related links","Embedded RFQ + Phone CTA","Service","self","core","PASS (Differentiated)","Guarded by BUSINESS-CLAIMS-VERIFICATION.md","RESTORED"
"/aerial-drone-building-inspection","LEGACY_VERIFIED","service","National","FM / M&E / Cleaning","Commercial","wix-generation-1; wix-generation-2","Commercial navigation or reference intent for Entire FM's aerial drone building inspection.","Aerial Drone Building Inspection | Entire FM","Aerial Drone Building Inspection","Entire FM — Aerial Drone Building Inspection. Dedicated facilities management, mechanical & electrical engineering, and property maintenance services.","COMPLETE","3 related links","Embedded RFQ + Phone CTA","Service","self","hard-fm","PASS (Differentiated)","Guarded by BUSINESS-CLAIMS-VERIFICATION.md","RESTORED"
"/airport-facilities-management","LEGACY_VERIFIED","sector","National","FM / M&E / Cleaning","Commercial","wix-generation-1; wix-generation-2","Sector-specific procurement intent from airport operations directors seeking experienced FM contractors.","Airport Facilities Management Solutions | Entire FM","Airport Facilities Management","Specialized facilities management for the airport sector — statutory compliance, asset uptime, M&E engineering, and cleaning.","COMPLETE","4 related links","Embedded RFQ + Phone CTA","Service","self","sectors","PASS (Differentiated)","Guarded by BUSINESS-CLAIMS-VERIFICATION.md","RESTORED"
"/arena-facilities-management","LEGACY_VERIFIED","sector","National","FM / M&E / Cleaning","Commercial","wix-generation-1; wix-generation-2","Sector-specific procurement intent from arena operations directors seeking experienced FM contractors.","Arena Facilities Management Solutions | Entire FM","Arena Facilities Management","Specialized facilities management for the arena sector — statutory compliance, asset uptime, M&E engineering, and cleaning.","COMPLETE","4 related links","Embedded RFQ + Phone CTA","Service","self","sectors","PASS (Differentiated)","Guarded by BUSINESS-CLAIMS-VERIFICATION.md","RESTORED"
"/best-facilities-management-company","LEGACY_VERIFIED","company","National","FM / M&E / Cleaning","Commercial","wix-generation-1","Commercial navigation or reference intent for Entire FM's best facilities management company.","Best Facilities Management Company | Entire FM","Best Facilities Management Company","Entire FM — Best Facilities Management Company. Dedicated facilities management, mechanical & electrical engineering, and property maintenance services.","COMPLETE","3 related links","Embedded RFQ + Phone CTA","Service","self","company","PASS (Differentiated)","Guarded by BUSINESS-CLAIMS-VERIFICATION.md","RESTORED"
"/birmingham-facilities-management","LEGACY_PROTECTED_BY_DIRECTIVE","location","Birmingham","FM / M&E / Cleaning","Commercial","wix-generation-1; wix-generation-2","Regional commercial search intent for facilities management services in Birmingham and surrounding commercial corridors.","Birmingham Facilities Management | Commercial Property Maintenance | Entire FM","Birmingham Facilities Management & Building Maintenance","Entire FM provides dedicated facilities management across Birmingham — hard FM, M&E engineering, PPM, cleaning, and 24/7 reactive callout support.","COMPLETE","4 related links","Embedded RFQ + Phone CTA","LocalBusiness","self","locations","PASS (Differentiated)","Guarded by BUSINESS-CLAIMS-VERIFICATION.md","RESTORED"
"/blog","LEGACY_VERIFIED","post","National","FM / M&E / Cleaning","Commercial","wix-generation-2","Informational search intent from property professionals researching FM industry best practices and compliance.","Blog | Facilities Management Insights | Entire FM","Blog","Read Entire FM’s comprehensive industry guide on blog for UK commercial property and estate managers.","COMPLETE","4 related links","Embedded RFQ + Phone CTA","Article","self","insights","PASS (Differentiated)","Guarded by BUSINESS-CLAIMS-VERIFICATION.md","RESTORED"
"/bocker-crane-hire","LEGACY_VERIFIED","service","National","FM / M&E / Cleaning","Commercial","wix-generation-2","Commercial navigation or reference intent for Entire FM's bocker crane hire.","Bocker Crane Hire | Entire FM","Bocker Crane Hire","Entire FM — Bocker Crane Hire. Dedicated facilities management, mechanical & electrical engineering, and property maintenance services.","COMPLETE","3 related links","Embedded RFQ + Phone CTA","Service","self","specialist-services","PASS (Differentiated)","Guarded by BUSINESS-CLAIMS-VERIFICATION.md","RESTORED"
"/bradford-facilities-management","LEGACY_PROTECTED_BY_DIRECTIVE","location","Bradford","FM / M&E / Cleaning","Commercial","wix-generation-1; wix-generation-2","Regional commercial search intent for facilities management services in Bradford and surrounding commercial corridors.","Bradford Facilities Management | Commercial Property Maintenance | Entire FM","Bradford Facilities Management & Building Maintenance","Entire FM provides dedicated facilities management across Bradford — hard FM, M&E engineering, PPM, cleaning, and 24/7 reactive callout support.","COMPLETE","4 related links","Embedded RFQ + Phone CTA","LocalBusiness","self","locations","PASS (Differentiated)","Guarded by BUSINESS-CLAIMS-VERIFICATION.md","RESTORED"
"/building-inspecting-testing","LEGACY_VERIFIED","service","National","FM / M&E / Cleaning","Commercial","wix-generation-2","Commercial navigation or reference intent for Entire FM's building inspecting testing.","Building Inspecting Testing | Entire FM","Building Inspecting Testing","Entire FM — Building Inspecting Testing. Dedicated facilities management, mechanical & electrical engineering, and property maintenance services.","COMPLETE","3 related links","Embedded RFQ + Phone CTA","Service","self","hard-fm","PASS (Differentiated)","Guarded by BUSINESS-CLAIMS-VERIFICATION.md","RESTORED"
"/building-maintenance","LEGACY_VERIFIED","service","National","FM / M&E / Cleaning","Commercial","wix-generation-1","Commercial navigation or reference intent for Entire FM's building maintenance.","Building Maintenance | Entire FM","Building Maintenance","Entire FM — Building Maintenance. Dedicated facilities management, mechanical & electrical engineering, and property maintenance services.","COMPLETE","3 related links","Embedded RFQ + Phone CTA","Service","self","hard-fm","PASS (Differentiated)","Guarded by BUSINESS-CLAIMS-VERIFICATION.md","RESTORED"
"/caretaker","LEGACY_VERIFIED","service","National","FM / M&E / Cleaning","Commercial","wix-generation-1","Commercial navigation or reference intent for Entire FM's caretaker.","Caretaker | Entire FM","Caretaker","Entire FM — Caretaker. Dedicated facilities management, mechanical & electrical engineering, and property maintenance services.","COMPLETE","3 related links","Embedded RFQ + Phone CTA","Service","self","soft-fm","PASS (Differentiated)","Guarded by BUSINESS-CLAIMS-VERIFICATION.md","RESTORED"
"/carpark-management","LEGACY_VERIFIED","service","National","FM / M&E / Cleaning","Commercial","wix-generation-1","Commercial navigation or reference intent for Entire FM's carpark management.","Carpark Management | Entire FM","Carpark Management","Entire FM — Carpark Management. Dedicated facilities management, mechanical & electrical engineering, and property maintenance services.","COMPLETE","3 related links","Embedded RFQ + Phone CTA","Service","self","soft-fm","PASS (Differentiated)","Guarded by BUSINESS-CLAIMS-VERIFICATION.md","RESTORED"
"/chesterfield-facilities-management","LEGACY_PROTECTED_BY_DIRECTIVE","location","Chesterfield","FM / M&E / Cleaning","Commercial","wix-generation-1; wix-generation-2","Regional commercial search intent for facilities management services in Chesterfield and surrounding commercial corridors.","Chesterfield Facilities Management | Commercial Property Maintenance | Entire FM","Chesterfield Facilities Management & Building Maintenance","Entire FM provides dedicated facilities management across Chesterfield — hard FM, M&E engineering, PPM, cleaning, and 24/7 reactive callout support.","COMPLETE","4 related links","Embedded RFQ + Phone CTA","LocalBusiness","self","locations","PASS (Differentiated)","Guarded by BUSINESS-CLAIMS-VERIFICATION.md","RESTORED"
"/cleaning-services","LEGACY_VERIFIED","service","National","FM / M&E / Cleaning","Commercial","wix-generation-1","Commercial navigation or reference intent for Entire FM's cleaning services.","Cleaning Services | Entire FM","Cleaning Services","Entire FM — Cleaning Services. Dedicated facilities management, mechanical & electrical engineering, and property maintenance services.","COMPLETE","3 related links","Embedded RFQ + Phone CTA","Service","self","cleaning","PASS (Differentiated)","Guarded by BUSINESS-CLAIMS-VERIFICATION.md","RESTORED"
"/client-login","LEGACY_VERIFIED","company","National","FM / M&E / Cleaning","Commercial","wix-generation-2","Commercial navigation or reference intent for Entire FM's client login.","Client Login | Entire FM","Client Login","Entire FM — Client Login. Dedicated facilities management, mechanical & electrical engineering, and property maintenance services.","COMPLETE","3 related links","Embedded RFQ + Phone CTA","Service","self","company","PASS (Differentiated)","Guarded by BUSINESS-CLAIMS-VERIFICATION.md","RESTORED"
"/client-login/account-registration","LEGACY_VERIFIED","company","National","FM / M&E / Cleaning","Commercial","wix-generation-2","Commercial navigation or reference intent for Entire FM's client login/account registration.","Client Login/Account Registration | Entire FM","Client Login/Account Registration","Entire FM — Client Login/Account Registration. Dedicated facilities management, mechanical & electrical engineering, and property maintenance services.","COMPLETE","3 related links","Embedded RFQ + Phone CTA","Service","self","company","PASS (Differentiated)","Guarded by BUSINESS-CLAIMS-VERIFICATION.md","RESTORED"
"/commercial-cleaning-birmingham","LEGACY_VERIFIED","geographic-service","Birmingham","FM / M&E / Cleaning","Commercial","wix-generation-1","Hyper-targeted local service search intent combining Commercial Cleaning with Birmingham commercial properties.","Commercial Cleaning Birmingham | Specialist Commercial Services | Entire FM","Commercial Cleaning Birmingham","Professional commercial cleaning across Birmingham — specialist equipment, certified operatives, and tailored commercial service schedules.","COMPLETE","3 related links","Embedded RFQ + Phone CTA","Service","self","local-services","PASS (Differentiated)","Guarded by BUSINESS-CLAIMS-VERIFICATION.md","RESTORED"
"/commercial-cleaning-chesterfield","LEGACY_VERIFIED","geographic-service","Chesterfield","FM / M&E / Cleaning","Commercial","wix-generation-1","Hyper-targeted local service search intent combining Commercial Cleaning with Chesterfield commercial properties.","Commercial Cleaning Chesterfield | Specialist Commercial Services | Entire FM","Commercial Cleaning Chesterfield","Professional commercial cleaning across Chesterfield — specialist equipment, certified operatives, and tailored commercial service schedules.","COMPLETE","3 related links","Embedded RFQ + Phone CTA","Service","self","local-services","PASS (Differentiated)","Guarded by BUSINESS-CLAIMS-VERIFICATION.md","RESTORED"
"/commercial-cleaning-leeds","LEGACY_VERIFIED","geographic-service","Leeds","FM / M&E / Cleaning","Commercial","wix-generation-1","Hyper-targeted local service search intent combining Commercial Cleaning with Leeds commercial properties.","Commercial Cleaning Leeds | Specialist Commercial Services | Entire FM","Commercial Cleaning Leeds","Professional commercial cleaning across Leeds — specialist equipment, certified operatives, and tailored commercial service schedules.","COMPLETE","3 related links","Embedded RFQ + Phone CTA","Service","self","local-services","PASS (Differentiated)","Guarded by BUSINESS-CLAIMS-VERIFICATION.md","RESTORED"
"/commercial-cleaning-lincoln","LEGACY_VERIFIED","geographic-service","Lincoln","FM / M&E / Cleaning","Commercial","wix-generation-1","Hyper-targeted local service search intent combining Commercial Cleaning with Lincoln commercial properties.","Commercial Cleaning Lincoln | Specialist Commercial Services | Entire FM","Commercial Cleaning Lincoln","Professional commercial cleaning across Lincoln — specialist equipment, certified operatives, and tailored commercial service schedules.","COMPLETE","3 related links","Embedded RFQ + Phone CTA","Service","self","local-services","PASS (Differentiated)","Guarded by BUSINESS-CLAIMS-VERIFICATION.md","RESTORED"
"/commercial-cleaning-london","LEGACY_VERIFIED","geographic-service","London","FM / M&E / Cleaning","Commercial","wix-generation-1","Hyper-targeted local service search intent combining Commercial Cleaning with London commercial properties.","Commercial Cleaning London | Specialist Commercial Services | Entire FM","Commercial Cleaning London","Professional commercial cleaning across London — specialist equipment, certified operatives, and tailored commercial service schedules.","COMPLETE","3 related links","Embedded RFQ + Phone CTA","Service","self","local-services","PASS (Differentiated)","Guarded by BUSINESS-CLAIMS-VERIFICATION.md","RESTORED"
"/commercial-cleaning-manchester","LEGACY_VERIFIED","geographic-service","Manchester","FM / M&E / Cleaning","Commercial","wix-generation-1","Hyper-targeted local service search intent combining Commercial Cleaning with Manchester commercial properties.","Commercial Cleaning Manchester | Specialist Commercial Services | Entire FM","Commercial Cleaning Manchester","Professional commercial cleaning across Manchester — specialist equipment, certified operatives, and tailored commercial service schedules.","COMPLETE","3 related links","Embedded RFQ + Phone CTA","Service","self","local-services","PASS (Differentiated)","Guarded by BUSINESS-CLAIMS-VERIFICATION.md","RESTORED"
"/commercial-cleaning-nottingham","LEGACY_VERIFIED","geographic-service","Nottingham","FM / M&E / Cleaning","Commercial","wix-generation-1","Hyper-targeted local service search intent combining Commercial Cleaning with Nottingham commercial properties.","Commercial Cleaning Nottingham | Specialist Commercial Services | Entire FM","Commercial Cleaning Nottingham","Professional commercial cleaning across Nottingham — specialist equipment, certified operatives, and tailored commercial service schedules.","COMPLETE","3 related links","Embedded RFQ + Phone CTA","Service","self","local-services","PASS (Differentiated)","Guarded by BUSINESS-CLAIMS-VERIFICATION.md","RESTORED"
"/commercial-cleaning-sheffield","LEGACY_VERIFIED","geographic-service","Sheffield","FM / M&E / Cleaning","Commercial","wix-generation-1","Hyper-targeted local service search intent combining Commercial Cleaning with Sheffield commercial properties.","Commercial Cleaning Sheffield | Specialist Commercial Services | Entire FM","Commercial Cleaning Sheffield","Professional commercial cleaning across Sheffield — specialist equipment, certified operatives, and tailored commercial service schedules.","COMPLETE","3 related links","Embedded RFQ + Phone CTA","Service","self","local-services","PASS (Differentiated)","Guarded by BUSINESS-CLAIMS-VERIFICATION.md","RESTORED"
"/commercial-facilities-management","LEGACY_VERIFIED","sector","National","FM / M&E / Cleaning","Commercial","wix-generation-1; wix-generation-2","Sector-specific procurement intent from commercial operations directors seeking experienced FM contractors.","Commercial Facilities Management Solutions | Entire FM","Commercial Facilities Management","Specialized facilities management for the commercial sector — statutory compliance, asset uptime, M&E engineering, and cleaning.","COMPLETE","4 related links","Embedded RFQ + Phone CTA","Service","self","sectors","PASS (Differentiated)","Guarded by BUSINESS-CLAIMS-VERIFICATION.md","RESTORED"
"/commercial-fm-lincoln","LEGACY_VERIFIED","location","Lincoln","FM / M&E / Cleaning","Commercial","wix-generation-1","Regional commercial search intent for facilities management services in Lincoln and surrounding commercial corridors.","Lincoln Facilities Management | Commercial Property Maintenance | Entire FM","Lincoln Facilities Management & Building Maintenance","Entire FM provides dedicated facilities management across Lincoln — hard FM, M&E engineering, PPM, cleaning, and 24/7 reactive callout support.","COMPLETE","4 related links","Embedded RFQ + Phone CTA","LocalBusiness","self","locations","PASS (Differentiated)","Guarded by BUSINESS-CLAIMS-VERIFICATION.md","RESTORED"
"/concierge-services","LEGACY_VERIFIED","service","National","FM / M&E / Cleaning","Commercial","wix-generation-1","Commercial navigation or reference intent for Entire FM's concierge services.","Concierge Services | Entire FM","Concierge Services","Entire FM — Concierge Services. Dedicated facilities management, mechanical & electrical engineering, and property maintenance services.","COMPLETE","3 related links","Embedded RFQ + Phone CTA","Service","self","soft-fm","PASS (Differentiated)","Guarded by BUSINESS-CLAIMS-VERIFICATION.md","RESTORED"
"/construction-facilities-management","LEGACY_VERIFIED","sector","National","FM / M&E / Cleaning","Commercial","wix-generation-1","Sector-specific procurement intent from construction operations directors seeking experienced FM contractors.","Construction Facilities Management Solutions | Entire FM","Construction Facilities Management","Specialized facilities management for the construction sector — statutory compliance, asset uptime, M&E engineering, and cleaning.","COMPLETE","4 related links","Embedded RFQ + Phone CTA","Service","self","sectors","PASS (Differentiated)","Guarded by BUSINESS-CLAIMS-VERIFICATION.md","RESTORED"
"/contact-us","LEGACY_VERIFIED","company","National","FM / M&E / Cleaning","Commercial","wix-generation-2","Commercial navigation or reference intent for Entire FM's contact us.","Contact Us | Entire FM","Contact Us","Entire FM — Contact Us. Dedicated facilities management, mechanical & electrical engineering, and property maintenance services.","COMPLETE","3 related links","Embedded RFQ + Phone CTA","Service","self","company","PASS (Differentiated)","Guarded by BUSINESS-CLAIMS-VERIFICATION.md","RESTORED"
"/contract-cleaning","LEGACY_VERIFIED","service","National","FM / M&E / Cleaning","Commercial","wix-generation-1","Commercial navigation or reference intent for Entire FM's contract cleaning.","Contract Cleaning | Entire FM","Contract Cleaning","Entire FM — Contract Cleaning. Dedicated facilities management, mechanical & electrical engineering, and property maintenance services.","COMPLETE","3 related links","Embedded RFQ + Phone CTA","Service","self","cleaning","PASS (Differentiated)","Guarded by BUSINESS-CLAIMS-VERIFICATION.md","RESTORED"
"/contract-cleaning-chesterfield","LEGACY_VERIFIED","geographic-service","Chesterfield","FM / M&E / Cleaning","Commercial","wix-generation-1","Hyper-targeted local service search intent combining Contract Cleaning with Chesterfield commercial properties.","Contract Cleaning Chesterfield | Specialist Commercial Services | Entire FM","Contract Cleaning Chesterfield","Professional contract cleaning across Chesterfield — specialist equipment, certified operatives, and tailored commercial service schedules.","COMPLETE","3 related links","Embedded RFQ + Phone CTA","Service","self","local-services","PASS (Differentiated)","Guarded by BUSINESS-CLAIMS-VERIFICATION.md","RESTORED"
"/contract-cleaning-leeds","LEGACY_VERIFIED","geographic-service","Leeds","FM / M&E / Cleaning","Commercial","wix-generation-1","Hyper-targeted local service search intent combining Contract Cleaning with Leeds commercial properties.","Contract Cleaning Leeds | Specialist Commercial Services | Entire FM","Contract Cleaning Leeds","Professional contract cleaning across Leeds — specialist equipment, certified operatives, and tailored commercial service schedules.","COMPLETE","3 related links","Embedded RFQ + Phone CTA","Service","self","local-services","PASS (Differentiated)","Guarded by BUSINESS-CLAIMS-VERIFICATION.md","RESTORED"
"/contract-cleaning-lincoln","LEGACY_VERIFIED","geographic-service","Lincoln","FM / M&E / Cleaning","Commercial","wix-generation-1","Hyper-targeted local service search intent combining Contract Cleaning with Lincoln commercial properties.","Contract Cleaning Lincoln | Specialist Commercial Services | Entire FM","Contract Cleaning Lincoln","Professional contract cleaning across Lincoln — specialist equipment, certified operatives, and tailored commercial service schedules.","COMPLETE","3 related links","Embedded RFQ + Phone CTA","Service","self","local-services","PASS (Differentiated)","Guarded by BUSINESS-CLAIMS-VERIFICATION.md","RESTORED"
"/contract-cleaning-london","LEGACY_VERIFIED","geographic-service","London","FM / M&E / Cleaning","Commercial","wix-generation-1","Hyper-targeted local service search intent combining Contract Cleaning with London commercial properties.","Contract Cleaning London | Specialist Commercial Services | Entire FM","Contract Cleaning London","Professional contract cleaning across London — specialist equipment, certified operatives, and tailored commercial service schedules.","COMPLETE","3 related links","Embedded RFQ + Phone CTA","Service","self","local-services","PASS (Differentiated)","Guarded by BUSINESS-CLAIMS-VERIFICATION.md","RESTORED"
"/contract-cleaning-manchester","LEGACY_VERIFIED","geographic-service","Manchester","FM / M&E / Cleaning","Commercial","wix-generation-1","Hyper-targeted local service search intent combining Contract Cleaning with Manchester commercial properties.","Contract Cleaning Manchester | Specialist Commercial Services | Entire FM","Contract Cleaning Manchester","Professional contract cleaning across Manchester — specialist equipment, certified operatives, and tailored commercial service schedules.","COMPLETE","3 related links","Embedded RFQ + Phone CTA","Service","self","local-services","PASS (Differentiated)","Guarded by BUSINESS-CLAIMS-VERIFICATION.md","RESTORED"
"/contract-cleaning-sheffield","LEGACY_VERIFIED","geographic-service","Sheffield","FM / M&E / Cleaning","Commercial","wix-generation-1","Hyper-targeted local service search intent combining Contract Cleaning with Sheffield commercial properties.","Contract Cleaning Sheffield | Specialist Commercial Services | Entire FM","Contract Cleaning Sheffield","Professional contract cleaning across Sheffield — specialist equipment, certified operatives, and tailored commercial service schedules.","COMPLETE","3 related links","Embedded RFQ + Phone CTA","Service","self","local-services","PASS (Differentiated)","Guarded by BUSINESS-CLAIMS-VERIFICATION.md","RESTORED"
"/copy-of-helpdesk-registration","LEGACY_VERIFIED","company","National","FM / M&E / Cleaning","Commercial","wix-generation-1","Commercial navigation or reference intent for Entire FM's copy of helpdesk registration.","Copy Of Helpdesk Registration | Entire FM","Copy Of Helpdesk Registration","Entire FM — Copy Of Helpdesk Registration. Dedicated facilities management, mechanical & electrical engineering, and property maintenance services.","COMPLETE","3 related links","Embedded RFQ + Phone CTA","Service","self","company","PASS (Differentiated)","Guarded by BUSINESS-CLAIMS-VERIFICATION.md","RESTORED"
"/copy-of-industrial-cleaning","LEGACY_VERIFIED","service","National","FM / M&E / Cleaning","Commercial","wix-generation-1","Commercial navigation or reference intent for Entire FM's copy of industrial cleaning.","Copy Of Industrial Cleaning | Entire FM","Copy Of Industrial Cleaning","Entire FM — Copy Of Industrial Cleaning. Dedicated facilities management, mechanical & electrical engineering, and property maintenance services.","COMPLETE","3 related links","Embedded RFQ + Phone CTA","Service","self","core","PASS (Differentiated)","Guarded by BUSINESS-CLAIMS-VERIFICATION.md","RESTORED"
"/copy-of-what-is-facilities-manageme","LEGACY_VERIFIED","service","National","FM / M&E / Cleaning","Commercial","wix-generation-1","Commercial navigation or reference intent for Entire FM's copy of what is facilities manageme.","Copy Of What Is Facilities Manageme | Entire FM","Copy Of What Is Facilities Manageme","Entire FM — Copy Of What Is Facilities Manageme. Dedicated facilities management, mechanical & electrical engineering, and property maintenance services.","COMPLETE","3 related links","Embedded RFQ + Phone CTA","Service","self","core","PASS (Differentiated)","Guarded by BUSINESS-CLAIMS-VERIFICATION.md","RESTORED"
"/derby-facilities-management","LEGACY_PROTECTED_BY_DIRECTIVE","location","Derby","FM / M&E / Cleaning","Commercial","wix-generation-1; wix-generation-2","Regional commercial search intent for facilities management services in Derby and surrounding commercial corridors.","Derby Facilities Management | Commercial Property Maintenance | Entire FM","Derby Facilities Management & Building Maintenance","Entire FM provides dedicated facilities management across Derby — hard FM, M&E engineering, PPM, cleaning, and 24/7 reactive callout support.","COMPLETE","4 related links","Embedded RFQ + Phone CTA","LocalBusiness","self","locations","PASS (Differentiated)","Guarded by BUSINESS-CLAIMS-VERIFICATION.md","RESTORED"
"/education-cleaning","LEGACY_VERIFIED","service","National","FM / M&E / Cleaning","Commercial","wix-generation-1","Commercial navigation or reference intent for Entire FM's education cleaning.","Education Cleaning | Entire FM","Education Cleaning","Entire FM — Education Cleaning. Dedicated facilities management, mechanical & electrical engineering, and property maintenance services.","COMPLETE","3 related links","Embedded RFQ + Phone CTA","Service","self","cleaning","PASS (Differentiated)","Guarded by BUSINESS-CLAIMS-VERIFICATION.md","RESTORED"
"/education-facilities-management","LEGACY_VERIFIED","sector","National","FM / M&E / Cleaning","Commercial","wix-generation-1","Sector-specific procurement intent from education operations directors seeking experienced FM contractors.","Education Facilities Management Solutions | Entire FM","Education Facilities Management","Specialized facilities management for the education sector — statutory compliance, asset uptime, M&E engineering, and cleaning.","COMPLETE","4 related links","Embedded RFQ + Phone CTA","Service","self","sectors","PASS (Differentiated)","Guarded by BUSINESS-CLAIMS-VERIFICATION.md","RESTORED"
"/employment-portal","LEGACY_VERIFIED","company","National","FM / M&E / Cleaning","Commercial","wix-generation-1","Commercial navigation or reference intent for Entire FM's employment portal.","Employment Portal | Entire FM","Employment Portal","Entire FM — Employment Portal. Dedicated facilities management, mechanical & electrical engineering, and property maintenance services.","COMPLETE","3 related links","Embedded RFQ + Phone CTA","Service","self","company","PASS (Differentiated)","Guarded by BUSINESS-CLAIMS-VERIFICATION.md","RESTORED"
"/external-cleaning-birmingham","LEGACY_VERIFIED","geographic-service","Birmingham","FM / M&E / Cleaning","Commercial","wix-generation-1","Hyper-targeted local service search intent combining External Cleaning with Birmingham commercial properties.","External Cleaning Birmingham | Specialist Commercial Services | Entire FM","External Cleaning Birmingham","Professional external cleaning across Birmingham — specialist equipment, certified operatives, and tailored commercial service schedules.","COMPLETE","3 related links","Embedded RFQ + Phone CTA","Service","self","local-services","PASS (Differentiated)","Guarded by BUSINESS-CLAIMS-VERIFICATION.md","RESTORED"
"/external-cleaning-lincoln","LEGACY_VERIFIED","geographic-service","Lincoln","FM / M&E / Cleaning","Commercial","wix-generation-1","Hyper-targeted local service search intent combining External Cleaning with Lincoln commercial properties.","External Cleaning Lincoln | Specialist Commercial Services | Entire FM","External Cleaning Lincoln","Professional external cleaning across Lincoln — specialist equipment, certified operatives, and tailored commercial service schedules.","COMPLETE","3 related links","Embedded RFQ + Phone CTA","Service","self","local-services","PASS (Differentiated)","Guarded by BUSINESS-CLAIMS-VERIFICATION.md","RESTORED"
"/external-cleaning-london","LEGACY_VERIFIED","geographic-service","London","FM / M&E / Cleaning","Commercial","wix-generation-1","Hyper-targeted local service search intent combining External Cleaning with London commercial properties.","External Cleaning London | Specialist Commercial Services | Entire FM","External Cleaning London","Professional external cleaning across London — specialist equipment, certified operatives, and tailored commercial service schedules.","COMPLETE","3 related links","Embedded RFQ + Phone CTA","Service","self","local-services","PASS (Differentiated)","Guarded by BUSINESS-CLAIMS-VERIFICATION.md","RESTORED"
"/external-cleaning-manchester","LEGACY_VERIFIED","geographic-service","Manchester","FM / M&E / Cleaning","Commercial","wix-generation-1","Hyper-targeted local service search intent combining External Cleaning with Manchester commercial properties.","External Cleaning Manchester | Specialist Commercial Services | Entire FM","External Cleaning Manchester","Professional external cleaning across Manchester — specialist equipment, certified operatives, and tailored commercial service schedules.","COMPLETE","3 related links","Embedded RFQ + Phone CTA","Service","self","local-services","PASS (Differentiated)","Guarded by BUSINESS-CLAIMS-VERIFICATION.md","RESTORED"
"/facilities-management-birmingham","LEGACY_VERIFIED","location","Birmingham","FM / M&E / Cleaning","Commercial","wix-generation-1; wix-generation-2","Regional commercial search intent for facilities management services in Birmingham and surrounding commercial corridors.","Birmingham Facilities Management | Commercial Property Maintenance | Entire FM","Birmingham Facilities Management & Building Maintenance","Entire FM provides dedicated facilities management across Birmingham — hard FM, M&E engineering, PPM, cleaning, and 24/7 reactive callout support.","COMPLETE","4 related links","Embedded RFQ + Phone CTA","LocalBusiness","self","locations","PASS (Differentiated)","Guarded by BUSINESS-CLAIMS-VERIFICATION.md","RESTORED"
"/facilities-management-blog","LEGACY_VERIFIED","post","National","FM / M&E / Cleaning","Commercial","wix-generation-1","Informational search intent from property professionals researching FM industry best practices and compliance.","Facilities Management Blog | Facilities Management Insights | Entire FM","Facilities Management Blog","Read Entire FM’s comprehensive industry guide on facilities management blog for UK commercial property and estate managers.","COMPLETE","4 related links","Embedded RFQ + Phone CTA","Article","self","insights","PASS (Differentiated)","Guarded by BUSINESS-CLAIMS-VERIFICATION.md","RESTORED"
"/facilities-management-bradford","LEGACY_VERIFIED","location","Bradford","FM / M&E / Cleaning","Commercial","wix-generation-1; wix-generation-2","Regional commercial search intent for facilities management services in Bradford and surrounding commercial corridors.","Bradford Facilities Management | Commercial Property Maintenance | Entire FM","Bradford Facilities Management & Building Maintenance","Entire FM provides dedicated facilities management across Bradford — hard FM, M&E engineering, PPM, cleaning, and 24/7 reactive callout support.","COMPLETE","4 related links","Embedded RFQ + Phone CTA","LocalBusiness","self","locations","PASS (Differentiated)","Guarded by BUSINESS-CLAIMS-VERIFICATION.md","RESTORED"
"/facilities-management-chesterfield","LEGACY_VERIFIED","location","Chesterfield","FM / M&E / Cleaning","Commercial","wix-generation-1; wix-generation-2","Regional commercial search intent for facilities management services in Chesterfield and surrounding commercial corridors.","Chesterfield Facilities Management | Commercial Property Maintenance | Entire FM","Chesterfield Facilities Management & Building Maintenance","Entire FM provides dedicated facilities management across Chesterfield — hard FM, M&E engineering, PPM, cleaning, and 24/7 reactive callout support.","COMPLETE","4 related links","Embedded RFQ + Phone CTA","LocalBusiness","self","locations","PASS (Differentiated)","Guarded by BUSINESS-CLAIMS-VERIFICATION.md","RESTORED"
"/facilities-management-derby","LEGACY_VERIFIED","location","Derby","FM / M&E / Cleaning","Commercial","wix-generation-1; wix-generation-2","Regional commercial search intent for facilities management services in Derby and surrounding commercial corridors.","Derby Facilities Management | Commercial Property Maintenance | Entire FM","Derby Facilities Management & Building Maintenance","Entire FM provides dedicated facilities management across Derby — hard FM, M&E engineering, PPM, cleaning, and 24/7 reactive callout support.","COMPLETE","4 related links","Embedded RFQ + Phone CTA","LocalBusiness","self","locations","PASS (Differentiated)","Guarded by BUSINESS-CLAIMS-VERIFICATION.md","RESTORED"
"/facilities-management-for/construction-facilities-management","LEGACY_VERIFIED","sector","National","FM / M&E / Cleaning","Commercial","wix-generation-2","Sector-specific procurement intent from facilities management for/construction operations directors seeking experienced FM contractors.","Facilities Management For/Construction Facilities Management Solutions | Entire FM","Facilities Management For/Construction Facilities Management","Specialized facilities management for the facilities management for/construction sector — statutory compliance, asset uptime, M&E engineering, and cleaning.","COMPLETE","4 related links","Embedded RFQ + Phone CTA","Service","self","sectors","PASS (Differentiated)","Guarded by BUSINESS-CLAIMS-VERIFICATION.md","RESTORED"
"/facilities-management-for/education-%26-schools-facilities-management","LEGACY_VERIFIED","sector","National","FM / M&E / Cleaning","Commercial","wix-generation-2","Sector-specific procurement intent from facilities management for/education %26 schools operations directors seeking experienced FM contractors.","Facilities Management For/Education %26 Schools Facilities Management Solutions | Entire FM","Facilities Management For/Education %26 Schools Facilities Management","Specialized facilities management for the facilities management for/education %26 schools sector — statutory compliance, asset uptime, M&E engineering, and cleaning.","COMPLETE","4 related links","Embedded RFQ + Phone CTA","Service","self","sectors","PASS (Differentiated)","Guarded by BUSINESS-CLAIMS-VERIFICATION.md","RESTORED"
"/facilities-management-for/healthcare-facilities-management","LEGACY_VERIFIED","sector","National","FM / M&E / Cleaning","Commercial","wix-generation-2","Sector-specific procurement intent from facilities management for/healthcare operations directors seeking experienced FM contractors.","Facilities Management For/Healthcare Facilities Management Solutions | Entire FM","Facilities Management For/Healthcare Facilities Management","Specialized facilities management for the facilities management for/healthcare sector — statutory compliance, asset uptime, M&E engineering, and cleaning.","COMPLETE","4 related links","Embedded RFQ + Phone CTA","Service","self","sectors","PASS (Differentiated)","Guarded by BUSINESS-CLAIMS-VERIFICATION.md","RESTORED"
"/facilities-management-for/hotels-%26-resort-facilities-management","LEGACY_VERIFIED","sector","National","FM / M&E / Cleaning","Commercial","wix-generation-2","Sector-specific procurement intent from facilities management for/hotels %26 resort operations directors seeking experienced FM contractors.","Facilities Management For/Hotels %26 Resort Facilities Management Solutions | Entire FM","Facilities Management For/Hotels %26 Resort Facilities Management","Specialized facilities management for the facilities management for/hotels %26 resort sector — statutory compliance, asset uptime, M&E engineering, and cleaning.","COMPLETE","4 related links","Embedded RFQ + Phone CTA","Service","self","sectors","PASS (Differentiated)","Guarded by BUSINESS-CLAIMS-VERIFICATION.md","RESTORED"
"/facilities-management-for/industrial-facilities-management","LEGACY_VERIFIED","sector","National","FM / M&E / Cleaning","Commercial","wix-generation-2","Sector-specific procurement intent from facilities management for/industrial operations directors seeking experienced FM contractors.","Facilities Management For/Industrial Facilities Management Solutions | Entire FM","Facilities Management For/Industrial Facilities Management","Specialized facilities management for the facilities management for/industrial sector — statutory compliance, asset uptime, M&E engineering, and cleaning.","COMPLETE","4 related links","Embedded RFQ + Phone CTA","Service","self","sectors","PASS (Differentiated)","Guarded by BUSINESS-CLAIMS-VERIFICATION.md","RESTORED"
"/facilities-management-for/leisure-centre-facilities-management","LEGACY_VERIFIED","sector","National","FM / M&E / Cleaning","Commercial","wix-generation-2","Sector-specific procurement intent from facilities management for/leisure centre operations directors seeking experienced FM contractors.","Facilities Management For/Leisure Centre Facilities Management Solutions | Entire FM","Facilities Management For/Leisure Centre Facilities Management","Specialized facilities management for the facilities management for/leisure centre sector — statutory compliance, asset uptime, M&E engineering, and cleaning.","COMPLETE","4 related links","Embedded RFQ + Phone CTA","Service","self","sectors","PASS (Differentiated)","Guarded by BUSINESS-CLAIMS-VERIFICATION.md","RESTORED"
"/facilities-management-for/logistics-%26-distribution-facilities-management","LEGACY_VERIFIED","sector","National","FM / M&E / Cleaning","Commercial","wix-generation-2","Sector-specific procurement intent from facilities management for/logistics %26 distribution operations directors seeking experienced FM contractors.","Facilities Management For/Logistics %26 Distribution Facilities Management Solutions | Entire FM","Facilities Management For/Logistics %26 Distribution Facilities Management","Specialized facilities management for the facilities management for/logistics %26 distribution sector — statutory compliance, asset uptime, M&E engineering, and cleaning.","COMPLETE","4 related links","Embedded RFQ + Phone CTA","Service","self","sectors","PASS (Differentiated)","Guarded by BUSINESS-CLAIMS-VERIFICATION.md","RESTORED"
"/facilities-management-for/managing-agent-facilities-management","LEGACY_VERIFIED","sector","National","FM / M&E / Cleaning","Commercial","wix-generation-2","Sector-specific procurement intent from facilities management for/managing agent operations directors seeking experienced FM contractors.","Facilities Management For/Managing Agent Facilities Management Solutions | Entire FM","Facilities Management For/Managing Agent Facilities Management","Specialized facilities management for the facilities management for/managing agent sector — statutory compliance, asset uptime, M&E engineering, and cleaning.","COMPLETE","4 related links","Embedded RFQ + Phone CTA","Service","self","sectors","PASS (Differentiated)","Guarded by BUSINESS-CLAIMS-VERIFICATION.md","RESTORED"
"/facilities-management-for/offices%2C-corporate-%26-co-working","LEGACY_VERIFIED","sector","National","FM / M&E / Cleaning","Commercial","wix-generation-2","Sector-specific procurement intent from facilities management for/offices%2c corporate %26 co working operations directors seeking experienced FM contractors.","Facilities Management For/Offices%2C Corporate %26 Co Working Facilities Management Solutions | Entire FM","Facilities Management For/Offices%2C Corporate %26 Co Working Facilities Management","Specialized facilities management for the facilities management for/offices%2c corporate %26 co working sector — statutory compliance, asset uptime, M&E engineering, and cleaning.","COMPLETE","4 related links","Embedded RFQ + Phone CTA","Service","self","sectors","PASS (Differentiated)","Guarded by BUSINESS-CLAIMS-VERIFICATION.md","RESTORED"
"/facilities-management-for/residential-facilities-management","LEGACY_VERIFIED","sector","National","FM / M&E / Cleaning","Commercial","wix-generation-2","Sector-specific procurement intent from facilities management for/residential operations directors seeking experienced FM contractors.","Facilities Management For/Residential Facilities Management Solutions | Entire FM","Facilities Management For/Residential Facilities Management","Specialized facilities management for the facilities management for/residential sector — statutory compliance, asset uptime, M&E engineering, and cleaning.","COMPLETE","4 related links","Embedded RFQ + Phone CTA","Service","self","sectors","PASS (Differentiated)","Guarded by BUSINESS-CLAIMS-VERIFICATION.md","RESTORED"
"/facilities-management-for/restaurant-%26-hospitality-facilities-management","LEGACY_VERIFIED","sector","National","FM / M&E / Cleaning","Commercial","wix-generation-2","Sector-specific procurement intent from facilities management for/restaurant %26 hospitality operations directors seeking experienced FM contractors.","Facilities Management For/Restaurant %26 Hospitality Facilities Management Solutions | Entire FM","Facilities Management For/Restaurant %26 Hospitality Facilities Management","Specialized facilities management for the facilities management for/restaurant %26 hospitality sector — statutory compliance, asset uptime, M&E engineering, and cleaning.","COMPLETE","4 related links","Embedded RFQ + Phone CTA","Service","self","sectors","PASS (Differentiated)","Guarded by BUSINESS-CLAIMS-VERIFICATION.md","RESTORED"
"/facilities-management-for/retail-%26-shopping-centre-facilities-management","LEGACY_VERIFIED","sector","National","FM / M&E / Cleaning","Commercial","wix-generation-2","Sector-specific procurement intent from facilities management for/retail %26 shopping centre operations directors seeking experienced FM contractors.","Facilities Management For/Retail %26 Shopping Centre Facilities Management Solutions | Entire FM","Facilities Management For/Retail %26 Shopping Centre Facilities Management","Specialized facilities management for the facilities management for/retail %26 shopping centre sector — statutory compliance, asset uptime, M&E engineering, and cleaning.","COMPLETE","4 related links","Embedded RFQ + Phone CTA","Service","self","sectors","PASS (Differentiated)","Guarded by BUSINESS-CLAIMS-VERIFICATION.md","RESTORED"
"/facilities-management-for/sports-venue-facilities-management","LEGACY_VERIFIED","sector","National","FM / M&E / Cleaning","Commercial","wix-generation-2","Sector-specific procurement intent from facilities management for/sports venue operations directors seeking experienced FM contractors.","Facilities Management For/Sports Venue Facilities Management Solutions | Entire FM","Facilities Management For/Sports Venue Facilities Management","Specialized facilities management for the facilities management for/sports venue sector — statutory compliance, asset uptime, M&E engineering, and cleaning.","COMPLETE","4 related links","Embedded RFQ + Phone CTA","Service","self","sectors","PASS (Differentiated)","Guarded by BUSINESS-CLAIMS-VERIFICATION.md","RESTORED"
"/facilities-management-for/stadium-%26-arena-facilities-management","LEGACY_VERIFIED","sector","National","FM / M&E / Cleaning","Commercial","wix-generation-2","Sector-specific procurement intent from facilities management for/stadium %26 arena operations directors seeking experienced FM contractors.","Facilities Management For/Stadium %26 Arena Facilities Management Solutions | Entire FM","Facilities Management For/Stadium %26 Arena Facilities Management","Specialized facilities management for the facilities management for/stadium %26 arena sector — statutory compliance, asset uptime, M&E engineering, and cleaning.","COMPLETE","4 related links","Embedded RFQ + Phone CTA","Service","self","sectors","PASS (Differentiated)","Guarded by BUSINESS-CLAIMS-VERIFICATION.md","RESTORED"
"/facilities-management-for/warehouse-%26-distribution","LEGACY_VERIFIED","sector","National","FM / M&E / Cleaning","Commercial","wix-generation-2","Sector-specific procurement intent from facilities management for/warehouse %26 distribution operations directors seeking experienced FM contractors.","Facilities Management For/Warehouse %26 Distribution Facilities Management Solutions | Entire FM","Facilities Management For/Warehouse %26 Distribution Facilities Management","Specialized facilities management for the facilities management for/warehouse %26 distribution sector — statutory compliance, asset uptime, M&E engineering, and cleaning.","COMPLETE","4 related links","Embedded RFQ + Phone CTA","Service","self","sectors","PASS (Differentiated)","Guarded by BUSINESS-CLAIMS-VERIFICATION.md","RESTORED"
"/facilities-management-in-telford","LEGACY_VERIFIED","location","Telford","FM / M&E / Cleaning","Commercial","wix-generation-1; wix-generation-2","Regional commercial search intent for facilities management services in Telford and surrounding commercial corridors.","Telford Facilities Management | Commercial Property Maintenance | Entire FM","Telford Facilities Management & Building Maintenance","Entire FM provides dedicated facilities management across Telford — hard FM, M&E engineering, PPM, cleaning, and 24/7 reactive callout support.","COMPLETE","4 related links","Embedded RFQ + Phone CTA","LocalBusiness","self","locations","PASS (Differentiated)","Guarded by BUSINESS-CLAIMS-VERIFICATION.md","RESTORED"
"/facilities-management-in-the-midlands","LEGACY_VERIFIED","location","Midlands","FM / M&E / Cleaning","Commercial","wix-generation-1; wix-generation-2","Regional commercial search intent for facilities management services in Midlands and surrounding commercial corridors.","Midlands Facilities Management | Commercial Property Maintenance | Entire FM","Midlands Facilities Management & Building Maintenance","Entire FM provides dedicated facilities management across Midlands — hard FM, M&E engineering, PPM, cleaning, and 24/7 reactive callout support.","COMPLETE","4 related links","Embedded RFQ + Phone CTA","LocalBusiness","self","locations","PASS (Differentiated)","Guarded by BUSINESS-CLAIMS-VERIFICATION.md","RESTORED"
"/facilities-management-leeds","LEGACY_PROTECTED_BY_DIRECTIVE","location","Leeds","FM / M&E / Cleaning","Commercial","wix-generation-1; wix-generation-2","Regional commercial search intent for facilities management services in Leeds and surrounding commercial corridors.","Leeds Facilities Management | Commercial Property Maintenance | Entire FM","Leeds Facilities Management & Building Maintenance","Entire FM provides dedicated facilities management across Leeds — hard FM, M&E engineering, PPM, cleaning, and 24/7 reactive callout support.","COMPLETE","4 related links","Embedded RFQ + Phone CTA","LocalBusiness","self","locations","PASS (Differentiated)","Guarded by BUSINESS-CLAIMS-VERIFICATION.md","RESTORED"
"/facilities-management-lincoln","LEGACY_VERIFIED","location","Lincoln","FM / M&E / Cleaning","Commercial","wix-generation-1; wix-generation-2","Regional commercial search intent for facilities management services in Lincoln and surrounding commercial corridors.","Lincoln Facilities Management | Commercial Property Maintenance | Entire FM","Lincoln Facilities Management & Building Maintenance","Entire FM provides dedicated facilities management across Lincoln — hard FM, M&E engineering, PPM, cleaning, and 24/7 reactive callout support.","COMPLETE","4 related links","Embedded RFQ + Phone CTA","LocalBusiness","self","locations","PASS (Differentiated)","Guarded by BUSINESS-CLAIMS-VERIFICATION.md","RESTORED"
"/facilities-management-liverpool","LEGACY_PROTECTED_BY_DIRECTIVE","location","Liverpool","FM / M&E / Cleaning","Commercial","wix-generation-1; wix-generation-2","Regional commercial search intent for facilities management services in Liverpool and surrounding commercial corridors.","Liverpool Facilities Management | Commercial Property Maintenance | Entire FM","Liverpool Facilities Management & Building Maintenance","Entire FM provides dedicated facilities management across Liverpool — hard FM, M&E engineering, PPM, cleaning, and 24/7 reactive callout support.","COMPLETE","4 related links","Embedded RFQ + Phone CTA","LocalBusiness","self","locations","PASS (Differentiated)","Guarded by BUSINESS-CLAIMS-VERIFICATION.md","RESTORED"
"/facilities-management-london","LEGACY_VERIFIED","location","London","FM / M&E / Cleaning","Commercial","wix-generation-1; wix-generation-2","Procurement search intent from London facilities managers seeking comprehensive planned maintenance contracts and statutory governance.","Facilities Management London | Planned Maintenance & Compliance | Entire FM","Facilities Management London — Total Estate Maintenance & Compliance","Structured planned preventative maintenance (PPM), statutory compliance, and integrated hard & soft FM for London commercial property portfolios.","COMPLETE","5 related links","Embedded RFQ + Phone CTA","LocalBusiness","self","locations","PASS (Differentiated)","Guarded by BUSINESS-CLAIMS-VERIFICATION.md","RESTORED"
"/facilities-management-manchester","LEGACY_VERIFIED","location","Manchester","FM / M&E / Cleaning","Commercial","wix-generation-1; wix-generation-2","Regional commercial search intent for facilities management services in Manchester and surrounding commercial corridors.","Manchester Facilities Management | Commercial Property Maintenance | Entire FM","Manchester Facilities Management & Building Maintenance","Entire FM provides dedicated facilities management across Manchester — hard FM, M&E engineering, PPM, cleaning, and 24/7 reactive callout support.","COMPLETE","4 related links","Embedded RFQ + Phone CTA","LocalBusiness","self","locations","PASS (Differentiated)","Guarded by BUSINESS-CLAIMS-VERIFICATION.md","RESTORED"
"/facilities-management-midlands","LEGACY_PROTECTED_BY_DIRECTIVE","location","Midlands","FM / M&E / Cleaning","Commercial","wix-generation-1; wix-generation-2","Regional commercial search intent for facilities management services in Midlands and surrounding commercial corridors.","Midlands Facilities Management | Commercial Property Maintenance | Entire FM","Midlands Facilities Management & Building Maintenance","Entire FM provides dedicated facilities management across Midlands — hard FM, M&E engineering, PPM, cleaning, and 24/7 reactive callout support.","COMPLETE","4 related links","Embedded RFQ + Phone CTA","LocalBusiness","self","locations","PASS (Differentiated)","Guarded by BUSINESS-CLAIMS-VERIFICATION.md","RESTORED"
"/facilities-management-nottingham","LEGACY_PROTECTED_BY_DIRECTIVE","location","Nottingham","FM / M&E / Cleaning","Commercial","wix-generation-1; wix-generation-2","Regional commercial search intent for facilities management services in Nottingham and surrounding commercial corridors.","Nottingham Facilities Management | Commercial Property Maintenance | Entire FM","Nottingham Facilities Management & Building Maintenance","Entire FM provides dedicated facilities management across Nottingham — hard FM, M&E engineering, PPM, cleaning, and 24/7 reactive callout support.","COMPLETE","4 related links","Embedded RFQ + Phone CTA","LocalBusiness","self","locations","PASS (Differentiated)","Guarded by BUSINESS-CLAIMS-VERIFICATION.md","RESTORED"
"/facilities-management-offices","LEGACY_VERIFIED","sector","National","FM / M&E / Cleaning","Commercial","wix-generation-1","Sector-specific procurement intent from facilities management offices operations directors seeking experienced FM contractors.","Facilities Management Offices Facilities Management Solutions | Entire FM","Facilities Management Offices Facilities Management","Specialized facilities management for the facilities management offices sector — statutory compliance, asset uptime, M&E engineering, and cleaning.","COMPLETE","4 related links","Embedded RFQ + Phone CTA","Service","self","sectors","PASS (Differentiated)","Guarded by BUSINESS-CLAIMS-VERIFICATION.md","RESTORED"
"/facilities-management-services","LEGACY_VERIFIED","service","National","FM / M&E / Cleaning","Commercial","wix-generation-1","Commercial navigation or reference intent for Entire FM's facilities management services.","Facilities Management Services | Entire FM","Facilities Management Services","Entire FM — Facilities Management Services. Dedicated facilities management, mechanical & electrical engineering, and property maintenance services.","COMPLETE","3 related links","Embedded RFQ + Phone CTA","Service","self","core","PASS (Differentiated)","Guarded by BUSINESS-CLAIMS-VERIFICATION.md","RESTORED"
"/facilities-management-services-lond","LEGACY_VERIFIED","service","National","FM / M&E / Cleaning","Commercial","wix-generation-1","Commercial navigation or reference intent for Entire FM's facilities management services lond.","Facilities Management Services Lond | Entire FM","Facilities Management Services Lond","Entire FM — Facilities Management Services Lond. Dedicated facilities management, mechanical & electrical engineering, and property maintenance services.","COMPLETE","3 related links","Embedded RFQ + Phone CTA","Service","self","core","PASS (Differentiated)","Guarded by BUSINESS-CLAIMS-VERIFICATION.md","RESTORED"
"/facilities-management-sheffield","LEGACY_PROTECTED_BY_DIRECTIVE","location","Sheffield","FM / M&E / Cleaning","Commercial","wix-generation-1; wix-generation-2","Regional commercial search intent for facilities management services in Sheffield and surrounding commercial corridors.","Sheffield Facilities Management | Commercial Property Maintenance | Entire FM","Sheffield Facilities Management & Building Maintenance","Entire FM provides dedicated facilities management across Sheffield — hard FM, M&E engineering, PPM, cleaning, and 24/7 reactive callout support.","COMPLETE","4 related links","Embedded RFQ + Phone CTA","LocalBusiness","self","locations","PASS (Differentiated)","Guarded by BUSINESS-CLAIMS-VERIFICATION.md","RESTORED"
"/facilities-management-team","LEGACY_VERIFIED","company","National","FM / M&E / Cleaning","Commercial","wix-generation-1; wix-generation-2","Commercial navigation or reference intent for Entire FM's facilities management team.","Facilities Management Team | Entire FM","Facilities Management Team","Entire FM — Facilities Management Team. Dedicated facilities management, mechanical & electrical engineering, and property maintenance services.","COMPLETE","3 related links","Embedded RFQ + Phone CTA","Service","self","company","PASS (Differentiated)","Guarded by BUSINESS-CLAIMS-VERIFICATION.md","RESTORED"
"/facilities-management-telford","LEGACY_PROTECTED_BY_DIRECTIVE","location","Telford","FM / M&E / Cleaning","Commercial","wix-generation-1; wix-generation-2","Regional commercial search intent for facilities management services in Telford and surrounding commercial corridors.","Telford Facilities Management | Commercial Property Maintenance | Entire FM","Telford Facilities Management & Building Maintenance","Entire FM provides dedicated facilities management across Telford — hard FM, M&E engineering, PPM, cleaning, and 24/7 reactive callout support.","COMPLETE","4 related links","Embedded RFQ + Phone CTA","LocalBusiness","self","locations","PASS (Differentiated)","Guarded by BUSINESS-CLAIMS-VERIFICATION.md","RESTORED"
"/fire-emergency-systems","LEGACY_VERIFIED","service","National","FM / M&E / Cleaning","Commercial","wix-generation-1","Commercial navigation or reference intent for Entire FM's fire emergency systems.","Fire Emergency Systems | Entire FM","Fire Emergency Systems","Entire FM — Fire Emergency Systems. Dedicated facilities management, mechanical & electrical engineering, and property maintenance services.","COMPLETE","3 related links","Embedded RFQ + Phone CTA","Service","self","hard-fm","PASS (Differentiated)","Guarded by BUSINESS-CLAIMS-VERIFICATION.md","RESTORED"
"/fm-birmingham","LEGACY_VERIFIED","location","Birmingham","FM / M&E / Cleaning","Commercial","wix-generation-1; wix-generation-2","Regional commercial search intent for facilities management services in Birmingham and surrounding commercial corridors.","Birmingham Facilities Management | Commercial Property Maintenance | Entire FM","Birmingham Facilities Management & Building Maintenance","Entire FM provides dedicated facilities management across Birmingham — hard FM, M&E engineering, PPM, cleaning, and 24/7 reactive callout support.","COMPLETE","4 related links","Embedded RFQ + Phone CTA","LocalBusiness","self","locations","PASS (Differentiated)","Guarded by BUSINESS-CLAIMS-VERIFICATION.md","RESTORED"
"/fm-bradford","LEGACY_VERIFIED","location","Bradford","FM / M&E / Cleaning","Commercial","wix-generation-1; wix-generation-2","Regional commercial search intent for facilities management services in Bradford and surrounding commercial corridors.","Bradford Facilities Management | Commercial Property Maintenance | Entire FM","Bradford Facilities Management & Building Maintenance","Entire FM provides dedicated facilities management across Bradford — hard FM, M&E engineering, PPM, cleaning, and 24/7 reactive callout support.","COMPLETE","4 related links","Embedded RFQ + Phone CTA","LocalBusiness","self","locations","PASS (Differentiated)","Guarded by BUSINESS-CLAIMS-VERIFICATION.md","RESTORED"
"/fm-chesterfield","LEGACY_VERIFIED","location","Chesterfield","FM / M&E / Cleaning","Commercial","wix-generation-1; wix-generation-2","Regional commercial search intent for facilities management services in Chesterfield and surrounding commercial corridors.","Chesterfield Facilities Management | Commercial Property Maintenance | Entire FM","Chesterfield Facilities Management & Building Maintenance","Entire FM provides dedicated facilities management across Chesterfield — hard FM, M&E engineering, PPM, cleaning, and 24/7 reactive callout support.","COMPLETE","4 related links","Embedded RFQ + Phone CTA","LocalBusiness","self","locations","PASS (Differentiated)","Guarded by BUSINESS-CLAIMS-VERIFICATION.md","RESTORED"
"/fm-client-info","LEGACY_VERIFIED","company","National","FM / M&E / Cleaning","Commercial","wix-generation-1","Commercial navigation or reference intent for Entire FM's fm client info.","Fm Client Info | Entire FM","Fm Client Info","Entire FM — Fm Client Info. Dedicated facilities management, mechanical & electrical engineering, and property maintenance services.","COMPLETE","3 related links","Embedded RFQ + Phone CTA","Service","self","company","PASS (Differentiated)","Guarded by BUSINESS-CLAIMS-VERIFICATION.md","RESTORED"
"/fm-derby","LEGACY_VERIFIED","location","Derby","FM / M&E / Cleaning","Commercial","wix-generation-1; wix-generation-2","Regional commercial search intent for facilities management services in Derby and surrounding commercial corridors.","Derby Facilities Management | Commercial Property Maintenance | Entire FM","Derby Facilities Management & Building Maintenance","Entire FM provides dedicated facilities management across Derby — hard FM, M&E engineering, PPM, cleaning, and 24/7 reactive callout support.","COMPLETE","4 related links","Embedded RFQ + Phone CTA","LocalBusiness","self","locations","PASS (Differentiated)","Guarded by BUSINESS-CLAIMS-VERIFICATION.md","RESTORED"
"/fm-leeds","LEGACY_VERIFIED","location","Leeds","FM / M&E / Cleaning","Commercial","wix-generation-1; wix-generation-2","Regional commercial search intent for facilities management services in Leeds and surrounding commercial corridors.","Leeds Facilities Management | Commercial Property Maintenance | Entire FM","Leeds Facilities Management & Building Maintenance","Entire FM provides dedicated facilities management across Leeds — hard FM, M&E engineering, PPM, cleaning, and 24/7 reactive callout support.","COMPLETE","4 related links","Embedded RFQ + Phone CTA","LocalBusiness","self","locations","PASS (Differentiated)","Guarded by BUSINESS-CLAIMS-VERIFICATION.md","RESTORED"
"/fm-lincoln","LEGACY_VERIFIED","location","Lincoln","FM / M&E / Cleaning","Commercial","wix-generation-1; wix-generation-2","Regional commercial search intent for facilities management services in Lincoln and surrounding commercial corridors.","Lincoln Facilities Management | Commercial Property Maintenance | Entire FM","Lincoln Facilities Management & Building Maintenance","Entire FM provides dedicated facilities management across Lincoln — hard FM, M&E engineering, PPM, cleaning, and 24/7 reactive callout support.","COMPLETE","4 related links","Embedded RFQ + Phone CTA","LocalBusiness","self","locations","PASS (Differentiated)","Guarded by BUSINESS-CLAIMS-VERIFICATION.md","RESTORED"
"/fm-liverpool","LEGACY_VERIFIED","location","Liverpool","FM / M&E / Cleaning","Commercial","wix-generation-1; wix-generation-2","Regional commercial search intent for facilities management services in Liverpool and surrounding commercial corridors.","Liverpool Facilities Management | Commercial Property Maintenance | Entire FM","Liverpool Facilities Management & Building Maintenance","Entire FM provides dedicated facilities management across Liverpool — hard FM, M&E engineering, PPM, cleaning, and 24/7 reactive callout support.","COMPLETE","4 related links","Embedded RFQ + Phone CTA","LocalBusiness","self","locations","PASS (Differentiated)","Guarded by BUSINESS-CLAIMS-VERIFICATION.md","RESTORED"
"/fm-london","LEGACY_VERIFIED","location","London","FM / M&E / Cleaning","Commercial","wix-generation-1; wix-generation-2","High-urgency search intent from London businesses requiring rapid engineering dispatch and 24/7 helpdesk coverage.","FM London | 24/7 Facilities Management & Rapid Response | Entire FM","FM London — 24/7 Facilities Management & Emergency Engineering","Entire FM provides 24/7 facilities management across London — rapid emergency M&E dispatch, HVAC repair, and plant maintenance for commercial property.","COMPLETE","5 related links","Embedded RFQ + Phone CTA","LocalBusiness","self","locations","PASS (Differentiated)","Guarded by BUSINESS-CLAIMS-VERIFICATION.md","RESTORED"
"/fm-manchester","LEGACY_VERIFIED","location","Manchester","FM / M&E / Cleaning","Commercial","wix-generation-1; wix-generation-2","Regional commercial search intent for facilities management services in Manchester and surrounding commercial corridors.","Manchester Facilities Management | Commercial Property Maintenance | Entire FM","Manchester Facilities Management & Building Maintenance","Entire FM provides dedicated facilities management across Manchester — hard FM, M&E engineering, PPM, cleaning, and 24/7 reactive callout support.","COMPLETE","4 related links","Embedded RFQ + Phone CTA","LocalBusiness","self","locations","PASS (Differentiated)","Guarded by BUSINESS-CLAIMS-VERIFICATION.md","RESTORED"
"/fm-matlock","LEGACY_VERIFIED","location","Matlock","FM / M&E / Cleaning","Commercial","wix-generation-1","Regional commercial search intent for facilities management services in Matlock and surrounding commercial corridors.","Matlock Facilities Management | Commercial Property Maintenance | Entire FM","Matlock Facilities Management & Building Maintenance","Entire FM provides dedicated facilities management across Matlock — hard FM, M&E engineering, PPM, cleaning, and 24/7 reactive callout support.","COMPLETE","4 related links","Embedded RFQ + Phone CTA","LocalBusiness","self","locations","PASS (Differentiated)","Guarded by BUSINESS-CLAIMS-VERIFICATION.md","RESTORED"
"/fm-nottingham","LEGACY_VERIFIED","location","Nottingham","FM / M&E / Cleaning","Commercial","wix-generation-1; wix-generation-2","Regional commercial search intent for facilities management services in Nottingham and surrounding commercial corridors.","Nottingham Facilities Management | Commercial Property Maintenance | Entire FM","Nottingham Facilities Management & Building Maintenance","Entire FM provides dedicated facilities management across Nottingham — hard FM, M&E engineering, PPM, cleaning, and 24/7 reactive callout support.","COMPLETE","4 related links","Embedded RFQ + Phone CTA","LocalBusiness","self","locations","PASS (Differentiated)","Guarded by BUSINESS-CLAIMS-VERIFICATION.md","RESTORED"
"/fm-services-sheffield","LEGACY_VERIFIED","location","Sheffield","FM / M&E / Cleaning","Commercial","wix-generation-1","Regional commercial search intent for facilities management services in Sheffield and surrounding commercial corridors.","Sheffield Facilities Management | Commercial Property Maintenance | Entire FM","Sheffield Facilities Management & Building Maintenance","Entire FM provides dedicated facilities management across Sheffield — hard FM, M&E engineering, PPM, cleaning, and 24/7 reactive callout support.","COMPLETE","4 related links","Embedded RFQ + Phone CTA","LocalBusiness","self","locations","PASS (Differentiated)","Guarded by BUSINESS-CLAIMS-VERIFICATION.md","RESTORED"
"/fm-sheffield","LEGACY_VERIFIED","location","Sheffield","FM / M&E / Cleaning","Commercial","wix-generation-1; wix-generation-2","Regional commercial search intent for facilities management services in Sheffield and surrounding commercial corridors.","Sheffield Facilities Management | Commercial Property Maintenance | Entire FM","Sheffield Facilities Management & Building Maintenance","Entire FM provides dedicated facilities management across Sheffield — hard FM, M&E engineering, PPM, cleaning, and 24/7 reactive callout support.","COMPLETE","4 related links","Embedded RFQ + Phone CTA","LocalBusiness","self","locations","PASS (Differentiated)","Guarded by BUSINESS-CLAIMS-VERIFICATION.md","RESTORED"
"/fm-supply-chain","LEGACY_VERIFIED","company","National","FM / M&E / Cleaning","Commercial","wix-generation-1","Commercial navigation or reference intent for Entire FM's fm supply chain.","Fm Supply Chain | Entire FM","Fm Supply Chain","Entire FM — Fm Supply Chain. Dedicated facilities management, mechanical & electrical engineering, and property maintenance services.","COMPLETE","3 related links","Embedded RFQ + Phone CTA","Service","self","company","PASS (Differentiated)","Guarded by BUSINESS-CLAIMS-VERIFICATION.md","RESTORED"
"/fm-supply-form","LEGACY_VERIFIED","company","National","FM / M&E / Cleaning","Commercial","wix-generation-1","Commercial navigation or reference intent for Entire FM's fm supply form.","Fm Supply Form | Entire FM","Fm Supply Form","Entire FM — Fm Supply Form. Dedicated facilities management, mechanical & electrical engineering, and property maintenance services.","COMPLETE","3 related links","Embedded RFQ + Phone CTA","Service","self","company","PASS (Differentiated)","Guarded by BUSINESS-CLAIMS-VERIFICATION.md","RESTORED"
"/fm-support-n-contact","LEGACY_VERIFIED","company","National","FM / M&E / Cleaning","Commercial","wix-generation-1; wix-generation-2","Commercial navigation or reference intent for Entire FM's fm support n contact.","Fm Support N Contact | Entire FM","Fm Support N Contact","Entire FM — Fm Support N Contact. Dedicated facilities management, mechanical & electrical engineering, and property maintenance services.","COMPLETE","3 related links","Embedded RFQ + Phone CTA","Service","self","company","PASS (Differentiated)","Guarded by BUSINESS-CLAIMS-VERIFICATION.md","RESTORED"
"/fm-support-n-contact/facilities-management-glossary","LEGACY_VERIFIED","company","National","FM / M&E / Cleaning","Commercial","wix-generation-2","Commercial navigation or reference intent for Entire FM's fm support n contact/facilities management glossary.","Fm Support N Contact/Facilities Management Glossary | Entire FM","Fm Support N Contact/Facilities Management Glossary","Entire FM — Fm Support N Contact/Facilities Management Glossary. Dedicated facilities management, mechanical & electrical engineering, and property maintenance services.","COMPLETE","3 related links","Embedded RFQ + Phone CTA","Service","self","company","PASS (Differentiated)","Guarded by BUSINESS-CLAIMS-VERIFICATION.md","RESTORED"
"/fm-technical-services","LEGACY_VERIFIED","service","National","FM / M&E / Cleaning","Commercial","wix-generation-1","Commercial navigation or reference intent for Entire FM's fm technical services.","Fm Technical Services | Entire FM","Fm Technical Services","Entire FM — Fm Technical Services. Dedicated facilities management, mechanical & electrical engineering, and property maintenance services.","COMPLETE","3 related links","Embedded RFQ + Phone CTA","Service","self","hard-fm","PASS (Differentiated)","Guarded by BUSINESS-CLAIMS-VERIFICATION.md","RESTORED"
"/fm-telford","LEGACY_PROTECTED_BY_DIRECTIVE","location","Telford","FM / M&E / Cleaning","Commercial","wix-generation-1; wix-generation-2","Regional commercial search intent for facilities management services in Telford and surrounding commercial corridors.","Telford Facilities Management | Commercial Property Maintenance | Entire FM","Telford Facilities Management & Building Maintenance","Entire FM provides dedicated facilities management across Telford — hard FM, M&E engineering, PPM, cleaning, and 24/7 reactive callout support.","COMPLETE","4 related links","Embedded RFQ + Phone CTA","LocalBusiness","self","locations","PASS (Differentiated)","Guarded by BUSINESS-CLAIMS-VERIFICATION.md","RESTORED"
"/gates-barriers","LEGACY_VERIFIED","service","National","FM / M&E / Cleaning","Commercial","wix-generation-1","Commercial navigation or reference intent for Entire FM's gates barriers.","Gates Barriers | Entire FM","Gates Barriers","Entire FM — Gates Barriers. Dedicated facilities management, mechanical & electrical engineering, and property maintenance services.","COMPLETE","3 related links","Embedded RFQ + Phone CTA","Service","self","hard-fm","PASS (Differentiated)","Guarded by BUSINESS-CLAIMS-VERIFICATION.md","RESTORED"
"/grounds-maintenance","LEGACY_VERIFIED","service","National","FM / M&E / Cleaning","Commercial","wix-generation-1","Commercial navigation or reference intent for Entire FM's grounds maintenance.","Grounds Maintenance | Entire FM","Grounds Maintenance","Entire FM — Grounds Maintenance. Dedicated facilities management, mechanical & electrical engineering, and property maintenance services.","COMPLETE","3 related links","Embedded RFQ + Phone CTA","Service","self","soft-fm","PASS (Differentiated)","Guarded by BUSINESS-CLAIMS-VERIFICATION.md","RESTORED"
"/hard-services","LEGACY_VERIFIED","service","National","FM / M&E / Cleaning","Commercial","wix-generation-1; wix-generation-2","Commercial navigation or reference intent for Entire FM's hard services.","Hard Services | Entire FM","Hard Services","Entire FM — Hard Services. Dedicated facilities management, mechanical & electrical engineering, and property maintenance services.","COMPLETE","3 related links","Embedded RFQ + Phone CTA","Service","self","hard-fm","PASS (Differentiated)","Guarded by BUSINESS-CLAIMS-VERIFICATION.md","RESTORED"
"/healthcare-facilities-management","LEGACY_VERIFIED","sector","National","FM / M&E / Cleaning","Commercial","wix-generation-1","Sector-specific procurement intent from healthcare operations directors seeking experienced FM contractors.","Healthcare Facilities Management Solutions | Entire FM","Healthcare Facilities Management","Specialized facilities management for the healthcare sector — statutory compliance, asset uptime, M&E engineering, and cleaning.","COMPLETE","4 related links","Embedded RFQ + Phone CTA","Service","self","sectors","PASS (Differentiated)","Guarded by BUSINESS-CLAIMS-VERIFICATION.md","RESTORED"
"/helpdesk","LEGACY_VERIFIED","company","National","FM / M&E / Cleaning","Commercial","wix-generation-1","Commercial navigation or reference intent for Entire FM's helpdesk.","Helpdesk | Entire FM","Helpdesk","Entire FM — Helpdesk. Dedicated facilities management, mechanical & electrical engineering, and property maintenance services.","COMPLETE","3 related links","Embedded RFQ + Phone CTA","Service","self","company","PASS (Differentiated)","Guarded by BUSINESS-CLAIMS-VERIFICATION.md","RESTORED"
"/helpdesk-registration","LEGACY_VERIFIED","company","National","FM / M&E / Cleaning","Commercial","wix-generation-1","Commercial navigation or reference intent for Entire FM's helpdesk registration.","Helpdesk Registration | Entire FM","Helpdesk Registration","Entire FM — Helpdesk Registration. Dedicated facilities management, mechanical & electrical engineering, and property maintenance services.","COMPLETE","3 related links","Embedded RFQ + Phone CTA","Service","self","company","PASS (Differentiated)","Guarded by BUSINESS-CLAIMS-VERIFICATION.md","RESTORED"
"/hot-tub-relocation","LEGACY_VERIFIED","service","National","FM / M&E / Cleaning","Commercial","wix-generation-2","Commercial navigation or reference intent for Entire FM's hot tub relocation.","Hot Tub Relocation | Entire FM","Hot Tub Relocation","Entire FM — Hot Tub Relocation. Dedicated facilities management, mechanical & electrical engineering, and property maintenance services.","COMPLETE","3 related links","Embedded RFQ + Phone CTA","Service","self","specialist-services","PASS (Differentiated)","Guarded by BUSINESS-CLAIMS-VERIFICATION.md","RESTORED"
"/hotel-facilities-management","LEGACY_VERIFIED","sector","National","FM / M&E / Cleaning","Commercial","wix-generation-1; wix-generation-2","Sector-specific procurement intent from hotel operations directors seeking experienced FM contractors.","Hotel Facilities Management Solutions | Entire FM","Hotel Facilities Management","Specialized facilities management for the hotel sector — statutory compliance, asset uptime, M&E engineering, and cleaning.","COMPLETE","4 related links","Embedded RFQ + Phone CTA","Service","self","sectors","PASS (Differentiated)","Guarded by BUSINESS-CLAIMS-VERIFICATION.md","RESTORED"
"/hvac-contractor","LEGACY_VERIFIED","service","National","FM / M&E / Cleaning","Commercial","wix-generation-1; wix-generation-2","Distinct specialist search intent from building owners seeking commercial HVAC servicing rather than general maintenance.","Commercial HVAC Contractor | Heating, Ventilation & Air Conditioning | Entire FM","Commercial HVAC Contractor — Heating, Ventilation & Air Conditioning","Specialist commercial HVAC contractor providing heating, ventilation, VRV/VRF air conditioning maintenance, F-Gas compliance, and TM44 audits nationwide.","COMPLETE","5 related links","Embedded RFQ + Phone CTA","Service","self","hard-fm","PASS (Differentiated)","Guarded by BUSINESS-CLAIMS-VERIFICATION.md","RESTORED"
"/industrial-cleaning","LEGACY_VERIFIED","service","National","FM / M&E / Cleaning","Commercial","wix-generation-1; wix-generation-2","Specialist search intent from manufacturing plant managers, warehouse directors, and industrial operations for heavy decontamination.","Industrial Cleaning Services | Factory Deep Cleans & High Access | Entire FM","Specialist Industrial Cleaning Services","Specialist industrial cleaning across the UK — factory shutdowns, high-level structural cleaning, machinery degreasing, and warehouse floor care.","COMPLETE","4 related links","Embedded RFQ + Phone CTA","Service","self","cleaning","PASS (Differentiated)","Guarded by BUSINESS-CLAIMS-VERIFICATION.md","RESTORED"
"/industrial-cleaning-birmingham","LEGACY_VERIFIED","geographic-service","Birmingham","FM / M&E / Cleaning","Commercial","wix-generation-1","Hyper-targeted local service search intent combining Industrial Cleaning with Birmingham commercial properties.","Industrial Cleaning Birmingham | Specialist Commercial Services | Entire FM","Industrial Cleaning Birmingham","Professional industrial cleaning across Birmingham — specialist equipment, certified operatives, and tailored commercial service schedules.","COMPLETE","3 related links","Embedded RFQ + Phone CTA","Service","self","local-services","PASS (Differentiated)","Guarded by BUSINESS-CLAIMS-VERIFICATION.md","RESTORED"
"/industrial-cleaning-chesterfield","LEGACY_VERIFIED","geographic-service","Chesterfield","FM / M&E / Cleaning","Commercial","wix-generation-1","Hyper-targeted local service search intent combining Industrial Cleaning with Chesterfield commercial properties.","Industrial Cleaning Chesterfield | Specialist Commercial Services | Entire FM","Industrial Cleaning Chesterfield","Professional industrial cleaning across Chesterfield — specialist equipment, certified operatives, and tailored commercial service schedules.","COMPLETE","3 related links","Embedded RFQ + Phone CTA","Service","self","local-services","PASS (Differentiated)","Guarded by BUSINESS-CLAIMS-VERIFICATION.md","RESTORED"
"/industrial-cleaning-derby","LEGACY_VERIFIED","geographic-service","Derby","FM / M&E / Cleaning","Commercial","wix-generation-1","Hyper-targeted local service search intent combining Industrial Cleaning with Derby commercial properties.","Industrial Cleaning Derby | Specialist Commercial Services | Entire FM","Industrial Cleaning Derby","Professional industrial cleaning across Derby — specialist equipment, certified operatives, and tailored commercial service schedules.","COMPLETE","3 related links","Embedded RFQ + Phone CTA","Service","self","local-services","PASS (Differentiated)","Guarded by BUSINESS-CLAIMS-VERIFICATION.md","RESTORED"
"/industrial-cleaning-leeds","LEGACY_VERIFIED","geographic-service","Leeds","FM / M&E / Cleaning","Commercial","wix-generation-1","Hyper-targeted local service search intent combining Industrial Cleaning with Leeds commercial properties.","Industrial Cleaning Leeds | Specialist Commercial Services | Entire FM","Industrial Cleaning Leeds","Professional industrial cleaning across Leeds — specialist equipment, certified operatives, and tailored commercial service schedules.","COMPLETE","3 related links","Embedded RFQ + Phone CTA","Service","self","local-services","PASS (Differentiated)","Guarded by BUSINESS-CLAIMS-VERIFICATION.md","RESTORED"
"/industrial-cleaning-lincoln","LEGACY_VERIFIED","geographic-service","Lincoln","FM / M&E / Cleaning","Commercial","wix-generation-1","Hyper-targeted local service search intent combining Industrial Cleaning with Lincoln commercial properties.","Industrial Cleaning Lincoln | Specialist Commercial Services | Entire FM","Industrial Cleaning Lincoln","Professional industrial cleaning across Lincoln — specialist equipment, certified operatives, and tailored commercial service schedules.","COMPLETE","3 related links","Embedded RFQ + Phone CTA","Service","self","local-services","PASS (Differentiated)","Guarded by BUSINESS-CLAIMS-VERIFICATION.md","RESTORED"
"/industrial-cleaning-london","LEGACY_VERIFIED","geographic-service","London","FM / M&E / Cleaning","Commercial","wix-generation-1","Hyper-targeted local service search intent combining Industrial Cleaning with London commercial properties.","Industrial Cleaning London | Specialist Commercial Services | Entire FM","Industrial Cleaning London","Professional industrial cleaning across London — specialist equipment, certified operatives, and tailored commercial service schedules.","COMPLETE","3 related links","Embedded RFQ + Phone CTA","Service","self","local-services","PASS (Differentiated)","Guarded by BUSINESS-CLAIMS-VERIFICATION.md","RESTORED"
"/industrial-cleaning-manchester","LEGACY_VERIFIED","geographic-service","Manchester","FM / M&E / Cleaning","Commercial","wix-generation-1","Hyper-targeted local service search intent combining Industrial Cleaning with Manchester commercial properties.","Industrial Cleaning Manchester | Specialist Commercial Services | Entire FM","Industrial Cleaning Manchester","Professional industrial cleaning across Manchester — specialist equipment, certified operatives, and tailored commercial service schedules.","COMPLETE","3 related links","Embedded RFQ + Phone CTA","Service","self","local-services","PASS (Differentiated)","Guarded by BUSINESS-CLAIMS-VERIFICATION.md","RESTORED"
"/industrial-cleaning-nottingham","LEGACY_VERIFIED","geographic-service","Nottingham","FM / M&E / Cleaning","Commercial","wix-generation-1; wix-generation-2","Hyper-targeted local service search intent combining Industrial Cleaning with Nottingham commercial properties.","Industrial Cleaning Nottingham | Specialist Commercial Services | Entire FM","Industrial Cleaning Nottingham","Professional industrial cleaning across Nottingham — specialist equipment, certified operatives, and tailored commercial service schedules.","COMPLETE","3 related links","Embedded RFQ + Phone CTA","Service","self","local-services","PASS (Differentiated)","Guarded by BUSINESS-CLAIMS-VERIFICATION.md","RESTORED"
"/industrial-cleaning-sheffield","LEGACY_VERIFIED","geographic-service","Sheffield","FM / M&E / Cleaning","Commercial","wix-generation-1","Hyper-targeted local service search intent combining Industrial Cleaning with Sheffield commercial properties.","Industrial Cleaning Sheffield | Specialist Commercial Services | Entire FM","Industrial Cleaning Sheffield","Professional industrial cleaning across Sheffield — specialist equipment, certified operatives, and tailored commercial service schedules.","COMPLETE","3 related links","Embedded RFQ + Phone CTA","Service","self","local-services","PASS (Differentiated)","Guarded by BUSINESS-CLAIMS-VERIFICATION.md","RESTORED"
"/industrial-facilities-management","LEGACY_VERIFIED","sector","National","FM / M&E / Cleaning","Commercial","wix-generation-1; wix-generation-2","Sector-specific procurement intent from industrial operations directors seeking experienced FM contractors.","Industrial Facilities Management Solutions | Entire FM","Industrial Facilities Management","Specialized facilities management for the industrial sector — statutory compliance, asset uptime, M&E engineering, and cleaning.","COMPLETE","4 related links","Embedded RFQ + Phone CTA","Service","self","sectors","PASS (Differentiated)","Guarded by BUSINESS-CLAIMS-VERIFICATION.md","RESTORED"
"/industrial-fm-lincoln","LEGACY_VERIFIED","location","Lincoln","FM / M&E / Cleaning","Commercial","wix-generation-1","Regional commercial search intent for facilities management services in Lincoln and surrounding commercial corridors.","Lincoln Facilities Management | Commercial Property Maintenance | Entire FM","Lincoln Facilities Management & Building Maintenance","Entire FM provides dedicated facilities management across Lincoln — hard FM, M&E engineering, PPM, cleaning, and 24/7 reactive callout support.","COMPLETE","4 related links","Embedded RFQ + Phone CTA","LocalBusiness","self","locations","PASS (Differentiated)","Guarded by BUSINESS-CLAIMS-VERIFICATION.md","RESTORED"
"/internal-cleaning","LEGACY_VERIFIED","service","National","FM / M&E / Cleaning","Commercial","wix-generation-1","Commercial navigation or reference intent for Entire FM's internal cleaning.","Internal Cleaning | Entire FM","Internal Cleaning","Entire FM — Internal Cleaning. Dedicated facilities management, mechanical & electrical engineering, and property maintenance services.","COMPLETE","3 related links","Embedded RFQ + Phone CTA","Service","self","cleaning","PASS (Differentiated)","Guarded by BUSINESS-CLAIMS-VERIFICATION.md","RESTORED"
"/items","LEGACY_VERIFIED","company","National","FM / M&E / Cleaning","Commercial","wix-generation-1","Commercial navigation or reference intent for Entire FM's items.","Items | Entire FM","Items","Entire FM — Items. Dedicated facilities management, mechanical & electrical engineering, and property maintenance services.","COMPLETE","3 related links","Embedded RFQ + Phone CTA","Service","self","company","PASS (Differentiated)","Guarded by BUSINESS-CLAIMS-VERIFICATION.md","RESTORED"
"/job-board","LEGACY_VERIFIED","company","National","FM / M&E / Cleaning","Commercial","wix-generation-1","Commercial navigation or reference intent for Entire FM's job board.","Job Board | Entire FM","Job Board","Entire FM — Job Board. Dedicated facilities management, mechanical & electrical engineering, and property maintenance services.","COMPLETE","3 related links","Embedded RFQ + Phone CTA","Service","self","company","PASS (Differentiated)","Guarded by BUSINESS-CLAIMS-VERIFICATION.md","RESTORED"
"/landmark-facilities-management","LEGACY_VERIFIED","sector","National","FM / M&E / Cleaning","Commercial","wix-generation-1; wix-generation-2","Sector-specific procurement intent from landmark operations directors seeking experienced FM contractors.","Landmark Facilities Management Solutions | Entire FM","Landmark Facilities Management","Specialized facilities management for the landmark sector — statutory compliance, asset uptime, M&E engineering, and cleaning.","COMPLETE","4 related links","Embedded RFQ + Phone CTA","Service","self","sectors","PASS (Differentiated)","Guarded by BUSINESS-CLAIMS-VERIFICATION.md","RESTORED"
"/landscaping","LEGACY_VERIFIED","service","National","FM / M&E / Cleaning","Commercial","wix-generation-1","Commercial navigation or reference intent for Entire FM's landscaping.","Landscaping | Entire FM","Landscaping","Entire FM — Landscaping. Dedicated facilities management, mechanical & electrical engineering, and property maintenance services.","COMPLETE","3 related links","Embedded RFQ + Phone CTA","Service","self","soft-fm","PASS (Differentiated)","Guarded by BUSINESS-CLAIMS-VERIFICATION.md","RESTORED"
"/leeds-facilities-management","LEGACY_PROTECTED_BY_DIRECTIVE","location","Leeds","FM / M&E / Cleaning","Commercial","wix-generation-1; wix-generation-2","Regional commercial search intent for facilities management services in Leeds and surrounding commercial corridors.","Leeds Facilities Management | Commercial Property Maintenance | Entire FM","Leeds Facilities Management & Building Maintenance","Entire FM provides dedicated facilities management across Leeds — hard FM, M&E engineering, PPM, cleaning, and 24/7 reactive callout support.","COMPLETE","4 related links","Embedded RFQ + Phone CTA","LocalBusiness","self","locations","PASS (Differentiated)","Guarded by BUSINESS-CLAIMS-VERIFICATION.md","RESTORED"
"/lincoln-facilities-management","LEGACY_PROTECTED_BY_DIRECTIVE","location","Lincoln","FM / M&E / Cleaning","Commercial","wix-generation-1; wix-generation-2","Regional commercial search intent for facilities management services in Lincoln and surrounding commercial corridors.","Lincoln Facilities Management | Commercial Property Maintenance | Entire FM","Lincoln Facilities Management & Building Maintenance","Entire FM provides dedicated facilities management across Lincoln — hard FM, M&E engineering, PPM, cleaning, and 24/7 reactive callout support.","COMPLETE","4 related links","Embedded RFQ + Phone CTA","LocalBusiness","self","locations","PASS (Differentiated)","Guarded by BUSINESS-CLAIMS-VERIFICATION.md","RESTORED"
"/lincoln-facilities-management-areas","LEGACY_VERIFIED","location","Lincoln","FM / M&E / Cleaning","Commercial","wix-generation-1","Regional commercial search intent for facilities management services in Lincoln and surrounding commercial corridors.","Lincoln Facilities Management | Commercial Property Maintenance | Entire FM","Lincoln Facilities Management & Building Maintenance","Entire FM provides dedicated facilities management across Lincoln — hard FM, M&E engineering, PPM, cleaning, and 24/7 reactive callout support.","COMPLETE","4 related links","Embedded RFQ + Phone CTA","LocalBusiness","self","locations","PASS (Differentiated)","Guarded by BUSINESS-CLAIMS-VERIFICATION.md","RESTORED"
"/liverpool-facilities-management","LEGACY_PROTECTED_BY_DIRECTIVE","location","Liverpool","FM / M&E / Cleaning","Commercial","wix-generation-1; wix-generation-2","Regional commercial search intent for facilities management services in Liverpool and surrounding commercial corridors.","Liverpool Facilities Management | Commercial Property Maintenance | Entire FM","Liverpool Facilities Management & Building Maintenance","Entire FM provides dedicated facilities management across Liverpool — hard FM, M&E engineering, PPM, cleaning, and 24/7 reactive callout support.","COMPLETE","4 related links","Embedded RFQ + Phone CTA","LocalBusiness","self","locations","PASS (Differentiated)","Guarded by BUSINESS-CLAIMS-VERIFICATION.md","RESTORED"
"/logistics-facilities-management","LEGACY_VERIFIED","sector","National","FM / M&E / Cleaning","Commercial","wix-generation-1","Sector-specific procurement intent from logistics operations directors seeking experienced FM contractors.","Logistics Facilities Management Solutions | Entire FM","Logistics Facilities Management","Specialized facilities management for the logistics sector — statutory compliance, asset uptime, M&E engineering, and cleaning.","COMPLETE","4 related links","Embedded RFQ + Phone CTA","Service","self","sectors","PASS (Differentiated)","Guarded by BUSINESS-CLAIMS-VERIFICATION.md","RESTORED"
"/london-facilities-management","LEGACY_VERIFIED","location","London","FM / M&E / Cleaning","Commercial","wix-generation-1; wix-generation-2","Institutional search intent from commercial managing agents and corporate property directors seeking portfolio-level governance.","London Facilities Management | Managing Agents & Corporate Estates | Entire FM","London Facilities Management — Strategic Estate Governance & Managing Agent Solutions","Strategic facilities management and building services for managing agents, corporate headquarters, and institutional landlords across London.","COMPLETE","4 related links","Embedded RFQ + Phone CTA","LocalBusiness","self","locations","PASS (Differentiated)","Guarded by BUSINESS-CLAIMS-VERIFICATION.md","RESTORED"
"/london-facilities-management-areas","LEGACY_VERIFIED","location","London","FM / M&E / Cleaning","Commercial","wix-generation-1","Regional commercial search intent for facilities management services in London and surrounding commercial corridors.","London Facilities Management | Commercial Property Maintenance | Entire FM","London Facilities Management & Building Maintenance","Entire FM provides dedicated facilities management across London — hard FM, M&E engineering, PPM, cleaning, and 24/7 reactive callout support.","COMPLETE","4 related links","Embedded RFQ + Phone CTA","LocalBusiness","self","locations","PASS (Differentiated)","Guarded by BUSINESS-CLAIMS-VERIFICATION.md","RESTORED"
"/manchester-facilities-management","LEGACY_PROTECTED_BY_DIRECTIVE","location","Manchester","FM / M&E / Cleaning","Commercial","wix-generation-1; wix-generation-2","Regional commercial search intent for facilities management services in Manchester and surrounding commercial corridors.","Manchester Facilities Management | Commercial Property Maintenance | Entire FM","Manchester Facilities Management & Building Maintenance","Entire FM provides dedicated facilities management across Manchester — hard FM, M&E engineering, PPM, cleaning, and 24/7 reactive callout support.","COMPLETE","4 related links","Embedded RFQ + Phone CTA","LocalBusiness","self","locations","PASS (Differentiated)","Guarded by BUSINESS-CLAIMS-VERIFICATION.md","RESTORED"
"/manchester-facilities-managment","LEGACY_VERIFIED","service","Manchester","FM / M&E / Cleaning","Commercial","wix-generation-1","Commercial navigation or reference intent for Entire FM's manchester facilities managment.","Manchester Facilities Managment | Entire FM","Manchester Facilities Managment","Entire FM — Manchester Facilities Managment. Dedicated facilities management, mechanical & electrical engineering, and property maintenance services.","COMPLETE","3 related links","Embedded RFQ + Phone CTA","Service","self","core","PASS (Differentiated)","Guarded by BUSINESS-CLAIMS-VERIFICATION.md","RESTORED"
"/manchester-office-cleaning","LEGACY_VERIFIED","geographic-service","Manchester","FM / M&E / Cleaning","Commercial","wix-generation-1","Hyper-targeted local service search intent combining Office Cleaning with Manchester commercial properties.","Office Cleaning Manchester | Specialist Commercial Services | Entire FM","Office Cleaning Manchester","Professional office cleaning across Manchester — specialist equipment, certified operatives, and tailored commercial service schedules.","COMPLETE","3 related links","Embedded RFQ + Phone CTA","Service","self","local-services","PASS (Differentiated)","Guarded by BUSINESS-CLAIMS-VERIFICATION.md","RESTORED"
"/mechanical-electrical","LEGACY_VERIFIED","service","National","FM / M&E / Cleaning","Commercial","wix-generation-1; wix-generation-2","High-value search intent from businesses seeking a single accredited contractor for commercial mechanical & electrical engineering.","Mechanical & Electrical Services | M&E Contractor | Entire FM","Mechanical & Electrical (M&E) Services","Entire FM delivers integrated mechanical and electrical engineering across the UK — switchgear, HVAC, emergency lighting, gas safety, and SFG20 PPM.","COMPLETE","6 related links","Embedded RFQ + Phone CTA","Service","self","hard-fm","PASS (Differentiated)","Guarded by BUSINESS-CLAIMS-VERIFICATION.md","RESTORED"
"/mechanical-electrical/access-control","LEGACY_VERIFIED","service","National","FM / M&E / Cleaning","Commercial","wix-generation-2","Commercial navigation or reference intent for Entire FM's mechanical electrical/access control.","Mechanical Electrical/Access Control | Entire FM","Mechanical Electrical/Access Control","Entire FM — Mechanical Electrical/Access Control. Dedicated facilities management, mechanical & electrical engineering, and property maintenance services.","COMPLETE","3 related links","Embedded RFQ + Phone CTA","Service","self","hard-fm","PASS (Differentiated)","Guarded by BUSINESS-CLAIMS-VERIFICATION.md","RESTORED"
"/mechanical-electrical/emergency-light-testing","LEGACY_VERIFIED","service","National","FM / M&E / Cleaning","Commercial","wix-generation-2","Commercial navigation or reference intent for Entire FM's mechanical electrical/emergency light testing.","Mechanical Electrical/Emergency Light Testing | Entire FM","Mechanical Electrical/Emergency Light Testing","Entire FM — Mechanical Electrical/Emergency Light Testing. Dedicated facilities management, mechanical & electrical engineering, and property maintenance services.","COMPLETE","3 related links","Embedded RFQ + Phone CTA","Service","self","hard-fm","PASS (Differentiated)","Guarded by BUSINESS-CLAIMS-VERIFICATION.md","RESTORED"
"/media-digital-displays","LEGACY_VERIFIED","service","National","FM / M&E / Cleaning","Commercial","wix-generation-1","Commercial navigation or reference intent for Entire FM's media digital displays.","Media Digital Displays | Entire FM","Media Digital Displays","Entire FM — Media Digital Displays. Dedicated facilities management, mechanical & electrical engineering, and property maintenance services.","COMPLETE","3 related links","Embedded RFQ + Phone CTA","Service","self","hard-fm","PASS (Differentiated)","Guarded by BUSINESS-CLAIMS-VERIFICATION.md","RESTORED"
"/medical-cleaning","LEGACY_VERIFIED","service","National","FM / M&E / Cleaning","Commercial","wix-generation-1","Commercial navigation or reference intent for Entire FM's medical cleaning.","Medical Cleaning | Entire FM","Medical Cleaning","Entire FM — Medical Cleaning. Dedicated facilities management, mechanical & electrical engineering, and property maintenance services.","COMPLETE","3 related links","Embedded RFQ + Phone CTA","Service","self","cleaning","PASS (Differentiated)","Guarded by BUSINESS-CLAIMS-VERIFICATION.md","RESTORED"
"/mobile-crane-hire","LEGACY_VERIFIED","service","National","FM / M&E / Cleaning","Commercial","wix-generation-2","Commercial navigation or reference intent for Entire FM's mobile crane hire.","Mobile Crane Hire | Entire FM","Mobile Crane Hire","Entire FM — Mobile Crane Hire. Dedicated facilities management, mechanical & electrical engineering, and property maintenance services.","COMPLETE","3 related links","Embedded RFQ + Phone CTA","Service","self","specialist-services","PASS (Differentiated)","Guarded by BUSINESS-CLAIMS-VERIFICATION.md","RESTORED"
"/mobile-crane-hire/chesterfield","LEGACY_VERIFIED","service","Chesterfield","FM / M&E / Cleaning","Commercial","wix-generation-2","Commercial navigation or reference intent for Entire FM's mobile crane hire/chesterfield.","Mobile Crane Hire/Chesterfield | Entire FM","Mobile Crane Hire/Chesterfield","Entire FM — Mobile Crane Hire/Chesterfield. Dedicated facilities management, mechanical & electrical engineering, and property maintenance services.","COMPLETE","3 related links","Embedded RFQ + Phone CTA","Service","self","specialist-services","PASS (Differentiated)","Guarded by BUSINESS-CLAIMS-VERIFICATION.md","RESTORED"
"/mobile-crane-hire/sheffield","LEGACY_VERIFIED","service","Sheffield","FM / M&E / Cleaning","Commercial","wix-generation-2","Commercial navigation or reference intent for Entire FM's mobile crane hire/sheffield.","Mobile Crane Hire/Sheffield | Entire FM","Mobile Crane Hire/Sheffield","Entire FM — Mobile Crane Hire/Sheffield. Dedicated facilities management, mechanical & electrical engineering, and property maintenance services.","COMPLETE","3 related links","Embedded RFQ + Phone CTA","Service","self","specialist-services","PASS (Differentiated)","Guarded by BUSINESS-CLAIMS-VERIFICATION.md","RESTORED"
"/mobile-crane-hire/truck-mount-crane-hire","LEGACY_VERIFIED","service","National","FM / M&E / Cleaning","Commercial","wix-generation-2","Commercial navigation or reference intent for Entire FM's mobile crane hire/truck mount crane hire.","Mobile Crane Hire/Truck Mount Crane Hire | Entire FM","Mobile Crane Hire/Truck Mount Crane Hire","Entire FM — Mobile Crane Hire/Truck Mount Crane Hire. Dedicated facilities management, mechanical & electrical engineering, and property maintenance services.","COMPLETE","3 related links","Embedded RFQ + Phone CTA","Service","self","specialist-services","PASS (Differentiated)","Guarded by BUSINESS-CLAIMS-VERIFICATION.md","RESTORED"
"/nottingham-facilities-management","LEGACY_PROTECTED_BY_DIRECTIVE","location","Nottingham","FM / M&E / Cleaning","Commercial","wix-generation-1; wix-generation-2","Regional commercial search intent for facilities management services in Nottingham and surrounding commercial corridors.","Nottingham Facilities Management | Commercial Property Maintenance | Entire FM","Nottingham Facilities Management & Building Maintenance","Entire FM provides dedicated facilities management across Nottingham — hard FM, M&E engineering, PPM, cleaning, and 24/7 reactive callout support.","COMPLETE","4 related links","Embedded RFQ + Phone CTA","LocalBusiness","self","locations","PASS (Differentiated)","Guarded by BUSINESS-CLAIMS-VERIFICATION.md","RESTORED"
"/office-cleaning","LEGACY_VERIFIED","service","National","FM / M&E / Cleaning","Commercial","wix-generation-1","Commercial navigation or reference intent for Entire FM's office cleaning.","Office Cleaning | Entire FM","Office Cleaning","Entire FM — Office Cleaning. Dedicated facilities management, mechanical & electrical engineering, and property maintenance services.","COMPLETE","3 related links","Embedded RFQ + Phone CTA","Service","self","cleaning","PASS (Differentiated)","Guarded by BUSINESS-CLAIMS-VERIFICATION.md","RESTORED"
"/office-cleaning-lincoln","LEGACY_VERIFIED","geographic-service","Lincoln","FM / M&E / Cleaning","Commercial","wix-generation-1","Hyper-targeted local service search intent combining Office Cleaning with Lincoln commercial properties.","Office Cleaning Lincoln | Specialist Commercial Services | Entire FM","Office Cleaning Lincoln","Professional office cleaning across Lincoln — specialist equipment, certified operatives, and tailored commercial service schedules.","COMPLETE","3 related links","Embedded RFQ + Phone CTA","Service","self","local-services","PASS (Differentiated)","Guarded by BUSINESS-CLAIMS-VERIFICATION.md","RESTORED"
"/office-cleaning-london","LEGACY_VERIFIED","geographic-service","London","FM / M&E / Cleaning","Commercial","wix-generation-1","Hyper-targeted local service search intent combining Office Cleaning with London commercial properties.","Office Cleaning London | Specialist Commercial Services | Entire FM","Office Cleaning London","Professional office cleaning across London — specialist equipment, certified operatives, and tailored commercial service schedules.","COMPLETE","3 related links","Embedded RFQ + Phone CTA","Service","self","local-services","PASS (Differentiated)","Guarded by BUSINESS-CLAIMS-VERIFICATION.md","RESTORED"
"/plumbing-gas","LEGACY_VERIFIED","service","National","FM / M&E / Cleaning","Commercial","wix-generation-1; wix-generation-2","Commercial navigation or reference intent for Entire FM's plumbing gas.","Plumbing Gas | Entire FM","Plumbing Gas","Entire FM — Plumbing Gas. Dedicated facilities management, mechanical & electrical engineering, and property maintenance services.","COMPLETE","3 related links","Embedded RFQ + Phone CTA","Service","self","hard-fm","PASS (Differentiated)","Guarded by BUSINESS-CLAIMS-VERIFICATION.md","RESTORED"
"/portfolio","LEGACY_VERIFIED","company","National","FM / M&E / Cleaning","Commercial","wix-generation-1","Commercial navigation or reference intent for Entire FM's portfolio.","Portfolio | Entire FM","Portfolio","Entire FM — Portfolio. Dedicated facilities management, mechanical & electrical engineering, and property maintenance services.","COMPLETE","3 related links","Embedded RFQ + Phone CTA","Service","self","company","PASS (Differentiated)","Guarded by BUSINESS-CLAIMS-VERIFICATION.md","RESTORED"
"/post/facilities-management-in-different-sectors-similarities-differences-and-the-need-for-agility","LEGACY_VERIFIED","post","National","FM / M&E / Cleaning","Commercial","wix-generation-2","Informational search intent from property professionals researching FM industry best practices and compliance.","Facilities Management In Different Sectors Similarities Differences And The Need For Agility | Facilities Management Insights | Entire FM","Facilities Management In Different Sectors Similarities Differences And The Need For Agility","Read Entire FM’s comprehensive industry guide on facilities management in different sectors similarities differences and the need for agility for UK commercial property and estate managers.","COMPLETE","4 related links","Embedded RFQ + Phone CTA","Article","self","insights","PASS (Differentiated)","Guarded by BUSINESS-CLAIMS-VERIFICATION.md","RESTORED"
"/post/facilities-management-services-in-lincoln","LEGACY_VERIFIED","post","Lincoln","FM / M&E / Cleaning","Commercial","wix-generation-1","Informational search intent from property professionals researching FM industry best practices and compliance.","Facilities Management Services In Lincoln | Facilities Management Insights | Entire FM","Facilities Management Services In Lincoln","Read Entire FM’s comprehensive industry guide on facilities management services in lincoln for UK commercial property and estate managers.","COMPLETE","4 related links","Embedded RFQ + Phone CTA","Article","self","insights","PASS (Differentiated)","Guarded by BUSINESS-CLAIMS-VERIFICATION.md","RESTORED"
"/post/facilities-management-to-birmingham","LEGACY_VERIFIED","post","Birmingham","FM / M&E / Cleaning","Commercial","wix-generation-1","Informational search intent from property professionals researching FM industry best practices and compliance.","Facilities Management To Birmingham | Facilities Management Insights | Entire FM","Facilities Management To Birmingham","Read Entire FM’s comprehensive industry guide on facilities management to birmingham for UK commercial property and estate managers.","COMPLETE","4 related links","Embedded RFQ + Phone CTA","Article","self","insights","PASS (Differentiated)","Guarded by BUSINESS-CLAIMS-VERIFICATION.md","RESTORED"
"/post/the-importance-of-regular-maintenance-and-inspections","LEGACY_VERIFIED","post","National","FM / M&E / Cleaning","Commercial","wix-generation-1; wix-generation-2","Informational search intent from property professionals researching FM industry best practices and compliance.","The Importance Of Regular Maintenance And Inspections | Facilities Management Insights | Entire FM","The Importance Of Regular Maintenance And Inspections","Read Entire FM’s comprehensive industry guide on the importance of regular maintenance and inspections for UK commercial property and estate managers.","COMPLETE","4 related links","Embedded RFQ + Phone CTA","Article","self","insights","PASS (Differentiated)","Guarded by BUSINESS-CLAIMS-VERIFICATION.md","RESTORED"
"/post/the-importance-of-regular-maintenance-and-inspections-1","LEGACY_VERIFIED","post","National","FM / M&E / Cleaning","Commercial","wix-generation-2","Informational search intent from property professionals researching FM industry best practices and compliance.","The Importance Of Regular Maintenance And Inspections 1 | Facilities Management Insights | Entire FM","The Importance Of Regular Maintenance And Inspections 1","Read Entire FM’s comprehensive industry guide on the importance of regular maintenance and inspections 1 for UK commercial property and estate managers.","COMPLETE","4 related links","Embedded RFQ + Phone CTA","Article","self","insights","PASS (Differentiated)","Guarded by BUSINESS-CLAIMS-VERIFICATION.md","RESTORED"
"/post/what-are-hard-services","LEGACY_VERIFIED","post","National","FM / M&E / Cleaning","Commercial","wix-generation-1; wix-generation-2","Informational search intent from property professionals researching FM industry best practices and compliance.","What Are Hard Services | Facilities Management Insights | Entire FM","What Are Hard Services","Read Entire FM’s comprehensive industry guide on what are hard services for UK commercial property and estate managers.","COMPLETE","4 related links","Embedded RFQ + Phone CTA","Article","self","insights","PASS (Differentiated)","Guarded by BUSINESS-CLAIMS-VERIFICATION.md","RESTORED"
"/post/what-are-hard-services-in-facilities-management","LEGACY_VERIFIED","post","National","FM / M&E / Cleaning","Commercial","wix-generation-1; wix-generation-2","Informational search intent from property professionals researching FM industry best practices and compliance.","What Are Hard Services In Facilities Management | Facilities Management Insights | Entire FM","What Are Hard Services In Facilities Management","Read Entire FM’s comprehensive industry guide on what are hard services in facilities management for UK commercial property and estate managers.","COMPLETE","4 related links","Embedded RFQ + Phone CTA","Article","self","insights","PASS (Differentiated)","Guarded by BUSINESS-CLAIMS-VERIFICATION.md","RESTORED"
"/post/what-are-hard-services-in-facilities-management-1","LEGACY_VERIFIED","post","National","FM / M&E / Cleaning","Commercial","wix-generation-2","Informational search intent from property professionals researching FM industry best practices and compliance.","What Are Hard Services In Facilities Management 1 | Facilities Management Insights | Entire FM","What Are Hard Services In Facilities Management 1","Read Entire FM’s comprehensive industry guide on what are hard services in facilities management 1 for UK commercial property and estate managers.","COMPLETE","4 related links","Embedded RFQ + Phone CTA","Article","self","insights","PASS (Differentiated)","Guarded by BUSINESS-CLAIMS-VERIFICATION.md","RESTORED"
"/post/what-is-facilities-management","LEGACY_VERIFIED","post","National","FM / M&E / Cleaning","Commercial","wix-generation-1; wix-generation-2","Informational search intent from property professionals researching FM industry best practices and compliance.","What Is Facilities Management | Facilities Management Insights | Entire FM","What Is Facilities Management","Read Entire FM’s comprehensive industry guide on what is facilities management for UK commercial property and estate managers.","COMPLETE","4 related links","Embedded RFQ + Phone CTA","Article","self","insights","PASS (Differentiated)","Guarded by BUSINESS-CLAIMS-VERIFICATION.md","RESTORED"
"/post/what-is-facilities-management-1","LEGACY_VERIFIED","post","National","FM / M&E / Cleaning","Commercial","wix-generation-1; wix-generation-2","Informational search intent from property professionals researching FM industry best practices and compliance.","What Is Facilities Management 1 | Facilities Management Insights | Entire FM","What Is Facilities Management 1","Read Entire FM’s comprehensive industry guide on what is facilities management 1 for UK commercial property and estate managers.","COMPLETE","4 related links","Embedded RFQ + Phone CTA","Article","self","insights","PASS (Differentiated)","Guarded by BUSINESS-CLAIMS-VERIFICATION.md","RESTORED"
"/post/what-is-facilities-management-1-1","LEGACY_VERIFIED","post","National","FM / M&E / Cleaning","Commercial","wix-generation-2","Informational search intent from property professionals researching FM industry best practices and compliance.","What Is Facilities Management 1 1 | Facilities Management Insights | Entire FM","What Is Facilities Management 1 1","Read Entire FM’s comprehensive industry guide on what is facilities management 1 1 for UK commercial property and estate managers.","COMPLETE","4 related links","Embedded RFQ + Phone CTA","Article","self","insights","PASS (Differentiated)","Guarded by BUSINESS-CLAIMS-VERIFICATION.md","RESTORED"
"/ppm","LEGACY_VERIFIED","service","National","FM / M&E / Cleaning","Commercial","wix-generation-1; wix-generation-2","Search intent from facilities managers seeking structured, preventative asset scheduling to replace reactive breakdown spend.","Planned Preventative Maintenance (PPM) | SFG20 Scheduling | Entire FM","Planned Preventative Maintenance (PPM) Services","Protect building assets and ensure statutory compliance with structured SFG20 planned preventative maintenance (PPM) schedules from Entire FM.","COMPLETE","4 related links","Embedded RFQ + Phone CTA","Service","self","maintenance","PASS (Differentiated)","Guarded by BUSINESS-CLAIMS-VERIFICATION.md","RESTORED"
"/pressure-washing","LEGACY_VERIFIED","service","National","FM / M&E / Cleaning","Commercial","wix-generation-1","Commercial navigation or reference intent for Entire FM's pressure washing.","Pressure Washing | Entire FM","Pressure Washing","Entire FM — Pressure Washing. Dedicated facilities management, mechanical & electrical engineering, and property maintenance services.","COMPLETE","3 related links","Embedded RFQ + Phone CTA","Service","self","cleaning","PASS (Differentiated)","Guarded by BUSINESS-CLAIMS-VERIFICATION.md","RESTORED"
"/pressure-washing-birmingham","LEGACY_VERIFIED","geographic-service","Birmingham","FM / M&E / Cleaning","Commercial","wix-generation-1","Hyper-targeted local service search intent combining Pressure Washing with Birmingham commercial properties.","Pressure Washing Birmingham | Specialist Commercial Services | Entire FM","Pressure Washing Birmingham","Professional pressure washing across Birmingham — specialist equipment, certified operatives, and tailored commercial service schedules.","COMPLETE","3 related links","Embedded RFQ + Phone CTA","Service","self","local-services","PASS (Differentiated)","Guarded by BUSINESS-CLAIMS-VERIFICATION.md","RESTORED"
"/pressure-washing-lincoln","LEGACY_VERIFIED","geographic-service","Lincoln","FM / M&E / Cleaning","Commercial","wix-generation-1","Hyper-targeted local service search intent combining Pressure Washing with Lincoln commercial properties.","Pressure Washing Lincoln | Specialist Commercial Services | Entire FM","Pressure Washing Lincoln","Professional pressure washing across Lincoln — specialist equipment, certified operatives, and tailored commercial service schedules.","COMPLETE","3 related links","Embedded RFQ + Phone CTA","Service","self","local-services","PASS (Differentiated)","Guarded by BUSINESS-CLAIMS-VERIFICATION.md","RESTORED"
"/pressure-washing-london","LEGACY_VERIFIED","geographic-service","London","FM / M&E / Cleaning","Commercial","wix-generation-1","Hyper-targeted local service search intent combining Pressure Washing with London commercial properties.","Pressure Washing London | Specialist Commercial Services | Entire FM","Pressure Washing London","Professional pressure washing across London — specialist equipment, certified operatives, and tailored commercial service schedules.","COMPLETE","3 related links","Embedded RFQ + Phone CTA","Service","self","local-services","PASS (Differentiated)","Guarded by BUSINESS-CLAIMS-VERIFICATION.md","RESTORED"
"/pressure-washing-manchester","LEGACY_VERIFIED","geographic-service","Manchester","FM / M&E / Cleaning","Commercial","wix-generation-1","Hyper-targeted local service search intent combining Pressure Washing with Manchester commercial properties.","Pressure Washing Manchester | Specialist Commercial Services | Entire FM","Pressure Washing Manchester","Professional pressure washing across Manchester — specialist equipment, certified operatives, and tailored commercial service schedules.","COMPLETE","3 related links","Embedded RFQ + Phone CTA","Service","self","local-services","PASS (Differentiated)","Guarded by BUSINESS-CLAIMS-VERIFICATION.md","RESTORED"
"/pressure-washing-sheffield","LEGACY_VERIFIED","geographic-service","Sheffield","FM / M&E / Cleaning","Commercial","wix-generation-1","Hyper-targeted local service search intent combining Pressure Washing with Sheffield commercial properties.","Pressure Washing Sheffield | Specialist Commercial Services | Entire FM","Pressure Washing Sheffield","Professional pressure washing across Sheffield — specialist equipment, certified operatives, and tailored commercial service schedules.","COMPLETE","3 related links","Embedded RFQ + Phone CTA","Service","self","local-services","PASS (Differentiated)","Guarded by BUSINESS-CLAIMS-VERIFICATION.md","RESTORED"
"/privacy-policy","LEGACY_VERIFIED","legal","National","FM / M&E / Cleaning","Commercial","wix-generation-1; wix-generation-2","Commercial navigation or reference intent for Entire FM's privacy policy.","Privacy Policy | Entire FM","Privacy Policy","Entire FM — Privacy Policy. Dedicated facilities management, mechanical & electrical engineering, and property maintenance services.","COMPLETE","3 related links","Embedded RFQ + Phone CTA","Service","self","core","PASS (Differentiated)","Guarded by BUSINESS-CLAIMS-VERIFICATION.md","RESTORED"
"/property-manager-fm-services","LEGACY_VERIFIED","sector","National","FM / M&E / Cleaning","Commercial","wix-generation-1","Sector-specific procurement intent from property manager fm services operations directors seeking experienced FM contractors.","Property Manager Fm Services Facilities Management Solutions | Entire FM","Property Manager Fm Services Facilities Management","Specialized facilities management for the property manager fm services sector — statutory compliance, asset uptime, M&E engineering, and cleaning.","COMPLETE","4 related links","Embedded RFQ + Phone CTA","Service","self","sectors","PASS (Differentiated)","Guarded by BUSINESS-CLAIMS-VERIFICATION.md","RESTORED"
"/public-sector-facilities-management","LEGACY_VERIFIED","sector","National","FM / M&E / Cleaning","Commercial","wix-generation-1","Sector-specific procurement intent from public sector operations directors seeking experienced FM contractors.","Public Sector Facilities Management Solutions | Entire FM","Public Sector Facilities Management","Specialized facilities management for the public sector sector — statutory compliance, asset uptime, M&E engineering, and cleaning.","COMPLETE","4 related links","Embedded RFQ + Phone CTA","Service","self","sectors","PASS (Differentiated)","Guarded by BUSINESS-CLAIMS-VERIFICATION.md","RESTORED"
"/reactive-cleaning-services","LEGACY_VERIFIED","service","National","FM / M&E / Cleaning","Commercial","wix-generation-1","Commercial navigation or reference intent for Entire FM's reactive cleaning services.","Reactive Cleaning Services | Entire FM","Reactive Cleaning Services","Entire FM — Reactive Cleaning Services. Dedicated facilities management, mechanical & electrical engineering, and property maintenance services.","COMPLETE","3 related links","Embedded RFQ + Phone CTA","Service","self","cleaning","PASS (Differentiated)","Guarded by BUSINESS-CLAIMS-VERIFICATION.md","RESTORED"
"/residential-cleaning","LEGACY_VERIFIED","service","National","FM / M&E / Cleaning","Commercial","wix-generation-1","Commercial navigation or reference intent for Entire FM's residential cleaning.","Residential Cleaning | Entire FM","Residential Cleaning","Entire FM — Residential Cleaning. Dedicated facilities management, mechanical & electrical engineering, and property maintenance services.","COMPLETE","3 related links","Embedded RFQ + Phone CTA","Service","self","cleaning","PASS (Differentiated)","Guarded by BUSINESS-CLAIMS-VERIFICATION.md","RESTORED"
"/residential-facilities-management","LEGACY_VERIFIED","sector","National","FM / M&E / Cleaning","Commercial","wix-generation-1; wix-generation-2","Sector-specific procurement intent from residential operations directors seeking experienced FM contractors.","Residential Facilities Management Solutions | Entire FM","Residential Facilities Management","Specialized facilities management for the residential sector — statutory compliance, asset uptime, M&E engineering, and cleaning.","COMPLETE","4 related links","Embedded RFQ + Phone CTA","Service","self","sectors","PASS (Differentiated)","Guarded by BUSINESS-CLAIMS-VERIFICATION.md","RESTORED"
"/residential-fm-lincoln","LEGACY_VERIFIED","location","Lincoln","FM / M&E / Cleaning","Commercial","wix-generation-1","Regional commercial search intent for facilities management services in Lincoln and surrounding commercial corridors.","Lincoln Facilities Management | Commercial Property Maintenance | Entire FM","Lincoln Facilities Management & Building Maintenance","Entire FM provides dedicated facilities management across Lincoln — hard FM, M&E engineering, PPM, cleaning, and 24/7 reactive callout support.","COMPLETE","4 related links","Embedded RFQ + Phone CTA","LocalBusiness","self","locations","PASS (Differentiated)","Guarded by BUSINESS-CLAIMS-VERIFICATION.md","RESTORED"
"/restaurant-facilities-management","LEGACY_VERIFIED","sector","National","FM / M&E / Cleaning","Commercial","wix-generation-1","Sector-specific procurement intent from restaurant operations directors seeking experienced FM contractors.","Restaurant Facilities Management Solutions | Entire FM","Restaurant Facilities Management","Specialized facilities management for the restaurant sector — statutory compliance, asset uptime, M&E engineering, and cleaning.","COMPLETE","4 related links","Embedded RFQ + Phone CTA","Service","self","sectors","PASS (Differentiated)","Guarded by BUSINESS-CLAIMS-VERIFICATION.md","RESTORED"
"/retail-cleaning","LEGACY_VERIFIED","service","National","FM / M&E / Cleaning","Commercial","wix-generation-1","Commercial navigation or reference intent for Entire FM's retail cleaning.","Retail Cleaning | Entire FM","Retail Cleaning","Entire FM — Retail Cleaning. Dedicated facilities management, mechanical & electrical engineering, and property maintenance services.","COMPLETE","3 related links","Embedded RFQ + Phone CTA","Service","self","cleaning","PASS (Differentiated)","Guarded by BUSINESS-CLAIMS-VERIFICATION.md","RESTORED"
"/retail-facilities-management","LEGACY_VERIFIED","sector","National","FM / M&E / Cleaning","Commercial","wix-generation-1; wix-generation-2","Sector-specific procurement intent from retail operations directors seeking experienced FM contractors.","Retail Facilities Management Solutions | Entire FM","Retail Facilities Management","Specialized facilities management for the retail sector — statutory compliance, asset uptime, M&E engineering, and cleaning.","COMPLETE","4 related links","Embedded RFQ + Phone CTA","Service","self","sectors","PASS (Differentiated)","Guarded by BUSINESS-CLAIMS-VERIFICATION.md","RESTORED"
"/retail-fm-lincoln","LEGACY_VERIFIED","location","Lincoln","FM / M&E / Cleaning","Commercial","wix-generation-1","Regional commercial search intent for facilities management services in Lincoln and surrounding commercial corridors.","Lincoln Facilities Management | Commercial Property Maintenance | Entire FM","Lincoln Facilities Management & Building Maintenance","Entire FM provides dedicated facilities management across Lincoln — hard FM, M&E engineering, PPM, cleaning, and 24/7 reactive callout support.","COMPLETE","4 related links","Embedded RFQ + Phone CTA","LocalBusiness","self","locations","PASS (Differentiated)","Guarded by BUSINESS-CLAIMS-VERIFICATION.md","RESTORED"
"/safety-critical-emergency-systems","LEGACY_VERIFIED","service","National","FM / M&E / Cleaning","Commercial","wix-generation-2","Commercial navigation or reference intent for Entire FM's safety critical emergency systems.","Safety Critical Emergency Systems | Entire FM","Safety Critical Emergency Systems","Entire FM — Safety Critical Emergency Systems. Dedicated facilities management, mechanical & electrical engineering, and property maintenance services.","COMPLETE","3 related links","Embedded RFQ + Phone CTA","Service","self","hard-fm","PASS (Differentiated)","Guarded by BUSINESS-CLAIMS-VERIFICATION.md","RESTORED"
"/security-services","LEGACY_VERIFIED","service","National","FM / M&E / Cleaning","Commercial","wix-generation-1","Commercial navigation or reference intent for Entire FM's security services.","Security Services | Entire FM","Security Services","Entire FM — Security Services. Dedicated facilities management, mechanical & electrical engineering, and property maintenance services.","COMPLETE","3 related links","Embedded RFQ + Phone CTA","Service","self","soft-fm","PASS (Differentiated)","Guarded by BUSINESS-CLAIMS-VERIFICATION.md","RESTORED"
"/service-station-fm","LEGACY_VERIFIED","sector","National","FM / M&E / Cleaning","Commercial","wix-generation-1; wix-generation-2","Sector-specific procurement intent from service station operations directors seeking experienced FM contractors.","Service Station Facilities Management Solutions | Entire FM","Service Station Facilities Management","Specialized facilities management for the service station sector — statutory compliance, asset uptime, M&E engineering, and cleaning.","COMPLETE","4 related links","Embedded RFQ + Phone CTA","Service","self","sectors","PASS (Differentiated)","Guarded by BUSINESS-CLAIMS-VERIFICATION.md","RESTORED"
"/services","LEGACY_VERIFIED","company","National","FM / M&E / Cleaning","Commercial","wix-generation-1","Commercial navigation or reference intent for Entire FM's services.","Services | Entire FM","Services","Entire FM — Services. Dedicated facilities management, mechanical & electrical engineering, and property maintenance services.","COMPLETE","3 related links","Embedded RFQ + Phone CTA","Service","self","company","PASS (Differentiated)","Guarded by BUSINESS-CLAIMS-VERIFICATION.md","RESTORED"
"/sheffield-facilities-management","LEGACY_PROTECTED_BY_DIRECTIVE","location","Sheffield","FM / M&E / Cleaning","Commercial","wix-generation-1; wix-generation-2","Regional commercial search intent for facilities management services in Sheffield and surrounding commercial corridors.","Sheffield Facilities Management | Commercial Property Maintenance | Entire FM","Sheffield Facilities Management & Building Maintenance","Entire FM provides dedicated facilities management across Sheffield — hard FM, M&E engineering, PPM, cleaning, and 24/7 reactive callout support.","COMPLETE","4 related links","Embedded RFQ + Phone CTA","LocalBusiness","self","locations","PASS (Differentiated)","Guarded by BUSINESS-CLAIMS-VERIFICATION.md","RESTORED"
"/soft-services","LEGACY_VERIFIED","service","National","FM / M&E / Cleaning","Commercial","wix-generation-1","Commercial navigation or reference intent for Entire FM's soft services.","Soft Services | Entire FM","Soft Services","Entire FM — Soft Services. Dedicated facilities management, mechanical & electrical engineering, and property maintenance services.","COMPLETE","3 related links","Embedded RFQ + Phone CTA","Service","self","soft-fm","PASS (Differentiated)","Guarded by BUSINESS-CLAIMS-VERIFICATION.md","RESTORED"
"/sport-centre-facilities-management","LEGACY_VERIFIED","sector","National","FM / M&E / Cleaning","Commercial","wix-generation-1","Sector-specific procurement intent from sport centre operations directors seeking experienced FM contractors.","Sport Centre Facilities Management Solutions | Entire FM","Sport Centre Facilities Management","Specialized facilities management for the sport centre sector — statutory compliance, asset uptime, M&E engineering, and cleaning.","COMPLETE","4 related links","Embedded RFQ + Phone CTA","Service","self","sectors","PASS (Differentiated)","Guarded by BUSINESS-CLAIMS-VERIFICATION.md","RESTORED"
"/telford-facilities-management","LEGACY_PROTECTED_BY_DIRECTIVE","location","Telford","FM / M&E / Cleaning","Commercial","wix-generation-1; wix-generation-2","Regional commercial search intent for facilities management services in Telford and surrounding commercial corridors.","Telford Facilities Management | Commercial Property Maintenance | Entire FM","Telford Facilities Management & Building Maintenance","Entire FM provides dedicated facilities management across Telford — hard FM, M&E engineering, PPM, cleaning, and 24/7 reactive callout support.","COMPLETE","4 related links","Embedded RFQ + Phone CTA","LocalBusiness","self","locations","PASS (Differentiated)","Guarded by BUSINESS-CLAIMS-VERIFICATION.md","RESTORED"
"/terms-and-conditions","LEGACY_VERIFIED","legal","National","FM / M&E / Cleaning","Commercial","wix-generation-2","Commercial navigation or reference intent for Entire FM's terms and conditions.","Terms And Conditions | Entire FM","Terms And Conditions","Entire FM — Terms And Conditions. Dedicated facilities management, mechanical & electrical engineering, and property maintenance services.","COMPLETE","3 related links","Embedded RFQ + Phone CTA","Service","self","core","PASS (Differentiated)","Guarded by BUSINESS-CLAIMS-VERIFICATION.md","RESTORED"
"/tier-one-facilities-management","LEGACY_VERIFIED","sector","National","FM / M&E / Cleaning","Commercial","wix-generation-2","Sector-specific procurement intent from tier one operations directors seeking experienced FM contractors.","Tier One Facilities Management Solutions | Entire FM","Tier One Facilities Management","Specialized facilities management for the tier one sector — statutory compliance, asset uptime, M&E engineering, and cleaning.","COMPLETE","4 related links","Embedded RFQ + Phone CTA","Service","self","sectors","PASS (Differentiated)","Guarded by BUSINESS-CLAIMS-VERIFICATION.md","RESTORED"
"/tierone-facilities-managment","LEGACY_VERIFIED","sector","National","FM / M&E / Cleaning","Commercial","wix-generation-1","Sector-specific procurement intent from tierone facilities managment operations directors seeking experienced FM contractors.","Tierone Facilities Managment Facilities Management Solutions | Entire FM","Tierone Facilities Managment Facilities Management","Specialized facilities management for the tierone facilities managment sector — statutory compliance, asset uptime, M&E engineering, and cleaning.","COMPLETE","4 related links","Embedded RFQ + Phone CTA","Service","self","sectors","PASS (Differentiated)","Guarded by BUSINESS-CLAIMS-VERIFICATION.md","RESTORED"
"/transport-facilities-management","LEGACY_VERIFIED","sector","National","FM / M&E / Cleaning","Commercial","wix-generation-2","Sector-specific procurement intent from transport operations directors seeking experienced FM contractors.","Transport Facilities Management Solutions | Entire FM","Transport Facilities Management","Specialized facilities management for the transport sector — statutory compliance, asset uptime, M&E engineering, and cleaning.","COMPLETE","4 related links","Embedded RFQ + Phone CTA","Service","self","sectors","PASS (Differentiated)","Guarded by BUSINESS-CLAIMS-VERIFICATION.md","RESTORED"
"/vending-supplier","LEGACY_VERIFIED","service","National","FM / M&E / Cleaning","Commercial","wix-generation-1","Commercial navigation or reference intent for Entire FM's vending supplier.","Vending Supplier | Entire FM","Vending Supplier","Entire FM — Vending Supplier. Dedicated facilities management, mechanical & electrical engineering, and property maintenance services.","COMPLETE","3 related links","Embedded RFQ + Phone CTA","Service","self","soft-fm","PASS (Differentiated)","Guarded by BUSINESS-CLAIMS-VERIFICATION.md","RESTORED"
"/warehouse-facilities-management","LEGACY_VERIFIED","sector","National","FM / M&E / Cleaning","Commercial","wix-generation-2","Sector-specific procurement intent from warehouse operations directors seeking experienced FM contractors.","Warehouse Facilities Management Solutions | Entire FM","Warehouse Facilities Management","Specialized facilities management for the warehouse sector — statutory compliance, asset uptime, M&E engineering, and cleaning.","COMPLETE","4 related links","Embedded RFQ + Phone CTA","Service","self","sectors","PASS (Differentiated)","Guarded by BUSINESS-CLAIMS-VERIFICATION.md","RESTORED"
"/washroom-management","LEGACY_VERIFIED","service","National","FM / M&E / Cleaning","Commercial","wix-generation-1","Commercial navigation or reference intent for Entire FM's washroom management.","Washroom Management | Entire FM","Washroom Management","Entire FM — Washroom Management. Dedicated facilities management, mechanical & electrical engineering, and property maintenance services.","COMPLETE","3 related links","Embedded RFQ + Phone CTA","Service","self","soft-fm","PASS (Differentiated)","Guarded by BUSINESS-CLAIMS-VERIFICATION.md","RESTORED"
"/what-is-facilities-management","LEGACY_VERIFIED","service","National","FM / M&E / Cleaning","Commercial","wix-generation-1","Commercial navigation or reference intent for Entire FM's what is facilities management.","What Is Facilities Management | Entire FM","What Is Facilities Management","Entire FM — What Is Facilities Management. Dedicated facilities management, mechanical & electrical engineering, and property maintenance services.","COMPLETE","3 related links","Embedded RFQ + Phone CTA","Service","self","core","PASS (Differentiated)","Guarded by BUSINESS-CLAIMS-VERIFICATION.md","RESTORED"
"/window-cleaning","LEGACY_VERIFIED","service","National","FM / M&E / Cleaning","Commercial","wix-generation-1","Commercial navigation or reference intent for Entire FM's window cleaning.","Window Cleaning | Entire FM","Window Cleaning","Entire FM — Window Cleaning. Dedicated facilities management, mechanical & electrical engineering, and property maintenance services.","COMPLETE","3 related links","Embedded RFQ + Phone CTA","Service","self","cleaning","PASS (Differentiated)","Guarded by BUSINESS-CLAIMS-VERIFICATION.md","RESTORED"
"/working-at-heights","LEGACY_VERIFIED","service","National","FM / M&E / Cleaning","Commercial","wix-generation-1","Commercial navigation or reference intent for Entire FM's working at heights.","Working At Heights | Entire FM","Working At Heights","Entire FM — Working At Heights. Dedicated facilities management, mechanical & electrical engineering, and property maintenance services.","COMPLETE","3 related links","Embedded RFQ + Phone CTA","Service","self","hard-fm","PASS (Differentiated)","Guarded by BUSINESS-CLAIMS-VERIFICATION.md","RESTORED"