sourcePath,targetPath,targetExistsInRegistry
"/about-entire-facilities-management","/client-login",TRUE
"/about-entire-facilities-management","/",TRUE
"/about-entire-facilities-management","/case-studies",FALSE
"/about-entire-facilities-management","/blog",TRUE
"/about-entire-facilities-management","/about-entire-facilities-management",TRUE
"/about-entire-facilities-management","/contact-us",TRUE
"/about-entire-facilities-management","/mechanical-electrical",TRUE
"/about-entire-facilities-management","/hvac-contractor",TRUE
"/about-entire-facilities-management","/ppm",TRUE
"/about-entire-facilities-management","/hard-services",TRUE
"/about-entire-facilities-management","/plumbing-gas",TRUE
"/about-entire-facilities-management","/fire-emergency-systems",TRUE
"/about-entire-facilities-management","/safety-critical-emergency-systems",TRUE
"/about-entire-facilities-management","/building-maintenance",TRUE
"/about-entire-facilities-management","/mechanical-electrical/emergency-light-testing",TRUE
"/about-entire-facilities-management","/mechanical-electrical/access-control",TRUE
"/about-entire-facilities-management","/aerial-drone-building-inspection",TRUE
"/about-entire-facilities-management","/industrial-cleaning",TRUE
"/about-entire-facilities-management","/cleaning-services",TRUE
"/about-entire-facilities-management","/contract-cleaning",TRUE
"/about-entire-facilities-management","/office-cleaning",TRUE
"/about-entire-facilities-management","/pressure-washing",TRUE
"/about-entire-facilities-management","/window-cleaning",TRUE
"/about-entire-facilities-management","/soft-services",TRUE
"/about-entire-facilities-management","/security-services",TRUE
"/about-entire-facilities-management","/concierge-services",TRUE
"/about-entire-facilities-management","/washroom-management",TRUE
"/about-entire-facilities-management","/grounds-maintenance",TRUE
"/about-entire-facilities-management","/industrial-facilities-management",TRUE
"/about-entire-facilities-management","/commercial-facilities-management",TRUE
"/about-entire-facilities-management","/logistics-facilities-management",TRUE
"/about-entire-facilities-management","/warehouse-facilities-management",TRUE
"/about-entire-facilities-management","/retail-facilities-management",TRUE
"/about-entire-facilities-management","/healthcare-facilities-management",TRUE
"/about-entire-facilities-management","/education-facilities-management",TRUE
"/about-entire-facilities-management","/public-sector-facilities-management",TRUE
"/about-entire-facilities-management","/residential-facilities-management",TRUE
"/about-entire-facilities-management","/hotel-facilities-management",TRUE
"/about-entire-facilities-management","/sectors",FALSE
"/about-entire-facilities-management","/fm-london",TRUE
"/about-entire-facilities-management","/facilities-management-london",TRUE
"/about-entire-facilities-management","/london-facilities-management",TRUE
"/about-entire-facilities-management","/facilities-management-manchester",TRUE
"/about-entire-facilities-management","/facilities-management-birmingham",TRUE
"/about-entire-facilities-management","/facilities-management-sheffield",TRUE
"/about-entire-facilities-management","/facilities-management-leeds",TRUE
"/about-entire-facilities-management","/facilities-management-lincoln",TRUE
"/about-entire-facilities-management","/facilities-management-liverpool",TRUE
"/about-entire-facilities-management","/facilities-management-nottingham",TRUE
"/about-entire-facilities-management","/locations",FALSE
"/about-entire-facilities-management","/privacy-policy",TRUE
"/about-entire-facilities-management","/terms-and-conditions",TRUE
"/about-entire-facilities-management","/accessibility-statement",TRUE
"/about-entire-facilities-management","/helpdesk",TRUE
"/about-entire-facilities-management","/sitemap.xml",FALSE
"/accessibility-statement","/client-login",TRUE
"/accessibility-statement","/",TRUE
"/accessibility-statement","/case-studies",FALSE
"/accessibility-statement","/blog",TRUE
"/accessibility-statement","/about-entire-facilities-management",TRUE
"/accessibility-statement","/contact-us",TRUE
"/accessibility-statement","/privacy-policy",TRUE
"/accessibility-statement","/mechanical-electrical",TRUE
"/accessibility-statement","/hvac-contractor",TRUE
"/accessibility-statement","/ppm",TRUE
"/accessibility-statement","/hard-services",TRUE
"/accessibility-statement","/plumbing-gas",TRUE
"/accessibility-statement","/fire-emergency-systems",TRUE
"/accessibility-statement","/safety-critical-emergency-systems",TRUE
"/accessibility-statement","/building-maintenance",TRUE
"/accessibility-statement","/mechanical-electrical/emergency-light-testing",TRUE
"/accessibility-statement","/mechanical-electrical/access-control",TRUE
"/accessibility-statement","/aerial-drone-building-inspection",TRUE
"/accessibility-statement","/industrial-cleaning",TRUE
"/accessibility-statement","/cleaning-services",TRUE
"/accessibility-statement","/contract-cleaning",TRUE
"/accessibility-statement","/office-cleaning",TRUE
"/accessibility-statement","/pressure-washing",TRUE
"/accessibility-statement","/window-cleaning",TRUE
"/accessibility-statement","/soft-services",TRUE
"/accessibility-statement","/security-services",TRUE
"/accessibility-statement","/concierge-services",TRUE
"/accessibility-statement","/washroom-management",TRUE
"/accessibility-statement","/grounds-maintenance",TRUE
"/accessibility-statement","/industrial-facilities-management",TRUE
"/accessibility-statement","/commercial-facilities-management",TRUE
"/accessibility-statement","/logistics-facilities-management",TRUE
"/accessibility-statement","/warehouse-facilities-management",TRUE
"/accessibility-statement","/retail-facilities-management",TRUE
"/accessibility-statement","/healthcare-facilities-management",TRUE
"/accessibility-statement","/education-facilities-management",TRUE
"/accessibility-statement","/public-sector-facilities-management",TRUE
"/accessibility-statement","/residential-facilities-management",TRUE
"/accessibility-statement","/hotel-facilities-management",TRUE
"/accessibility-statement","/sectors",FALSE
"/accessibility-statement","/fm-london",TRUE
"/accessibility-statement","/facilities-management-london",TRUE
"/accessibility-statement","/london-facilities-management",TRUE
"/accessibility-statement","/facilities-management-manchester",TRUE
"/accessibility-statement","/facilities-management-birmingham",TRUE
"/accessibility-statement","/facilities-management-sheffield",TRUE
"/accessibility-statement","/facilities-management-leeds",TRUE
"/accessibility-statement","/facilities-management-lincoln",TRUE
"/accessibility-statement","/facilities-management-liverpool",TRUE
"/accessibility-statement","/facilities-management-nottingham",TRUE
"/accessibility-statement","/locations",FALSE
"/accessibility-statement","/terms-and-conditions",TRUE
"/accessibility-statement","/accessibility-statement",TRUE
"/accessibility-statement","/helpdesk",TRUE
"/accessibility-statement","/sitemap.xml",FALSE
"/24-7-fm-support","/client-login",TRUE
"/24-7-fm-support","/",TRUE
"/24-7-fm-support","/case-studies",FALSE
"/24-7-fm-support","/blog",TRUE
"/24-7-fm-support","/about-entire-facilities-management",TRUE
"/24-7-fm-support","/contact-us",TRUE
"/24-7-fm-support","/services",TRUE
"/24-7-fm-support","/mechanical-electrical",TRUE
"/24-7-fm-support","/ppm",TRUE
"/24-7-fm-support","/hard-services",TRUE
"/24-7-fm-support","/hvac-contractor",TRUE
"/24-7-fm-support","/plumbing-gas",TRUE
"/24-7-fm-support","/fire-emergency-systems",TRUE
"/24-7-fm-support","/safety-critical-emergency-systems",TRUE
"/24-7-fm-support","/building-maintenance",TRUE
"/24-7-fm-support","/mechanical-electrical/emergency-light-testing",TRUE
"/24-7-fm-support","/mechanical-electrical/access-control",TRUE
"/24-7-fm-support","/aerial-drone-building-inspection",TRUE
"/24-7-fm-support","/industrial-cleaning",TRUE
"/24-7-fm-support","/cleaning-services",TRUE
"/24-7-fm-support","/contract-cleaning",TRUE
"/24-7-fm-support","/office-cleaning",TRUE
"/24-7-fm-support","/pressure-washing",TRUE
"/24-7-fm-support","/window-cleaning",TRUE
"/24-7-fm-support","/soft-services",TRUE
"/24-7-fm-support","/security-services",TRUE
"/24-7-fm-support","/concierge-services",TRUE
"/24-7-fm-support","/washroom-management",TRUE
"/24-7-fm-support","/grounds-maintenance",TRUE
"/24-7-fm-support","/industrial-facilities-management",TRUE
"/24-7-fm-support","/commercial-facilities-management",TRUE
"/24-7-fm-support","/logistics-facilities-management",TRUE
"/24-7-fm-support","/warehouse-facilities-management",TRUE
"/24-7-fm-support","/retail-facilities-management",TRUE
"/24-7-fm-support","/healthcare-facilities-management",TRUE
"/24-7-fm-support","/education-facilities-management",TRUE
"/24-7-fm-support","/public-sector-facilities-management",TRUE
"/24-7-fm-support","/residential-facilities-management",TRUE
"/24-7-fm-support","/hotel-facilities-management",TRUE
"/24-7-fm-support","/sectors",FALSE
"/24-7-fm-support","/fm-london",TRUE
"/24-7-fm-support","/facilities-management-london",TRUE
"/24-7-fm-support","/london-facilities-management",TRUE
"/24-7-fm-support","/facilities-management-manchester",TRUE
"/24-7-fm-support","/facilities-management-birmingham",TRUE
"/24-7-fm-support","/facilities-management-sheffield",TRUE
"/24-7-fm-support","/facilities-management-leeds",TRUE
"/24-7-fm-support","/facilities-management-lincoln",TRUE
"/24-7-fm-support","/facilities-management-liverpool",TRUE
"/24-7-fm-support","/facilities-management-nottingham",TRUE
"/24-7-fm-support","/locations",FALSE
"/24-7-fm-support","/privacy-policy",TRUE
"/24-7-fm-support","/terms-and-conditions",TRUE
"/24-7-fm-support","/accessibility-statement",TRUE
"/24-7-fm-support","/helpdesk",TRUE
"/24-7-fm-support","/sitemap.xml",FALSE
"/aerial-drone-building-inspection","/client-login",TRUE
"/aerial-drone-building-inspection","/",TRUE
"/aerial-drone-building-inspection","/case-studies",FALSE
"/aerial-drone-building-inspection","/blog",TRUE
"/aerial-drone-building-inspection","/about-entire-facilities-management",TRUE
"/aerial-drone-building-inspection","/contact-us",TRUE
"/aerial-drone-building-inspection","/services",TRUE
"/aerial-drone-building-inspection","/mechanical-electrical",TRUE
"/aerial-drone-building-inspection","/ppm",TRUE
"/aerial-drone-building-inspection","/hard-services",TRUE
"/aerial-drone-building-inspection","/hvac-contractor",TRUE
"/aerial-drone-building-inspection","/plumbing-gas",TRUE
"/aerial-drone-building-inspection","/fire-emergency-systems",TRUE
"/aerial-drone-building-inspection","/safety-critical-emergency-systems",TRUE
"/aerial-drone-building-inspection","/building-maintenance",TRUE
"/aerial-drone-building-inspection","/mechanical-electrical/emergency-light-testing",TRUE
"/aerial-drone-building-inspection","/mechanical-electrical/access-control",TRUE
"/aerial-drone-building-inspection","/aerial-drone-building-inspection",TRUE
"/aerial-drone-building-inspection","/industrial-cleaning",TRUE
"/aerial-drone-building-inspection","/cleaning-services",TRUE
"/aerial-drone-building-inspection","/contract-cleaning",TRUE
"/aerial-drone-building-inspection","/office-cleaning",TRUE
"/aerial-drone-building-inspection","/pressure-washing",TRUE
"/aerial-drone-building-inspection","/window-cleaning",TRUE
"/aerial-drone-building-inspection","/soft-services",TRUE
"/aerial-drone-building-inspection","/security-services",TRUE
"/aerial-drone-building-inspection","/concierge-services",TRUE
"/aerial-drone-building-inspection","/washroom-management",TRUE
"/aerial-drone-building-inspection","/grounds-maintenance",TRUE
"/aerial-drone-building-inspection","/industrial-facilities-management",TRUE
"/aerial-drone-building-inspection","/commercial-facilities-management",TRUE
"/aerial-drone-building-inspection","/logistics-facilities-management",TRUE
"/aerial-drone-building-inspection","/warehouse-facilities-management",TRUE
"/aerial-drone-building-inspection","/retail-facilities-management",TRUE
"/aerial-drone-building-inspection","/healthcare-facilities-management",TRUE
"/aerial-drone-building-inspection","/education-facilities-management",TRUE
"/aerial-drone-building-inspection","/public-sector-facilities-management",TRUE
"/aerial-drone-building-inspection","/residential-facilities-management",TRUE
"/aerial-drone-building-inspection","/hotel-facilities-management",TRUE
"/aerial-drone-building-inspection","/sectors",FALSE
"/aerial-drone-building-inspection","/fm-london",TRUE
"/aerial-drone-building-inspection","/facilities-management-london",TRUE
"/aerial-drone-building-inspection","/london-facilities-management",TRUE
"/aerial-drone-building-inspection","/facilities-management-manchester",TRUE
"/aerial-drone-building-inspection","/facilities-management-birmingham",TRUE
"/aerial-drone-building-inspection","/facilities-management-sheffield",TRUE
"/aerial-drone-building-inspection","/facilities-management-leeds",TRUE
"/aerial-drone-building-inspection","/facilities-management-lincoln",TRUE
"/aerial-drone-building-inspection","/facilities-management-liverpool",TRUE
"/aerial-drone-building-inspection","/facilities-management-nottingham",TRUE
"/aerial-drone-building-inspection","/locations",FALSE
"/aerial-drone-building-inspection","/privacy-policy",TRUE
"/aerial-drone-building-inspection","/terms-and-conditions",TRUE
"/aerial-drone-building-inspection","/accessibility-statement",TRUE
"/aerial-drone-building-inspection","/helpdesk",TRUE
"/aerial-drone-building-inspection","/sitemap.xml",FALSE
"/","/client-login",TRUE
"/","/",TRUE
"/","/case-studies",FALSE
"/","/blog",TRUE
"/","/about-entire-facilities-management",TRUE
"/","/contact-us",TRUE
"/","/services",TRUE
"/","/mechanical-electrical",TRUE
"/","/hvac-contractor",TRUE
"/","/ppm",TRUE
"/","/industrial-cleaning",TRUE
"/","/cleaning-services",TRUE
"/","/mobile-crane-hire",TRUE
"/","/sectors",FALSE
"/","/industrial-facilities-management",TRUE
"/","/commercial-facilities-management",TRUE
"/","/logistics-facilities-management",TRUE
"/","/retail-facilities-management",TRUE
"/","/education-facilities-management",TRUE
"/","/healthcare-facilities-management",TRUE
"/","/locations",FALSE
"/","/fm-london",TRUE
"/","/facilities-management-london",TRUE
"/","/facilities-management-manchester",TRUE
"/","/fm-manchester",TRUE
"/","/facilities-management-birmingham",TRUE
"/","/fm-birmingham",TRUE
"/","/facilities-management-sheffield",TRUE
"/","/fm-sheffield",TRUE
"/","/facilities-management-leeds",TRUE
"/","/fm-leeds",TRUE
"/","/facilities-management-lincoln",TRUE
"/","/lincoln-facilities-management",TRUE
"/","/facilities-management-liverpool",TRUE
"/","/fm-liverpool",TRUE
"/","/facilities-management-chesterfield",TRUE
"/","/chesterfield-facilities-management",TRUE
"/","/hard-services",TRUE
"/","/plumbing-gas",TRUE
"/","/fire-emergency-systems",TRUE
"/","/safety-critical-emergency-systems",TRUE
"/","/building-maintenance",TRUE
"/","/mechanical-electrical/emergency-light-testing",TRUE
"/","/mechanical-electrical/access-control",TRUE
"/","/aerial-drone-building-inspection",TRUE
"/","/contract-cleaning",TRUE
"/","/office-cleaning",TRUE
"/","/pressure-washing",TRUE
"/","/window-cleaning",TRUE
"/","/soft-services",TRUE
"/","/security-services",TRUE
"/","/concierge-services",TRUE
"/","/washroom-management",TRUE
"/","/grounds-maintenance",TRUE
"/","/warehouse-facilities-management",TRUE
"/","/public-sector-facilities-management",TRUE
"/","/residential-facilities-management",TRUE
"/","/hotel-facilities-management",TRUE
"/","/london-facilities-management",TRUE
"/","/facilities-management-nottingham",TRUE
"/","/privacy-policy",TRUE
"/","/terms-and-conditions",TRUE
"/","/accessibility-statement",TRUE
"/","/helpdesk",TRUE
"/","/sitemap.xml",FALSE
"/best-facilities-management-company","/client-login",TRUE
"/best-facilities-management-company","/",TRUE
"/best-facilities-management-company","/case-studies",FALSE
"/best-facilities-management-company","/blog",TRUE
"/best-facilities-management-company","/about-entire-facilities-management",TRUE
"/best-facilities-management-company","/contact-us",TRUE
"/best-facilities-management-company","/mechanical-electrical",TRUE
"/best-facilities-management-company","/hvac-contractor",TRUE
"/best-facilities-management-company","/ppm",TRUE
"/best-facilities-management-company","/hard-services",TRUE
"/best-facilities-management-company","/plumbing-gas",TRUE
"/best-facilities-management-company","/fire-emergency-systems",TRUE
"/best-facilities-management-company","/safety-critical-emergency-systems",TRUE
"/best-facilities-management-company","/building-maintenance",TRUE
"/best-facilities-management-company","/mechanical-electrical/emergency-light-testing",TRUE
"/best-facilities-management-company","/mechanical-electrical/access-control",TRUE
"/best-facilities-management-company","/aerial-drone-building-inspection",TRUE
"/best-facilities-management-company","/industrial-cleaning",TRUE
"/best-facilities-management-company","/cleaning-services",TRUE
"/best-facilities-management-company","/contract-cleaning",TRUE
"/best-facilities-management-company","/office-cleaning",TRUE
"/best-facilities-management-company","/pressure-washing",TRUE
"/best-facilities-management-company","/window-cleaning",TRUE
"/best-facilities-management-company","/soft-services",TRUE
"/best-facilities-management-company","/security-services",TRUE
"/best-facilities-management-company","/concierge-services",TRUE
"/best-facilities-management-company","/washroom-management",TRUE
"/best-facilities-management-company","/grounds-maintenance",TRUE
"/best-facilities-management-company","/industrial-facilities-management",TRUE
"/best-facilities-management-company","/commercial-facilities-management",TRUE
"/best-facilities-management-company","/logistics-facilities-management",TRUE
"/best-facilities-management-company","/warehouse-facilities-management",TRUE
"/best-facilities-management-company","/retail-facilities-management",TRUE
"/best-facilities-management-company","/healthcare-facilities-management",TRUE
"/best-facilities-management-company","/education-facilities-management",TRUE
"/best-facilities-management-company","/public-sector-facilities-management",TRUE
"/best-facilities-management-company","/residential-facilities-management",TRUE
"/best-facilities-management-company","/hotel-facilities-management",TRUE
"/best-facilities-management-company","/sectors",FALSE
"/best-facilities-management-company","/fm-london",TRUE
"/best-facilities-management-company","/facilities-management-london",TRUE
"/best-facilities-management-company","/london-facilities-management",TRUE
"/best-facilities-management-company","/facilities-management-manchester",TRUE
"/best-facilities-management-company","/facilities-management-birmingham",TRUE
"/best-facilities-management-company","/facilities-management-sheffield",TRUE
"/best-facilities-management-company","/facilities-management-leeds",TRUE
"/best-facilities-management-company","/facilities-management-lincoln",TRUE
"/best-facilities-management-company","/facilities-management-liverpool",TRUE
"/best-facilities-management-company","/facilities-management-nottingham",TRUE
"/best-facilities-management-company","/locations",FALSE
"/best-facilities-management-company","/privacy-policy",TRUE
"/best-facilities-management-company","/terms-and-conditions",TRUE
"/best-facilities-management-company","/accessibility-statement",TRUE
"/best-facilities-management-company","/helpdesk",TRUE
"/best-facilities-management-company","/sitemap.xml",FALSE
"/blog","/client-login",TRUE
"/blog","/",TRUE
"/blog","/case-studies",FALSE
"/blog","/blog",TRUE
"/blog","/about-entire-facilities-management",TRUE
"/blog","/contact-us",TRUE
"/blog","/mechanical-electrical",TRUE
"/blog","/ppm",TRUE
"/blog","/hard-services",TRUE
"/blog","/hvac-contractor",TRUE
"/blog","/plumbing-gas",TRUE
"/blog","/fire-emergency-systems",TRUE
"/blog","/safety-critical-emergency-systems",TRUE
"/blog","/building-maintenance",TRUE
"/blog","/mechanical-electrical/emergency-light-testing",TRUE
"/blog","/mechanical-electrical/access-control",TRUE
"/blog","/aerial-drone-building-inspection",TRUE
"/blog","/industrial-cleaning",TRUE
"/blog","/cleaning-services",TRUE
"/blog","/contract-cleaning",TRUE
"/blog","/office-cleaning",TRUE
"/blog","/pressure-washing",TRUE
"/blog","/window-cleaning",TRUE
"/blog","/soft-services",TRUE
"/blog","/security-services",TRUE
"/blog","/concierge-services",TRUE
"/blog","/washroom-management",TRUE
"/blog","/grounds-maintenance",TRUE
"/blog","/industrial-facilities-management",TRUE
"/blog","/commercial-facilities-management",TRUE
"/blog","/logistics-facilities-management",TRUE
"/blog","/warehouse-facilities-management",TRUE
"/blog","/retail-facilities-management",TRUE
"/blog","/healthcare-facilities-management",TRUE
"/blog","/education-facilities-management",TRUE
"/blog","/public-sector-facilities-management",TRUE
"/blog","/residential-facilities-management",TRUE
"/blog","/hotel-facilities-management",TRUE
"/blog","/sectors",FALSE
"/blog","/fm-london",TRUE
"/blog","/facilities-management-london",TRUE
"/blog","/london-facilities-management",TRUE
"/blog","/facilities-management-manchester",TRUE
"/blog","/facilities-management-birmingham",TRUE
"/blog","/facilities-management-sheffield",TRUE
"/blog","/facilities-management-leeds",TRUE
"/blog","/facilities-management-lincoln",TRUE
"/blog","/facilities-management-liverpool",TRUE
"/blog","/facilities-management-nottingham",TRUE
"/blog","/locations",FALSE
"/blog","/privacy-policy",TRUE
"/blog","/terms-and-conditions",TRUE
"/blog","/accessibility-statement",TRUE
"/blog","/helpdesk",TRUE
"/blog","/sitemap.xml",FALSE
"/airport-facilities-management","/client-login",TRUE
"/airport-facilities-management","/",TRUE
"/airport-facilities-management","/case-studies",FALSE
"/airport-facilities-management","/blog",TRUE
"/airport-facilities-management","/about-entire-facilities-management",TRUE
"/airport-facilities-management","/contact-us",TRUE
"/airport-facilities-management","/sectors",FALSE
"/airport-facilities-management","/mechanical-electrical",TRUE
"/airport-facilities-management","/ppm",TRUE
"/airport-facilities-management","/hard-services",TRUE
"/airport-facilities-management","/hvac-contractor",TRUE
"/airport-facilities-management","/plumbing-gas",TRUE
"/airport-facilities-management","/fire-emergency-systems",TRUE
"/airport-facilities-management","/safety-critical-emergency-systems",TRUE
"/airport-facilities-management","/building-maintenance",TRUE
"/airport-facilities-management","/mechanical-electrical/emergency-light-testing",TRUE
"/airport-facilities-management","/mechanical-electrical/access-control",TRUE
"/airport-facilities-management","/aerial-drone-building-inspection",TRUE
"/airport-facilities-management","/industrial-cleaning",TRUE
"/airport-facilities-management","/cleaning-services",TRUE
"/airport-facilities-management","/contract-cleaning",TRUE
"/airport-facilities-management","/office-cleaning",TRUE
"/airport-facilities-management","/pressure-washing",TRUE
"/airport-facilities-management","/window-cleaning",TRUE
"/airport-facilities-management","/soft-services",TRUE
"/airport-facilities-management","/security-services",TRUE
"/airport-facilities-management","/concierge-services",TRUE
"/airport-facilities-management","/washroom-management",TRUE
"/airport-facilities-management","/grounds-maintenance",TRUE
"/airport-facilities-management","/industrial-facilities-management",TRUE
"/airport-facilities-management","/commercial-facilities-management",TRUE
"/airport-facilities-management","/logistics-facilities-management",TRUE
"/airport-facilities-management","/warehouse-facilities-management",TRUE
"/airport-facilities-management","/retail-facilities-management",TRUE
"/airport-facilities-management","/healthcare-facilities-management",TRUE
"/airport-facilities-management","/education-facilities-management",TRUE
"/airport-facilities-management","/public-sector-facilities-management",TRUE
"/airport-facilities-management","/residential-facilities-management",TRUE
"/airport-facilities-management","/hotel-facilities-management",TRUE
"/airport-facilities-management","/fm-london",TRUE
"/airport-facilities-management","/facilities-management-london",TRUE
"/airport-facilities-management","/london-facilities-management",TRUE
"/airport-facilities-management","/facilities-management-manchester",TRUE
"/airport-facilities-management","/facilities-management-birmingham",TRUE
"/airport-facilities-management","/facilities-management-sheffield",TRUE
"/airport-facilities-management","/facilities-management-leeds",TRUE
"/airport-facilities-management","/facilities-management-lincoln",TRUE
"/airport-facilities-management","/facilities-management-liverpool",TRUE
"/airport-facilities-management","/facilities-management-nottingham",TRUE
"/airport-facilities-management","/locations",FALSE
"/airport-facilities-management","/privacy-policy",TRUE
"/airport-facilities-management","/terms-and-conditions",TRUE
"/airport-facilities-management","/accessibility-statement",TRUE
"/airport-facilities-management","/helpdesk",TRUE
"/airport-facilities-management","/sitemap.xml",FALSE
"/birmingham-facilities-management","/client-login",TRUE
"/birmingham-facilities-management","/",TRUE
"/birmingham-facilities-management","/case-studies",FALSE
"/birmingham-facilities-management","/blog",TRUE
"/birmingham-facilities-management","/about-entire-facilities-management",TRUE
"/birmingham-facilities-management","/contact-us",TRUE
"/birmingham-facilities-management","/locations",FALSE
"/birmingham-facilities-management","/mechanical-electrical",TRUE
"/birmingham-facilities-management","/ppm",TRUE
"/birmingham-facilities-management","/hard-services",TRUE
"/birmingham-facilities-management","/hvac-contractor",TRUE
"/birmingham-facilities-management","/plumbing-gas",TRUE
"/birmingham-facilities-management","/fire-emergency-systems",TRUE
"/birmingham-facilities-management","/safety-critical-emergency-systems",TRUE
"/birmingham-facilities-management","/building-maintenance",TRUE
"/birmingham-facilities-management","/mechanical-electrical/emergency-light-testing",TRUE
"/birmingham-facilities-management","/mechanical-electrical/access-control",TRUE
"/birmingham-facilities-management","/aerial-drone-building-inspection",TRUE
"/birmingham-facilities-management","/industrial-cleaning",TRUE
"/birmingham-facilities-management","/cleaning-services",TRUE
"/birmingham-facilities-management","/contract-cleaning",TRUE
"/birmingham-facilities-management","/office-cleaning",TRUE
"/birmingham-facilities-management","/pressure-washing",TRUE
"/birmingham-facilities-management","/window-cleaning",TRUE
"/birmingham-facilities-management","/soft-services",TRUE
"/birmingham-facilities-management","/security-services",TRUE
"/birmingham-facilities-management","/concierge-services",TRUE
"/birmingham-facilities-management","/washroom-management",TRUE
"/birmingham-facilities-management","/grounds-maintenance",TRUE
"/birmingham-facilities-management","/industrial-facilities-management",TRUE
"/birmingham-facilities-management","/commercial-facilities-management",TRUE
"/birmingham-facilities-management","/logistics-facilities-management",TRUE
"/birmingham-facilities-management","/warehouse-facilities-management",TRUE
"/birmingham-facilities-management","/retail-facilities-management",TRUE
"/birmingham-facilities-management","/healthcare-facilities-management",TRUE
"/birmingham-facilities-management","/education-facilities-management",TRUE
"/birmingham-facilities-management","/public-sector-facilities-management",TRUE
"/birmingham-facilities-management","/residential-facilities-management",TRUE
"/birmingham-facilities-management","/hotel-facilities-management",TRUE
"/birmingham-facilities-management","/sectors",FALSE
"/birmingham-facilities-management","/fm-london",TRUE
"/birmingham-facilities-management","/facilities-management-london",TRUE
"/birmingham-facilities-management","/london-facilities-management",TRUE
"/birmingham-facilities-management","/facilities-management-manchester",TRUE
"/birmingham-facilities-management","/facilities-management-birmingham",TRUE
"/birmingham-facilities-management","/facilities-management-sheffield",TRUE
"/birmingham-facilities-management","/facilities-management-leeds",TRUE
"/birmingham-facilities-management","/facilities-management-lincoln",TRUE
"/birmingham-facilities-management","/facilities-management-liverpool",TRUE
"/birmingham-facilities-management","/facilities-management-nottingham",TRUE
"/birmingham-facilities-management","/privacy-policy",TRUE
"/birmingham-facilities-management","/terms-and-conditions",TRUE
"/birmingham-facilities-management","/accessibility-statement",TRUE
"/birmingham-facilities-management","/helpdesk",TRUE
"/birmingham-facilities-management","/sitemap.xml",FALSE
"/arena-facilities-management","/client-login",TRUE
"/arena-facilities-management","/",TRUE
"/arena-facilities-management","/case-studies",FALSE
"/arena-facilities-management","/blog",TRUE
"/arena-facilities-management","/about-entire-facilities-management",TRUE
"/arena-facilities-management","/contact-us",TRUE
"/arena-facilities-management","/sectors",FALSE
"/arena-facilities-management","/mechanical-electrical",TRUE
"/arena-facilities-management","/ppm",TRUE
"/arena-facilities-management","/hard-services",TRUE
"/arena-facilities-management","/hvac-contractor",TRUE
"/arena-facilities-management","/plumbing-gas",TRUE
"/arena-facilities-management","/fire-emergency-systems",TRUE
"/arena-facilities-management","/safety-critical-emergency-systems",TRUE
"/arena-facilities-management","/building-maintenance",TRUE
"/arena-facilities-management","/mechanical-electrical/emergency-light-testing",TRUE
"/arena-facilities-management","/mechanical-electrical/access-control",TRUE
"/arena-facilities-management","/aerial-drone-building-inspection",TRUE
"/arena-facilities-management","/industrial-cleaning",TRUE
"/arena-facilities-management","/cleaning-services",TRUE
"/arena-facilities-management","/contract-cleaning",TRUE
"/arena-facilities-management","/office-cleaning",TRUE
"/arena-facilities-management","/pressure-washing",TRUE
"/arena-facilities-management","/window-cleaning",TRUE
"/arena-facilities-management","/soft-services",TRUE
"/arena-facilities-management","/security-services",TRUE
"/arena-facilities-management","/concierge-services",TRUE
"/arena-facilities-management","/washroom-management",TRUE
"/arena-facilities-management","/grounds-maintenance",TRUE
"/arena-facilities-management","/industrial-facilities-management",TRUE
"/arena-facilities-management","/commercial-facilities-management",TRUE
"/arena-facilities-management","/logistics-facilities-management",TRUE
"/arena-facilities-management","/warehouse-facilities-management",TRUE
"/arena-facilities-management","/retail-facilities-management",TRUE
"/arena-facilities-management","/healthcare-facilities-management",TRUE
"/arena-facilities-management","/education-facilities-management",TRUE
"/arena-facilities-management","/public-sector-facilities-management",TRUE
"/arena-facilities-management","/residential-facilities-management",TRUE
"/arena-facilities-management","/hotel-facilities-management",TRUE
"/arena-facilities-management","/fm-london",TRUE
"/arena-facilities-management","/facilities-management-london",TRUE
"/arena-facilities-management","/london-facilities-management",TRUE
"/arena-facilities-management","/facilities-management-manchester",TRUE
"/arena-facilities-management","/facilities-management-birmingham",TRUE
"/arena-facilities-management","/facilities-management-sheffield",TRUE
"/arena-facilities-management","/facilities-management-leeds",TRUE
"/arena-facilities-management","/facilities-management-lincoln",TRUE
"/arena-facilities-management","/facilities-management-liverpool",TRUE
"/arena-facilities-management","/facilities-management-nottingham",TRUE
"/arena-facilities-management","/locations",FALSE
"/arena-facilities-management","/privacy-policy",TRUE
"/arena-facilities-management","/terms-and-conditions",TRUE
"/arena-facilities-management","/accessibility-statement",TRUE
"/arena-facilities-management","/helpdesk",TRUE
"/arena-facilities-management","/sitemap.xml",FALSE
"/building-inspecting-testing","/client-login",TRUE
"/building-inspecting-testing","/",TRUE
"/building-inspecting-testing","/case-studies",FALSE
"/building-inspecting-testing","/blog",TRUE
"/building-inspecting-testing","/about-entire-facilities-management",TRUE
"/building-inspecting-testing","/contact-us",TRUE
"/building-inspecting-testing","/services",TRUE
"/building-inspecting-testing","/mechanical-electrical",TRUE
"/building-inspecting-testing","/ppm",TRUE
"/building-inspecting-testing","/hard-services",TRUE
"/building-inspecting-testing","/hvac-contractor",TRUE
"/building-inspecting-testing","/plumbing-gas",TRUE
"/building-inspecting-testing","/fire-emergency-systems",TRUE
"/building-inspecting-testing","/safety-critical-emergency-systems",TRUE
"/building-inspecting-testing","/building-maintenance",TRUE
"/building-inspecting-testing","/mechanical-electrical/emergency-light-testing",TRUE
"/building-inspecting-testing","/mechanical-electrical/access-control",TRUE
"/building-inspecting-testing","/aerial-drone-building-inspection",TRUE
"/building-inspecting-testing","/industrial-cleaning",TRUE
"/building-inspecting-testing","/cleaning-services",TRUE
"/building-inspecting-testing","/contract-cleaning",TRUE
"/building-inspecting-testing","/office-cleaning",TRUE
"/building-inspecting-testing","/pressure-washing",TRUE
"/building-inspecting-testing","/window-cleaning",TRUE
"/building-inspecting-testing","/soft-services",TRUE
"/building-inspecting-testing","/security-services",TRUE
"/building-inspecting-testing","/concierge-services",TRUE
"/building-inspecting-testing","/washroom-management",TRUE
"/building-inspecting-testing","/grounds-maintenance",TRUE
"/building-inspecting-testing","/industrial-facilities-management",TRUE
"/building-inspecting-testing","/commercial-facilities-management",TRUE
"/building-inspecting-testing","/logistics-facilities-management",TRUE
"/building-inspecting-testing","/warehouse-facilities-management",TRUE
"/building-inspecting-testing","/retail-facilities-management",TRUE
"/building-inspecting-testing","/healthcare-facilities-management",TRUE
"/building-inspecting-testing","/education-facilities-management",TRUE
"/building-inspecting-testing","/public-sector-facilities-management",TRUE
"/building-inspecting-testing","/residential-facilities-management",TRUE
"/building-inspecting-testing","/hotel-facilities-management",TRUE
"/building-inspecting-testing","/sectors",FALSE
"/building-inspecting-testing","/fm-london",TRUE
"/building-inspecting-testing","/facilities-management-london",TRUE
"/building-inspecting-testing","/london-facilities-management",TRUE
"/building-inspecting-testing","/facilities-management-manchester",TRUE
"/building-inspecting-testing","/facilities-management-birmingham",TRUE
"/building-inspecting-testing","/facilities-management-sheffield",TRUE
"/building-inspecting-testing","/facilities-management-leeds",TRUE
"/building-inspecting-testing","/facilities-management-lincoln",TRUE
"/building-inspecting-testing","/facilities-management-liverpool",TRUE
"/building-inspecting-testing","/facilities-management-nottingham",TRUE
"/building-inspecting-testing","/locations",FALSE
"/building-inspecting-testing","/privacy-policy",TRUE
"/building-inspecting-testing","/terms-and-conditions",TRUE
"/building-inspecting-testing","/accessibility-statement",TRUE
"/building-inspecting-testing","/helpdesk",TRUE
"/building-inspecting-testing","/sitemap.xml",FALSE
"/bolton-facilities-management","/client-login",TRUE
"/bolton-facilities-management","/",TRUE
"/bolton-facilities-management","/case-studies",FALSE
"/bolton-facilities-management","/blog",TRUE
"/bolton-facilities-management","/about-entire-facilities-management",TRUE
"/bolton-facilities-management","/contact-us",TRUE
"/bolton-facilities-management","/locations",FALSE
"/bolton-facilities-management","/mechanical-electrical",TRUE
"/bolton-facilities-management","/ppm",TRUE
"/bolton-facilities-management","/hard-services",TRUE
"/bolton-facilities-management","/hvac-contractor",TRUE
"/bolton-facilities-management","/plumbing-gas",TRUE
"/bolton-facilities-management","/fire-emergency-systems",TRUE
"/bolton-facilities-management","/safety-critical-emergency-systems",TRUE
"/bolton-facilities-management","/building-maintenance",TRUE
"/bolton-facilities-management","/mechanical-electrical/emergency-light-testing",TRUE
"/bolton-facilities-management","/mechanical-electrical/access-control",TRUE
"/bolton-facilities-management","/aerial-drone-building-inspection",TRUE
"/bolton-facilities-management","/industrial-cleaning",TRUE
"/bolton-facilities-management","/cleaning-services",TRUE
"/bolton-facilities-management","/contract-cleaning",TRUE
"/bolton-facilities-management","/office-cleaning",TRUE
"/bolton-facilities-management","/pressure-washing",TRUE
"/bolton-facilities-management","/window-cleaning",TRUE
"/bolton-facilities-management","/soft-services",TRUE
"/bolton-facilities-management","/security-services",TRUE
"/bolton-facilities-management","/concierge-services",TRUE
"/bolton-facilities-management","/washroom-management",TRUE
"/bolton-facilities-management","/grounds-maintenance",TRUE
"/bolton-facilities-management","/industrial-facilities-management",TRUE
"/bolton-facilities-management","/commercial-facilities-management",TRUE
"/bolton-facilities-management","/logistics-facilities-management",TRUE
"/bolton-facilities-management","/warehouse-facilities-management",TRUE
"/bolton-facilities-management","/retail-facilities-management",TRUE
"/bolton-facilities-management","/healthcare-facilities-management",TRUE
"/bolton-facilities-management","/education-facilities-management",TRUE
"/bolton-facilities-management","/public-sector-facilities-management",TRUE
"/bolton-facilities-management","/residential-facilities-management",TRUE
"/bolton-facilities-management","/hotel-facilities-management",TRUE
"/bolton-facilities-management","/sectors",FALSE
"/bolton-facilities-management","/fm-london",TRUE
"/bolton-facilities-management","/facilities-management-london",TRUE
"/bolton-facilities-management","/london-facilities-management",TRUE
"/bolton-facilities-management","/facilities-management-manchester",TRUE
"/bolton-facilities-management","/facilities-management-birmingham",TRUE
"/bolton-facilities-management","/facilities-management-sheffield",TRUE
"/bolton-facilities-management","/facilities-management-leeds",TRUE
"/bolton-facilities-management","/facilities-management-lincoln",TRUE
"/bolton-facilities-management","/facilities-management-liverpool",TRUE
"/bolton-facilities-management","/facilities-management-nottingham",TRUE
"/bolton-facilities-management","/privacy-policy",TRUE
"/bolton-facilities-management","/terms-and-conditions",TRUE
"/bolton-facilities-management","/accessibility-statement",TRUE
"/bolton-facilities-management","/helpdesk",TRUE
"/bolton-facilities-management","/sitemap.xml",FALSE
"/building-maintenance","/client-login",TRUE
"/building-maintenance","/",TRUE
"/building-maintenance","/case-studies",FALSE
"/building-maintenance","/blog",TRUE
"/building-maintenance","/about-entire-facilities-management",TRUE
"/building-maintenance","/contact-us",TRUE
"/building-maintenance","/services",TRUE
"/building-maintenance","/mechanical-electrical",TRUE
"/building-maintenance","/ppm",TRUE
"/building-maintenance","/hard-services",TRUE
"/building-maintenance","/hvac-contractor",TRUE
"/building-maintenance","/plumbing-gas",TRUE
"/building-maintenance","/fire-emergency-systems",TRUE
"/building-maintenance","/safety-critical-emergency-systems",TRUE
"/building-maintenance","/building-maintenance",TRUE
"/building-maintenance","/mechanical-electrical/emergency-light-testing",TRUE
"/building-maintenance","/mechanical-electrical/access-control",TRUE
"/building-maintenance","/aerial-drone-building-inspection",TRUE
"/building-maintenance","/industrial-cleaning",TRUE
"/building-maintenance","/cleaning-services",TRUE
"/building-maintenance","/contract-cleaning",TRUE
"/building-maintenance","/office-cleaning",TRUE
"/building-maintenance","/pressure-washing",TRUE
"/building-maintenance","/window-cleaning",TRUE
"/building-maintenance","/soft-services",TRUE
"/building-maintenance","/security-services",TRUE
"/building-maintenance","/concierge-services",TRUE
"/building-maintenance","/washroom-management",TRUE
"/building-maintenance","/grounds-maintenance",TRUE
"/building-maintenance","/industrial-facilities-management",TRUE
"/building-maintenance","/commercial-facilities-management",TRUE
"/building-maintenance","/logistics-facilities-management",TRUE
"/building-maintenance","/warehouse-facilities-management",TRUE
"/building-maintenance","/retail-facilities-management",TRUE
"/building-maintenance","/healthcare-facilities-management",TRUE
"/building-maintenance","/education-facilities-management",TRUE
"/building-maintenance","/public-sector-facilities-management",TRUE
"/building-maintenance","/residential-facilities-management",TRUE
"/building-maintenance","/hotel-facilities-management",TRUE
"/building-maintenance","/sectors",FALSE
"/building-maintenance","/fm-london",TRUE
"/building-maintenance","/facilities-management-london",TRUE
"/building-maintenance","/london-facilities-management",TRUE
"/building-maintenance","/facilities-management-manchester",TRUE
"/building-maintenance","/facilities-management-birmingham",TRUE
"/building-maintenance","/facilities-management-sheffield",TRUE
"/building-maintenance","/facilities-management-leeds",TRUE
"/building-maintenance","/facilities-management-lincoln",TRUE
"/building-maintenance","/facilities-management-liverpool",TRUE
"/building-maintenance","/facilities-management-nottingham",TRUE
"/building-maintenance","/locations",FALSE
"/building-maintenance","/privacy-policy",TRUE
"/building-maintenance","/terms-and-conditions",TRUE
"/building-maintenance","/accessibility-statement",TRUE
"/building-maintenance","/helpdesk",TRUE
"/building-maintenance","/sitemap.xml",FALSE
"/bradford-facilities-management","/client-login",TRUE
"/bradford-facilities-management","/",TRUE
"/bradford-facilities-management","/case-studies",FALSE
"/bradford-facilities-management","/blog",TRUE
"/bradford-facilities-management","/about-entire-facilities-management",TRUE
"/bradford-facilities-management","/contact-us",TRUE
"/bradford-facilities-management","/locations",FALSE
"/bradford-facilities-management","/mechanical-electrical",TRUE
"/bradford-facilities-management","/ppm",TRUE
"/bradford-facilities-management","/hard-services",TRUE
"/bradford-facilities-management","/hvac-contractor",TRUE
"/bradford-facilities-management","/plumbing-gas",TRUE
"/bradford-facilities-management","/fire-emergency-systems",TRUE
"/bradford-facilities-management","/safety-critical-emergency-systems",TRUE
"/bradford-facilities-management","/building-maintenance",TRUE
"/bradford-facilities-management","/mechanical-electrical/emergency-light-testing",TRUE
"/bradford-facilities-management","/mechanical-electrical/access-control",TRUE
"/bradford-facilities-management","/aerial-drone-building-inspection",TRUE
"/bradford-facilities-management","/industrial-cleaning",TRUE
"/bradford-facilities-management","/cleaning-services",TRUE
"/bradford-facilities-management","/contract-cleaning",TRUE
"/bradford-facilities-management","/office-cleaning",TRUE
"/bradford-facilities-management","/pressure-washing",TRUE
"/bradford-facilities-management","/window-cleaning",TRUE
"/bradford-facilities-management","/soft-services",TRUE
"/bradford-facilities-management","/security-services",TRUE
"/bradford-facilities-management","/concierge-services",TRUE
"/bradford-facilities-management","/washroom-management",TRUE
"/bradford-facilities-management","/grounds-maintenance",TRUE
"/bradford-facilities-management","/industrial-facilities-management",TRUE
"/bradford-facilities-management","/commercial-facilities-management",TRUE
"/bradford-facilities-management","/logistics-facilities-management",TRUE
"/bradford-facilities-management","/warehouse-facilities-management",TRUE
"/bradford-facilities-management","/retail-facilities-management",TRUE
"/bradford-facilities-management","/healthcare-facilities-management",TRUE
"/bradford-facilities-management","/education-facilities-management",TRUE
"/bradford-facilities-management","/public-sector-facilities-management",TRUE
"/bradford-facilities-management","/residential-facilities-management",TRUE
"/bradford-facilities-management","/hotel-facilities-management",TRUE
"/bradford-facilities-management","/sectors",FALSE
"/bradford-facilities-management","/fm-london",TRUE
"/bradford-facilities-management","/facilities-management-london",TRUE
"/bradford-facilities-management","/london-facilities-management",TRUE
"/bradford-facilities-management","/facilities-management-manchester",TRUE
"/bradford-facilities-management","/facilities-management-birmingham",TRUE
"/bradford-facilities-management","/facilities-management-sheffield",TRUE
"/bradford-facilities-management","/facilities-management-leeds",TRUE
"/bradford-facilities-management","/facilities-management-lincoln",TRUE
"/bradford-facilities-management","/facilities-management-liverpool",TRUE
"/bradford-facilities-management","/facilities-management-nottingham",TRUE
"/bradford-facilities-management","/privacy-policy",TRUE
"/bradford-facilities-management","/terms-and-conditions",TRUE
"/bradford-facilities-management","/accessibility-statement",TRUE
"/bradford-facilities-management","/helpdesk",TRUE
"/bradford-facilities-management","/sitemap.xml",FALSE
"/bocker-crane-hire","/client-login",TRUE
"/bocker-crane-hire","/",TRUE
"/bocker-crane-hire","/case-studies",FALSE
"/bocker-crane-hire","/blog",TRUE
"/bocker-crane-hire","/about-entire-facilities-management",TRUE
"/bocker-crane-hire","/contact-us",TRUE
"/bocker-crane-hire","/services",TRUE
"/bocker-crane-hire","/mechanical-electrical",TRUE
"/bocker-crane-hire","/ppm",TRUE
"/bocker-crane-hire","/hard-services",TRUE
"/bocker-crane-hire","/hvac-contractor",TRUE
"/bocker-crane-hire","/plumbing-gas",TRUE
"/bocker-crane-hire","/fire-emergency-systems",TRUE
"/bocker-crane-hire","/safety-critical-emergency-systems",TRUE
"/bocker-crane-hire","/building-maintenance",TRUE
"/bocker-crane-hire","/mechanical-electrical/emergency-light-testing",TRUE
"/bocker-crane-hire","/mechanical-electrical/access-control",TRUE
"/bocker-crane-hire","/aerial-drone-building-inspection",TRUE
"/bocker-crane-hire","/industrial-cleaning",TRUE
"/bocker-crane-hire","/cleaning-services",TRUE
"/bocker-crane-hire","/contract-cleaning",TRUE
"/bocker-crane-hire","/office-cleaning",TRUE
"/bocker-crane-hire","/pressure-washing",TRUE
"/bocker-crane-hire","/window-cleaning",TRUE
"/bocker-crane-hire","/soft-services",TRUE
"/bocker-crane-hire","/security-services",TRUE
"/bocker-crane-hire","/concierge-services",TRUE
"/bocker-crane-hire","/washroom-management",TRUE
"/bocker-crane-hire","/grounds-maintenance",TRUE
"/bocker-crane-hire","/industrial-facilities-management",TRUE
"/bocker-crane-hire","/commercial-facilities-management",TRUE
"/bocker-crane-hire","/logistics-facilities-management",TRUE
"/bocker-crane-hire","/warehouse-facilities-management",TRUE
"/bocker-crane-hire","/retail-facilities-management",TRUE
"/bocker-crane-hire","/healthcare-facilities-management",TRUE
"/bocker-crane-hire","/education-facilities-management",TRUE
"/bocker-crane-hire","/public-sector-facilities-management",TRUE
"/bocker-crane-hire","/residential-facilities-management",TRUE
"/bocker-crane-hire","/hotel-facilities-management",TRUE
"/bocker-crane-hire","/sectors",FALSE
"/bocker-crane-hire","/fm-london",TRUE
"/bocker-crane-hire","/facilities-management-london",TRUE
"/bocker-crane-hire","/london-facilities-management",TRUE
"/bocker-crane-hire","/facilities-management-manchester",TRUE
"/bocker-crane-hire","/facilities-management-birmingham",TRUE
"/bocker-crane-hire","/facilities-management-sheffield",TRUE
"/bocker-crane-hire","/facilities-management-leeds",TRUE
"/bocker-crane-hire","/facilities-management-lincoln",TRUE
"/bocker-crane-hire","/facilities-management-liverpool",TRUE
"/bocker-crane-hire","/facilities-management-nottingham",TRUE
"/bocker-crane-hire","/locations",FALSE
"/bocker-crane-hire","/privacy-policy",TRUE
"/bocker-crane-hire","/terms-and-conditions",TRUE
"/bocker-crane-hire","/accessibility-statement",TRUE
"/bocker-crane-hire","/helpdesk",TRUE
"/bocker-crane-hire","/sitemap.xml",FALSE
"/cleaning-services","/client-login",TRUE
"/cleaning-services","/",TRUE
"/cleaning-services","/case-studies",FALSE
"/cleaning-services","/blog",TRUE
"/cleaning-services","/about-entire-facilities-management",TRUE
"/cleaning-services","/contact-us",TRUE
"/cleaning-services","/services",TRUE
"/cleaning-services","/mechanical-electrical",TRUE
"/cleaning-services","/ppm",TRUE
"/cleaning-services","/hard-services",TRUE
"/cleaning-services","/hvac-contractor",TRUE
"/cleaning-services","/plumbing-gas",TRUE
"/cleaning-services","/fire-emergency-systems",TRUE
"/cleaning-services","/safety-critical-emergency-systems",TRUE
"/cleaning-services","/building-maintenance",TRUE
"/cleaning-services","/mechanical-electrical/emergency-light-testing",TRUE
"/cleaning-services","/mechanical-electrical/access-control",TRUE
"/cleaning-services","/aerial-drone-building-inspection",TRUE
"/cleaning-services","/industrial-cleaning",TRUE
"/cleaning-services","/cleaning-services",TRUE
"/cleaning-services","/contract-cleaning",TRUE
"/cleaning-services","/office-cleaning",TRUE
"/cleaning-services","/pressure-washing",TRUE
"/cleaning-services","/window-cleaning",TRUE
"/cleaning-services","/soft-services",TRUE
"/cleaning-services","/security-services",TRUE
"/cleaning-services","/concierge-services",TRUE
"/cleaning-services","/washroom-management",TRUE
"/cleaning-services","/grounds-maintenance",TRUE
"/cleaning-services","/industrial-facilities-management",TRUE
"/cleaning-services","/commercial-facilities-management",TRUE
"/cleaning-services","/logistics-facilities-management",TRUE
"/cleaning-services","/warehouse-facilities-management",TRUE
"/cleaning-services","/retail-facilities-management",TRUE
"/cleaning-services","/healthcare-facilities-management",TRUE
"/cleaning-services","/education-facilities-management",TRUE
"/cleaning-services","/public-sector-facilities-management",TRUE
"/cleaning-services","/residential-facilities-management",TRUE
"/cleaning-services","/hotel-facilities-management",TRUE
"/cleaning-services","/sectors",FALSE
"/cleaning-services","/fm-london",TRUE
"/cleaning-services","/facilities-management-london",TRUE
"/cleaning-services","/london-facilities-management",TRUE
"/cleaning-services","/facilities-management-manchester",TRUE
"/cleaning-services","/facilities-management-birmingham",TRUE
"/cleaning-services","/facilities-management-sheffield",TRUE
"/cleaning-services","/facilities-management-leeds",TRUE
"/cleaning-services","/facilities-management-lincoln",TRUE
"/cleaning-services","/facilities-management-liverpool",TRUE
"/cleaning-services","/facilities-management-nottingham",TRUE
"/cleaning-services","/locations",FALSE
"/cleaning-services","/privacy-policy",TRUE
"/cleaning-services","/terms-and-conditions",TRUE
"/cleaning-services","/accessibility-statement",TRUE
"/cleaning-services","/helpdesk",TRUE
"/cleaning-services","/sitemap.xml",FALSE
"/bury-facilities-management","/client-login",TRUE
"/bury-facilities-management","/",TRUE
"/bury-facilities-management","/case-studies",FALSE
"/bury-facilities-management","/blog",TRUE
"/bury-facilities-management","/about-entire-facilities-management",TRUE
"/bury-facilities-management","/contact-us",TRUE
"/bury-facilities-management","/locations",FALSE
"/bury-facilities-management","/mechanical-electrical",TRUE
"/bury-facilities-management","/ppm",TRUE
"/bury-facilities-management","/hard-services",TRUE
"/bury-facilities-management","/hvac-contractor",TRUE
"/bury-facilities-management","/plumbing-gas",TRUE
"/bury-facilities-management","/fire-emergency-systems",TRUE
"/bury-facilities-management","/safety-critical-emergency-systems",TRUE
"/bury-facilities-management","/building-maintenance",TRUE
"/bury-facilities-management","/mechanical-electrical/emergency-light-testing",TRUE
"/bury-facilities-management","/mechanical-electrical/access-control",TRUE
"/bury-facilities-management","/aerial-drone-building-inspection",TRUE
"/bury-facilities-management","/industrial-cleaning",TRUE
"/bury-facilities-management","/cleaning-services",TRUE
"/bury-facilities-management","/contract-cleaning",TRUE
"/bury-facilities-management","/office-cleaning",TRUE
"/bury-facilities-management","/pressure-washing",TRUE
"/bury-facilities-management","/window-cleaning",TRUE
"/bury-facilities-management","/soft-services",TRUE
"/bury-facilities-management","/security-services",TRUE
"/bury-facilities-management","/concierge-services",TRUE
"/bury-facilities-management","/washroom-management",TRUE
"/bury-facilities-management","/grounds-maintenance",TRUE
"/bury-facilities-management","/industrial-facilities-management",TRUE
"/bury-facilities-management","/commercial-facilities-management",TRUE
"/bury-facilities-management","/logistics-facilities-management",TRUE
"/bury-facilities-management","/warehouse-facilities-management",TRUE
"/bury-facilities-management","/retail-facilities-management",TRUE
"/bury-facilities-management","/healthcare-facilities-management",TRUE
"/bury-facilities-management","/education-facilities-management",TRUE
"/bury-facilities-management","/public-sector-facilities-management",TRUE
"/bury-facilities-management","/residential-facilities-management",TRUE
"/bury-facilities-management","/hotel-facilities-management",TRUE
"/bury-facilities-management","/sectors",FALSE
"/bury-facilities-management","/fm-london",TRUE
"/bury-facilities-management","/facilities-management-london",TRUE
"/bury-facilities-management","/london-facilities-management",TRUE
"/bury-facilities-management","/facilities-management-manchester",TRUE
"/bury-facilities-management","/facilities-management-birmingham",TRUE
"/bury-facilities-management","/facilities-management-sheffield",TRUE
"/bury-facilities-management","/facilities-management-leeds",TRUE
"/bury-facilities-management","/facilities-management-lincoln",TRUE
"/bury-facilities-management","/facilities-management-liverpool",TRUE
"/bury-facilities-management","/facilities-management-nottingham",TRUE
"/bury-facilities-management","/privacy-policy",TRUE
"/bury-facilities-management","/terms-and-conditions",TRUE
"/bury-facilities-management","/accessibility-statement",TRUE
"/bury-facilities-management","/helpdesk",TRUE
"/bury-facilities-management","/sitemap.xml",FALSE
"/carpark-management","/client-login",TRUE
"/carpark-management","/",TRUE
"/carpark-management","/case-studies",FALSE
"/carpark-management","/blog",TRUE
"/carpark-management","/about-entire-facilities-management",TRUE
"/carpark-management","/contact-us",TRUE
"/carpark-management","/services",TRUE
"/carpark-management","/mechanical-electrical",TRUE
"/carpark-management","/ppm",TRUE
"/carpark-management","/hard-services",TRUE
"/carpark-management","/hvac-contractor",TRUE
"/carpark-management","/plumbing-gas",TRUE
"/carpark-management","/fire-emergency-systems",TRUE
"/carpark-management","/safety-critical-emergency-systems",TRUE
"/carpark-management","/building-maintenance",TRUE
"/carpark-management","/mechanical-electrical/emergency-light-testing",TRUE
"/carpark-management","/mechanical-electrical/access-control",TRUE
"/carpark-management","/aerial-drone-building-inspection",TRUE
"/carpark-management","/industrial-cleaning",TRUE
"/carpark-management","/cleaning-services",TRUE
"/carpark-management","/contract-cleaning",TRUE
"/carpark-management","/office-cleaning",TRUE
"/carpark-management","/pressure-washing",TRUE
"/carpark-management","/window-cleaning",TRUE
"/carpark-management","/soft-services",TRUE
"/carpark-management","/security-services",TRUE
"/carpark-management","/concierge-services",TRUE
"/carpark-management","/washroom-management",TRUE
"/carpark-management","/grounds-maintenance",TRUE
"/carpark-management","/industrial-facilities-management",TRUE
"/carpark-management","/commercial-facilities-management",TRUE
"/carpark-management","/logistics-facilities-management",TRUE
"/carpark-management","/warehouse-facilities-management",TRUE
"/carpark-management","/retail-facilities-management",TRUE
"/carpark-management","/healthcare-facilities-management",TRUE
"/carpark-management","/education-facilities-management",TRUE
"/carpark-management","/public-sector-facilities-management",TRUE
"/carpark-management","/residential-facilities-management",TRUE
"/carpark-management","/hotel-facilities-management",TRUE
"/carpark-management","/sectors",FALSE
"/carpark-management","/fm-london",TRUE
"/carpark-management","/facilities-management-london",TRUE
"/carpark-management","/london-facilities-management",TRUE
"/carpark-management","/facilities-management-manchester",TRUE
"/carpark-management","/facilities-management-birmingham",TRUE
"/carpark-management","/facilities-management-sheffield",TRUE
"/carpark-management","/facilities-management-leeds",TRUE
"/carpark-management","/facilities-management-lincoln",TRUE
"/carpark-management","/facilities-management-liverpool",TRUE
"/carpark-management","/facilities-management-nottingham",TRUE
"/carpark-management","/locations",FALSE
"/carpark-management","/privacy-policy",TRUE
"/carpark-management","/terms-and-conditions",TRUE
"/carpark-management","/accessibility-statement",TRUE
"/carpark-management","/helpdesk",TRUE
"/carpark-management","/sitemap.xml",FALSE
"/chesterfield-facilities-management","/client-login",TRUE
"/chesterfield-facilities-management","/",TRUE
"/chesterfield-facilities-management","/case-studies",FALSE
"/chesterfield-facilities-management","/blog",TRUE
"/chesterfield-facilities-management","/about-entire-facilities-management",TRUE
"/chesterfield-facilities-management","/contact-us",TRUE
"/chesterfield-facilities-management","/locations",FALSE
"/chesterfield-facilities-management","/mechanical-electrical",TRUE
"/chesterfield-facilities-management","/ppm",TRUE
"/chesterfield-facilities-management","/hard-services",TRUE
"/chesterfield-facilities-management","/hvac-contractor",TRUE
"/chesterfield-facilities-management","/plumbing-gas",TRUE
"/chesterfield-facilities-management","/fire-emergency-systems",TRUE
"/chesterfield-facilities-management","/safety-critical-emergency-systems",TRUE
"/chesterfield-facilities-management","/building-maintenance",TRUE
"/chesterfield-facilities-management","/mechanical-electrical/emergency-light-testing",TRUE
"/chesterfield-facilities-management","/mechanical-electrical/access-control",TRUE
"/chesterfield-facilities-management","/aerial-drone-building-inspection",TRUE
"/chesterfield-facilities-management","/industrial-cleaning",TRUE
"/chesterfield-facilities-management","/cleaning-services",TRUE
"/chesterfield-facilities-management","/contract-cleaning",TRUE
"/chesterfield-facilities-management","/office-cleaning",TRUE
"/chesterfield-facilities-management","/pressure-washing",TRUE
"/chesterfield-facilities-management","/window-cleaning",TRUE
"/chesterfield-facilities-management","/soft-services",TRUE
"/chesterfield-facilities-management","/security-services",TRUE
"/chesterfield-facilities-management","/concierge-services",TRUE
"/chesterfield-facilities-management","/washroom-management",TRUE
"/chesterfield-facilities-management","/grounds-maintenance",TRUE
"/chesterfield-facilities-management","/industrial-facilities-management",TRUE
"/chesterfield-facilities-management","/commercial-facilities-management",TRUE
"/chesterfield-facilities-management","/logistics-facilities-management",TRUE
"/chesterfield-facilities-management","/warehouse-facilities-management",TRUE
"/chesterfield-facilities-management","/retail-facilities-management",TRUE
"/chesterfield-facilities-management","/healthcare-facilities-management",TRUE
"/chesterfield-facilities-management","/education-facilities-management",TRUE
"/chesterfield-facilities-management","/public-sector-facilities-management",TRUE
"/chesterfield-facilities-management","/residential-facilities-management",TRUE
"/chesterfield-facilities-management","/hotel-facilities-management",TRUE
"/chesterfield-facilities-management","/sectors",FALSE
"/chesterfield-facilities-management","/fm-london",TRUE
"/chesterfield-facilities-management","/facilities-management-london",TRUE
"/chesterfield-facilities-management","/london-facilities-management",TRUE
"/chesterfield-facilities-management","/facilities-management-manchester",TRUE
"/chesterfield-facilities-management","/facilities-management-birmingham",TRUE
"/chesterfield-facilities-management","/facilities-management-sheffield",TRUE
"/chesterfield-facilities-management","/facilities-management-leeds",TRUE
"/chesterfield-facilities-management","/facilities-management-lincoln",TRUE
"/chesterfield-facilities-management","/facilities-management-liverpool",TRUE
"/chesterfield-facilities-management","/facilities-management-nottingham",TRUE
"/chesterfield-facilities-management","/privacy-policy",TRUE
"/chesterfield-facilities-management","/terms-and-conditions",TRUE
"/chesterfield-facilities-management","/accessibility-statement",TRUE
"/chesterfield-facilities-management","/helpdesk",TRUE
"/chesterfield-facilities-management","/sitemap.xml",FALSE
"/caretaker","/client-login",TRUE
"/caretaker","/",TRUE
"/caretaker","/case-studies",FALSE
"/caretaker","/blog",TRUE
"/caretaker","/about-entire-facilities-management",TRUE
"/caretaker","/contact-us",TRUE
"/caretaker","/services",TRUE
"/caretaker","/mechanical-electrical",TRUE
"/caretaker","/ppm",TRUE
"/caretaker","/hard-services",TRUE
"/caretaker","/hvac-contractor",TRUE
"/caretaker","/plumbing-gas",TRUE
"/caretaker","/fire-emergency-systems",TRUE
"/caretaker","/safety-critical-emergency-systems",TRUE
"/caretaker","/building-maintenance",TRUE
"/caretaker","/mechanical-electrical/emergency-light-testing",TRUE
"/caretaker","/mechanical-electrical/access-control",TRUE
"/caretaker","/aerial-drone-building-inspection",TRUE
"/caretaker","/industrial-cleaning",TRUE
"/caretaker","/cleaning-services",TRUE
"/caretaker","/contract-cleaning",TRUE
"/caretaker","/office-cleaning",TRUE
"/caretaker","/pressure-washing",TRUE
"/caretaker","/window-cleaning",TRUE
"/caretaker","/soft-services",TRUE
"/caretaker","/security-services",TRUE
"/caretaker","/concierge-services",TRUE
"/caretaker","/washroom-management",TRUE
"/caretaker","/grounds-maintenance",TRUE
"/caretaker","/industrial-facilities-management",TRUE
"/caretaker","/commercial-facilities-management",TRUE
"/caretaker","/logistics-facilities-management",TRUE
"/caretaker","/warehouse-facilities-management",TRUE
"/caretaker","/retail-facilities-management",TRUE
"/caretaker","/healthcare-facilities-management",TRUE
"/caretaker","/education-facilities-management",TRUE
"/caretaker","/public-sector-facilities-management",TRUE
"/caretaker","/residential-facilities-management",TRUE
"/caretaker","/hotel-facilities-management",TRUE
"/caretaker","/sectors",FALSE
"/caretaker","/fm-london",TRUE
"/caretaker","/facilities-management-london",TRUE
"/caretaker","/london-facilities-management",TRUE
"/caretaker","/facilities-management-manchester",TRUE
"/caretaker","/facilities-management-birmingham",TRUE
"/caretaker","/facilities-management-sheffield",TRUE
"/caretaker","/facilities-management-leeds",TRUE
"/caretaker","/facilities-management-lincoln",TRUE
"/caretaker","/facilities-management-liverpool",TRUE
"/caretaker","/facilities-management-nottingham",TRUE
"/caretaker","/locations",FALSE
"/caretaker","/privacy-policy",TRUE
"/caretaker","/terms-and-conditions",TRUE
"/caretaker","/accessibility-statement",TRUE
"/caretaker","/helpdesk",TRUE
"/caretaker","/sitemap.xml",FALSE
"/client-login/account-registration","/client-login",TRUE
"/client-login/account-registration","/",TRUE
"/client-login/account-registration","/case-studies",FALSE
"/client-login/account-registration","/blog",TRUE
"/client-login/account-registration","/about-entire-facilities-management",TRUE
"/client-login/account-registration","/contact-us",TRUE
"/client-login/account-registration","/mechanical-electrical",TRUE
"/client-login/account-registration","/hvac-contractor",TRUE
"/client-login/account-registration","/ppm",TRUE
"/client-login/account-registration","/hard-services",TRUE
"/client-login/account-registration","/plumbing-gas",TRUE
"/client-login/account-registration","/fire-emergency-systems",TRUE
"/client-login/account-registration","/safety-critical-emergency-systems",TRUE
"/client-login/account-registration","/building-maintenance",TRUE
"/client-login/account-registration","/mechanical-electrical/emergency-light-testing",TRUE
"/client-login/account-registration","/mechanical-electrical/access-control",TRUE
"/client-login/account-registration","/aerial-drone-building-inspection",TRUE
"/client-login/account-registration","/industrial-cleaning",TRUE
"/client-login/account-registration","/cleaning-services",TRUE
"/client-login/account-registration","/contract-cleaning",TRUE
"/client-login/account-registration","/office-cleaning",TRUE
"/client-login/account-registration","/pressure-washing",TRUE
"/client-login/account-registration","/window-cleaning",TRUE
"/client-login/account-registration","/soft-services",TRUE
"/client-login/account-registration","/security-services",TRUE
"/client-login/account-registration","/concierge-services",TRUE
"/client-login/account-registration","/washroom-management",TRUE
"/client-login/account-registration","/grounds-maintenance",TRUE
"/client-login/account-registration","/industrial-facilities-management",TRUE
"/client-login/account-registration","/commercial-facilities-management",TRUE
"/client-login/account-registration","/logistics-facilities-management",TRUE
"/client-login/account-registration","/warehouse-facilities-management",TRUE
"/client-login/account-registration","/retail-facilities-management",TRUE
"/client-login/account-registration","/healthcare-facilities-management",TRUE
"/client-login/account-registration","/education-facilities-management",TRUE
"/client-login/account-registration","/public-sector-facilities-management",TRUE
"/client-login/account-registration","/residential-facilities-management",TRUE
"/client-login/account-registration","/hotel-facilities-management",TRUE
"/client-login/account-registration","/sectors",FALSE
"/client-login/account-registration","/fm-london",TRUE
"/client-login/account-registration","/facilities-management-london",TRUE
"/client-login/account-registration","/london-facilities-management",TRUE
"/client-login/account-registration","/facilities-management-manchester",TRUE
"/client-login/account-registration","/facilities-management-birmingham",TRUE
"/client-login/account-registration","/facilities-management-sheffield",TRUE
"/client-login/account-registration","/facilities-management-leeds",TRUE
"/client-login/account-registration","/facilities-management-lincoln",TRUE
"/client-login/account-registration","/facilities-management-liverpool",TRUE
"/client-login/account-registration","/facilities-management-nottingham",TRUE
"/client-login/account-registration","/locations",FALSE
"/client-login/account-registration","/privacy-policy",TRUE
"/client-login/account-registration","/terms-and-conditions",TRUE
"/client-login/account-registration","/accessibility-statement",TRUE
"/client-login/account-registration","/helpdesk",TRUE
"/client-login/account-registration","/sitemap.xml",FALSE
"/commercial-cleaning-leeds","/client-login",TRUE
"/commercial-cleaning-leeds","/",TRUE
"/commercial-cleaning-leeds","/case-studies",FALSE
"/commercial-cleaning-leeds","/blog",TRUE
"/commercial-cleaning-leeds","/about-entire-facilities-management",TRUE
"/commercial-cleaning-leeds","/contact-us",TRUE
"/commercial-cleaning-leeds","/locations",FALSE
"/commercial-cleaning-leeds","/mechanical-electrical",TRUE
"/commercial-cleaning-leeds","/ppm",TRUE
"/commercial-cleaning-leeds","/hard-services",TRUE
"/commercial-cleaning-leeds","/hvac-contractor",TRUE
"/commercial-cleaning-leeds","/plumbing-gas",TRUE
"/commercial-cleaning-leeds","/fire-emergency-systems",TRUE
"/commercial-cleaning-leeds","/safety-critical-emergency-systems",TRUE
"/commercial-cleaning-leeds","/building-maintenance",TRUE
"/commercial-cleaning-leeds","/mechanical-electrical/emergency-light-testing",TRUE
"/commercial-cleaning-leeds","/mechanical-electrical/access-control",TRUE
"/commercial-cleaning-leeds","/aerial-drone-building-inspection",TRUE
"/commercial-cleaning-leeds","/industrial-cleaning",TRUE
"/commercial-cleaning-leeds","/cleaning-services",TRUE
"/commercial-cleaning-leeds","/contract-cleaning",TRUE
"/commercial-cleaning-leeds","/office-cleaning",TRUE
"/commercial-cleaning-leeds","/pressure-washing",TRUE
"/commercial-cleaning-leeds","/window-cleaning",TRUE
"/commercial-cleaning-leeds","/soft-services",TRUE
"/commercial-cleaning-leeds","/security-services",TRUE
"/commercial-cleaning-leeds","/concierge-services",TRUE
"/commercial-cleaning-leeds","/washroom-management",TRUE
"/commercial-cleaning-leeds","/grounds-maintenance",TRUE
"/commercial-cleaning-leeds","/industrial-facilities-management",TRUE
"/commercial-cleaning-leeds","/commercial-facilities-management",TRUE
"/commercial-cleaning-leeds","/logistics-facilities-management",TRUE
"/commercial-cleaning-leeds","/warehouse-facilities-management",TRUE
"/commercial-cleaning-leeds","/retail-facilities-management",TRUE
"/commercial-cleaning-leeds","/healthcare-facilities-management",TRUE
"/commercial-cleaning-leeds","/education-facilities-management",TRUE
"/commercial-cleaning-leeds","/public-sector-facilities-management",TRUE
"/commercial-cleaning-leeds","/residential-facilities-management",TRUE
"/commercial-cleaning-leeds","/hotel-facilities-management",TRUE
"/commercial-cleaning-leeds","/sectors",FALSE
"/commercial-cleaning-leeds","/fm-london",TRUE
"/commercial-cleaning-leeds","/facilities-management-london",TRUE
"/commercial-cleaning-leeds","/london-facilities-management",TRUE
"/commercial-cleaning-leeds","/facilities-management-manchester",TRUE
"/commercial-cleaning-leeds","/facilities-management-birmingham",TRUE
"/commercial-cleaning-leeds","/facilities-management-sheffield",TRUE
"/commercial-cleaning-leeds","/facilities-management-leeds",TRUE
"/commercial-cleaning-leeds","/facilities-management-lincoln",TRUE
"/commercial-cleaning-leeds","/facilities-management-liverpool",TRUE
"/commercial-cleaning-leeds","/facilities-management-nottingham",TRUE
"/commercial-cleaning-leeds","/privacy-policy",TRUE
"/commercial-cleaning-leeds","/terms-and-conditions",TRUE
"/commercial-cleaning-leeds","/accessibility-statement",TRUE
"/commercial-cleaning-leeds","/helpdesk",TRUE
"/commercial-cleaning-leeds","/sitemap.xml",FALSE
"/commercial-cleaning-chesterfield","/client-login",TRUE
"/commercial-cleaning-chesterfield","/",TRUE
"/commercial-cleaning-chesterfield","/case-studies",FALSE
"/commercial-cleaning-chesterfield","/blog",TRUE
"/commercial-cleaning-chesterfield","/about-entire-facilities-management",TRUE
"/commercial-cleaning-chesterfield","/contact-us",TRUE
"/commercial-cleaning-chesterfield","/locations",FALSE
"/commercial-cleaning-chesterfield","/mechanical-electrical",TRUE
"/commercial-cleaning-chesterfield","/ppm",TRUE
"/commercial-cleaning-chesterfield","/hard-services",TRUE
"/commercial-cleaning-chesterfield","/hvac-contractor",TRUE
"/commercial-cleaning-chesterfield","/plumbing-gas",TRUE
"/commercial-cleaning-chesterfield","/fire-emergency-systems",TRUE
"/commercial-cleaning-chesterfield","/safety-critical-emergency-systems",TRUE
"/commercial-cleaning-chesterfield","/building-maintenance",TRUE
"/commercial-cleaning-chesterfield","/mechanical-electrical/emergency-light-testing",TRUE
"/commercial-cleaning-chesterfield","/mechanical-electrical/access-control",TRUE
"/commercial-cleaning-chesterfield","/aerial-drone-building-inspection",TRUE
"/commercial-cleaning-chesterfield","/industrial-cleaning",TRUE
"/commercial-cleaning-chesterfield","/cleaning-services",TRUE
"/commercial-cleaning-chesterfield","/contract-cleaning",TRUE
"/commercial-cleaning-chesterfield","/office-cleaning",TRUE
"/commercial-cleaning-chesterfield","/pressure-washing",TRUE
"/commercial-cleaning-chesterfield","/window-cleaning",TRUE
"/commercial-cleaning-chesterfield","/soft-services",TRUE
"/commercial-cleaning-chesterfield","/security-services",TRUE
"/commercial-cleaning-chesterfield","/concierge-services",TRUE
"/commercial-cleaning-chesterfield","/washroom-management",TRUE
"/commercial-cleaning-chesterfield","/grounds-maintenance",TRUE
"/commercial-cleaning-chesterfield","/industrial-facilities-management",TRUE
"/commercial-cleaning-chesterfield","/commercial-facilities-management",TRUE
"/commercial-cleaning-chesterfield","/logistics-facilities-management",TRUE
"/commercial-cleaning-chesterfield","/warehouse-facilities-management",TRUE
"/commercial-cleaning-chesterfield","/retail-facilities-management",TRUE
"/commercial-cleaning-chesterfield","/healthcare-facilities-management",TRUE
"/commercial-cleaning-chesterfield","/education-facilities-management",TRUE
"/commercial-cleaning-chesterfield","/public-sector-facilities-management",TRUE
"/commercial-cleaning-chesterfield","/residential-facilities-management",TRUE
"/commercial-cleaning-chesterfield","/hotel-facilities-management",TRUE
"/commercial-cleaning-chesterfield","/sectors",FALSE
"/commercial-cleaning-chesterfield","/fm-london",TRUE
"/commercial-cleaning-chesterfield","/facilities-management-london",TRUE
"/commercial-cleaning-chesterfield","/london-facilities-management",TRUE
"/commercial-cleaning-chesterfield","/facilities-management-manchester",TRUE
"/commercial-cleaning-chesterfield","/facilities-management-birmingham",TRUE
"/commercial-cleaning-chesterfield","/facilities-management-sheffield",TRUE
"/commercial-cleaning-chesterfield","/facilities-management-leeds",TRUE
"/commercial-cleaning-chesterfield","/facilities-management-lincoln",TRUE
"/commercial-cleaning-chesterfield","/facilities-management-liverpool",TRUE
"/commercial-cleaning-chesterfield","/facilities-management-nottingham",TRUE
"/commercial-cleaning-chesterfield","/privacy-policy",TRUE
"/commercial-cleaning-chesterfield","/terms-and-conditions",TRUE
"/commercial-cleaning-chesterfield","/accessibility-statement",TRUE
"/commercial-cleaning-chesterfield","/helpdesk",TRUE
"/commercial-cleaning-chesterfield","/sitemap.xml",FALSE
"/commercial-cleaning-birmingham","/client-login",TRUE
"/commercial-cleaning-birmingham","/",TRUE
"/commercial-cleaning-birmingham","/case-studies",FALSE
"/commercial-cleaning-birmingham","/blog",TRUE
"/commercial-cleaning-birmingham","/about-entire-facilities-management",TRUE
"/commercial-cleaning-birmingham","/contact-us",TRUE
"/commercial-cleaning-birmingham","/locations",FALSE
"/commercial-cleaning-birmingham","/mechanical-electrical",TRUE
"/commercial-cleaning-birmingham","/ppm",TRUE
"/commercial-cleaning-birmingham","/hard-services",TRUE
"/commercial-cleaning-birmingham","/hvac-contractor",TRUE
"/commercial-cleaning-birmingham","/plumbing-gas",TRUE
"/commercial-cleaning-birmingham","/fire-emergency-systems",TRUE
"/commercial-cleaning-birmingham","/safety-critical-emergency-systems",TRUE
"/commercial-cleaning-birmingham","/building-maintenance",TRUE
"/commercial-cleaning-birmingham","/mechanical-electrical/emergency-light-testing",TRUE
"/commercial-cleaning-birmingham","/mechanical-electrical/access-control",TRUE
"/commercial-cleaning-birmingham","/aerial-drone-building-inspection",TRUE
"/commercial-cleaning-birmingham","/industrial-cleaning",TRUE
"/commercial-cleaning-birmingham","/cleaning-services",TRUE
"/commercial-cleaning-birmingham","/contract-cleaning",TRUE
"/commercial-cleaning-birmingham","/office-cleaning",TRUE
"/commercial-cleaning-birmingham","/pressure-washing",TRUE
"/commercial-cleaning-birmingham","/window-cleaning",TRUE
"/commercial-cleaning-birmingham","/soft-services",TRUE
"/commercial-cleaning-birmingham","/security-services",TRUE
"/commercial-cleaning-birmingham","/concierge-services",TRUE
"/commercial-cleaning-birmingham","/washroom-management",TRUE
"/commercial-cleaning-birmingham","/grounds-maintenance",TRUE
"/commercial-cleaning-birmingham","/industrial-facilities-management",TRUE
"/commercial-cleaning-birmingham","/commercial-facilities-management",TRUE
"/commercial-cleaning-birmingham","/logistics-facilities-management",TRUE
"/commercial-cleaning-birmingham","/warehouse-facilities-management",TRUE
"/commercial-cleaning-birmingham","/retail-facilities-management",TRUE
"/commercial-cleaning-birmingham","/healthcare-facilities-management",TRUE
"/commercial-cleaning-birmingham","/education-facilities-management",TRUE
"/commercial-cleaning-birmingham","/public-sector-facilities-management",TRUE
"/commercial-cleaning-birmingham","/residential-facilities-management",TRUE
"/commercial-cleaning-birmingham","/hotel-facilities-management",TRUE
"/commercial-cleaning-birmingham","/sectors",FALSE
"/commercial-cleaning-birmingham","/fm-london",TRUE
"/commercial-cleaning-birmingham","/facilities-management-london",TRUE
"/commercial-cleaning-birmingham","/london-facilities-management",TRUE
"/commercial-cleaning-birmingham","/facilities-management-manchester",TRUE
"/commercial-cleaning-birmingham","/facilities-management-birmingham",TRUE
"/commercial-cleaning-birmingham","/facilities-management-sheffield",TRUE
"/commercial-cleaning-birmingham","/facilities-management-leeds",TRUE
"/commercial-cleaning-birmingham","/facilities-management-lincoln",TRUE
"/commercial-cleaning-birmingham","/facilities-management-liverpool",TRUE
"/commercial-cleaning-birmingham","/facilities-management-nottingham",TRUE
"/commercial-cleaning-birmingham","/privacy-policy",TRUE
"/commercial-cleaning-birmingham","/terms-and-conditions",TRUE
"/commercial-cleaning-birmingham","/accessibility-statement",TRUE
"/commercial-cleaning-birmingham","/helpdesk",TRUE
"/commercial-cleaning-birmingham","/sitemap.xml",FALSE
"/client-login","/client-login",TRUE
"/client-login","/",TRUE
"/client-login","/case-studies",FALSE
"/client-login","/blog",TRUE
"/client-login","/about-entire-facilities-management",TRUE
"/client-login","/contact-us",TRUE
"/client-login","/mechanical-electrical",TRUE
"/client-login","/hvac-contractor",TRUE
"/client-login","/ppm",TRUE
"/client-login","/hard-services",TRUE
"/client-login","/plumbing-gas",TRUE
"/client-login","/fire-emergency-systems",TRUE
"/client-login","/safety-critical-emergency-systems",TRUE
"/client-login","/building-maintenance",TRUE
"/client-login","/mechanical-electrical/emergency-light-testing",TRUE
"/client-login","/mechanical-electrical/access-control",TRUE
"/client-login","/aerial-drone-building-inspection",TRUE
"/client-login","/industrial-cleaning",TRUE
"/client-login","/cleaning-services",TRUE
"/client-login","/contract-cleaning",TRUE
"/client-login","/office-cleaning",TRUE
"/client-login","/pressure-washing",TRUE
"/client-login","/window-cleaning",TRUE
"/client-login","/soft-services",TRUE
"/client-login","/security-services",TRUE
"/client-login","/concierge-services",TRUE
"/client-login","/washroom-management",TRUE
"/client-login","/grounds-maintenance",TRUE
"/client-login","/industrial-facilities-management",TRUE
"/client-login","/commercial-facilities-management",TRUE
"/client-login","/logistics-facilities-management",TRUE
"/client-login","/warehouse-facilities-management",TRUE
"/client-login","/retail-facilities-management",TRUE
"/client-login","/healthcare-facilities-management",TRUE
"/client-login","/education-facilities-management",TRUE
"/client-login","/public-sector-facilities-management",TRUE
"/client-login","/residential-facilities-management",TRUE
"/client-login","/hotel-facilities-management",TRUE
"/client-login","/sectors",FALSE
"/client-login","/fm-london",TRUE
"/client-login","/facilities-management-london",TRUE
"/client-login","/london-facilities-management",TRUE
"/client-login","/facilities-management-manchester",TRUE
"/client-login","/facilities-management-birmingham",TRUE
"/client-login","/facilities-management-sheffield",TRUE
"/client-login","/facilities-management-leeds",TRUE
"/client-login","/facilities-management-lincoln",TRUE
"/client-login","/facilities-management-liverpool",TRUE
"/client-login","/facilities-management-nottingham",TRUE
"/client-login","/locations",FALSE
"/client-login","/privacy-policy",TRUE
"/client-login","/terms-and-conditions",TRUE
"/client-login","/accessibility-statement",TRUE
"/client-login","/helpdesk",TRUE
"/client-login","/sitemap.xml",FALSE
"/commercial-cleaning-manchester","/client-login",TRUE
"/commercial-cleaning-manchester","/",TRUE
"/commercial-cleaning-manchester","/case-studies",FALSE
"/commercial-cleaning-manchester","/blog",TRUE
"/commercial-cleaning-manchester","/about-entire-facilities-management",TRUE
"/commercial-cleaning-manchester","/contact-us",TRUE
"/commercial-cleaning-manchester","/locations",FALSE
"/commercial-cleaning-manchester","/mechanical-electrical",TRUE
"/commercial-cleaning-manchester","/ppm",TRUE
"/commercial-cleaning-manchester","/hard-services",TRUE
"/commercial-cleaning-manchester","/hvac-contractor",TRUE
"/commercial-cleaning-manchester","/plumbing-gas",TRUE
"/commercial-cleaning-manchester","/fire-emergency-systems",TRUE
"/commercial-cleaning-manchester","/safety-critical-emergency-systems",TRUE
"/commercial-cleaning-manchester","/building-maintenance",TRUE
"/commercial-cleaning-manchester","/mechanical-electrical/emergency-light-testing",TRUE
"/commercial-cleaning-manchester","/mechanical-electrical/access-control",TRUE
"/commercial-cleaning-manchester","/aerial-drone-building-inspection",TRUE
"/commercial-cleaning-manchester","/industrial-cleaning",TRUE
"/commercial-cleaning-manchester","/cleaning-services",TRUE
"/commercial-cleaning-manchester","/contract-cleaning",TRUE
"/commercial-cleaning-manchester","/office-cleaning",TRUE
"/commercial-cleaning-manchester","/pressure-washing",TRUE
"/commercial-cleaning-manchester","/window-cleaning",TRUE
"/commercial-cleaning-manchester","/soft-services",TRUE
"/commercial-cleaning-manchester","/security-services",TRUE
"/commercial-cleaning-manchester","/concierge-services",TRUE
"/commercial-cleaning-manchester","/washroom-management",TRUE
"/commercial-cleaning-manchester","/grounds-maintenance",TRUE
"/commercial-cleaning-manchester","/industrial-facilities-management",TRUE
"/commercial-cleaning-manchester","/commercial-facilities-management",TRUE
"/commercial-cleaning-manchester","/logistics-facilities-management",TRUE
"/commercial-cleaning-manchester","/warehouse-facilities-management",TRUE
"/commercial-cleaning-manchester","/retail-facilities-management",TRUE
"/commercial-cleaning-manchester","/healthcare-facilities-management",TRUE
"/commercial-cleaning-manchester","/education-facilities-management",TRUE
"/commercial-cleaning-manchester","/public-sector-facilities-management",TRUE
"/commercial-cleaning-manchester","/residential-facilities-management",TRUE
"/commercial-cleaning-manchester","/hotel-facilities-management",TRUE
"/commercial-cleaning-manchester","/sectors",FALSE
"/commercial-cleaning-manchester","/fm-london",TRUE
"/commercial-cleaning-manchester","/facilities-management-london",TRUE
"/commercial-cleaning-manchester","/london-facilities-management",TRUE
"/commercial-cleaning-manchester","/facilities-management-manchester",TRUE
"/commercial-cleaning-manchester","/facilities-management-birmingham",TRUE
"/commercial-cleaning-manchester","/facilities-management-sheffield",TRUE
"/commercial-cleaning-manchester","/facilities-management-leeds",TRUE
"/commercial-cleaning-manchester","/facilities-management-lincoln",TRUE
"/commercial-cleaning-manchester","/facilities-management-liverpool",TRUE
"/commercial-cleaning-manchester","/facilities-management-nottingham",TRUE
"/commercial-cleaning-manchester","/privacy-policy",TRUE
"/commercial-cleaning-manchester","/terms-and-conditions",TRUE
"/commercial-cleaning-manchester","/accessibility-statement",TRUE
"/commercial-cleaning-manchester","/helpdesk",TRUE
"/commercial-cleaning-manchester","/sitemap.xml",FALSE
"/commercial-cleaning-london","/client-login",TRUE
"/commercial-cleaning-london","/",TRUE
"/commercial-cleaning-london","/case-studies",FALSE
"/commercial-cleaning-london","/blog",TRUE
"/commercial-cleaning-london","/about-entire-facilities-management",TRUE
"/commercial-cleaning-london","/contact-us",TRUE
"/commercial-cleaning-london","/locations",FALSE
"/commercial-cleaning-london","/mechanical-electrical",TRUE
"/commercial-cleaning-london","/ppm",TRUE
"/commercial-cleaning-london","/hard-services",TRUE
"/commercial-cleaning-london","/hvac-contractor",TRUE
"/commercial-cleaning-london","/plumbing-gas",TRUE
"/commercial-cleaning-london","/fire-emergency-systems",TRUE
"/commercial-cleaning-london","/safety-critical-emergency-systems",TRUE
"/commercial-cleaning-london","/building-maintenance",TRUE
"/commercial-cleaning-london","/mechanical-electrical/emergency-light-testing",TRUE
"/commercial-cleaning-london","/mechanical-electrical/access-control",TRUE
"/commercial-cleaning-london","/aerial-drone-building-inspection",TRUE
"/commercial-cleaning-london","/industrial-cleaning",TRUE
"/commercial-cleaning-london","/cleaning-services",TRUE
"/commercial-cleaning-london","/contract-cleaning",TRUE
"/commercial-cleaning-london","/office-cleaning",TRUE
"/commercial-cleaning-london","/pressure-washing",TRUE
"/commercial-cleaning-london","/window-cleaning",TRUE
"/commercial-cleaning-london","/soft-services",TRUE
"/commercial-cleaning-london","/security-services",TRUE
"/commercial-cleaning-london","/concierge-services",TRUE
"/commercial-cleaning-london","/washroom-management",TRUE
"/commercial-cleaning-london","/grounds-maintenance",TRUE
"/commercial-cleaning-london","/industrial-facilities-management",TRUE
"/commercial-cleaning-london","/commercial-facilities-management",TRUE
"/commercial-cleaning-london","/logistics-facilities-management",TRUE
"/commercial-cleaning-london","/warehouse-facilities-management",TRUE
"/commercial-cleaning-london","/retail-facilities-management",TRUE
"/commercial-cleaning-london","/healthcare-facilities-management",TRUE
"/commercial-cleaning-london","/education-facilities-management",TRUE
"/commercial-cleaning-london","/public-sector-facilities-management",TRUE
"/commercial-cleaning-london","/residential-facilities-management",TRUE
"/commercial-cleaning-london","/hotel-facilities-management",TRUE
"/commercial-cleaning-london","/sectors",FALSE
"/commercial-cleaning-london","/fm-london",TRUE
"/commercial-cleaning-london","/facilities-management-london",TRUE
"/commercial-cleaning-london","/london-facilities-management",TRUE
"/commercial-cleaning-london","/facilities-management-manchester",TRUE
"/commercial-cleaning-london","/facilities-management-birmingham",TRUE
"/commercial-cleaning-london","/facilities-management-sheffield",TRUE
"/commercial-cleaning-london","/facilities-management-leeds",TRUE
"/commercial-cleaning-london","/facilities-management-lincoln",TRUE
"/commercial-cleaning-london","/facilities-management-liverpool",TRUE
"/commercial-cleaning-london","/facilities-management-nottingham",TRUE
"/commercial-cleaning-london","/privacy-policy",TRUE
"/commercial-cleaning-london","/terms-and-conditions",TRUE
"/commercial-cleaning-london","/accessibility-statement",TRUE
"/commercial-cleaning-london","/helpdesk",TRUE
"/commercial-cleaning-london","/sitemap.xml",FALSE
"/commercial-cleaning-sheffield","/client-login",TRUE
"/commercial-cleaning-sheffield","/",TRUE
"/commercial-cleaning-sheffield","/case-studies",FALSE
"/commercial-cleaning-sheffield","/blog",TRUE
"/commercial-cleaning-sheffield","/about-entire-facilities-management",TRUE
"/commercial-cleaning-sheffield","/contact-us",TRUE
"/commercial-cleaning-sheffield","/locations",FALSE
"/commercial-cleaning-sheffield","/mechanical-electrical",TRUE
"/commercial-cleaning-sheffield","/ppm",TRUE
"/commercial-cleaning-sheffield","/hard-services",TRUE
"/commercial-cleaning-sheffield","/hvac-contractor",TRUE
"/commercial-cleaning-sheffield","/plumbing-gas",TRUE
"/commercial-cleaning-sheffield","/fire-emergency-systems",TRUE
"/commercial-cleaning-sheffield","/safety-critical-emergency-systems",TRUE
"/commercial-cleaning-sheffield","/building-maintenance",TRUE
"/commercial-cleaning-sheffield","/mechanical-electrical/emergency-light-testing",TRUE
"/commercial-cleaning-sheffield","/mechanical-electrical/access-control",TRUE
"/commercial-cleaning-sheffield","/aerial-drone-building-inspection",TRUE
"/commercial-cleaning-sheffield","/industrial-cleaning",TRUE
"/commercial-cleaning-sheffield","/cleaning-services",TRUE
"/commercial-cleaning-sheffield","/contract-cleaning",TRUE
"/commercial-cleaning-sheffield","/office-cleaning",TRUE
"/commercial-cleaning-sheffield","/pressure-washing",TRUE
"/commercial-cleaning-sheffield","/window-cleaning",TRUE
"/commercial-cleaning-sheffield","/soft-services",TRUE
"/commercial-cleaning-sheffield","/security-services",TRUE
"/commercial-cleaning-sheffield","/concierge-services",TRUE
"/commercial-cleaning-sheffield","/washroom-management",TRUE
"/commercial-cleaning-sheffield","/grounds-maintenance",TRUE
"/commercial-cleaning-sheffield","/industrial-facilities-management",TRUE
"/commercial-cleaning-sheffield","/commercial-facilities-management",TRUE
"/commercial-cleaning-sheffield","/logistics-facilities-management",TRUE
"/commercial-cleaning-sheffield","/warehouse-facilities-management",TRUE
"/commercial-cleaning-sheffield","/retail-facilities-management",TRUE
"/commercial-cleaning-sheffield","/healthcare-facilities-management",TRUE
"/commercial-cleaning-sheffield","/education-facilities-management",TRUE
"/commercial-cleaning-sheffield","/public-sector-facilities-management",TRUE
"/commercial-cleaning-sheffield","/residential-facilities-management",TRUE
"/commercial-cleaning-sheffield","/hotel-facilities-management",TRUE
"/commercial-cleaning-sheffield","/sectors",FALSE
"/commercial-cleaning-sheffield","/fm-london",TRUE
"/commercial-cleaning-sheffield","/facilities-management-london",TRUE
"/commercial-cleaning-sheffield","/london-facilities-management",TRUE
"/commercial-cleaning-sheffield","/facilities-management-manchester",TRUE
"/commercial-cleaning-sheffield","/facilities-management-birmingham",TRUE
"/commercial-cleaning-sheffield","/facilities-management-sheffield",TRUE
"/commercial-cleaning-sheffield","/facilities-management-leeds",TRUE
"/commercial-cleaning-sheffield","/facilities-management-lincoln",TRUE
"/commercial-cleaning-sheffield","/facilities-management-liverpool",TRUE
"/commercial-cleaning-sheffield","/facilities-management-nottingham",TRUE
"/commercial-cleaning-sheffield","/privacy-policy",TRUE
"/commercial-cleaning-sheffield","/terms-and-conditions",TRUE
"/commercial-cleaning-sheffield","/accessibility-statement",TRUE
"/commercial-cleaning-sheffield","/helpdesk",TRUE
"/commercial-cleaning-sheffield","/sitemap.xml",FALSE
"/commercial-cleaning-nottingham","/client-login",TRUE
"/commercial-cleaning-nottingham","/",TRUE
"/commercial-cleaning-nottingham","/case-studies",FALSE
"/commercial-cleaning-nottingham","/blog",TRUE
"/commercial-cleaning-nottingham","/about-entire-facilities-management",TRUE
"/commercial-cleaning-nottingham","/contact-us",TRUE
"/commercial-cleaning-nottingham","/locations",FALSE
"/commercial-cleaning-nottingham","/mechanical-electrical",TRUE
"/commercial-cleaning-nottingham","/ppm",TRUE
"/commercial-cleaning-nottingham","/hard-services",TRUE
"/commercial-cleaning-nottingham","/hvac-contractor",TRUE
"/commercial-cleaning-nottingham","/plumbing-gas",TRUE
"/commercial-cleaning-nottingham","/fire-emergency-systems",TRUE
"/commercial-cleaning-nottingham","/safety-critical-emergency-systems",TRUE
"/commercial-cleaning-nottingham","/building-maintenance",TRUE
"/commercial-cleaning-nottingham","/mechanical-electrical/emergency-light-testing",TRUE
"/commercial-cleaning-nottingham","/mechanical-electrical/access-control",TRUE
"/commercial-cleaning-nottingham","/aerial-drone-building-inspection",TRUE
"/commercial-cleaning-nottingham","/industrial-cleaning",TRUE
"/commercial-cleaning-nottingham","/cleaning-services",TRUE
"/commercial-cleaning-nottingham","/contract-cleaning",TRUE
"/commercial-cleaning-nottingham","/office-cleaning",TRUE
"/commercial-cleaning-nottingham","/pressure-washing",TRUE
"/commercial-cleaning-nottingham","/window-cleaning",TRUE
"/commercial-cleaning-nottingham","/soft-services",TRUE
"/commercial-cleaning-nottingham","/security-services",TRUE
"/commercial-cleaning-nottingham","/concierge-services",TRUE
"/commercial-cleaning-nottingham","/washroom-management",TRUE
"/commercial-cleaning-nottingham","/grounds-maintenance",TRUE
"/commercial-cleaning-nottingham","/industrial-facilities-management",TRUE
"/commercial-cleaning-nottingham","/commercial-facilities-management",TRUE
"/commercial-cleaning-nottingham","/logistics-facilities-management",TRUE
"/commercial-cleaning-nottingham","/warehouse-facilities-management",TRUE
"/commercial-cleaning-nottingham","/retail-facilities-management",TRUE
"/commercial-cleaning-nottingham","/healthcare-facilities-management",TRUE
"/commercial-cleaning-nottingham","/education-facilities-management",TRUE
"/commercial-cleaning-nottingham","/public-sector-facilities-management",TRUE
"/commercial-cleaning-nottingham","/residential-facilities-management",TRUE
"/commercial-cleaning-nottingham","/hotel-facilities-management",TRUE
"/commercial-cleaning-nottingham","/sectors",FALSE
"/commercial-cleaning-nottingham","/fm-london",TRUE
"/commercial-cleaning-nottingham","/facilities-management-london",TRUE
"/commercial-cleaning-nottingham","/london-facilities-management",TRUE
"/commercial-cleaning-nottingham","/facilities-management-manchester",TRUE
"/commercial-cleaning-nottingham","/facilities-management-birmingham",TRUE
"/commercial-cleaning-nottingham","/facilities-management-sheffield",TRUE
"/commercial-cleaning-nottingham","/facilities-management-leeds",TRUE
"/commercial-cleaning-nottingham","/facilities-management-lincoln",TRUE
"/commercial-cleaning-nottingham","/facilities-management-liverpool",TRUE
"/commercial-cleaning-nottingham","/facilities-management-nottingham",TRUE
"/commercial-cleaning-nottingham","/privacy-policy",TRUE
"/commercial-cleaning-nottingham","/terms-and-conditions",TRUE
"/commercial-cleaning-nottingham","/accessibility-statement",TRUE
"/commercial-cleaning-nottingham","/helpdesk",TRUE
"/commercial-cleaning-nottingham","/sitemap.xml",FALSE
"/commercial-cleaning-lincoln","/client-login",TRUE
"/commercial-cleaning-lincoln","/",TRUE
"/commercial-cleaning-lincoln","/case-studies",FALSE
"/commercial-cleaning-lincoln","/blog",TRUE
"/commercial-cleaning-lincoln","/about-entire-facilities-management",TRUE
"/commercial-cleaning-lincoln","/contact-us",TRUE
"/commercial-cleaning-lincoln","/locations",FALSE
"/commercial-cleaning-lincoln","/mechanical-electrical",TRUE
"/commercial-cleaning-lincoln","/ppm",TRUE
"/commercial-cleaning-lincoln","/hard-services",TRUE
"/commercial-cleaning-lincoln","/hvac-contractor",TRUE
"/commercial-cleaning-lincoln","/plumbing-gas",TRUE
"/commercial-cleaning-lincoln","/fire-emergency-systems",TRUE
"/commercial-cleaning-lincoln","/safety-critical-emergency-systems",TRUE
"/commercial-cleaning-lincoln","/building-maintenance",TRUE
"/commercial-cleaning-lincoln","/mechanical-electrical/emergency-light-testing",TRUE
"/commercial-cleaning-lincoln","/mechanical-electrical/access-control",TRUE
"/commercial-cleaning-lincoln","/aerial-drone-building-inspection",TRUE
"/commercial-cleaning-lincoln","/industrial-cleaning",TRUE
"/commercial-cleaning-lincoln","/cleaning-services",TRUE
"/commercial-cleaning-lincoln","/contract-cleaning",TRUE
"/commercial-cleaning-lincoln","/office-cleaning",TRUE
"/commercial-cleaning-lincoln","/pressure-washing",TRUE
"/commercial-cleaning-lincoln","/window-cleaning",TRUE
"/commercial-cleaning-lincoln","/soft-services",TRUE
"/commercial-cleaning-lincoln","/security-services",TRUE
"/commercial-cleaning-lincoln","/concierge-services",TRUE
"/commercial-cleaning-lincoln","/washroom-management",TRUE
"/commercial-cleaning-lincoln","/grounds-maintenance",TRUE
"/commercial-cleaning-lincoln","/industrial-facilities-management",TRUE
"/commercial-cleaning-lincoln","/commercial-facilities-management",TRUE
"/commercial-cleaning-lincoln","/logistics-facilities-management",TRUE
"/commercial-cleaning-lincoln","/warehouse-facilities-management",TRUE
"/commercial-cleaning-lincoln","/retail-facilities-management",TRUE
"/commercial-cleaning-lincoln","/healthcare-facilities-management",TRUE
"/commercial-cleaning-lincoln","/education-facilities-management",TRUE
"/commercial-cleaning-lincoln","/public-sector-facilities-management",TRUE
"/commercial-cleaning-lincoln","/residential-facilities-management",TRUE
"/commercial-cleaning-lincoln","/hotel-facilities-management",TRUE
"/commercial-cleaning-lincoln","/sectors",FALSE
"/commercial-cleaning-lincoln","/fm-london",TRUE
"/commercial-cleaning-lincoln","/facilities-management-london",TRUE
"/commercial-cleaning-lincoln","/london-facilities-management",TRUE
"/commercial-cleaning-lincoln","/facilities-management-manchester",TRUE
"/commercial-cleaning-lincoln","/facilities-management-birmingham",TRUE
"/commercial-cleaning-lincoln","/facilities-management-sheffield",TRUE
"/commercial-cleaning-lincoln","/facilities-management-leeds",TRUE
"/commercial-cleaning-lincoln","/facilities-management-lincoln",TRUE
"/commercial-cleaning-lincoln","/facilities-management-liverpool",TRUE
"/commercial-cleaning-lincoln","/facilities-management-nottingham",TRUE
"/commercial-cleaning-lincoln","/privacy-policy",TRUE
"/commercial-cleaning-lincoln","/terms-and-conditions",TRUE
"/commercial-cleaning-lincoln","/accessibility-statement",TRUE
"/commercial-cleaning-lincoln","/helpdesk",TRUE
"/commercial-cleaning-lincoln","/sitemap.xml",FALSE
"/construction-facilities-management","/client-login",TRUE
"/construction-facilities-management","/",TRUE
"/construction-facilities-management","/case-studies",FALSE
"/construction-facilities-management","/blog",TRUE
"/construction-facilities-management","/about-entire-facilities-management",TRUE
"/construction-facilities-management","/contact-us",TRUE
"/construction-facilities-management","/sectors",FALSE
"/construction-facilities-management","/mechanical-electrical",TRUE
"/construction-facilities-management","/ppm",TRUE
"/construction-facilities-management","/hard-services",TRUE
"/construction-facilities-management","/hvac-contractor",TRUE
"/construction-facilities-management","/plumbing-gas",TRUE
"/construction-facilities-management","/fire-emergency-systems",TRUE
"/construction-facilities-management","/safety-critical-emergency-systems",TRUE
"/construction-facilities-management","/building-maintenance",TRUE
"/construction-facilities-management","/mechanical-electrical/emergency-light-testing",TRUE
"/construction-facilities-management","/mechanical-electrical/access-control",TRUE
"/construction-facilities-management","/aerial-drone-building-inspection",TRUE
"/construction-facilities-management","/industrial-cleaning",TRUE
"/construction-facilities-management","/cleaning-services",TRUE
"/construction-facilities-management","/contract-cleaning",TRUE
"/construction-facilities-management","/office-cleaning",TRUE
"/construction-facilities-management","/pressure-washing",TRUE
"/construction-facilities-management","/window-cleaning",TRUE
"/construction-facilities-management","/soft-services",TRUE
"/construction-facilities-management","/security-services",TRUE
"/construction-facilities-management","/concierge-services",TRUE
"/construction-facilities-management","/washroom-management",TRUE
"/construction-facilities-management","/grounds-maintenance",TRUE
"/construction-facilities-management","/industrial-facilities-management",TRUE
"/construction-facilities-management","/commercial-facilities-management",TRUE
"/construction-facilities-management","/logistics-facilities-management",TRUE
"/construction-facilities-management","/warehouse-facilities-management",TRUE
"/construction-facilities-management","/retail-facilities-management",TRUE
"/construction-facilities-management","/healthcare-facilities-management",TRUE
"/construction-facilities-management","/education-facilities-management",TRUE
"/construction-facilities-management","/public-sector-facilities-management",TRUE
"/construction-facilities-management","/residential-facilities-management",TRUE
"/construction-facilities-management","/hotel-facilities-management",TRUE
"/construction-facilities-management","/fm-london",TRUE
"/construction-facilities-management","/facilities-management-london",TRUE
"/construction-facilities-management","/london-facilities-management",TRUE
"/construction-facilities-management","/facilities-management-manchester",TRUE
"/construction-facilities-management","/facilities-management-birmingham",TRUE
"/construction-facilities-management","/facilities-management-sheffield",TRUE
"/construction-facilities-management","/facilities-management-leeds",TRUE
"/construction-facilities-management","/facilities-management-lincoln",TRUE
"/construction-facilities-management","/facilities-management-liverpool",TRUE
"/construction-facilities-management","/facilities-management-nottingham",TRUE
"/construction-facilities-management","/locations",FALSE
"/construction-facilities-management","/privacy-policy",TRUE
"/construction-facilities-management","/terms-and-conditions",TRUE
"/construction-facilities-management","/accessibility-statement",TRUE
"/construction-facilities-management","/helpdesk",TRUE
"/construction-facilities-management","/sitemap.xml",FALSE
"/contact-us","/client-login",TRUE
"/contact-us","/",TRUE
"/contact-us","/case-studies",FALSE
"/contact-us","/blog",TRUE
"/contact-us","/about-entire-facilities-management",TRUE
"/contact-us","/contact-us",TRUE
"/contact-us","/mechanical-electrical",TRUE
"/contact-us","/hvac-contractor",TRUE
"/contact-us","/ppm",TRUE
"/contact-us","/hard-services",TRUE
"/contact-us","/plumbing-gas",TRUE
"/contact-us","/fire-emergency-systems",TRUE
"/contact-us","/safety-critical-emergency-systems",TRUE
"/contact-us","/building-maintenance",TRUE
"/contact-us","/mechanical-electrical/emergency-light-testing",TRUE
"/contact-us","/mechanical-electrical/access-control",TRUE
"/contact-us","/aerial-drone-building-inspection",TRUE
"/contact-us","/industrial-cleaning",TRUE
"/contact-us","/cleaning-services",TRUE
"/contact-us","/contract-cleaning",TRUE
"/contact-us","/office-cleaning",TRUE
"/contact-us","/pressure-washing",TRUE
"/contact-us","/window-cleaning",TRUE
"/contact-us","/soft-services",TRUE
"/contact-us","/security-services",TRUE
"/contact-us","/concierge-services",TRUE
"/contact-us","/washroom-management",TRUE
"/contact-us","/grounds-maintenance",TRUE
"/contact-us","/industrial-facilities-management",TRUE
"/contact-us","/commercial-facilities-management",TRUE
"/contact-us","/logistics-facilities-management",TRUE
"/contact-us","/warehouse-facilities-management",TRUE
"/contact-us","/retail-facilities-management",TRUE
"/contact-us","/healthcare-facilities-management",TRUE
"/contact-us","/education-facilities-management",TRUE
"/contact-us","/public-sector-facilities-management",TRUE
"/contact-us","/residential-facilities-management",TRUE
"/contact-us","/hotel-facilities-management",TRUE
"/contact-us","/sectors",FALSE
"/contact-us","/fm-london",TRUE
"/contact-us","/facilities-management-london",TRUE
"/contact-us","/london-facilities-management",TRUE
"/contact-us","/facilities-management-manchester",TRUE
"/contact-us","/facilities-management-birmingham",TRUE
"/contact-us","/facilities-management-sheffield",TRUE
"/contact-us","/facilities-management-leeds",TRUE
"/contact-us","/facilities-management-lincoln",TRUE
"/contact-us","/facilities-management-liverpool",TRUE
"/contact-us","/facilities-management-nottingham",TRUE
"/contact-us","/locations",FALSE
"/contact-us","/privacy-policy",TRUE
"/contact-us","/terms-and-conditions",TRUE
"/contact-us","/accessibility-statement",TRUE
"/contact-us","/helpdesk",TRUE
"/contact-us","/sitemap.xml",FALSE
"/commercial-facilities-management","/client-login",TRUE
"/commercial-facilities-management","/",TRUE
"/commercial-facilities-management","/case-studies",FALSE
"/commercial-facilities-management","/blog",TRUE
"/commercial-facilities-management","/about-entire-facilities-management",TRUE
"/commercial-facilities-management","/contact-us",TRUE
"/commercial-facilities-management","/sectors",FALSE
"/commercial-facilities-management","/mechanical-electrical",TRUE
"/commercial-facilities-management","/ppm",TRUE
"/commercial-facilities-management","/hard-services",TRUE
"/commercial-facilities-management","/hvac-contractor",TRUE
"/commercial-facilities-management","/plumbing-gas",TRUE
"/commercial-facilities-management","/fire-emergency-systems",TRUE
"/commercial-facilities-management","/safety-critical-emergency-systems",TRUE
"/commercial-facilities-management","/building-maintenance",TRUE
"/commercial-facilities-management","/mechanical-electrical/emergency-light-testing",TRUE
"/commercial-facilities-management","/mechanical-electrical/access-control",TRUE
"/commercial-facilities-management","/aerial-drone-building-inspection",TRUE
"/commercial-facilities-management","/industrial-cleaning",TRUE
"/commercial-facilities-management","/cleaning-services",TRUE
"/commercial-facilities-management","/contract-cleaning",TRUE
"/commercial-facilities-management","/office-cleaning",TRUE
"/commercial-facilities-management","/pressure-washing",TRUE
"/commercial-facilities-management","/window-cleaning",TRUE
"/commercial-facilities-management","/soft-services",TRUE
"/commercial-facilities-management","/security-services",TRUE
"/commercial-facilities-management","/concierge-services",TRUE
"/commercial-facilities-management","/washroom-management",TRUE
"/commercial-facilities-management","/grounds-maintenance",TRUE
"/commercial-facilities-management","/industrial-facilities-management",TRUE
"/commercial-facilities-management","/commercial-facilities-management",TRUE
"/commercial-facilities-management","/logistics-facilities-management",TRUE
"/commercial-facilities-management","/warehouse-facilities-management",TRUE
"/commercial-facilities-management","/retail-facilities-management",TRUE
"/commercial-facilities-management","/healthcare-facilities-management",TRUE
"/commercial-facilities-management","/education-facilities-management",TRUE
"/commercial-facilities-management","/public-sector-facilities-management",TRUE
"/commercial-facilities-management","/residential-facilities-management",TRUE
"/commercial-facilities-management","/hotel-facilities-management",TRUE
"/commercial-facilities-management","/fm-london",TRUE
"/commercial-facilities-management","/facilities-management-london",TRUE
"/commercial-facilities-management","/london-facilities-management",TRUE
"/commercial-facilities-management","/facilities-management-manchester",TRUE
"/commercial-facilities-management","/facilities-management-birmingham",TRUE
"/commercial-facilities-management","/facilities-management-sheffield",TRUE
"/commercial-facilities-management","/facilities-management-leeds",TRUE
"/commercial-facilities-management","/facilities-management-lincoln",TRUE
"/commercial-facilities-management","/facilities-management-liverpool",TRUE
"/commercial-facilities-management","/facilities-management-nottingham",TRUE
"/commercial-facilities-management","/locations",FALSE
"/commercial-facilities-management","/privacy-policy",TRUE
"/commercial-facilities-management","/terms-and-conditions",TRUE
"/commercial-facilities-management","/accessibility-statement",TRUE
"/commercial-facilities-management","/helpdesk",TRUE
"/commercial-facilities-management","/sitemap.xml",FALSE
"/concierge-services","/client-login",TRUE
"/concierge-services","/",TRUE
"/concierge-services","/case-studies",FALSE
"/concierge-services","/blog",TRUE
"/concierge-services","/about-entire-facilities-management",TRUE
"/concierge-services","/contact-us",TRUE
"/concierge-services","/services",TRUE
"/concierge-services","/mechanical-electrical",TRUE
"/concierge-services","/ppm",TRUE
"/concierge-services","/hard-services",TRUE
"/concierge-services","/hvac-contractor",TRUE
"/concierge-services","/plumbing-gas",TRUE
"/concierge-services","/fire-emergency-systems",TRUE
"/concierge-services","/safety-critical-emergency-systems",TRUE
"/concierge-services","/building-maintenance",TRUE
"/concierge-services","/mechanical-electrical/emergency-light-testing",TRUE
"/concierge-services","/mechanical-electrical/access-control",TRUE
"/concierge-services","/aerial-drone-building-inspection",TRUE
"/concierge-services","/industrial-cleaning",TRUE
"/concierge-services","/cleaning-services",TRUE
"/concierge-services","/contract-cleaning",TRUE
"/concierge-services","/office-cleaning",TRUE
"/concierge-services","/pressure-washing",TRUE
"/concierge-services","/window-cleaning",TRUE
"/concierge-services","/soft-services",TRUE
"/concierge-services","/security-services",TRUE
"/concierge-services","/concierge-services",TRUE
"/concierge-services","/washroom-management",TRUE
"/concierge-services","/grounds-maintenance",TRUE
"/concierge-services","/industrial-facilities-management",TRUE
"/concierge-services","/commercial-facilities-management",TRUE
"/concierge-services","/logistics-facilities-management",TRUE
"/concierge-services","/warehouse-facilities-management",TRUE
"/concierge-services","/retail-facilities-management",TRUE
"/concierge-services","/healthcare-facilities-management",TRUE
"/concierge-services","/education-facilities-management",TRUE
"/concierge-services","/public-sector-facilities-management",TRUE
"/concierge-services","/residential-facilities-management",TRUE
"/concierge-services","/hotel-facilities-management",TRUE
"/concierge-services","/sectors",FALSE
"/concierge-services","/fm-london",TRUE
"/concierge-services","/facilities-management-london",TRUE
"/concierge-services","/london-facilities-management",TRUE
"/concierge-services","/facilities-management-manchester",TRUE
"/concierge-services","/facilities-management-birmingham",TRUE
"/concierge-services","/facilities-management-sheffield",TRUE
"/concierge-services","/facilities-management-leeds",TRUE
"/concierge-services","/facilities-management-lincoln",TRUE
"/concierge-services","/facilities-management-liverpool",TRUE
"/concierge-services","/facilities-management-nottingham",TRUE
"/concierge-services","/locations",FALSE
"/concierge-services","/privacy-policy",TRUE
"/concierge-services","/terms-and-conditions",TRUE
"/concierge-services","/accessibility-statement",TRUE
"/concierge-services","/helpdesk",TRUE
"/concierge-services","/sitemap.xml",FALSE
"/commercial-fm-lincoln","/client-login",TRUE
"/commercial-fm-lincoln","/",TRUE
"/commercial-fm-lincoln","/case-studies",FALSE
"/commercial-fm-lincoln","/blog",TRUE
"/commercial-fm-lincoln","/about-entire-facilities-management",TRUE
"/commercial-fm-lincoln","/contact-us",TRUE
"/commercial-fm-lincoln","/locations",FALSE
"/commercial-fm-lincoln","/mechanical-electrical",TRUE
"/commercial-fm-lincoln","/ppm",TRUE
"/commercial-fm-lincoln","/hard-services",TRUE
"/commercial-fm-lincoln","/hvac-contractor",TRUE
"/commercial-fm-lincoln","/plumbing-gas",TRUE
"/commercial-fm-lincoln","/fire-emergency-systems",TRUE
"/commercial-fm-lincoln","/safety-critical-emergency-systems",TRUE
"/commercial-fm-lincoln","/building-maintenance",TRUE
"/commercial-fm-lincoln","/mechanical-electrical/emergency-light-testing",TRUE
"/commercial-fm-lincoln","/mechanical-electrical/access-control",TRUE
"/commercial-fm-lincoln","/aerial-drone-building-inspection",TRUE
"/commercial-fm-lincoln","/industrial-cleaning",TRUE
"/commercial-fm-lincoln","/cleaning-services",TRUE
"/commercial-fm-lincoln","/contract-cleaning",TRUE
"/commercial-fm-lincoln","/office-cleaning",TRUE
"/commercial-fm-lincoln","/pressure-washing",TRUE
"/commercial-fm-lincoln","/window-cleaning",TRUE
"/commercial-fm-lincoln","/soft-services",TRUE
"/commercial-fm-lincoln","/security-services",TRUE
"/commercial-fm-lincoln","/concierge-services",TRUE
"/commercial-fm-lincoln","/washroom-management",TRUE
"/commercial-fm-lincoln","/grounds-maintenance",TRUE
"/commercial-fm-lincoln","/industrial-facilities-management",TRUE
"/commercial-fm-lincoln","/commercial-facilities-management",TRUE
"/commercial-fm-lincoln","/logistics-facilities-management",TRUE
"/commercial-fm-lincoln","/warehouse-facilities-management",TRUE
"/commercial-fm-lincoln","/retail-facilities-management",TRUE
"/commercial-fm-lincoln","/healthcare-facilities-management",TRUE
"/commercial-fm-lincoln","/education-facilities-management",TRUE
"/commercial-fm-lincoln","/public-sector-facilities-management",TRUE
"/commercial-fm-lincoln","/residential-facilities-management",TRUE
"/commercial-fm-lincoln","/hotel-facilities-management",TRUE
"/commercial-fm-lincoln","/sectors",FALSE
"/commercial-fm-lincoln","/fm-london",TRUE
"/commercial-fm-lincoln","/facilities-management-london",TRUE
"/commercial-fm-lincoln","/london-facilities-management",TRUE
"/commercial-fm-lincoln","/facilities-management-manchester",TRUE
"/commercial-fm-lincoln","/facilities-management-birmingham",TRUE
"/commercial-fm-lincoln","/facilities-management-sheffield",TRUE
"/commercial-fm-lincoln","/facilities-management-leeds",TRUE
"/commercial-fm-lincoln","/facilities-management-lincoln",TRUE
"/commercial-fm-lincoln","/facilities-management-liverpool",TRUE
"/commercial-fm-lincoln","/facilities-management-nottingham",TRUE
"/commercial-fm-lincoln","/privacy-policy",TRUE
"/commercial-fm-lincoln","/terms-and-conditions",TRUE
"/commercial-fm-lincoln","/accessibility-statement",TRUE
"/commercial-fm-lincoln","/helpdesk",TRUE
"/commercial-fm-lincoln","/sitemap.xml",FALSE
"/contract-cleaning-london","/client-login",TRUE
"/contract-cleaning-london","/",TRUE
"/contract-cleaning-london","/case-studies",FALSE
"/contract-cleaning-london","/blog",TRUE
"/contract-cleaning-london","/about-entire-facilities-management",TRUE
"/contract-cleaning-london","/contact-us",TRUE
"/contract-cleaning-london","/locations",FALSE
"/contract-cleaning-london","/mechanical-electrical",TRUE
"/contract-cleaning-london","/ppm",TRUE
"/contract-cleaning-london","/hard-services",TRUE
"/contract-cleaning-london","/hvac-contractor",TRUE
"/contract-cleaning-london","/plumbing-gas",TRUE
"/contract-cleaning-london","/fire-emergency-systems",TRUE
"/contract-cleaning-london","/safety-critical-emergency-systems",TRUE
"/contract-cleaning-london","/building-maintenance",TRUE
"/contract-cleaning-london","/mechanical-electrical/emergency-light-testing",TRUE
"/contract-cleaning-london","/mechanical-electrical/access-control",TRUE
"/contract-cleaning-london","/aerial-drone-building-inspection",TRUE
"/contract-cleaning-london","/industrial-cleaning",TRUE
"/contract-cleaning-london","/cleaning-services",TRUE
"/contract-cleaning-london","/contract-cleaning",TRUE
"/contract-cleaning-london","/office-cleaning",TRUE
"/contract-cleaning-london","/pressure-washing",TRUE
"/contract-cleaning-london","/window-cleaning",TRUE
"/contract-cleaning-london","/soft-services",TRUE
"/contract-cleaning-london","/security-services",TRUE
"/contract-cleaning-london","/concierge-services",TRUE
"/contract-cleaning-london","/washroom-management",TRUE
"/contract-cleaning-london","/grounds-maintenance",TRUE
"/contract-cleaning-london","/industrial-facilities-management",TRUE
"/contract-cleaning-london","/commercial-facilities-management",TRUE
"/contract-cleaning-london","/logistics-facilities-management",TRUE
"/contract-cleaning-london","/warehouse-facilities-management",TRUE
"/contract-cleaning-london","/retail-facilities-management",TRUE
"/contract-cleaning-london","/healthcare-facilities-management",TRUE
"/contract-cleaning-london","/education-facilities-management",TRUE
"/contract-cleaning-london","/public-sector-facilities-management",TRUE
"/contract-cleaning-london","/residential-facilities-management",TRUE
"/contract-cleaning-london","/hotel-facilities-management",TRUE
"/contract-cleaning-london","/sectors",FALSE
"/contract-cleaning-london","/fm-london",TRUE
"/contract-cleaning-london","/facilities-management-london",TRUE
"/contract-cleaning-london","/london-facilities-management",TRUE
"/contract-cleaning-london","/facilities-management-manchester",TRUE
"/contract-cleaning-london","/facilities-management-birmingham",TRUE
"/contract-cleaning-london","/facilities-management-sheffield",TRUE
"/contract-cleaning-london","/facilities-management-leeds",TRUE
"/contract-cleaning-london","/facilities-management-lincoln",TRUE
"/contract-cleaning-london","/facilities-management-liverpool",TRUE
"/contract-cleaning-london","/facilities-management-nottingham",TRUE
"/contract-cleaning-london","/privacy-policy",TRUE
"/contract-cleaning-london","/terms-and-conditions",TRUE
"/contract-cleaning-london","/accessibility-statement",TRUE
"/contract-cleaning-london","/helpdesk",TRUE
"/contract-cleaning-london","/sitemap.xml",FALSE
"/contract-cleaning-leeds","/client-login",TRUE
"/contract-cleaning-leeds","/",TRUE
"/contract-cleaning-leeds","/case-studies",FALSE
"/contract-cleaning-leeds","/blog",TRUE
"/contract-cleaning-leeds","/about-entire-facilities-management",TRUE
"/contract-cleaning-leeds","/contact-us",TRUE
"/contract-cleaning-leeds","/locations",FALSE
"/contract-cleaning-leeds","/mechanical-electrical",TRUE
"/contract-cleaning-leeds","/ppm",TRUE
"/contract-cleaning-leeds","/hard-services",TRUE
"/contract-cleaning-leeds","/hvac-contractor",TRUE
"/contract-cleaning-leeds","/plumbing-gas",TRUE
"/contract-cleaning-leeds","/fire-emergency-systems",TRUE
"/contract-cleaning-leeds","/safety-critical-emergency-systems",TRUE
"/contract-cleaning-leeds","/building-maintenance",TRUE
"/contract-cleaning-leeds","/mechanical-electrical/emergency-light-testing",TRUE
"/contract-cleaning-leeds","/mechanical-electrical/access-control",TRUE
"/contract-cleaning-leeds","/aerial-drone-building-inspection",TRUE
"/contract-cleaning-leeds","/industrial-cleaning",TRUE
"/contract-cleaning-leeds","/cleaning-services",TRUE
"/contract-cleaning-leeds","/contract-cleaning",TRUE
"/contract-cleaning-leeds","/office-cleaning",TRUE
"/contract-cleaning-leeds","/pressure-washing",TRUE
"/contract-cleaning-leeds","/window-cleaning",TRUE
"/contract-cleaning-leeds","/soft-services",TRUE
"/contract-cleaning-leeds","/security-services",TRUE
"/contract-cleaning-leeds","/concierge-services",TRUE
"/contract-cleaning-leeds","/washroom-management",TRUE
"/contract-cleaning-leeds","/grounds-maintenance",TRUE
"/contract-cleaning-leeds","/industrial-facilities-management",TRUE
"/contract-cleaning-leeds","/commercial-facilities-management",TRUE
"/contract-cleaning-leeds","/logistics-facilities-management",TRUE
"/contract-cleaning-leeds","/warehouse-facilities-management",TRUE
"/contract-cleaning-leeds","/retail-facilities-management",TRUE
"/contract-cleaning-leeds","/healthcare-facilities-management",TRUE
"/contract-cleaning-leeds","/education-facilities-management",TRUE
"/contract-cleaning-leeds","/public-sector-facilities-management",TRUE
"/contract-cleaning-leeds","/residential-facilities-management",TRUE
"/contract-cleaning-leeds","/hotel-facilities-management",TRUE
"/contract-cleaning-leeds","/sectors",FALSE
"/contract-cleaning-leeds","/fm-london",TRUE
"/contract-cleaning-leeds","/facilities-management-london",TRUE
"/contract-cleaning-leeds","/london-facilities-management",TRUE
"/contract-cleaning-leeds","/facilities-management-manchester",TRUE
"/contract-cleaning-leeds","/facilities-management-birmingham",TRUE
"/contract-cleaning-leeds","/facilities-management-sheffield",TRUE
"/contract-cleaning-leeds","/facilities-management-leeds",TRUE
"/contract-cleaning-leeds","/facilities-management-lincoln",TRUE
"/contract-cleaning-leeds","/facilities-management-liverpool",TRUE
"/contract-cleaning-leeds","/facilities-management-nottingham",TRUE
"/contract-cleaning-leeds","/privacy-policy",TRUE
"/contract-cleaning-leeds","/terms-and-conditions",TRUE
"/contract-cleaning-leeds","/accessibility-statement",TRUE
"/contract-cleaning-leeds","/helpdesk",TRUE
"/contract-cleaning-leeds","/sitemap.xml",FALSE
"/contract-cleaning-lincoln","/client-login",TRUE
"/contract-cleaning-lincoln","/",TRUE
"/contract-cleaning-lincoln","/case-studies",FALSE
"/contract-cleaning-lincoln","/blog",TRUE
"/contract-cleaning-lincoln","/about-entire-facilities-management",TRUE
"/contract-cleaning-lincoln","/contact-us",TRUE
"/contract-cleaning-lincoln","/locations",FALSE
"/contract-cleaning-lincoln","/mechanical-electrical",TRUE
"/contract-cleaning-lincoln","/ppm",TRUE
"/contract-cleaning-lincoln","/hard-services",TRUE
"/contract-cleaning-lincoln","/hvac-contractor",TRUE
"/contract-cleaning-lincoln","/plumbing-gas",TRUE
"/contract-cleaning-lincoln","/fire-emergency-systems",TRUE
"/contract-cleaning-lincoln","/safety-critical-emergency-systems",TRUE
"/contract-cleaning-lincoln","/building-maintenance",TRUE
"/contract-cleaning-lincoln","/mechanical-electrical/emergency-light-testing",TRUE
"/contract-cleaning-lincoln","/mechanical-electrical/access-control",TRUE
"/contract-cleaning-lincoln","/aerial-drone-building-inspection",TRUE
"/contract-cleaning-lincoln","/industrial-cleaning",TRUE
"/contract-cleaning-lincoln","/cleaning-services",TRUE
"/contract-cleaning-lincoln","/contract-cleaning",TRUE
"/contract-cleaning-lincoln","/office-cleaning",TRUE
"/contract-cleaning-lincoln","/pressure-washing",TRUE
"/contract-cleaning-lincoln","/window-cleaning",TRUE
"/contract-cleaning-lincoln","/soft-services",TRUE
"/contract-cleaning-lincoln","/security-services",TRUE
"/contract-cleaning-lincoln","/concierge-services",TRUE
"/contract-cleaning-lincoln","/washroom-management",TRUE
"/contract-cleaning-lincoln","/grounds-maintenance",TRUE
"/contract-cleaning-lincoln","/industrial-facilities-management",TRUE
"/contract-cleaning-lincoln","/commercial-facilities-management",TRUE
"/contract-cleaning-lincoln","/logistics-facilities-management",TRUE
"/contract-cleaning-lincoln","/warehouse-facilities-management",TRUE
"/contract-cleaning-lincoln","/retail-facilities-management",TRUE
"/contract-cleaning-lincoln","/healthcare-facilities-management",TRUE
"/contract-cleaning-lincoln","/education-facilities-management",TRUE
"/contract-cleaning-lincoln","/public-sector-facilities-management",TRUE
"/contract-cleaning-lincoln","/residential-facilities-management",TRUE
"/contract-cleaning-lincoln","/hotel-facilities-management",TRUE
"/contract-cleaning-lincoln","/sectors",FALSE
"/contract-cleaning-lincoln","/fm-london",TRUE
"/contract-cleaning-lincoln","/facilities-management-london",TRUE
"/contract-cleaning-lincoln","/london-facilities-management",TRUE
"/contract-cleaning-lincoln","/facilities-management-manchester",TRUE
"/contract-cleaning-lincoln","/facilities-management-birmingham",TRUE
"/contract-cleaning-lincoln","/facilities-management-sheffield",TRUE
"/contract-cleaning-lincoln","/facilities-management-leeds",TRUE
"/contract-cleaning-lincoln","/facilities-management-lincoln",TRUE
"/contract-cleaning-lincoln","/facilities-management-liverpool",TRUE
"/contract-cleaning-lincoln","/facilities-management-nottingham",TRUE
"/contract-cleaning-lincoln","/privacy-policy",TRUE
"/contract-cleaning-lincoln","/terms-and-conditions",TRUE
"/contract-cleaning-lincoln","/accessibility-statement",TRUE
"/contract-cleaning-lincoln","/helpdesk",TRUE
"/contract-cleaning-lincoln","/sitemap.xml",FALSE
"/contract-cleaning","/client-login",TRUE
"/contract-cleaning","/",TRUE
"/contract-cleaning","/case-studies",FALSE
"/contract-cleaning","/blog",TRUE
"/contract-cleaning","/about-entire-facilities-management",TRUE
"/contract-cleaning","/contact-us",TRUE
"/contract-cleaning","/services",TRUE
"/contract-cleaning","/mechanical-electrical",TRUE
"/contract-cleaning","/ppm",TRUE
"/contract-cleaning","/hard-services",TRUE
"/contract-cleaning","/hvac-contractor",TRUE
"/contract-cleaning","/plumbing-gas",TRUE
"/contract-cleaning","/fire-emergency-systems",TRUE
"/contract-cleaning","/safety-critical-emergency-systems",TRUE
"/contract-cleaning","/building-maintenance",TRUE
"/contract-cleaning","/mechanical-electrical/emergency-light-testing",TRUE
"/contract-cleaning","/mechanical-electrical/access-control",TRUE
"/contract-cleaning","/aerial-drone-building-inspection",TRUE
"/contract-cleaning","/industrial-cleaning",TRUE
"/contract-cleaning","/cleaning-services",TRUE
"/contract-cleaning","/contract-cleaning",TRUE
"/contract-cleaning","/office-cleaning",TRUE
"/contract-cleaning","/pressure-washing",TRUE
"/contract-cleaning","/window-cleaning",TRUE
"/contract-cleaning","/soft-services",TRUE
"/contract-cleaning","/security-services",TRUE
"/contract-cleaning","/concierge-services",TRUE
"/contract-cleaning","/washroom-management",TRUE
"/contract-cleaning","/grounds-maintenance",TRUE
"/contract-cleaning","/industrial-facilities-management",TRUE
"/contract-cleaning","/commercial-facilities-management",TRUE
"/contract-cleaning","/logistics-facilities-management",TRUE
"/contract-cleaning","/warehouse-facilities-management",TRUE
"/contract-cleaning","/retail-facilities-management",TRUE
"/contract-cleaning","/healthcare-facilities-management",TRUE
"/contract-cleaning","/education-facilities-management",TRUE
"/contract-cleaning","/public-sector-facilities-management",TRUE
"/contract-cleaning","/residential-facilities-management",TRUE
"/contract-cleaning","/hotel-facilities-management",TRUE
"/contract-cleaning","/sectors",FALSE
"/contract-cleaning","/fm-london",TRUE
"/contract-cleaning","/facilities-management-london",TRUE
"/contract-cleaning","/london-facilities-management",TRUE
"/contract-cleaning","/facilities-management-manchester",TRUE
"/contract-cleaning","/facilities-management-birmingham",TRUE
"/contract-cleaning","/facilities-management-sheffield",TRUE
"/contract-cleaning","/facilities-management-leeds",TRUE
"/contract-cleaning","/facilities-management-lincoln",TRUE
"/contract-cleaning","/facilities-management-liverpool",TRUE
"/contract-cleaning","/facilities-management-nottingham",TRUE
"/contract-cleaning","/locations",FALSE
"/contract-cleaning","/privacy-policy",TRUE
"/contract-cleaning","/terms-and-conditions",TRUE
"/contract-cleaning","/accessibility-statement",TRUE
"/contract-cleaning","/helpdesk",TRUE
"/contract-cleaning","/sitemap.xml",FALSE
"/contract-cleaning-chesterfield","/client-login",TRUE
"/contract-cleaning-chesterfield","/",TRUE
"/contract-cleaning-chesterfield","/case-studies",FALSE
"/contract-cleaning-chesterfield","/blog",TRUE
"/contract-cleaning-chesterfield","/about-entire-facilities-management",TRUE
"/contract-cleaning-chesterfield","/contact-us",TRUE
"/contract-cleaning-chesterfield","/locations",FALSE
"/contract-cleaning-chesterfield","/mechanical-electrical",TRUE
"/contract-cleaning-chesterfield","/ppm",TRUE
"/contract-cleaning-chesterfield","/hard-services",TRUE
"/contract-cleaning-chesterfield","/hvac-contractor",TRUE
"/contract-cleaning-chesterfield","/plumbing-gas",TRUE
"/contract-cleaning-chesterfield","/fire-emergency-systems",TRUE
"/contract-cleaning-chesterfield","/safety-critical-emergency-systems",TRUE
"/contract-cleaning-chesterfield","/building-maintenance",TRUE
"/contract-cleaning-chesterfield","/mechanical-electrical/emergency-light-testing",TRUE
"/contract-cleaning-chesterfield","/mechanical-electrical/access-control",TRUE
"/contract-cleaning-chesterfield","/aerial-drone-building-inspection",TRUE
"/contract-cleaning-chesterfield","/industrial-cleaning",TRUE
"/contract-cleaning-chesterfield","/cleaning-services",TRUE
"/contract-cleaning-chesterfield","/contract-cleaning",TRUE
"/contract-cleaning-chesterfield","/office-cleaning",TRUE
"/contract-cleaning-chesterfield","/pressure-washing",TRUE
"/contract-cleaning-chesterfield","/window-cleaning",TRUE
"/contract-cleaning-chesterfield","/soft-services",TRUE
"/contract-cleaning-chesterfield","/security-services",TRUE
"/contract-cleaning-chesterfield","/concierge-services",TRUE
"/contract-cleaning-chesterfield","/washroom-management",TRUE
"/contract-cleaning-chesterfield","/grounds-maintenance",TRUE
"/contract-cleaning-chesterfield","/industrial-facilities-management",TRUE
"/contract-cleaning-chesterfield","/commercial-facilities-management",TRUE
"/contract-cleaning-chesterfield","/logistics-facilities-management",TRUE
"/contract-cleaning-chesterfield","/warehouse-facilities-management",TRUE
"/contract-cleaning-chesterfield","/retail-facilities-management",TRUE
"/contract-cleaning-chesterfield","/healthcare-facilities-management",TRUE
"/contract-cleaning-chesterfield","/education-facilities-management",TRUE
"/contract-cleaning-chesterfield","/public-sector-facilities-management",TRUE
"/contract-cleaning-chesterfield","/residential-facilities-management",TRUE
"/contract-cleaning-chesterfield","/hotel-facilities-management",TRUE
"/contract-cleaning-chesterfield","/sectors",FALSE
"/contract-cleaning-chesterfield","/fm-london",TRUE
"/contract-cleaning-chesterfield","/facilities-management-london",TRUE
"/contract-cleaning-chesterfield","/london-facilities-management",TRUE
"/contract-cleaning-chesterfield","/facilities-management-manchester",TRUE
"/contract-cleaning-chesterfield","/facilities-management-birmingham",TRUE
"/contract-cleaning-chesterfield","/facilities-management-sheffield",TRUE
"/contract-cleaning-chesterfield","/facilities-management-leeds",TRUE
"/contract-cleaning-chesterfield","/facilities-management-lincoln",TRUE
"/contract-cleaning-chesterfield","/facilities-management-liverpool",TRUE
"/contract-cleaning-chesterfield","/facilities-management-nottingham",TRUE
"/contract-cleaning-chesterfield","/privacy-policy",TRUE
"/contract-cleaning-chesterfield","/terms-and-conditions",TRUE
"/contract-cleaning-chesterfield","/accessibility-statement",TRUE
"/contract-cleaning-chesterfield","/helpdesk",TRUE
"/contract-cleaning-chesterfield","/sitemap.xml",FALSE
"/copy-of-what-is-facilities-manageme","/client-login",TRUE
"/copy-of-what-is-facilities-manageme","/",TRUE
"/copy-of-what-is-facilities-manageme","/case-studies",FALSE
"/copy-of-what-is-facilities-manageme","/blog",TRUE
"/copy-of-what-is-facilities-manageme","/about-entire-facilities-management",TRUE
"/copy-of-what-is-facilities-manageme","/contact-us",TRUE
"/copy-of-what-is-facilities-manageme","/services",TRUE
"/copy-of-what-is-facilities-manageme","/mechanical-electrical",TRUE
"/copy-of-what-is-facilities-manageme","/ppm",TRUE
"/copy-of-what-is-facilities-manageme","/hard-services",TRUE
"/copy-of-what-is-facilities-manageme","/hvac-contractor",TRUE
"/copy-of-what-is-facilities-manageme","/plumbing-gas",TRUE
"/copy-of-what-is-facilities-manageme","/fire-emergency-systems",TRUE
"/copy-of-what-is-facilities-manageme","/safety-critical-emergency-systems",TRUE
"/copy-of-what-is-facilities-manageme","/building-maintenance",TRUE
"/copy-of-what-is-facilities-manageme","/mechanical-electrical/emergency-light-testing",TRUE
"/copy-of-what-is-facilities-manageme","/mechanical-electrical/access-control",TRUE
"/copy-of-what-is-facilities-manageme","/aerial-drone-building-inspection",TRUE
"/copy-of-what-is-facilities-manageme","/industrial-cleaning",TRUE
"/copy-of-what-is-facilities-manageme","/cleaning-services",TRUE
"/copy-of-what-is-facilities-manageme","/contract-cleaning",TRUE
"/copy-of-what-is-facilities-manageme","/office-cleaning",TRUE
"/copy-of-what-is-facilities-manageme","/pressure-washing",TRUE
"/copy-of-what-is-facilities-manageme","/window-cleaning",TRUE
"/copy-of-what-is-facilities-manageme","/soft-services",TRUE
"/copy-of-what-is-facilities-manageme","/security-services",TRUE
"/copy-of-what-is-facilities-manageme","/concierge-services",TRUE
"/copy-of-what-is-facilities-manageme","/washroom-management",TRUE
"/copy-of-what-is-facilities-manageme","/grounds-maintenance",TRUE
"/copy-of-what-is-facilities-manageme","/industrial-facilities-management",TRUE
"/copy-of-what-is-facilities-manageme","/commercial-facilities-management",TRUE
"/copy-of-what-is-facilities-manageme","/logistics-facilities-management",TRUE
"/copy-of-what-is-facilities-manageme","/warehouse-facilities-management",TRUE
"/copy-of-what-is-facilities-manageme","/retail-facilities-management",TRUE
"/copy-of-what-is-facilities-manageme","/healthcare-facilities-management",TRUE
"/copy-of-what-is-facilities-manageme","/education-facilities-management",TRUE
"/copy-of-what-is-facilities-manageme","/public-sector-facilities-management",TRUE
"/copy-of-what-is-facilities-manageme","/residential-facilities-management",TRUE
"/copy-of-what-is-facilities-manageme","/hotel-facilities-management",TRUE
"/copy-of-what-is-facilities-manageme","/sectors",FALSE
"/copy-of-what-is-facilities-manageme","/fm-london",TRUE
"/copy-of-what-is-facilities-manageme","/facilities-management-london",TRUE
"/copy-of-what-is-facilities-manageme","/london-facilities-management",TRUE
"/copy-of-what-is-facilities-manageme","/facilities-management-manchester",TRUE
"/copy-of-what-is-facilities-manageme","/facilities-management-birmingham",TRUE
"/copy-of-what-is-facilities-manageme","/facilities-management-sheffield",TRUE
"/copy-of-what-is-facilities-manageme","/facilities-management-leeds",TRUE
"/copy-of-what-is-facilities-manageme","/facilities-management-lincoln",TRUE
"/copy-of-what-is-facilities-manageme","/facilities-management-liverpool",TRUE
"/copy-of-what-is-facilities-manageme","/facilities-management-nottingham",TRUE
"/copy-of-what-is-facilities-manageme","/locations",FALSE
"/copy-of-what-is-facilities-manageme","/privacy-policy",TRUE
"/copy-of-what-is-facilities-manageme","/terms-and-conditions",TRUE
"/copy-of-what-is-facilities-manageme","/accessibility-statement",TRUE
"/copy-of-what-is-facilities-manageme","/helpdesk",TRUE
"/copy-of-what-is-facilities-manageme","/sitemap.xml",FALSE
"/copy-of-helpdesk-registration","/client-login",TRUE
"/copy-of-helpdesk-registration","/",TRUE
"/copy-of-helpdesk-registration","/case-studies",FALSE
"/copy-of-helpdesk-registration","/blog",TRUE
"/copy-of-helpdesk-registration","/about-entire-facilities-management",TRUE
"/copy-of-helpdesk-registration","/contact-us",TRUE
"/copy-of-helpdesk-registration","/mechanical-electrical",TRUE
"/copy-of-helpdesk-registration","/hvac-contractor",TRUE
"/copy-of-helpdesk-registration","/ppm",TRUE
"/copy-of-helpdesk-registration","/hard-services",TRUE
"/copy-of-helpdesk-registration","/plumbing-gas",TRUE
"/copy-of-helpdesk-registration","/fire-emergency-systems",TRUE
"/copy-of-helpdesk-registration","/safety-critical-emergency-systems",TRUE
"/copy-of-helpdesk-registration","/building-maintenance",TRUE
"/copy-of-helpdesk-registration","/mechanical-electrical/emergency-light-testing",TRUE
"/copy-of-helpdesk-registration","/mechanical-electrical/access-control",TRUE
"/copy-of-helpdesk-registration","/aerial-drone-building-inspection",TRUE
"/copy-of-helpdesk-registration","/industrial-cleaning",TRUE
"/copy-of-helpdesk-registration","/cleaning-services",TRUE
"/copy-of-helpdesk-registration","/contract-cleaning",TRUE
"/copy-of-helpdesk-registration","/office-cleaning",TRUE
"/copy-of-helpdesk-registration","/pressure-washing",TRUE
"/copy-of-helpdesk-registration","/window-cleaning",TRUE
"/copy-of-helpdesk-registration","/soft-services",TRUE
"/copy-of-helpdesk-registration","/security-services",TRUE
"/copy-of-helpdesk-registration","/concierge-services",TRUE
"/copy-of-helpdesk-registration","/washroom-management",TRUE
"/copy-of-helpdesk-registration","/grounds-maintenance",TRUE
"/copy-of-helpdesk-registration","/industrial-facilities-management",TRUE
"/copy-of-helpdesk-registration","/commercial-facilities-management",TRUE
"/copy-of-helpdesk-registration","/logistics-facilities-management",TRUE
"/copy-of-helpdesk-registration","/warehouse-facilities-management",TRUE
"/copy-of-helpdesk-registration","/retail-facilities-management",TRUE
"/copy-of-helpdesk-registration","/healthcare-facilities-management",TRUE
"/copy-of-helpdesk-registration","/education-facilities-management",TRUE
"/copy-of-helpdesk-registration","/public-sector-facilities-management",TRUE
"/copy-of-helpdesk-registration","/residential-facilities-management",TRUE
"/copy-of-helpdesk-registration","/hotel-facilities-management",TRUE
"/copy-of-helpdesk-registration","/sectors",FALSE
"/copy-of-helpdesk-registration","/fm-london",TRUE
"/copy-of-helpdesk-registration","/facilities-management-london",TRUE
"/copy-of-helpdesk-registration","/london-facilities-management",TRUE
"/copy-of-helpdesk-registration","/facilities-management-manchester",TRUE
"/copy-of-helpdesk-registration","/facilities-management-birmingham",TRUE
"/copy-of-helpdesk-registration","/facilities-management-sheffield",TRUE
"/copy-of-helpdesk-registration","/facilities-management-leeds",TRUE
"/copy-of-helpdesk-registration","/facilities-management-lincoln",TRUE
"/copy-of-helpdesk-registration","/facilities-management-liverpool",TRUE
"/copy-of-helpdesk-registration","/facilities-management-nottingham",TRUE
"/copy-of-helpdesk-registration","/locations",FALSE
"/copy-of-helpdesk-registration","/privacy-policy",TRUE
"/copy-of-helpdesk-registration","/terms-and-conditions",TRUE
"/copy-of-helpdesk-registration","/accessibility-statement",TRUE
"/copy-of-helpdesk-registration","/helpdesk",TRUE
"/copy-of-helpdesk-registration","/sitemap.xml",FALSE
"/copy-of-industrial-cleaning","/client-login",TRUE
"/copy-of-industrial-cleaning","/",TRUE
"/copy-of-industrial-cleaning","/case-studies",FALSE
"/copy-of-industrial-cleaning","/blog",TRUE
"/copy-of-industrial-cleaning","/about-entire-facilities-management",TRUE
"/copy-of-industrial-cleaning","/contact-us",TRUE
"/copy-of-industrial-cleaning","/services",TRUE
"/copy-of-industrial-cleaning","/mechanical-electrical",TRUE
"/copy-of-industrial-cleaning","/ppm",TRUE
"/copy-of-industrial-cleaning","/hard-services",TRUE
"/copy-of-industrial-cleaning","/hvac-contractor",TRUE
"/copy-of-industrial-cleaning","/plumbing-gas",TRUE
"/copy-of-industrial-cleaning","/fire-emergency-systems",TRUE
"/copy-of-industrial-cleaning","/safety-critical-emergency-systems",TRUE
"/copy-of-industrial-cleaning","/building-maintenance",TRUE
"/copy-of-industrial-cleaning","/mechanical-electrical/emergency-light-testing",TRUE
"/copy-of-industrial-cleaning","/mechanical-electrical/access-control",TRUE
"/copy-of-industrial-cleaning","/aerial-drone-building-inspection",TRUE
"/copy-of-industrial-cleaning","/industrial-cleaning",TRUE
"/copy-of-industrial-cleaning","/cleaning-services",TRUE
"/copy-of-industrial-cleaning","/contract-cleaning",TRUE
"/copy-of-industrial-cleaning","/office-cleaning",TRUE
"/copy-of-industrial-cleaning","/pressure-washing",TRUE
"/copy-of-industrial-cleaning","/window-cleaning",TRUE
"/copy-of-industrial-cleaning","/soft-services",TRUE
"/copy-of-industrial-cleaning","/security-services",TRUE
"/copy-of-industrial-cleaning","/concierge-services",TRUE
"/copy-of-industrial-cleaning","/washroom-management",TRUE
"/copy-of-industrial-cleaning","/grounds-maintenance",TRUE
"/copy-of-industrial-cleaning","/industrial-facilities-management",TRUE
"/copy-of-industrial-cleaning","/commercial-facilities-management",TRUE
"/copy-of-industrial-cleaning","/logistics-facilities-management",TRUE
"/copy-of-industrial-cleaning","/warehouse-facilities-management",TRUE
"/copy-of-industrial-cleaning","/retail-facilities-management",TRUE
"/copy-of-industrial-cleaning","/healthcare-facilities-management",TRUE
"/copy-of-industrial-cleaning","/education-facilities-management",TRUE
"/copy-of-industrial-cleaning","/public-sector-facilities-management",TRUE
"/copy-of-industrial-cleaning","/residential-facilities-management",TRUE
"/copy-of-industrial-cleaning","/hotel-facilities-management",TRUE
"/copy-of-industrial-cleaning","/sectors",FALSE
"/copy-of-industrial-cleaning","/fm-london",TRUE
"/copy-of-industrial-cleaning","/facilities-management-london",TRUE
"/copy-of-industrial-cleaning","/london-facilities-management",TRUE
"/copy-of-industrial-cleaning","/facilities-management-manchester",TRUE
"/copy-of-industrial-cleaning","/facilities-management-birmingham",TRUE
"/copy-of-industrial-cleaning","/facilities-management-sheffield",TRUE
"/copy-of-industrial-cleaning","/facilities-management-leeds",TRUE
"/copy-of-industrial-cleaning","/facilities-management-lincoln",TRUE
"/copy-of-industrial-cleaning","/facilities-management-liverpool",TRUE
"/copy-of-industrial-cleaning","/facilities-management-nottingham",TRUE
"/copy-of-industrial-cleaning","/locations",FALSE
"/copy-of-industrial-cleaning","/privacy-policy",TRUE
"/copy-of-industrial-cleaning","/terms-and-conditions",TRUE
"/copy-of-industrial-cleaning","/accessibility-statement",TRUE
"/copy-of-industrial-cleaning","/helpdesk",TRUE
"/copy-of-industrial-cleaning","/sitemap.xml",FALSE
"/contract-cleaning-sheffield","/client-login",TRUE
"/contract-cleaning-sheffield","/",TRUE
"/contract-cleaning-sheffield","/case-studies",FALSE
"/contract-cleaning-sheffield","/blog",TRUE
"/contract-cleaning-sheffield","/about-entire-facilities-management",TRUE
"/contract-cleaning-sheffield","/contact-us",TRUE
"/contract-cleaning-sheffield","/locations",FALSE
"/contract-cleaning-sheffield","/mechanical-electrical",TRUE
"/contract-cleaning-sheffield","/ppm",TRUE
"/contract-cleaning-sheffield","/hard-services",TRUE
"/contract-cleaning-sheffield","/hvac-contractor",TRUE
"/contract-cleaning-sheffield","/plumbing-gas",TRUE
"/contract-cleaning-sheffield","/fire-emergency-systems",TRUE
"/contract-cleaning-sheffield","/safety-critical-emergency-systems",TRUE
"/contract-cleaning-sheffield","/building-maintenance",TRUE
"/contract-cleaning-sheffield","/mechanical-electrical/emergency-light-testing",TRUE
"/contract-cleaning-sheffield","/mechanical-electrical/access-control",TRUE
"/contract-cleaning-sheffield","/aerial-drone-building-inspection",TRUE
"/contract-cleaning-sheffield","/industrial-cleaning",TRUE
"/contract-cleaning-sheffield","/cleaning-services",TRUE
"/contract-cleaning-sheffield","/contract-cleaning",TRUE
"/contract-cleaning-sheffield","/office-cleaning",TRUE
"/contract-cleaning-sheffield","/pressure-washing",TRUE
"/contract-cleaning-sheffield","/window-cleaning",TRUE
"/contract-cleaning-sheffield","/soft-services",TRUE
"/contract-cleaning-sheffield","/security-services",TRUE
"/contract-cleaning-sheffield","/concierge-services",TRUE
"/contract-cleaning-sheffield","/washroom-management",TRUE
"/contract-cleaning-sheffield","/grounds-maintenance",TRUE
"/contract-cleaning-sheffield","/industrial-facilities-management",TRUE
"/contract-cleaning-sheffield","/commercial-facilities-management",TRUE
"/contract-cleaning-sheffield","/logistics-facilities-management",TRUE
"/contract-cleaning-sheffield","/warehouse-facilities-management",TRUE
"/contract-cleaning-sheffield","/retail-facilities-management",TRUE
"/contract-cleaning-sheffield","/healthcare-facilities-management",TRUE
"/contract-cleaning-sheffield","/education-facilities-management",TRUE
"/contract-cleaning-sheffield","/public-sector-facilities-management",TRUE
"/contract-cleaning-sheffield","/residential-facilities-management",TRUE
"/contract-cleaning-sheffield","/hotel-facilities-management",TRUE
"/contract-cleaning-sheffield","/sectors",FALSE
"/contract-cleaning-sheffield","/fm-london",TRUE
"/contract-cleaning-sheffield","/facilities-management-london",TRUE
"/contract-cleaning-sheffield","/london-facilities-management",TRUE
"/contract-cleaning-sheffield","/facilities-management-manchester",TRUE
"/contract-cleaning-sheffield","/facilities-management-birmingham",TRUE
"/contract-cleaning-sheffield","/facilities-management-sheffield",TRUE
"/contract-cleaning-sheffield","/facilities-management-leeds",TRUE
"/contract-cleaning-sheffield","/facilities-management-lincoln",TRUE
"/contract-cleaning-sheffield","/facilities-management-liverpool",TRUE
"/contract-cleaning-sheffield","/facilities-management-nottingham",TRUE
"/contract-cleaning-sheffield","/privacy-policy",TRUE
"/contract-cleaning-sheffield","/terms-and-conditions",TRUE
"/contract-cleaning-sheffield","/accessibility-statement",TRUE
"/contract-cleaning-sheffield","/helpdesk",TRUE
"/contract-cleaning-sheffield","/sitemap.xml",FALSE
"/contract-cleaning-manchester","/client-login",TRUE
"/contract-cleaning-manchester","/",TRUE
"/contract-cleaning-manchester","/case-studies",FALSE
"/contract-cleaning-manchester","/blog",TRUE
"/contract-cleaning-manchester","/about-entire-facilities-management",TRUE
"/contract-cleaning-manchester","/contact-us",TRUE
"/contract-cleaning-manchester","/locations",FALSE
"/contract-cleaning-manchester","/mechanical-electrical",TRUE
"/contract-cleaning-manchester","/ppm",TRUE
"/contract-cleaning-manchester","/hard-services",TRUE
"/contract-cleaning-manchester","/hvac-contractor",TRUE
"/contract-cleaning-manchester","/plumbing-gas",TRUE
"/contract-cleaning-manchester","/fire-emergency-systems",TRUE
"/contract-cleaning-manchester","/safety-critical-emergency-systems",TRUE
"/contract-cleaning-manchester","/building-maintenance",TRUE
"/contract-cleaning-manchester","/mechanical-electrical/emergency-light-testing",TRUE
"/contract-cleaning-manchester","/mechanical-electrical/access-control",TRUE
"/contract-cleaning-manchester","/aerial-drone-building-inspection",TRUE
"/contract-cleaning-manchester","/industrial-cleaning",TRUE
"/contract-cleaning-manchester","/cleaning-services",TRUE
"/contract-cleaning-manchester","/contract-cleaning",TRUE
"/contract-cleaning-manchester","/office-cleaning",TRUE
"/contract-cleaning-manchester","/pressure-washing",TRUE
"/contract-cleaning-manchester","/window-cleaning",TRUE
"/contract-cleaning-manchester","/soft-services",TRUE
"/contract-cleaning-manchester","/security-services",TRUE
"/contract-cleaning-manchester","/concierge-services",TRUE
"/contract-cleaning-manchester","/washroom-management",TRUE
"/contract-cleaning-manchester","/grounds-maintenance",TRUE
"/contract-cleaning-manchester","/industrial-facilities-management",TRUE
"/contract-cleaning-manchester","/commercial-facilities-management",TRUE
"/contract-cleaning-manchester","/logistics-facilities-management",TRUE
"/contract-cleaning-manchester","/warehouse-facilities-management",TRUE
"/contract-cleaning-manchester","/retail-facilities-management",TRUE
"/contract-cleaning-manchester","/healthcare-facilities-management",TRUE
"/contract-cleaning-manchester","/education-facilities-management",TRUE
"/contract-cleaning-manchester","/public-sector-facilities-management",TRUE
"/contract-cleaning-manchester","/residential-facilities-management",TRUE
"/contract-cleaning-manchester","/hotel-facilities-management",TRUE
"/contract-cleaning-manchester","/sectors",FALSE
"/contract-cleaning-manchester","/fm-london",TRUE
"/contract-cleaning-manchester","/facilities-management-london",TRUE
"/contract-cleaning-manchester","/london-facilities-management",TRUE
"/contract-cleaning-manchester","/facilities-management-manchester",TRUE
"/contract-cleaning-manchester","/facilities-management-birmingham",TRUE
"/contract-cleaning-manchester","/facilities-management-sheffield",TRUE
"/contract-cleaning-manchester","/facilities-management-leeds",TRUE
"/contract-cleaning-manchester","/facilities-management-lincoln",TRUE
"/contract-cleaning-manchester","/facilities-management-liverpool",TRUE
"/contract-cleaning-manchester","/facilities-management-nottingham",TRUE
"/contract-cleaning-manchester","/privacy-policy",TRUE
"/contract-cleaning-manchester","/terms-and-conditions",TRUE
"/contract-cleaning-manchester","/accessibility-statement",TRUE
"/contract-cleaning-manchester","/helpdesk",TRUE
"/contract-cleaning-manchester","/sitemap.xml",FALSE
"/doncaster-facilities-management","/client-login",TRUE
"/doncaster-facilities-management","/",TRUE
"/doncaster-facilities-management","/case-studies",FALSE
"/doncaster-facilities-management","/blog",TRUE
"/doncaster-facilities-management","/about-entire-facilities-management",TRUE
"/doncaster-facilities-management","/contact-us",TRUE
"/doncaster-facilities-management","/locations",FALSE
"/doncaster-facilities-management","/mechanical-electrical",TRUE
"/doncaster-facilities-management","/ppm",TRUE
"/doncaster-facilities-management","/hard-services",TRUE
"/doncaster-facilities-management","/hvac-contractor",TRUE
"/doncaster-facilities-management","/plumbing-gas",TRUE
"/doncaster-facilities-management","/fire-emergency-systems",TRUE
"/doncaster-facilities-management","/safety-critical-emergency-systems",TRUE
"/doncaster-facilities-management","/building-maintenance",TRUE
"/doncaster-facilities-management","/mechanical-electrical/emergency-light-testing",TRUE
"/doncaster-facilities-management","/mechanical-electrical/access-control",TRUE
"/doncaster-facilities-management","/aerial-drone-building-inspection",TRUE
"/doncaster-facilities-management","/industrial-cleaning",TRUE
"/doncaster-facilities-management","/cleaning-services",TRUE
"/doncaster-facilities-management","/contract-cleaning",TRUE
"/doncaster-facilities-management","/office-cleaning",TRUE
"/doncaster-facilities-management","/pressure-washing",TRUE
"/doncaster-facilities-management","/window-cleaning",TRUE
"/doncaster-facilities-management","/soft-services",TRUE
"/doncaster-facilities-management","/security-services",TRUE
"/doncaster-facilities-management","/concierge-services",TRUE
"/doncaster-facilities-management","/washroom-management",TRUE
"/doncaster-facilities-management","/grounds-maintenance",TRUE
"/doncaster-facilities-management","/industrial-facilities-management",TRUE
"/doncaster-facilities-management","/commercial-facilities-management",TRUE
"/doncaster-facilities-management","/logistics-facilities-management",TRUE
"/doncaster-facilities-management","/warehouse-facilities-management",TRUE
"/doncaster-facilities-management","/retail-facilities-management",TRUE
"/doncaster-facilities-management","/healthcare-facilities-management",TRUE
"/doncaster-facilities-management","/education-facilities-management",TRUE
"/doncaster-facilities-management","/public-sector-facilities-management",TRUE
"/doncaster-facilities-management","/residential-facilities-management",TRUE
"/doncaster-facilities-management","/hotel-facilities-management",TRUE
"/doncaster-facilities-management","/sectors",FALSE
"/doncaster-facilities-management","/fm-london",TRUE
"/doncaster-facilities-management","/facilities-management-london",TRUE
"/doncaster-facilities-management","/london-facilities-management",TRUE
"/doncaster-facilities-management","/facilities-management-manchester",TRUE
"/doncaster-facilities-management","/facilities-management-birmingham",TRUE
"/doncaster-facilities-management","/facilities-management-sheffield",TRUE
"/doncaster-facilities-management","/facilities-management-leeds",TRUE
"/doncaster-facilities-management","/facilities-management-lincoln",TRUE
"/doncaster-facilities-management","/facilities-management-liverpool",TRUE
"/doncaster-facilities-management","/facilities-management-nottingham",TRUE
"/doncaster-facilities-management","/privacy-policy",TRUE
"/doncaster-facilities-management","/terms-and-conditions",TRUE
"/doncaster-facilities-management","/accessibility-statement",TRUE
"/doncaster-facilities-management","/helpdesk",TRUE
"/doncaster-facilities-management","/sitemap.xml",FALSE
"/derby-facilities-management","/client-login",TRUE
"/derby-facilities-management","/",TRUE
"/derby-facilities-management","/case-studies",FALSE
"/derby-facilities-management","/blog",TRUE
"/derby-facilities-management","/about-entire-facilities-management",TRUE
"/derby-facilities-management","/contact-us",TRUE
"/derby-facilities-management","/locations",FALSE
"/derby-facilities-management","/mechanical-electrical",TRUE
"/derby-facilities-management","/ppm",TRUE
"/derby-facilities-management","/hard-services",TRUE
"/derby-facilities-management","/hvac-contractor",TRUE
"/derby-facilities-management","/plumbing-gas",TRUE
"/derby-facilities-management","/fire-emergency-systems",TRUE
"/derby-facilities-management","/safety-critical-emergency-systems",TRUE
"/derby-facilities-management","/building-maintenance",TRUE
"/derby-facilities-management","/mechanical-electrical/emergency-light-testing",TRUE
"/derby-facilities-management","/mechanical-electrical/access-control",TRUE
"/derby-facilities-management","/aerial-drone-building-inspection",TRUE
"/derby-facilities-management","/industrial-cleaning",TRUE
"/derby-facilities-management","/cleaning-services",TRUE
"/derby-facilities-management","/contract-cleaning",TRUE
"/derby-facilities-management","/office-cleaning",TRUE
"/derby-facilities-management","/pressure-washing",TRUE
"/derby-facilities-management","/window-cleaning",TRUE
"/derby-facilities-management","/soft-services",TRUE
"/derby-facilities-management","/security-services",TRUE
"/derby-facilities-management","/concierge-services",TRUE
"/derby-facilities-management","/washroom-management",TRUE
"/derby-facilities-management","/grounds-maintenance",TRUE
"/derby-facilities-management","/industrial-facilities-management",TRUE
"/derby-facilities-management","/commercial-facilities-management",TRUE
"/derby-facilities-management","/logistics-facilities-management",TRUE
"/derby-facilities-management","/warehouse-facilities-management",TRUE
"/derby-facilities-management","/retail-facilities-management",TRUE
"/derby-facilities-management","/healthcare-facilities-management",TRUE
"/derby-facilities-management","/education-facilities-management",TRUE
"/derby-facilities-management","/public-sector-facilities-management",TRUE
"/derby-facilities-management","/residential-facilities-management",TRUE
"/derby-facilities-management","/hotel-facilities-management",TRUE
"/derby-facilities-management","/sectors",FALSE
"/derby-facilities-management","/fm-london",TRUE
"/derby-facilities-management","/facilities-management-london",TRUE
"/derby-facilities-management","/london-facilities-management",TRUE
"/derby-facilities-management","/facilities-management-manchester",TRUE
"/derby-facilities-management","/facilities-management-birmingham",TRUE
"/derby-facilities-management","/facilities-management-sheffield",TRUE
"/derby-facilities-management","/facilities-management-leeds",TRUE
"/derby-facilities-management","/facilities-management-lincoln",TRUE
"/derby-facilities-management","/facilities-management-liverpool",TRUE
"/derby-facilities-management","/facilities-management-nottingham",TRUE
"/derby-facilities-management","/privacy-policy",TRUE
"/derby-facilities-management","/terms-and-conditions",TRUE
"/derby-facilities-management","/accessibility-statement",TRUE
"/derby-facilities-management","/helpdesk",TRUE
"/derby-facilities-management","/sitemap.xml",FALSE
"/education-facilities-management","/client-login",TRUE
"/education-facilities-management","/",TRUE
"/education-facilities-management","/case-studies",FALSE
"/education-facilities-management","/blog",TRUE
"/education-facilities-management","/about-entire-facilities-management",TRUE
"/education-facilities-management","/contact-us",TRUE
"/education-facilities-management","/sectors",FALSE
"/education-facilities-management","/mechanical-electrical",TRUE
"/education-facilities-management","/ppm",TRUE
"/education-facilities-management","/hard-services",TRUE
"/education-facilities-management","/hvac-contractor",TRUE
"/education-facilities-management","/plumbing-gas",TRUE
"/education-facilities-management","/fire-emergency-systems",TRUE
"/education-facilities-management","/safety-critical-emergency-systems",TRUE
"/education-facilities-management","/building-maintenance",TRUE
"/education-facilities-management","/mechanical-electrical/emergency-light-testing",TRUE
"/education-facilities-management","/mechanical-electrical/access-control",TRUE
"/education-facilities-management","/aerial-drone-building-inspection",TRUE
"/education-facilities-management","/industrial-cleaning",TRUE
"/education-facilities-management","/cleaning-services",TRUE
"/education-facilities-management","/contract-cleaning",TRUE
"/education-facilities-management","/office-cleaning",TRUE
"/education-facilities-management","/pressure-washing",TRUE
"/education-facilities-management","/window-cleaning",TRUE
"/education-facilities-management","/soft-services",TRUE
"/education-facilities-management","/security-services",TRUE
"/education-facilities-management","/concierge-services",TRUE
"/education-facilities-management","/washroom-management",TRUE
"/education-facilities-management","/grounds-maintenance",TRUE
"/education-facilities-management","/industrial-facilities-management",TRUE
"/education-facilities-management","/commercial-facilities-management",TRUE
"/education-facilities-management","/logistics-facilities-management",TRUE
"/education-facilities-management","/warehouse-facilities-management",TRUE
"/education-facilities-management","/retail-facilities-management",TRUE
"/education-facilities-management","/healthcare-facilities-management",TRUE
"/education-facilities-management","/education-facilities-management",TRUE
"/education-facilities-management","/public-sector-facilities-management",TRUE
"/education-facilities-management","/residential-facilities-management",TRUE
"/education-facilities-management","/hotel-facilities-management",TRUE
"/education-facilities-management","/fm-london",TRUE
"/education-facilities-management","/facilities-management-london",TRUE
"/education-facilities-management","/london-facilities-management",TRUE
"/education-facilities-management","/facilities-management-manchester",TRUE
"/education-facilities-management","/facilities-management-birmingham",TRUE
"/education-facilities-management","/facilities-management-sheffield",TRUE
"/education-facilities-management","/facilities-management-leeds",TRUE
"/education-facilities-management","/facilities-management-lincoln",TRUE
"/education-facilities-management","/facilities-management-liverpool",TRUE
"/education-facilities-management","/facilities-management-nottingham",TRUE
"/education-facilities-management","/locations",FALSE
"/education-facilities-management","/privacy-policy",TRUE
"/education-facilities-management","/terms-and-conditions",TRUE
"/education-facilities-management","/accessibility-statement",TRUE
"/education-facilities-management","/helpdesk",TRUE
"/education-facilities-management","/sitemap.xml",FALSE
"/employment-portal","/client-login",TRUE
"/employment-portal","/",TRUE
"/employment-portal","/case-studies",FALSE
"/employment-portal","/blog",TRUE
"/employment-portal","/about-entire-facilities-management",TRUE
"/employment-portal","/contact-us",TRUE
"/employment-portal","/mechanical-electrical",TRUE
"/employment-portal","/hvac-contractor",TRUE
"/employment-portal","/ppm",TRUE
"/employment-portal","/hard-services",TRUE
"/employment-portal","/plumbing-gas",TRUE
"/employment-portal","/fire-emergency-systems",TRUE
"/employment-portal","/safety-critical-emergency-systems",TRUE
"/employment-portal","/building-maintenance",TRUE
"/employment-portal","/mechanical-electrical/emergency-light-testing",TRUE
"/employment-portal","/mechanical-electrical/access-control",TRUE
"/employment-portal","/aerial-drone-building-inspection",TRUE
"/employment-portal","/industrial-cleaning",TRUE
"/employment-portal","/cleaning-services",TRUE
"/employment-portal","/contract-cleaning",TRUE
"/employment-portal","/office-cleaning",TRUE
"/employment-portal","/pressure-washing",TRUE
"/employment-portal","/window-cleaning",TRUE
"/employment-portal","/soft-services",TRUE
"/employment-portal","/security-services",TRUE
"/employment-portal","/concierge-services",TRUE
"/employment-portal","/washroom-management",TRUE
"/employment-portal","/grounds-maintenance",TRUE
"/employment-portal","/industrial-facilities-management",TRUE
"/employment-portal","/commercial-facilities-management",TRUE
"/employment-portal","/logistics-facilities-management",TRUE
"/employment-portal","/warehouse-facilities-management",TRUE
"/employment-portal","/retail-facilities-management",TRUE
"/employment-portal","/healthcare-facilities-management",TRUE
"/employment-portal","/education-facilities-management",TRUE
"/employment-portal","/public-sector-facilities-management",TRUE
"/employment-portal","/residential-facilities-management",TRUE
"/employment-portal","/hotel-facilities-management",TRUE
"/employment-portal","/sectors",FALSE
"/employment-portal","/fm-london",TRUE
"/employment-portal","/facilities-management-london",TRUE
"/employment-portal","/london-facilities-management",TRUE
"/employment-portal","/facilities-management-manchester",TRUE
"/employment-portal","/facilities-management-birmingham",TRUE
"/employment-portal","/facilities-management-sheffield",TRUE
"/employment-portal","/facilities-management-leeds",TRUE
"/employment-portal","/facilities-management-lincoln",TRUE
"/employment-portal","/facilities-management-liverpool",TRUE
"/employment-portal","/facilities-management-nottingham",TRUE
"/employment-portal","/locations",FALSE
"/employment-portal","/privacy-policy",TRUE
"/employment-portal","/terms-and-conditions",TRUE
"/employment-portal","/accessibility-statement",TRUE
"/employment-portal","/helpdesk",TRUE
"/employment-portal","/sitemap.xml",FALSE
"/education-cleaning","/client-login",TRUE
"/education-cleaning","/",TRUE
"/education-cleaning","/case-studies",FALSE
"/education-cleaning","/blog",TRUE
"/education-cleaning","/about-entire-facilities-management",TRUE
"/education-cleaning","/contact-us",TRUE
"/education-cleaning","/services",TRUE
"/education-cleaning","/mechanical-electrical",TRUE
"/education-cleaning","/ppm",TRUE
"/education-cleaning","/hard-services",TRUE
"/education-cleaning","/hvac-contractor",TRUE
"/education-cleaning","/plumbing-gas",TRUE
"/education-cleaning","/fire-emergency-systems",TRUE
"/education-cleaning","/safety-critical-emergency-systems",TRUE
"/education-cleaning","/building-maintenance",TRUE
"/education-cleaning","/mechanical-electrical/emergency-light-testing",TRUE
"/education-cleaning","/mechanical-electrical/access-control",TRUE
"/education-cleaning","/aerial-drone-building-inspection",TRUE
"/education-cleaning","/industrial-cleaning",TRUE
"/education-cleaning","/cleaning-services",TRUE
"/education-cleaning","/contract-cleaning",TRUE
"/education-cleaning","/office-cleaning",TRUE
"/education-cleaning","/pressure-washing",TRUE
"/education-cleaning","/window-cleaning",TRUE
"/education-cleaning","/soft-services",TRUE
"/education-cleaning","/security-services",TRUE
"/education-cleaning","/concierge-services",TRUE
"/education-cleaning","/washroom-management",TRUE
"/education-cleaning","/grounds-maintenance",TRUE
"/education-cleaning","/industrial-facilities-management",TRUE
"/education-cleaning","/commercial-facilities-management",TRUE
"/education-cleaning","/logistics-facilities-management",TRUE
"/education-cleaning","/warehouse-facilities-management",TRUE
"/education-cleaning","/retail-facilities-management",TRUE
"/education-cleaning","/healthcare-facilities-management",TRUE
"/education-cleaning","/education-facilities-management",TRUE
"/education-cleaning","/public-sector-facilities-management",TRUE
"/education-cleaning","/residential-facilities-management",TRUE
"/education-cleaning","/hotel-facilities-management",TRUE
"/education-cleaning","/sectors",FALSE
"/education-cleaning","/fm-london",TRUE
"/education-cleaning","/facilities-management-london",TRUE
"/education-cleaning","/london-facilities-management",TRUE
"/education-cleaning","/facilities-management-manchester",TRUE
"/education-cleaning","/facilities-management-birmingham",TRUE
"/education-cleaning","/facilities-management-sheffield",TRUE
"/education-cleaning","/facilities-management-leeds",TRUE
"/education-cleaning","/facilities-management-lincoln",TRUE
"/education-cleaning","/facilities-management-liverpool",TRUE
"/education-cleaning","/facilities-management-nottingham",TRUE
"/education-cleaning","/locations",FALSE
"/education-cleaning","/privacy-policy",TRUE
"/education-cleaning","/terms-and-conditions",TRUE
"/education-cleaning","/accessibility-statement",TRUE
"/education-cleaning","/helpdesk",TRUE
"/education-cleaning","/sitemap.xml",FALSE
"/external-cleaning-lincoln","/client-login",TRUE
"/external-cleaning-lincoln","/",TRUE
"/external-cleaning-lincoln","/case-studies",FALSE
"/external-cleaning-lincoln","/blog",TRUE
"/external-cleaning-lincoln","/about-entire-facilities-management",TRUE
"/external-cleaning-lincoln","/contact-us",TRUE
"/external-cleaning-lincoln","/locations",FALSE
"/external-cleaning-lincoln","/mechanical-electrical",TRUE
"/external-cleaning-lincoln","/ppm",TRUE
"/external-cleaning-lincoln","/hard-services",TRUE
"/external-cleaning-lincoln","/hvac-contractor",TRUE
"/external-cleaning-lincoln","/plumbing-gas",TRUE
"/external-cleaning-lincoln","/fire-emergency-systems",TRUE
"/external-cleaning-lincoln","/safety-critical-emergency-systems",TRUE
"/external-cleaning-lincoln","/building-maintenance",TRUE
"/external-cleaning-lincoln","/mechanical-electrical/emergency-light-testing",TRUE
"/external-cleaning-lincoln","/mechanical-electrical/access-control",TRUE
"/external-cleaning-lincoln","/aerial-drone-building-inspection",TRUE
"/external-cleaning-lincoln","/industrial-cleaning",TRUE
"/external-cleaning-lincoln","/cleaning-services",TRUE
"/external-cleaning-lincoln","/contract-cleaning",TRUE
"/external-cleaning-lincoln","/office-cleaning",TRUE
"/external-cleaning-lincoln","/pressure-washing",TRUE
"/external-cleaning-lincoln","/window-cleaning",TRUE
"/external-cleaning-lincoln","/soft-services",TRUE
"/external-cleaning-lincoln","/security-services",TRUE
"/external-cleaning-lincoln","/concierge-services",TRUE
"/external-cleaning-lincoln","/washroom-management",TRUE
"/external-cleaning-lincoln","/grounds-maintenance",TRUE
"/external-cleaning-lincoln","/industrial-facilities-management",TRUE
"/external-cleaning-lincoln","/commercial-facilities-management",TRUE
"/external-cleaning-lincoln","/logistics-facilities-management",TRUE
"/external-cleaning-lincoln","/warehouse-facilities-management",TRUE
"/external-cleaning-lincoln","/retail-facilities-management",TRUE
"/external-cleaning-lincoln","/healthcare-facilities-management",TRUE
"/external-cleaning-lincoln","/education-facilities-management",TRUE
"/external-cleaning-lincoln","/public-sector-facilities-management",TRUE
"/external-cleaning-lincoln","/residential-facilities-management",TRUE
"/external-cleaning-lincoln","/hotel-facilities-management",TRUE
"/external-cleaning-lincoln","/sectors",FALSE
"/external-cleaning-lincoln","/fm-london",TRUE
"/external-cleaning-lincoln","/facilities-management-london",TRUE
"/external-cleaning-lincoln","/london-facilities-management",TRUE
"/external-cleaning-lincoln","/facilities-management-manchester",TRUE
"/external-cleaning-lincoln","/facilities-management-birmingham",TRUE
"/external-cleaning-lincoln","/facilities-management-sheffield",TRUE
"/external-cleaning-lincoln","/facilities-management-leeds",TRUE
"/external-cleaning-lincoln","/facilities-management-lincoln",TRUE
"/external-cleaning-lincoln","/facilities-management-liverpool",TRUE
"/external-cleaning-lincoln","/facilities-management-nottingham",TRUE
"/external-cleaning-lincoln","/privacy-policy",TRUE
"/external-cleaning-lincoln","/terms-and-conditions",TRUE
"/external-cleaning-lincoln","/accessibility-statement",TRUE
"/external-cleaning-lincoln","/helpdesk",TRUE
"/external-cleaning-lincoln","/sitemap.xml",FALSE
"/facilities-management-birmingham","/client-login",TRUE
"/facilities-management-birmingham","/",TRUE
"/facilities-management-birmingham","/case-studies",FALSE
"/facilities-management-birmingham","/blog",TRUE
"/facilities-management-birmingham","/about-entire-facilities-management",TRUE
"/facilities-management-birmingham","/contact-us",TRUE
"/facilities-management-birmingham","/locations",FALSE
"/facilities-management-birmingham","/mechanical-electrical",TRUE
"/facilities-management-birmingham","/ppm",TRUE
"/facilities-management-birmingham","/hard-services",TRUE
"/facilities-management-birmingham","/hvac-contractor",TRUE
"/facilities-management-birmingham","/plumbing-gas",TRUE
"/facilities-management-birmingham","/fire-emergency-systems",TRUE
"/facilities-management-birmingham","/safety-critical-emergency-systems",TRUE
"/facilities-management-birmingham","/building-maintenance",TRUE
"/facilities-management-birmingham","/mechanical-electrical/emergency-light-testing",TRUE
"/facilities-management-birmingham","/mechanical-electrical/access-control",TRUE
"/facilities-management-birmingham","/aerial-drone-building-inspection",TRUE
"/facilities-management-birmingham","/industrial-cleaning",TRUE
"/facilities-management-birmingham","/cleaning-services",TRUE
"/facilities-management-birmingham","/contract-cleaning",TRUE
"/facilities-management-birmingham","/office-cleaning",TRUE
"/facilities-management-birmingham","/pressure-washing",TRUE
"/facilities-management-birmingham","/window-cleaning",TRUE
"/facilities-management-birmingham","/soft-services",TRUE
"/facilities-management-birmingham","/security-services",TRUE
"/facilities-management-birmingham","/concierge-services",TRUE
"/facilities-management-birmingham","/washroom-management",TRUE
"/facilities-management-birmingham","/grounds-maintenance",TRUE
"/facilities-management-birmingham","/industrial-facilities-management",TRUE
"/facilities-management-birmingham","/commercial-facilities-management",TRUE
"/facilities-management-birmingham","/logistics-facilities-management",TRUE
"/facilities-management-birmingham","/warehouse-facilities-management",TRUE
"/facilities-management-birmingham","/retail-facilities-management",TRUE
"/facilities-management-birmingham","/healthcare-facilities-management",TRUE
"/facilities-management-birmingham","/education-facilities-management",TRUE
"/facilities-management-birmingham","/public-sector-facilities-management",TRUE
"/facilities-management-birmingham","/residential-facilities-management",TRUE
"/facilities-management-birmingham","/hotel-facilities-management",TRUE
"/facilities-management-birmingham","/sectors",FALSE
"/facilities-management-birmingham","/fm-london",TRUE
"/facilities-management-birmingham","/facilities-management-london",TRUE
"/facilities-management-birmingham","/london-facilities-management",TRUE
"/facilities-management-birmingham","/facilities-management-manchester",TRUE
"/facilities-management-birmingham","/facilities-management-birmingham",TRUE
"/facilities-management-birmingham","/facilities-management-sheffield",TRUE
"/facilities-management-birmingham","/facilities-management-leeds",TRUE
"/facilities-management-birmingham","/facilities-management-lincoln",TRUE
"/facilities-management-birmingham","/facilities-management-liverpool",TRUE
"/facilities-management-birmingham","/facilities-management-nottingham",TRUE
"/facilities-management-birmingham","/privacy-policy",TRUE
"/facilities-management-birmingham","/terms-and-conditions",TRUE
"/facilities-management-birmingham","/accessibility-statement",TRUE
"/facilities-management-birmingham","/helpdesk",TRUE
"/facilities-management-birmingham","/sitemap.xml",FALSE
"/external-cleaning-birmingham","/client-login",TRUE
"/external-cleaning-birmingham","/",TRUE
"/external-cleaning-birmingham","/case-studies",FALSE
"/external-cleaning-birmingham","/blog",TRUE
"/external-cleaning-birmingham","/about-entire-facilities-management",TRUE
"/external-cleaning-birmingham","/contact-us",TRUE
"/external-cleaning-birmingham","/locations",FALSE
"/external-cleaning-birmingham","/mechanical-electrical",TRUE
"/external-cleaning-birmingham","/ppm",TRUE
"/external-cleaning-birmingham","/hard-services",TRUE
"/external-cleaning-birmingham","/hvac-contractor",TRUE
"/external-cleaning-birmingham","/plumbing-gas",TRUE
"/external-cleaning-birmingham","/fire-emergency-systems",TRUE
"/external-cleaning-birmingham","/safety-critical-emergency-systems",TRUE
"/external-cleaning-birmingham","/building-maintenance",TRUE
"/external-cleaning-birmingham","/mechanical-electrical/emergency-light-testing",TRUE
"/external-cleaning-birmingham","/mechanical-electrical/access-control",TRUE
"/external-cleaning-birmingham","/aerial-drone-building-inspection",TRUE
"/external-cleaning-birmingham","/industrial-cleaning",TRUE
"/external-cleaning-birmingham","/cleaning-services",TRUE
"/external-cleaning-birmingham","/contract-cleaning",TRUE
"/external-cleaning-birmingham","/office-cleaning",TRUE
"/external-cleaning-birmingham","/pressure-washing",TRUE
"/external-cleaning-birmingham","/window-cleaning",TRUE
"/external-cleaning-birmingham","/soft-services",TRUE
"/external-cleaning-birmingham","/security-services",TRUE
"/external-cleaning-birmingham","/concierge-services",TRUE
"/external-cleaning-birmingham","/washroom-management",TRUE
"/external-cleaning-birmingham","/grounds-maintenance",TRUE
"/external-cleaning-birmingham","/industrial-facilities-management",TRUE
"/external-cleaning-birmingham","/commercial-facilities-management",TRUE
"/external-cleaning-birmingham","/logistics-facilities-management",TRUE
"/external-cleaning-birmingham","/warehouse-facilities-management",TRUE
"/external-cleaning-birmingham","/retail-facilities-management",TRUE
"/external-cleaning-birmingham","/healthcare-facilities-management",TRUE
"/external-cleaning-birmingham","/education-facilities-management",TRUE
"/external-cleaning-birmingham","/public-sector-facilities-management",TRUE
"/external-cleaning-birmingham","/residential-facilities-management",TRUE
"/external-cleaning-birmingham","/hotel-facilities-management",TRUE
"/external-cleaning-birmingham","/sectors",FALSE
"/external-cleaning-birmingham","/fm-london",TRUE
"/external-cleaning-birmingham","/facilities-management-london",TRUE
"/external-cleaning-birmingham","/london-facilities-management",TRUE
"/external-cleaning-birmingham","/facilities-management-manchester",TRUE
"/external-cleaning-birmingham","/facilities-management-birmingham",TRUE
"/external-cleaning-birmingham","/facilities-management-sheffield",TRUE
"/external-cleaning-birmingham","/facilities-management-leeds",TRUE
"/external-cleaning-birmingham","/facilities-management-lincoln",TRUE
"/external-cleaning-birmingham","/facilities-management-liverpool",TRUE
"/external-cleaning-birmingham","/facilities-management-nottingham",TRUE
"/external-cleaning-birmingham","/privacy-policy",TRUE
"/external-cleaning-birmingham","/terms-and-conditions",TRUE
"/external-cleaning-birmingham","/accessibility-statement",TRUE
"/external-cleaning-birmingham","/helpdesk",TRUE
"/external-cleaning-birmingham","/sitemap.xml",FALSE
"/external-cleaning-manchester","/client-login",TRUE
"/external-cleaning-manchester","/",TRUE
"/external-cleaning-manchester","/case-studies",FALSE
"/external-cleaning-manchester","/blog",TRUE
"/external-cleaning-manchester","/about-entire-facilities-management",TRUE
"/external-cleaning-manchester","/contact-us",TRUE
"/external-cleaning-manchester","/locations",FALSE
"/external-cleaning-manchester","/mechanical-electrical",TRUE
"/external-cleaning-manchester","/ppm",TRUE
"/external-cleaning-manchester","/hard-services",TRUE
"/external-cleaning-manchester","/hvac-contractor",TRUE
"/external-cleaning-manchester","/plumbing-gas",TRUE
"/external-cleaning-manchester","/fire-emergency-systems",TRUE
"/external-cleaning-manchester","/safety-critical-emergency-systems",TRUE
"/external-cleaning-manchester","/building-maintenance",TRUE
"/external-cleaning-manchester","/mechanical-electrical/emergency-light-testing",TRUE
"/external-cleaning-manchester","/mechanical-electrical/access-control",TRUE
"/external-cleaning-manchester","/aerial-drone-building-inspection",TRUE
"/external-cleaning-manchester","/industrial-cleaning",TRUE
"/external-cleaning-manchester","/cleaning-services",TRUE
"/external-cleaning-manchester","/contract-cleaning",TRUE
"/external-cleaning-manchester","/office-cleaning",TRUE
"/external-cleaning-manchester","/pressure-washing",TRUE
"/external-cleaning-manchester","/window-cleaning",TRUE
"/external-cleaning-manchester","/soft-services",TRUE
"/external-cleaning-manchester","/security-services",TRUE
"/external-cleaning-manchester","/concierge-services",TRUE
"/external-cleaning-manchester","/washroom-management",TRUE
"/external-cleaning-manchester","/grounds-maintenance",TRUE
"/external-cleaning-manchester","/industrial-facilities-management",TRUE
"/external-cleaning-manchester","/commercial-facilities-management",TRUE
"/external-cleaning-manchester","/logistics-facilities-management",TRUE
"/external-cleaning-manchester","/warehouse-facilities-management",TRUE
"/external-cleaning-manchester","/retail-facilities-management",TRUE
"/external-cleaning-manchester","/healthcare-facilities-management",TRUE
"/external-cleaning-manchester","/education-facilities-management",TRUE
"/external-cleaning-manchester","/public-sector-facilities-management",TRUE
"/external-cleaning-manchester","/residential-facilities-management",TRUE
"/external-cleaning-manchester","/hotel-facilities-management",TRUE
"/external-cleaning-manchester","/sectors",FALSE
"/external-cleaning-manchester","/fm-london",TRUE
"/external-cleaning-manchester","/facilities-management-london",TRUE
"/external-cleaning-manchester","/london-facilities-management",TRUE
"/external-cleaning-manchester","/facilities-management-manchester",TRUE
"/external-cleaning-manchester","/facilities-management-birmingham",TRUE
"/external-cleaning-manchester","/facilities-management-sheffield",TRUE
"/external-cleaning-manchester","/facilities-management-leeds",TRUE
"/external-cleaning-manchester","/facilities-management-lincoln",TRUE
"/external-cleaning-manchester","/facilities-management-liverpool",TRUE
"/external-cleaning-manchester","/facilities-management-nottingham",TRUE
"/external-cleaning-manchester","/privacy-policy",TRUE
"/external-cleaning-manchester","/terms-and-conditions",TRUE
"/external-cleaning-manchester","/accessibility-statement",TRUE
"/external-cleaning-manchester","/helpdesk",TRUE
"/external-cleaning-manchester","/sitemap.xml",FALSE
"/external-cleaning-london","/client-login",TRUE
"/external-cleaning-london","/",TRUE
"/external-cleaning-london","/case-studies",FALSE
"/external-cleaning-london","/blog",TRUE
"/external-cleaning-london","/about-entire-facilities-management",TRUE
"/external-cleaning-london","/contact-us",TRUE
"/external-cleaning-london","/locations",FALSE
"/external-cleaning-london","/mechanical-electrical",TRUE
"/external-cleaning-london","/ppm",TRUE
"/external-cleaning-london","/hard-services",TRUE
"/external-cleaning-london","/hvac-contractor",TRUE
"/external-cleaning-london","/plumbing-gas",TRUE
"/external-cleaning-london","/fire-emergency-systems",TRUE
"/external-cleaning-london","/safety-critical-emergency-systems",TRUE
"/external-cleaning-london","/building-maintenance",TRUE
"/external-cleaning-london","/mechanical-electrical/emergency-light-testing",TRUE
"/external-cleaning-london","/mechanical-electrical/access-control",TRUE
"/external-cleaning-london","/aerial-drone-building-inspection",TRUE
"/external-cleaning-london","/industrial-cleaning",TRUE
"/external-cleaning-london","/cleaning-services",TRUE
"/external-cleaning-london","/contract-cleaning",TRUE
"/external-cleaning-london","/office-cleaning",TRUE
"/external-cleaning-london","/pressure-washing",TRUE
"/external-cleaning-london","/window-cleaning",TRUE
"/external-cleaning-london","/soft-services",TRUE
"/external-cleaning-london","/security-services",TRUE
"/external-cleaning-london","/concierge-services",TRUE
"/external-cleaning-london","/washroom-management",TRUE
"/external-cleaning-london","/grounds-maintenance",TRUE
"/external-cleaning-london","/industrial-facilities-management",TRUE
"/external-cleaning-london","/commercial-facilities-management",TRUE
"/external-cleaning-london","/logistics-facilities-management",TRUE
"/external-cleaning-london","/warehouse-facilities-management",TRUE
"/external-cleaning-london","/retail-facilities-management",TRUE
"/external-cleaning-london","/healthcare-facilities-management",TRUE
"/external-cleaning-london","/education-facilities-management",TRUE
"/external-cleaning-london","/public-sector-facilities-management",TRUE
"/external-cleaning-london","/residential-facilities-management",TRUE
"/external-cleaning-london","/hotel-facilities-management",TRUE
"/external-cleaning-london","/sectors",FALSE
"/external-cleaning-london","/fm-london",TRUE
"/external-cleaning-london","/facilities-management-london",TRUE
"/external-cleaning-london","/london-facilities-management",TRUE
"/external-cleaning-london","/facilities-management-manchester",TRUE
"/external-cleaning-london","/facilities-management-birmingham",TRUE
"/external-cleaning-london","/facilities-management-sheffield",TRUE
"/external-cleaning-london","/facilities-management-leeds",TRUE
"/external-cleaning-london","/facilities-management-lincoln",TRUE
"/external-cleaning-london","/facilities-management-liverpool",TRUE
"/external-cleaning-london","/facilities-management-nottingham",TRUE
"/external-cleaning-london","/privacy-policy",TRUE
"/external-cleaning-london","/terms-and-conditions",TRUE
"/external-cleaning-london","/accessibility-statement",TRUE
"/external-cleaning-london","/helpdesk",TRUE
"/external-cleaning-london","/sitemap.xml",FALSE
"/facilities-management-bury","/client-login",TRUE
"/facilities-management-bury","/",TRUE
"/facilities-management-bury","/case-studies",FALSE
"/facilities-management-bury","/blog",TRUE
"/facilities-management-bury","/about-entire-facilities-management",TRUE
"/facilities-management-bury","/contact-us",TRUE
"/facilities-management-bury","/locations",FALSE
"/facilities-management-bury","/mechanical-electrical",TRUE
"/facilities-management-bury","/ppm",TRUE
"/facilities-management-bury","/hard-services",TRUE
"/facilities-management-bury","/hvac-contractor",TRUE
"/facilities-management-bury","/plumbing-gas",TRUE
"/facilities-management-bury","/fire-emergency-systems",TRUE
"/facilities-management-bury","/safety-critical-emergency-systems",TRUE
"/facilities-management-bury","/building-maintenance",TRUE
"/facilities-management-bury","/mechanical-electrical/emergency-light-testing",TRUE
"/facilities-management-bury","/mechanical-electrical/access-control",TRUE
"/facilities-management-bury","/aerial-drone-building-inspection",TRUE
"/facilities-management-bury","/industrial-cleaning",TRUE
"/facilities-management-bury","/cleaning-services",TRUE
"/facilities-management-bury","/contract-cleaning",TRUE
"/facilities-management-bury","/office-cleaning",TRUE
"/facilities-management-bury","/pressure-washing",TRUE
"/facilities-management-bury","/window-cleaning",TRUE
"/facilities-management-bury","/soft-services",TRUE
"/facilities-management-bury","/security-services",TRUE
"/facilities-management-bury","/concierge-services",TRUE
"/facilities-management-bury","/washroom-management",TRUE
"/facilities-management-bury","/grounds-maintenance",TRUE
"/facilities-management-bury","/industrial-facilities-management",TRUE
"/facilities-management-bury","/commercial-facilities-management",TRUE
"/facilities-management-bury","/logistics-facilities-management",TRUE
"/facilities-management-bury","/warehouse-facilities-management",TRUE
"/facilities-management-bury","/retail-facilities-management",TRUE
"/facilities-management-bury","/healthcare-facilities-management",TRUE
"/facilities-management-bury","/education-facilities-management",TRUE
"/facilities-management-bury","/public-sector-facilities-management",TRUE
"/facilities-management-bury","/residential-facilities-management",TRUE
"/facilities-management-bury","/hotel-facilities-management",TRUE
"/facilities-management-bury","/sectors",FALSE
"/facilities-management-bury","/fm-london",TRUE
"/facilities-management-bury","/facilities-management-london",TRUE
"/facilities-management-bury","/london-facilities-management",TRUE
"/facilities-management-bury","/facilities-management-manchester",TRUE
"/facilities-management-bury","/facilities-management-birmingham",TRUE
"/facilities-management-bury","/facilities-management-sheffield",TRUE
"/facilities-management-bury","/facilities-management-leeds",TRUE
"/facilities-management-bury","/facilities-management-lincoln",TRUE
"/facilities-management-bury","/facilities-management-liverpool",TRUE
"/facilities-management-bury","/facilities-management-nottingham",TRUE
"/facilities-management-bury","/privacy-policy",TRUE
"/facilities-management-bury","/terms-and-conditions",TRUE
"/facilities-management-bury","/accessibility-statement",TRUE
"/facilities-management-bury","/helpdesk",TRUE
"/facilities-management-bury","/sitemap.xml",FALSE
"/facilities-management-bolton","/client-login",TRUE
"/facilities-management-bolton","/",TRUE
"/facilities-management-bolton","/case-studies",FALSE
"/facilities-management-bolton","/blog",TRUE
"/facilities-management-bolton","/about-entire-facilities-management",TRUE
"/facilities-management-bolton","/contact-us",TRUE
"/facilities-management-bolton","/locations",FALSE
"/facilities-management-bolton","/mechanical-electrical",TRUE
"/facilities-management-bolton","/ppm",TRUE
"/facilities-management-bolton","/hard-services",TRUE
"/facilities-management-bolton","/hvac-contractor",TRUE
"/facilities-management-bolton","/plumbing-gas",TRUE
"/facilities-management-bolton","/fire-emergency-systems",TRUE
"/facilities-management-bolton","/safety-critical-emergency-systems",TRUE
"/facilities-management-bolton","/building-maintenance",TRUE
"/facilities-management-bolton","/mechanical-electrical/emergency-light-testing",TRUE
"/facilities-management-bolton","/mechanical-electrical/access-control",TRUE
"/facilities-management-bolton","/aerial-drone-building-inspection",TRUE
"/facilities-management-bolton","/industrial-cleaning",TRUE
"/facilities-management-bolton","/cleaning-services",TRUE
"/facilities-management-bolton","/contract-cleaning",TRUE
"/facilities-management-bolton","/office-cleaning",TRUE
"/facilities-management-bolton","/pressure-washing",TRUE
"/facilities-management-bolton","/window-cleaning",TRUE
"/facilities-management-bolton","/soft-services",TRUE
"/facilities-management-bolton","/security-services",TRUE
"/facilities-management-bolton","/concierge-services",TRUE
"/facilities-management-bolton","/washroom-management",TRUE
"/facilities-management-bolton","/grounds-maintenance",TRUE
"/facilities-management-bolton","/industrial-facilities-management",TRUE
"/facilities-management-bolton","/commercial-facilities-management",TRUE
"/facilities-management-bolton","/logistics-facilities-management",TRUE
"/facilities-management-bolton","/warehouse-facilities-management",TRUE
"/facilities-management-bolton","/retail-facilities-management",TRUE
"/facilities-management-bolton","/healthcare-facilities-management",TRUE
"/facilities-management-bolton","/education-facilities-management",TRUE
"/facilities-management-bolton","/public-sector-facilities-management",TRUE
"/facilities-management-bolton","/residential-facilities-management",TRUE
"/facilities-management-bolton","/hotel-facilities-management",TRUE
"/facilities-management-bolton","/sectors",FALSE
"/facilities-management-bolton","/fm-london",TRUE
"/facilities-management-bolton","/facilities-management-london",TRUE
"/facilities-management-bolton","/london-facilities-management",TRUE
"/facilities-management-bolton","/facilities-management-manchester",TRUE
"/facilities-management-bolton","/facilities-management-birmingham",TRUE
"/facilities-management-bolton","/facilities-management-sheffield",TRUE
"/facilities-management-bolton","/facilities-management-leeds",TRUE
"/facilities-management-bolton","/facilities-management-lincoln",TRUE
"/facilities-management-bolton","/facilities-management-liverpool",TRUE
"/facilities-management-bolton","/facilities-management-nottingham",TRUE
"/facilities-management-bolton","/privacy-policy",TRUE
"/facilities-management-bolton","/terms-and-conditions",TRUE
"/facilities-management-bolton","/accessibility-statement",TRUE
"/facilities-management-bolton","/helpdesk",TRUE
"/facilities-management-bolton","/sitemap.xml",FALSE
"/facilities-management-bradford","/client-login",TRUE
"/facilities-management-bradford","/",TRUE
"/facilities-management-bradford","/case-studies",FALSE
"/facilities-management-bradford","/blog",TRUE
"/facilities-management-bradford","/about-entire-facilities-management",TRUE
"/facilities-management-bradford","/contact-us",TRUE
"/facilities-management-bradford","/locations",FALSE
"/facilities-management-bradford","/mechanical-electrical",TRUE
"/facilities-management-bradford","/ppm",TRUE
"/facilities-management-bradford","/hard-services",TRUE
"/facilities-management-bradford","/hvac-contractor",TRUE
"/facilities-management-bradford","/plumbing-gas",TRUE
"/facilities-management-bradford","/fire-emergency-systems",TRUE
"/facilities-management-bradford","/safety-critical-emergency-systems",TRUE
"/facilities-management-bradford","/building-maintenance",TRUE
"/facilities-management-bradford","/mechanical-electrical/emergency-light-testing",TRUE
"/facilities-management-bradford","/mechanical-electrical/access-control",TRUE
"/facilities-management-bradford","/aerial-drone-building-inspection",TRUE
"/facilities-management-bradford","/industrial-cleaning",TRUE
"/facilities-management-bradford","/cleaning-services",TRUE
"/facilities-management-bradford","/contract-cleaning",TRUE
"/facilities-management-bradford","/office-cleaning",TRUE
"/facilities-management-bradford","/pressure-washing",TRUE
"/facilities-management-bradford","/window-cleaning",TRUE
"/facilities-management-bradford","/soft-services",TRUE
"/facilities-management-bradford","/security-services",TRUE
"/facilities-management-bradford","/concierge-services",TRUE
"/facilities-management-bradford","/washroom-management",TRUE
"/facilities-management-bradford","/grounds-maintenance",TRUE
"/facilities-management-bradford","/industrial-facilities-management",TRUE
"/facilities-management-bradford","/commercial-facilities-management",TRUE
"/facilities-management-bradford","/logistics-facilities-management",TRUE
"/facilities-management-bradford","/warehouse-facilities-management",TRUE
"/facilities-management-bradford","/retail-facilities-management",TRUE
"/facilities-management-bradford","/healthcare-facilities-management",TRUE
"/facilities-management-bradford","/education-facilities-management",TRUE
"/facilities-management-bradford","/public-sector-facilities-management",TRUE
"/facilities-management-bradford","/residential-facilities-management",TRUE
"/facilities-management-bradford","/hotel-facilities-management",TRUE
"/facilities-management-bradford","/sectors",FALSE
"/facilities-management-bradford","/fm-london",TRUE
"/facilities-management-bradford","/facilities-management-london",TRUE
"/facilities-management-bradford","/london-facilities-management",TRUE
"/facilities-management-bradford","/facilities-management-manchester",TRUE
"/facilities-management-bradford","/facilities-management-birmingham",TRUE
"/facilities-management-bradford","/facilities-management-sheffield",TRUE
"/facilities-management-bradford","/facilities-management-leeds",TRUE
"/facilities-management-bradford","/facilities-management-lincoln",TRUE
"/facilities-management-bradford","/facilities-management-liverpool",TRUE
"/facilities-management-bradford","/facilities-management-nottingham",TRUE
"/facilities-management-bradford","/privacy-policy",TRUE
"/facilities-management-bradford","/terms-and-conditions",TRUE
"/facilities-management-bradford","/accessibility-statement",TRUE
"/facilities-management-bradford","/helpdesk",TRUE
"/facilities-management-bradford","/sitemap.xml",FALSE
"/facilities-management-chesterfield","/client-login",TRUE
"/facilities-management-chesterfield","/",TRUE
"/facilities-management-chesterfield","/case-studies",FALSE
"/facilities-management-chesterfield","/blog",TRUE
"/facilities-management-chesterfield","/about-entire-facilities-management",TRUE
"/facilities-management-chesterfield","/contact-us",TRUE
"/facilities-management-chesterfield","/locations",FALSE
"/facilities-management-chesterfield","/mechanical-electrical",TRUE
"/facilities-management-chesterfield","/ppm",TRUE
"/facilities-management-chesterfield","/hard-services",TRUE
"/facilities-management-chesterfield","/hvac-contractor",TRUE
"/facilities-management-chesterfield","/plumbing-gas",TRUE
"/facilities-management-chesterfield","/fire-emergency-systems",TRUE
"/facilities-management-chesterfield","/safety-critical-emergency-systems",TRUE
"/facilities-management-chesterfield","/building-maintenance",TRUE
"/facilities-management-chesterfield","/mechanical-electrical/emergency-light-testing",TRUE
"/facilities-management-chesterfield","/mechanical-electrical/access-control",TRUE
"/facilities-management-chesterfield","/aerial-drone-building-inspection",TRUE
"/facilities-management-chesterfield","/industrial-cleaning",TRUE
"/facilities-management-chesterfield","/cleaning-services",TRUE
"/facilities-management-chesterfield","/contract-cleaning",TRUE
"/facilities-management-chesterfield","/office-cleaning",TRUE
"/facilities-management-chesterfield","/pressure-washing",TRUE
"/facilities-management-chesterfield","/window-cleaning",TRUE
"/facilities-management-chesterfield","/soft-services",TRUE
"/facilities-management-chesterfield","/security-services",TRUE
"/facilities-management-chesterfield","/concierge-services",TRUE
"/facilities-management-chesterfield","/washroom-management",TRUE
"/facilities-management-chesterfield","/grounds-maintenance",TRUE
"/facilities-management-chesterfield","/industrial-facilities-management",TRUE
"/facilities-management-chesterfield","/commercial-facilities-management",TRUE
"/facilities-management-chesterfield","/logistics-facilities-management",TRUE
"/facilities-management-chesterfield","/warehouse-facilities-management",TRUE
"/facilities-management-chesterfield","/retail-facilities-management",TRUE
"/facilities-management-chesterfield","/healthcare-facilities-management",TRUE
"/facilities-management-chesterfield","/education-facilities-management",TRUE
"/facilities-management-chesterfield","/public-sector-facilities-management",TRUE
"/facilities-management-chesterfield","/residential-facilities-management",TRUE
"/facilities-management-chesterfield","/hotel-facilities-management",TRUE
"/facilities-management-chesterfield","/sectors",FALSE
"/facilities-management-chesterfield","/fm-london",TRUE
"/facilities-management-chesterfield","/facilities-management-london",TRUE
"/facilities-management-chesterfield","/london-facilities-management",TRUE
"/facilities-management-chesterfield","/facilities-management-manchester",TRUE
"/facilities-management-chesterfield","/facilities-management-birmingham",TRUE
"/facilities-management-chesterfield","/facilities-management-sheffield",TRUE
"/facilities-management-chesterfield","/facilities-management-leeds",TRUE
"/facilities-management-chesterfield","/facilities-management-lincoln",TRUE
"/facilities-management-chesterfield","/facilities-management-liverpool",TRUE
"/facilities-management-chesterfield","/facilities-management-nottingham",TRUE
"/facilities-management-chesterfield","/privacy-policy",TRUE
"/facilities-management-chesterfield","/terms-and-conditions",TRUE
"/facilities-management-chesterfield","/accessibility-statement",TRUE
"/facilities-management-chesterfield","/helpdesk",TRUE
"/facilities-management-chesterfield","/sitemap.xml",FALSE
"/facilities-management-blog","/client-login",TRUE
"/facilities-management-blog","/",TRUE
"/facilities-management-blog","/case-studies",FALSE
"/facilities-management-blog","/blog",TRUE
"/facilities-management-blog","/about-entire-facilities-management",TRUE
"/facilities-management-blog","/contact-us",TRUE
"/facilities-management-blog","/mechanical-electrical",TRUE
"/facilities-management-blog","/ppm",TRUE
"/facilities-management-blog","/hard-services",TRUE
"/facilities-management-blog","/hvac-contractor",TRUE
"/facilities-management-blog","/plumbing-gas",TRUE
"/facilities-management-blog","/fire-emergency-systems",TRUE
"/facilities-management-blog","/safety-critical-emergency-systems",TRUE
"/facilities-management-blog","/building-maintenance",TRUE
"/facilities-management-blog","/mechanical-electrical/emergency-light-testing",TRUE
"/facilities-management-blog","/mechanical-electrical/access-control",TRUE
"/facilities-management-blog","/aerial-drone-building-inspection",TRUE
"/facilities-management-blog","/industrial-cleaning",TRUE
"/facilities-management-blog","/cleaning-services",TRUE
"/facilities-management-blog","/contract-cleaning",TRUE
"/facilities-management-blog","/office-cleaning",TRUE
"/facilities-management-blog","/pressure-washing",TRUE
"/facilities-management-blog","/window-cleaning",TRUE
"/facilities-management-blog","/soft-services",TRUE
"/facilities-management-blog","/security-services",TRUE
"/facilities-management-blog","/concierge-services",TRUE
"/facilities-management-blog","/washroom-management",TRUE
"/facilities-management-blog","/grounds-maintenance",TRUE
"/facilities-management-blog","/industrial-facilities-management",TRUE
"/facilities-management-blog","/commercial-facilities-management",TRUE
"/facilities-management-blog","/logistics-facilities-management",TRUE
"/facilities-management-blog","/warehouse-facilities-management",TRUE
"/facilities-management-blog","/retail-facilities-management",TRUE
"/facilities-management-blog","/healthcare-facilities-management",TRUE
"/facilities-management-blog","/education-facilities-management",TRUE
"/facilities-management-blog","/public-sector-facilities-management",TRUE
"/facilities-management-blog","/residential-facilities-management",TRUE
"/facilities-management-blog","/hotel-facilities-management",TRUE
"/facilities-management-blog","/sectors",FALSE
"/facilities-management-blog","/fm-london",TRUE
"/facilities-management-blog","/facilities-management-london",TRUE
"/facilities-management-blog","/london-facilities-management",TRUE
"/facilities-management-blog","/facilities-management-manchester",TRUE
"/facilities-management-blog","/facilities-management-birmingham",TRUE
"/facilities-management-blog","/facilities-management-sheffield",TRUE
"/facilities-management-blog","/facilities-management-leeds",TRUE
"/facilities-management-blog","/facilities-management-lincoln",TRUE
"/facilities-management-blog","/facilities-management-liverpool",TRUE
"/facilities-management-blog","/facilities-management-nottingham",TRUE
"/facilities-management-blog","/locations",FALSE
"/facilities-management-blog","/privacy-policy",TRUE
"/facilities-management-blog","/terms-and-conditions",TRUE
"/facilities-management-blog","/accessibility-statement",TRUE
"/facilities-management-blog","/helpdesk",TRUE
"/facilities-management-blog","/sitemap.xml",FALSE
"/facilities-management-doncaster","/client-login",TRUE
"/facilities-management-doncaster","/",TRUE
"/facilities-management-doncaster","/case-studies",FALSE
"/facilities-management-doncaster","/blog",TRUE
"/facilities-management-doncaster","/about-entire-facilities-management",TRUE
"/facilities-management-doncaster","/contact-us",TRUE
"/facilities-management-doncaster","/locations",FALSE
"/facilities-management-doncaster","/mechanical-electrical",TRUE
"/facilities-management-doncaster","/ppm",TRUE
"/facilities-management-doncaster","/hard-services",TRUE
"/facilities-management-doncaster","/hvac-contractor",TRUE
"/facilities-management-doncaster","/plumbing-gas",TRUE
"/facilities-management-doncaster","/fire-emergency-systems",TRUE
"/facilities-management-doncaster","/safety-critical-emergency-systems",TRUE
"/facilities-management-doncaster","/building-maintenance",TRUE
"/facilities-management-doncaster","/mechanical-electrical/emergency-light-testing",TRUE
"/facilities-management-doncaster","/mechanical-electrical/access-control",TRUE
"/facilities-management-doncaster","/aerial-drone-building-inspection",TRUE
"/facilities-management-doncaster","/industrial-cleaning",TRUE
"/facilities-management-doncaster","/cleaning-services",TRUE
"/facilities-management-doncaster","/contract-cleaning",TRUE
"/facilities-management-doncaster","/office-cleaning",TRUE
"/facilities-management-doncaster","/pressure-washing",TRUE
"/facilities-management-doncaster","/window-cleaning",TRUE
"/facilities-management-doncaster","/soft-services",TRUE
"/facilities-management-doncaster","/security-services",TRUE
"/facilities-management-doncaster","/concierge-services",TRUE
"/facilities-management-doncaster","/washroom-management",TRUE
"/facilities-management-doncaster","/grounds-maintenance",TRUE
"/facilities-management-doncaster","/industrial-facilities-management",TRUE
"/facilities-management-doncaster","/commercial-facilities-management",TRUE
"/facilities-management-doncaster","/logistics-facilities-management",TRUE
"/facilities-management-doncaster","/warehouse-facilities-management",TRUE
"/facilities-management-doncaster","/retail-facilities-management",TRUE
"/facilities-management-doncaster","/healthcare-facilities-management",TRUE
"/facilities-management-doncaster","/education-facilities-management",TRUE
"/facilities-management-doncaster","/public-sector-facilities-management",TRUE
"/facilities-management-doncaster","/residential-facilities-management",TRUE
"/facilities-management-doncaster","/hotel-facilities-management",TRUE
"/facilities-management-doncaster","/sectors",FALSE
"/facilities-management-doncaster","/fm-london",TRUE
"/facilities-management-doncaster","/facilities-management-london",TRUE
"/facilities-management-doncaster","/london-facilities-management",TRUE
"/facilities-management-doncaster","/facilities-management-manchester",TRUE
"/facilities-management-doncaster","/facilities-management-birmingham",TRUE
"/facilities-management-doncaster","/facilities-management-sheffield",TRUE
"/facilities-management-doncaster","/facilities-management-leeds",TRUE
"/facilities-management-doncaster","/facilities-management-lincoln",TRUE
"/facilities-management-doncaster","/facilities-management-liverpool",TRUE
"/facilities-management-doncaster","/facilities-management-nottingham",TRUE
"/facilities-management-doncaster","/privacy-policy",TRUE
"/facilities-management-doncaster","/terms-and-conditions",TRUE
"/facilities-management-doncaster","/accessibility-statement",TRUE
"/facilities-management-doncaster","/helpdesk",TRUE
"/facilities-management-doncaster","/sitemap.xml",FALSE
"/facilities-management-for/construction-facilities-management","/client-login",TRUE
"/facilities-management-for/construction-facilities-management","/",TRUE
"/facilities-management-for/construction-facilities-management","/case-studies",FALSE
"/facilities-management-for/construction-facilities-management","/blog",TRUE
"/facilities-management-for/construction-facilities-management","/about-entire-facilities-management",TRUE
"/facilities-management-for/construction-facilities-management","/contact-us",TRUE
"/facilities-management-for/construction-facilities-management","/sectors",FALSE
"/facilities-management-for/construction-facilities-management","/mechanical-electrical",TRUE
"/facilities-management-for/construction-facilities-management","/ppm",TRUE
"/facilities-management-for/construction-facilities-management","/hard-services",TRUE
"/facilities-management-for/construction-facilities-management","/hvac-contractor",TRUE
"/facilities-management-for/construction-facilities-management","/plumbing-gas",TRUE
"/facilities-management-for/construction-facilities-management","/fire-emergency-systems",TRUE
"/facilities-management-for/construction-facilities-management","/safety-critical-emergency-systems",TRUE
"/facilities-management-for/construction-facilities-management","/building-maintenance",TRUE
"/facilities-management-for/construction-facilities-management","/mechanical-electrical/emergency-light-testing",TRUE
"/facilities-management-for/construction-facilities-management","/mechanical-electrical/access-control",TRUE
"/facilities-management-for/construction-facilities-management","/aerial-drone-building-inspection",TRUE
"/facilities-management-for/construction-facilities-management","/industrial-cleaning",TRUE
"/facilities-management-for/construction-facilities-management","/cleaning-services",TRUE
"/facilities-management-for/construction-facilities-management","/contract-cleaning",TRUE
"/facilities-management-for/construction-facilities-management","/office-cleaning",TRUE
"/facilities-management-for/construction-facilities-management","/pressure-washing",TRUE
"/facilities-management-for/construction-facilities-management","/window-cleaning",TRUE
"/facilities-management-for/construction-facilities-management","/soft-services",TRUE
"/facilities-management-for/construction-facilities-management","/security-services",TRUE
"/facilities-management-for/construction-facilities-management","/concierge-services",TRUE
"/facilities-management-for/construction-facilities-management","/washroom-management",TRUE
"/facilities-management-for/construction-facilities-management","/grounds-maintenance",TRUE
"/facilities-management-for/construction-facilities-management","/industrial-facilities-management",TRUE
"/facilities-management-for/construction-facilities-management","/commercial-facilities-management",TRUE
"/facilities-management-for/construction-facilities-management","/logistics-facilities-management",TRUE
"/facilities-management-for/construction-facilities-management","/warehouse-facilities-management",TRUE
"/facilities-management-for/construction-facilities-management","/retail-facilities-management",TRUE
"/facilities-management-for/construction-facilities-management","/healthcare-facilities-management",TRUE
"/facilities-management-for/construction-facilities-management","/education-facilities-management",TRUE
"/facilities-management-for/construction-facilities-management","/public-sector-facilities-management",TRUE
"/facilities-management-for/construction-facilities-management","/residential-facilities-management",TRUE
"/facilities-management-for/construction-facilities-management","/hotel-facilities-management",TRUE
"/facilities-management-for/construction-facilities-management","/fm-london",TRUE
"/facilities-management-for/construction-facilities-management","/facilities-management-london",TRUE
"/facilities-management-for/construction-facilities-management","/london-facilities-management",TRUE
"/facilities-management-for/construction-facilities-management","/facilities-management-manchester",TRUE
"/facilities-management-for/construction-facilities-management","/facilities-management-birmingham",TRUE
"/facilities-management-for/construction-facilities-management","/facilities-management-sheffield",TRUE
"/facilities-management-for/construction-facilities-management","/facilities-management-leeds",TRUE
"/facilities-management-for/construction-facilities-management","/facilities-management-lincoln",TRUE
"/facilities-management-for/construction-facilities-management","/facilities-management-liverpool",TRUE
"/facilities-management-for/construction-facilities-management","/facilities-management-nottingham",TRUE
"/facilities-management-for/construction-facilities-management","/locations",FALSE
"/facilities-management-for/construction-facilities-management","/privacy-policy",TRUE
"/facilities-management-for/construction-facilities-management","/terms-and-conditions",TRUE
"/facilities-management-for/construction-facilities-management","/accessibility-statement",TRUE
"/facilities-management-for/construction-facilities-management","/helpdesk",TRUE
"/facilities-management-for/construction-facilities-management","/sitemap.xml",FALSE
"/facilities-management-for/healthcare-facilities-management","/client-login",TRUE
"/facilities-management-for/healthcare-facilities-management","/",TRUE
"/facilities-management-for/healthcare-facilities-management","/case-studies",FALSE
"/facilities-management-for/healthcare-facilities-management","/blog",TRUE
"/facilities-management-for/healthcare-facilities-management","/about-entire-facilities-management",TRUE
"/facilities-management-for/healthcare-facilities-management","/contact-us",TRUE
"/facilities-management-for/healthcare-facilities-management","/sectors",FALSE
"/facilities-management-for/healthcare-facilities-management","/mechanical-electrical",TRUE
"/facilities-management-for/healthcare-facilities-management","/ppm",TRUE
"/facilities-management-for/healthcare-facilities-management","/hard-services",TRUE
"/facilities-management-for/healthcare-facilities-management","/hvac-contractor",TRUE
"/facilities-management-for/healthcare-facilities-management","/plumbing-gas",TRUE
"/facilities-management-for/healthcare-facilities-management","/fire-emergency-systems",TRUE
"/facilities-management-for/healthcare-facilities-management","/safety-critical-emergency-systems",TRUE
"/facilities-management-for/healthcare-facilities-management","/building-maintenance",TRUE
"/facilities-management-for/healthcare-facilities-management","/mechanical-electrical/emergency-light-testing",TRUE
"/facilities-management-for/healthcare-facilities-management","/mechanical-electrical/access-control",TRUE
"/facilities-management-for/healthcare-facilities-management","/aerial-drone-building-inspection",TRUE
"/facilities-management-for/healthcare-facilities-management","/industrial-cleaning",TRUE
"/facilities-management-for/healthcare-facilities-management","/cleaning-services",TRUE
"/facilities-management-for/healthcare-facilities-management","/contract-cleaning",TRUE
"/facilities-management-for/healthcare-facilities-management","/office-cleaning",TRUE
"/facilities-management-for/healthcare-facilities-management","/pressure-washing",TRUE
"/facilities-management-for/healthcare-facilities-management","/window-cleaning",TRUE
"/facilities-management-for/healthcare-facilities-management","/soft-services",TRUE
"/facilities-management-for/healthcare-facilities-management","/security-services",TRUE
"/facilities-management-for/healthcare-facilities-management","/concierge-services",TRUE
"/facilities-management-for/healthcare-facilities-management","/washroom-management",TRUE
"/facilities-management-for/healthcare-facilities-management","/grounds-maintenance",TRUE
"/facilities-management-for/healthcare-facilities-management","/industrial-facilities-management",TRUE
"/facilities-management-for/healthcare-facilities-management","/commercial-facilities-management",TRUE
"/facilities-management-for/healthcare-facilities-management","/logistics-facilities-management",TRUE
"/facilities-management-for/healthcare-facilities-management","/warehouse-facilities-management",TRUE
"/facilities-management-for/healthcare-facilities-management","/retail-facilities-management",TRUE
"/facilities-management-for/healthcare-facilities-management","/healthcare-facilities-management",TRUE
"/facilities-management-for/healthcare-facilities-management","/education-facilities-management",TRUE
"/facilities-management-for/healthcare-facilities-management","/public-sector-facilities-management",TRUE
"/facilities-management-for/healthcare-facilities-management","/residential-facilities-management",TRUE
"/facilities-management-for/healthcare-facilities-management","/hotel-facilities-management",TRUE
"/facilities-management-for/healthcare-facilities-management","/fm-london",TRUE
"/facilities-management-for/healthcare-facilities-management","/facilities-management-london",TRUE
"/facilities-management-for/healthcare-facilities-management","/london-facilities-management",TRUE
"/facilities-management-for/healthcare-facilities-management","/facilities-management-manchester",TRUE
"/facilities-management-for/healthcare-facilities-management","/facilities-management-birmingham",TRUE
"/facilities-management-for/healthcare-facilities-management","/facilities-management-sheffield",TRUE
"/facilities-management-for/healthcare-facilities-management","/facilities-management-leeds",TRUE
"/facilities-management-for/healthcare-facilities-management","/facilities-management-lincoln",TRUE
"/facilities-management-for/healthcare-facilities-management","/facilities-management-liverpool",TRUE
"/facilities-management-for/healthcare-facilities-management","/facilities-management-nottingham",TRUE
"/facilities-management-for/healthcare-facilities-management","/locations",FALSE
"/facilities-management-for/healthcare-facilities-management","/privacy-policy",TRUE
"/facilities-management-for/healthcare-facilities-management","/terms-and-conditions",TRUE
"/facilities-management-for/healthcare-facilities-management","/accessibility-statement",TRUE
"/facilities-management-for/healthcare-facilities-management","/helpdesk",TRUE
"/facilities-management-for/healthcare-facilities-management","/sitemap.xml",FALSE
"/facilities-management-derby","/client-login",TRUE
"/facilities-management-derby","/",TRUE
"/facilities-management-derby","/case-studies",FALSE
"/facilities-management-derby","/blog",TRUE
"/facilities-management-derby","/about-entire-facilities-management",TRUE
"/facilities-management-derby","/contact-us",TRUE
"/facilities-management-derby","/locations",FALSE
"/facilities-management-derby","/mechanical-electrical",TRUE
"/facilities-management-derby","/ppm",TRUE
"/facilities-management-derby","/hard-services",TRUE
"/facilities-management-derby","/hvac-contractor",TRUE
"/facilities-management-derby","/plumbing-gas",TRUE
"/facilities-management-derby","/fire-emergency-systems",TRUE
"/facilities-management-derby","/safety-critical-emergency-systems",TRUE
"/facilities-management-derby","/building-maintenance",TRUE
"/facilities-management-derby","/mechanical-electrical/emergency-light-testing",TRUE
"/facilities-management-derby","/mechanical-electrical/access-control",TRUE
"/facilities-management-derby","/aerial-drone-building-inspection",TRUE
"/facilities-management-derby","/industrial-cleaning",TRUE
"/facilities-management-derby","/cleaning-services",TRUE
"/facilities-management-derby","/contract-cleaning",TRUE
"/facilities-management-derby","/office-cleaning",TRUE
"/facilities-management-derby","/pressure-washing",TRUE
"/facilities-management-derby","/window-cleaning",TRUE
"/facilities-management-derby","/soft-services",TRUE
"/facilities-management-derby","/security-services",TRUE
"/facilities-management-derby","/concierge-services",TRUE
"/facilities-management-derby","/washroom-management",TRUE
"/facilities-management-derby","/grounds-maintenance",TRUE
"/facilities-management-derby","/industrial-facilities-management",TRUE
"/facilities-management-derby","/commercial-facilities-management",TRUE
"/facilities-management-derby","/logistics-facilities-management",TRUE
"/facilities-management-derby","/warehouse-facilities-management",TRUE
"/facilities-management-derby","/retail-facilities-management",TRUE
"/facilities-management-derby","/healthcare-facilities-management",TRUE
"/facilities-management-derby","/education-facilities-management",TRUE
"/facilities-management-derby","/public-sector-facilities-management",TRUE
"/facilities-management-derby","/residential-facilities-management",TRUE
"/facilities-management-derby","/hotel-facilities-management",TRUE
"/facilities-management-derby","/sectors",FALSE
"/facilities-management-derby","/fm-london",TRUE
"/facilities-management-derby","/facilities-management-london",TRUE
"/facilities-management-derby","/london-facilities-management",TRUE
"/facilities-management-derby","/facilities-management-manchester",TRUE
"/facilities-management-derby","/facilities-management-birmingham",TRUE
"/facilities-management-derby","/facilities-management-sheffield",TRUE
"/facilities-management-derby","/facilities-management-leeds",TRUE
"/facilities-management-derby","/facilities-management-lincoln",TRUE
"/facilities-management-derby","/facilities-management-liverpool",TRUE
"/facilities-management-derby","/facilities-management-nottingham",TRUE
"/facilities-management-derby","/privacy-policy",TRUE
"/facilities-management-derby","/terms-and-conditions",TRUE
"/facilities-management-derby","/accessibility-statement",TRUE
"/facilities-management-derby","/helpdesk",TRUE
"/facilities-management-derby","/sitemap.xml",FALSE
"/facilities-management-for/industrial-facilities-management","/client-login",TRUE
"/facilities-management-for/industrial-facilities-management","/",TRUE
"/facilities-management-for/industrial-facilities-management","/case-studies",FALSE
"/facilities-management-for/industrial-facilities-management","/blog",TRUE
"/facilities-management-for/industrial-facilities-management","/about-entire-facilities-management",TRUE
"/facilities-management-for/industrial-facilities-management","/contact-us",TRUE
"/facilities-management-for/industrial-facilities-management","/sectors",FALSE
"/facilities-management-for/industrial-facilities-management","/mechanical-electrical",TRUE
"/facilities-management-for/industrial-facilities-management","/ppm",TRUE
"/facilities-management-for/industrial-facilities-management","/hard-services",TRUE
"/facilities-management-for/industrial-facilities-management","/hvac-contractor",TRUE
"/facilities-management-for/industrial-facilities-management","/plumbing-gas",TRUE
"/facilities-management-for/industrial-facilities-management","/fire-emergency-systems",TRUE
"/facilities-management-for/industrial-facilities-management","/safety-critical-emergency-systems",TRUE
"/facilities-management-for/industrial-facilities-management","/building-maintenance",TRUE
"/facilities-management-for/industrial-facilities-management","/mechanical-electrical/emergency-light-testing",TRUE
"/facilities-management-for/industrial-facilities-management","/mechanical-electrical/access-control",TRUE
"/facilities-management-for/industrial-facilities-management","/aerial-drone-building-inspection",TRUE
"/facilities-management-for/industrial-facilities-management","/industrial-cleaning",TRUE
"/facilities-management-for/industrial-facilities-management","/cleaning-services",TRUE
"/facilities-management-for/industrial-facilities-management","/contract-cleaning",TRUE
"/facilities-management-for/industrial-facilities-management","/office-cleaning",TRUE
"/facilities-management-for/industrial-facilities-management","/pressure-washing",TRUE
"/facilities-management-for/industrial-facilities-management","/window-cleaning",TRUE
"/facilities-management-for/industrial-facilities-management","/soft-services",TRUE
"/facilities-management-for/industrial-facilities-management","/security-services",TRUE
"/facilities-management-for/industrial-facilities-management","/concierge-services",TRUE
"/facilities-management-for/industrial-facilities-management","/washroom-management",TRUE
"/facilities-management-for/industrial-facilities-management","/grounds-maintenance",TRUE
"/facilities-management-for/industrial-facilities-management","/industrial-facilities-management",TRUE
"/facilities-management-for/industrial-facilities-management","/commercial-facilities-management",TRUE
"/facilities-management-for/industrial-facilities-management","/logistics-facilities-management",TRUE
"/facilities-management-for/industrial-facilities-management","/warehouse-facilities-management",TRUE
"/facilities-management-for/industrial-facilities-management","/retail-facilities-management",TRUE
"/facilities-management-for/industrial-facilities-management","/healthcare-facilities-management",TRUE
"/facilities-management-for/industrial-facilities-management","/education-facilities-management",TRUE
"/facilities-management-for/industrial-facilities-management","/public-sector-facilities-management",TRUE
"/facilities-management-for/industrial-facilities-management","/residential-facilities-management",TRUE
"/facilities-management-for/industrial-facilities-management","/hotel-facilities-management",TRUE
"/facilities-management-for/industrial-facilities-management","/fm-london",TRUE
"/facilities-management-for/industrial-facilities-management","/facilities-management-london",TRUE
"/facilities-management-for/industrial-facilities-management","/london-facilities-management",TRUE
"/facilities-management-for/industrial-facilities-management","/facilities-management-manchester",TRUE
"/facilities-management-for/industrial-facilities-management","/facilities-management-birmingham",TRUE
"/facilities-management-for/industrial-facilities-management","/facilities-management-sheffield",TRUE
"/facilities-management-for/industrial-facilities-management","/facilities-management-leeds",TRUE
"/facilities-management-for/industrial-facilities-management","/facilities-management-lincoln",TRUE
"/facilities-management-for/industrial-facilities-management","/facilities-management-liverpool",TRUE
"/facilities-management-for/industrial-facilities-management","/facilities-management-nottingham",TRUE
"/facilities-management-for/industrial-facilities-management","/locations",FALSE
"/facilities-management-for/industrial-facilities-management","/privacy-policy",TRUE
"/facilities-management-for/industrial-facilities-management","/terms-and-conditions",TRUE
"/facilities-management-for/industrial-facilities-management","/accessibility-statement",TRUE
"/facilities-management-for/industrial-facilities-management","/helpdesk",TRUE
"/facilities-management-for/industrial-facilities-management","/sitemap.xml",FALSE
"/facilities-management-for/managing-agent-facilities-management","/client-login",TRUE
"/facilities-management-for/managing-agent-facilities-management","/",TRUE
"/facilities-management-for/managing-agent-facilities-management","/case-studies",FALSE
"/facilities-management-for/managing-agent-facilities-management","/blog",TRUE
"/facilities-management-for/managing-agent-facilities-management","/about-entire-facilities-management",TRUE
"/facilities-management-for/managing-agent-facilities-management","/contact-us",TRUE
"/facilities-management-for/managing-agent-facilities-management","/sectors",FALSE
"/facilities-management-for/managing-agent-facilities-management","/mechanical-electrical",TRUE
"/facilities-management-for/managing-agent-facilities-management","/ppm",TRUE
"/facilities-management-for/managing-agent-facilities-management","/hard-services",TRUE
"/facilities-management-for/managing-agent-facilities-management","/hvac-contractor",TRUE
"/facilities-management-for/managing-agent-facilities-management","/plumbing-gas",TRUE
"/facilities-management-for/managing-agent-facilities-management","/fire-emergency-systems",TRUE
"/facilities-management-for/managing-agent-facilities-management","/safety-critical-emergency-systems",TRUE
"/facilities-management-for/managing-agent-facilities-management","/building-maintenance",TRUE
"/facilities-management-for/managing-agent-facilities-management","/mechanical-electrical/emergency-light-testing",TRUE
"/facilities-management-for/managing-agent-facilities-management","/mechanical-electrical/access-control",TRUE
"/facilities-management-for/managing-agent-facilities-management","/aerial-drone-building-inspection",TRUE
"/facilities-management-for/managing-agent-facilities-management","/industrial-cleaning",TRUE
"/facilities-management-for/managing-agent-facilities-management","/cleaning-services",TRUE
"/facilities-management-for/managing-agent-facilities-management","/contract-cleaning",TRUE
"/facilities-management-for/managing-agent-facilities-management","/office-cleaning",TRUE
"/facilities-management-for/managing-agent-facilities-management","/pressure-washing",TRUE
"/facilities-management-for/managing-agent-facilities-management","/window-cleaning",TRUE
"/facilities-management-for/managing-agent-facilities-management","/soft-services",TRUE
"/facilities-management-for/managing-agent-facilities-management","/security-services",TRUE
"/facilities-management-for/managing-agent-facilities-management","/concierge-services",TRUE
"/facilities-management-for/managing-agent-facilities-management","/washroom-management",TRUE
"/facilities-management-for/managing-agent-facilities-management","/grounds-maintenance",TRUE
"/facilities-management-for/managing-agent-facilities-management","/industrial-facilities-management",TRUE
"/facilities-management-for/managing-agent-facilities-management","/commercial-facilities-management",TRUE
"/facilities-management-for/managing-agent-facilities-management","/logistics-facilities-management",TRUE
"/facilities-management-for/managing-agent-facilities-management","/warehouse-facilities-management",TRUE
"/facilities-management-for/managing-agent-facilities-management","/retail-facilities-management",TRUE
"/facilities-management-for/managing-agent-facilities-management","/healthcare-facilities-management",TRUE
"/facilities-management-for/managing-agent-facilities-management","/education-facilities-management",TRUE
"/facilities-management-for/managing-agent-facilities-management","/public-sector-facilities-management",TRUE
"/facilities-management-for/managing-agent-facilities-management","/residential-facilities-management",TRUE
"/facilities-management-for/managing-agent-facilities-management","/hotel-facilities-management",TRUE
"/facilities-management-for/managing-agent-facilities-management","/fm-london",TRUE
"/facilities-management-for/managing-agent-facilities-management","/facilities-management-london",TRUE
"/facilities-management-for/managing-agent-facilities-management","/london-facilities-management",TRUE
"/facilities-management-for/managing-agent-facilities-management","/facilities-management-manchester",TRUE
"/facilities-management-for/managing-agent-facilities-management","/facilities-management-birmingham",TRUE
"/facilities-management-for/managing-agent-facilities-management","/facilities-management-sheffield",TRUE
"/facilities-management-for/managing-agent-facilities-management","/facilities-management-leeds",TRUE
"/facilities-management-for/managing-agent-facilities-management","/facilities-management-lincoln",TRUE
"/facilities-management-for/managing-agent-facilities-management","/facilities-management-liverpool",TRUE
"/facilities-management-for/managing-agent-facilities-management","/facilities-management-nottingham",TRUE
"/facilities-management-for/managing-agent-facilities-management","/locations",FALSE
"/facilities-management-for/managing-agent-facilities-management","/privacy-policy",TRUE
"/facilities-management-for/managing-agent-facilities-management","/terms-and-conditions",TRUE
"/facilities-management-for/managing-agent-facilities-management","/accessibility-statement",TRUE
"/facilities-management-for/managing-agent-facilities-management","/helpdesk",TRUE
"/facilities-management-for/managing-agent-facilities-management","/sitemap.xml",FALSE
"/facilities-management-for/leisure-centre-facilities-management","/client-login",TRUE
"/facilities-management-for/leisure-centre-facilities-management","/",TRUE
"/facilities-management-for/leisure-centre-facilities-management","/case-studies",FALSE
"/facilities-management-for/leisure-centre-facilities-management","/blog",TRUE
"/facilities-management-for/leisure-centre-facilities-management","/about-entire-facilities-management",TRUE
"/facilities-management-for/leisure-centre-facilities-management","/contact-us",TRUE
"/facilities-management-for/leisure-centre-facilities-management","/sectors",FALSE
"/facilities-management-for/leisure-centre-facilities-management","/mechanical-electrical",TRUE
"/facilities-management-for/leisure-centre-facilities-management","/ppm",TRUE
"/facilities-management-for/leisure-centre-facilities-management","/hard-services",TRUE
"/facilities-management-for/leisure-centre-facilities-management","/hvac-contractor",TRUE
"/facilities-management-for/leisure-centre-facilities-management","/plumbing-gas",TRUE
"/facilities-management-for/leisure-centre-facilities-management","/fire-emergency-systems",TRUE
"/facilities-management-for/leisure-centre-facilities-management","/safety-critical-emergency-systems",TRUE
"/facilities-management-for/leisure-centre-facilities-management","/building-maintenance",TRUE
"/facilities-management-for/leisure-centre-facilities-management","/mechanical-electrical/emergency-light-testing",TRUE
"/facilities-management-for/leisure-centre-facilities-management","/mechanical-electrical/access-control",TRUE
"/facilities-management-for/leisure-centre-facilities-management","/aerial-drone-building-inspection",TRUE
"/facilities-management-for/leisure-centre-facilities-management","/industrial-cleaning",TRUE
"/facilities-management-for/leisure-centre-facilities-management","/cleaning-services",TRUE
"/facilities-management-for/leisure-centre-facilities-management","/contract-cleaning",TRUE
"/facilities-management-for/leisure-centre-facilities-management","/office-cleaning",TRUE
"/facilities-management-for/leisure-centre-facilities-management","/pressure-washing",TRUE
"/facilities-management-for/leisure-centre-facilities-management","/window-cleaning",TRUE
"/facilities-management-for/leisure-centre-facilities-management","/soft-services",TRUE
"/facilities-management-for/leisure-centre-facilities-management","/security-services",TRUE
"/facilities-management-for/leisure-centre-facilities-management","/concierge-services",TRUE
"/facilities-management-for/leisure-centre-facilities-management","/washroom-management",TRUE
"/facilities-management-for/leisure-centre-facilities-management","/grounds-maintenance",TRUE
"/facilities-management-for/leisure-centre-facilities-management","/industrial-facilities-management",TRUE
"/facilities-management-for/leisure-centre-facilities-management","/commercial-facilities-management",TRUE
"/facilities-management-for/leisure-centre-facilities-management","/logistics-facilities-management",TRUE
"/facilities-management-for/leisure-centre-facilities-management","/warehouse-facilities-management",TRUE
"/facilities-management-for/leisure-centre-facilities-management","/retail-facilities-management",TRUE
"/facilities-management-for/leisure-centre-facilities-management","/healthcare-facilities-management",TRUE
"/facilities-management-for/leisure-centre-facilities-management","/education-facilities-management",TRUE
"/facilities-management-for/leisure-centre-facilities-management","/public-sector-facilities-management",TRUE
"/facilities-management-for/leisure-centre-facilities-management","/residential-facilities-management",TRUE
"/facilities-management-for/leisure-centre-facilities-management","/hotel-facilities-management",TRUE
"/facilities-management-for/leisure-centre-facilities-management","/fm-london",TRUE
"/facilities-management-for/leisure-centre-facilities-management","/facilities-management-london",TRUE
"/facilities-management-for/leisure-centre-facilities-management","/london-facilities-management",TRUE
"/facilities-management-for/leisure-centre-facilities-management","/facilities-management-manchester",TRUE
"/facilities-management-for/leisure-centre-facilities-management","/facilities-management-birmingham",TRUE
"/facilities-management-for/leisure-centre-facilities-management","/facilities-management-sheffield",TRUE
"/facilities-management-for/leisure-centre-facilities-management","/facilities-management-leeds",TRUE
"/facilities-management-for/leisure-centre-facilities-management","/facilities-management-lincoln",TRUE
"/facilities-management-for/leisure-centre-facilities-management","/facilities-management-liverpool",TRUE
"/facilities-management-for/leisure-centre-facilities-management","/facilities-management-nottingham",TRUE
"/facilities-management-for/leisure-centre-facilities-management","/locations",FALSE
"/facilities-management-for/leisure-centre-facilities-management","/privacy-policy",TRUE
"/facilities-management-for/leisure-centre-facilities-management","/terms-and-conditions",TRUE
"/facilities-management-for/leisure-centre-facilities-management","/accessibility-statement",TRUE
"/facilities-management-for/leisure-centre-facilities-management","/helpdesk",TRUE
"/facilities-management-for/leisure-centre-facilities-management","/sitemap.xml",FALSE
"/facilities-management-for/residential-facilities-management","/client-login",TRUE
"/facilities-management-for/residential-facilities-management","/",TRUE
"/facilities-management-for/residential-facilities-management","/case-studies",FALSE
"/facilities-management-for/residential-facilities-management","/blog",TRUE
"/facilities-management-for/residential-facilities-management","/about-entire-facilities-management",TRUE
"/facilities-management-for/residential-facilities-management","/contact-us",TRUE
"/facilities-management-for/residential-facilities-management","/sectors",FALSE
"/facilities-management-for/residential-facilities-management","/mechanical-electrical",TRUE
"/facilities-management-for/residential-facilities-management","/ppm",TRUE
"/facilities-management-for/residential-facilities-management","/hard-services",TRUE
"/facilities-management-for/residential-facilities-management","/hvac-contractor",TRUE
"/facilities-management-for/residential-facilities-management","/plumbing-gas",TRUE
"/facilities-management-for/residential-facilities-management","/fire-emergency-systems",TRUE
"/facilities-management-for/residential-facilities-management","/safety-critical-emergency-systems",TRUE
"/facilities-management-for/residential-facilities-management","/building-maintenance",TRUE
"/facilities-management-for/residential-facilities-management","/mechanical-electrical/emergency-light-testing",TRUE
"/facilities-management-for/residential-facilities-management","/mechanical-electrical/access-control",TRUE
"/facilities-management-for/residential-facilities-management","/aerial-drone-building-inspection",TRUE
"/facilities-management-for/residential-facilities-management","/industrial-cleaning",TRUE
"/facilities-management-for/residential-facilities-management","/cleaning-services",TRUE
"/facilities-management-for/residential-facilities-management","/contract-cleaning",TRUE
"/facilities-management-for/residential-facilities-management","/office-cleaning",TRUE
"/facilities-management-for/residential-facilities-management","/pressure-washing",TRUE
"/facilities-management-for/residential-facilities-management","/window-cleaning",TRUE
"/facilities-management-for/residential-facilities-management","/soft-services",TRUE
"/facilities-management-for/residential-facilities-management","/security-services",TRUE
"/facilities-management-for/residential-facilities-management","/concierge-services",TRUE
"/facilities-management-for/residential-facilities-management","/washroom-management",TRUE
"/facilities-management-for/residential-facilities-management","/grounds-maintenance",TRUE
"/facilities-management-for/residential-facilities-management","/industrial-facilities-management",TRUE
"/facilities-management-for/residential-facilities-management","/commercial-facilities-management",TRUE
"/facilities-management-for/residential-facilities-management","/logistics-facilities-management",TRUE
"/facilities-management-for/residential-facilities-management","/warehouse-facilities-management",TRUE
"/facilities-management-for/residential-facilities-management","/retail-facilities-management",TRUE
"/facilities-management-for/residential-facilities-management","/healthcare-facilities-management",TRUE
"/facilities-management-for/residential-facilities-management","/education-facilities-management",TRUE
"/facilities-management-for/residential-facilities-management","/public-sector-facilities-management",TRUE
"/facilities-management-for/residential-facilities-management","/residential-facilities-management",TRUE
"/facilities-management-for/residential-facilities-management","/hotel-facilities-management",TRUE
"/facilities-management-for/residential-facilities-management","/fm-london",TRUE
"/facilities-management-for/residential-facilities-management","/facilities-management-london",TRUE
"/facilities-management-for/residential-facilities-management","/london-facilities-management",TRUE
"/facilities-management-for/residential-facilities-management","/facilities-management-manchester",TRUE
"/facilities-management-for/residential-facilities-management","/facilities-management-birmingham",TRUE
"/facilities-management-for/residential-facilities-management","/facilities-management-sheffield",TRUE
"/facilities-management-for/residential-facilities-management","/facilities-management-leeds",TRUE
"/facilities-management-for/residential-facilities-management","/facilities-management-lincoln",TRUE
"/facilities-management-for/residential-facilities-management","/facilities-management-liverpool",TRUE
"/facilities-management-for/residential-facilities-management","/facilities-management-nottingham",TRUE
"/facilities-management-for/residential-facilities-management","/locations",FALSE
"/facilities-management-for/residential-facilities-management","/privacy-policy",TRUE
"/facilities-management-for/residential-facilities-management","/terms-and-conditions",TRUE
"/facilities-management-for/residential-facilities-management","/accessibility-statement",TRUE
"/facilities-management-for/residential-facilities-management","/helpdesk",TRUE
"/facilities-management-for/residential-facilities-management","/sitemap.xml",FALSE
"/facilities-management-for/sports-venue-facilities-management","/client-login",TRUE
"/facilities-management-for/sports-venue-facilities-management","/",TRUE
"/facilities-management-for/sports-venue-facilities-management","/case-studies",FALSE
"/facilities-management-for/sports-venue-facilities-management","/blog",TRUE
"/facilities-management-for/sports-venue-facilities-management","/about-entire-facilities-management",TRUE
"/facilities-management-for/sports-venue-facilities-management","/contact-us",TRUE
"/facilities-management-for/sports-venue-facilities-management","/sectors",FALSE
"/facilities-management-for/sports-venue-facilities-management","/mechanical-electrical",TRUE
"/facilities-management-for/sports-venue-facilities-management","/ppm",TRUE
"/facilities-management-for/sports-venue-facilities-management","/hard-services",TRUE
"/facilities-management-for/sports-venue-facilities-management","/hvac-contractor",TRUE
"/facilities-management-for/sports-venue-facilities-management","/plumbing-gas",TRUE
"/facilities-management-for/sports-venue-facilities-management","/fire-emergency-systems",TRUE
"/facilities-management-for/sports-venue-facilities-management","/safety-critical-emergency-systems",TRUE
"/facilities-management-for/sports-venue-facilities-management","/building-maintenance",TRUE
"/facilities-management-for/sports-venue-facilities-management","/mechanical-electrical/emergency-light-testing",TRUE
"/facilities-management-for/sports-venue-facilities-management","/mechanical-electrical/access-control",TRUE
"/facilities-management-for/sports-venue-facilities-management","/aerial-drone-building-inspection",TRUE
"/facilities-management-for/sports-venue-facilities-management","/industrial-cleaning",TRUE
"/facilities-management-for/sports-venue-facilities-management","/cleaning-services",TRUE
"/facilities-management-for/sports-venue-facilities-management","/contract-cleaning",TRUE
"/facilities-management-for/sports-venue-facilities-management","/office-cleaning",TRUE
"/facilities-management-for/sports-venue-facilities-management","/pressure-washing",TRUE
"/facilities-management-for/sports-venue-facilities-management","/window-cleaning",TRUE
"/facilities-management-for/sports-venue-facilities-management","/soft-services",TRUE
"/facilities-management-for/sports-venue-facilities-management","/security-services",TRUE
"/facilities-management-for/sports-venue-facilities-management","/concierge-services",TRUE
"/facilities-management-for/sports-venue-facilities-management","/washroom-management",TRUE
"/facilities-management-for/sports-venue-facilities-management","/grounds-maintenance",TRUE
"/facilities-management-for/sports-venue-facilities-management","/industrial-facilities-management",TRUE
"/facilities-management-for/sports-venue-facilities-management","/commercial-facilities-management",TRUE
"/facilities-management-for/sports-venue-facilities-management","/logistics-facilities-management",TRUE
"/facilities-management-for/sports-venue-facilities-management","/warehouse-facilities-management",TRUE
"/facilities-management-for/sports-venue-facilities-management","/retail-facilities-management",TRUE
"/facilities-management-for/sports-venue-facilities-management","/healthcare-facilities-management",TRUE
"/facilities-management-for/sports-venue-facilities-management","/education-facilities-management",TRUE
"/facilities-management-for/sports-venue-facilities-management","/public-sector-facilities-management",TRUE
"/facilities-management-for/sports-venue-facilities-management","/residential-facilities-management",TRUE
"/facilities-management-for/sports-venue-facilities-management","/hotel-facilities-management",TRUE
"/facilities-management-for/sports-venue-facilities-management","/fm-london",TRUE
"/facilities-management-for/sports-venue-facilities-management","/facilities-management-london",TRUE
"/facilities-management-for/sports-venue-facilities-management","/london-facilities-management",TRUE
"/facilities-management-for/sports-venue-facilities-management","/facilities-management-manchester",TRUE
"/facilities-management-for/sports-venue-facilities-management","/facilities-management-birmingham",TRUE
"/facilities-management-for/sports-venue-facilities-management","/facilities-management-sheffield",TRUE
"/facilities-management-for/sports-venue-facilities-management","/facilities-management-leeds",TRUE
"/facilities-management-for/sports-venue-facilities-management","/facilities-management-lincoln",TRUE
"/facilities-management-for/sports-venue-facilities-management","/facilities-management-liverpool",TRUE
"/facilities-management-for/sports-venue-facilities-management","/facilities-management-nottingham",TRUE
"/facilities-management-for/sports-venue-facilities-management","/locations",FALSE
"/facilities-management-for/sports-venue-facilities-management","/privacy-policy",TRUE
"/facilities-management-for/sports-venue-facilities-management","/terms-and-conditions",TRUE
"/facilities-management-for/sports-venue-facilities-management","/accessibility-statement",TRUE
"/facilities-management-for/sports-venue-facilities-management","/helpdesk",TRUE
"/facilities-management-for/sports-venue-facilities-management","/sitemap.xml",FALSE
"/facilities-management-in-the-midlands","/client-login",TRUE
"/facilities-management-in-the-midlands","/",TRUE
"/facilities-management-in-the-midlands","/case-studies",FALSE
"/facilities-management-in-the-midlands","/blog",TRUE
"/facilities-management-in-the-midlands","/about-entire-facilities-management",TRUE
"/facilities-management-in-the-midlands","/contact-us",TRUE
"/facilities-management-in-the-midlands","/locations",FALSE
"/facilities-management-in-the-midlands","/mechanical-electrical",TRUE
"/facilities-management-in-the-midlands","/ppm",TRUE
"/facilities-management-in-the-midlands","/hard-services",TRUE
"/facilities-management-in-the-midlands","/hvac-contractor",TRUE
"/facilities-management-in-the-midlands","/plumbing-gas",TRUE
"/facilities-management-in-the-midlands","/fire-emergency-systems",TRUE
"/facilities-management-in-the-midlands","/safety-critical-emergency-systems",TRUE
"/facilities-management-in-the-midlands","/building-maintenance",TRUE
"/facilities-management-in-the-midlands","/mechanical-electrical/emergency-light-testing",TRUE
"/facilities-management-in-the-midlands","/mechanical-electrical/access-control",TRUE
"/facilities-management-in-the-midlands","/aerial-drone-building-inspection",TRUE
"/facilities-management-in-the-midlands","/industrial-cleaning",TRUE
"/facilities-management-in-the-midlands","/cleaning-services",TRUE
"/facilities-management-in-the-midlands","/contract-cleaning",TRUE
"/facilities-management-in-the-midlands","/office-cleaning",TRUE
"/facilities-management-in-the-midlands","/pressure-washing",TRUE
"/facilities-management-in-the-midlands","/window-cleaning",TRUE
"/facilities-management-in-the-midlands","/soft-services",TRUE
"/facilities-management-in-the-midlands","/security-services",TRUE
"/facilities-management-in-the-midlands","/concierge-services",TRUE
"/facilities-management-in-the-midlands","/washroom-management",TRUE
"/facilities-management-in-the-midlands","/grounds-maintenance",TRUE
"/facilities-management-in-the-midlands","/industrial-facilities-management",TRUE
"/facilities-management-in-the-midlands","/commercial-facilities-management",TRUE
"/facilities-management-in-the-midlands","/logistics-facilities-management",TRUE
"/facilities-management-in-the-midlands","/warehouse-facilities-management",TRUE
"/facilities-management-in-the-midlands","/retail-facilities-management",TRUE
"/facilities-management-in-the-midlands","/healthcare-facilities-management",TRUE
"/facilities-management-in-the-midlands","/education-facilities-management",TRUE
"/facilities-management-in-the-midlands","/public-sector-facilities-management",TRUE
"/facilities-management-in-the-midlands","/residential-facilities-management",TRUE
"/facilities-management-in-the-midlands","/hotel-facilities-management",TRUE
"/facilities-management-in-the-midlands","/sectors",FALSE
"/facilities-management-in-the-midlands","/fm-london",TRUE
"/facilities-management-in-the-midlands","/facilities-management-london",TRUE
"/facilities-management-in-the-midlands","/london-facilities-management",TRUE
"/facilities-management-in-the-midlands","/facilities-management-manchester",TRUE
"/facilities-management-in-the-midlands","/facilities-management-birmingham",TRUE
"/facilities-management-in-the-midlands","/facilities-management-sheffield",TRUE
"/facilities-management-in-the-midlands","/facilities-management-leeds",TRUE
"/facilities-management-in-the-midlands","/facilities-management-lincoln",TRUE
"/facilities-management-in-the-midlands","/facilities-management-liverpool",TRUE
"/facilities-management-in-the-midlands","/facilities-management-nottingham",TRUE
"/facilities-management-in-the-midlands","/privacy-policy",TRUE
"/facilities-management-in-the-midlands","/terms-and-conditions",TRUE
"/facilities-management-in-the-midlands","/accessibility-statement",TRUE
"/facilities-management-in-the-midlands","/helpdesk",TRUE
"/facilities-management-in-the-midlands","/sitemap.xml",FALSE
"/facilities-management-grimsby","/client-login",TRUE
"/facilities-management-grimsby","/",TRUE
"/facilities-management-grimsby","/case-studies",FALSE
"/facilities-management-grimsby","/blog",TRUE
"/facilities-management-grimsby","/about-entire-facilities-management",TRUE
"/facilities-management-grimsby","/contact-us",TRUE
"/facilities-management-grimsby","/locations",FALSE
"/facilities-management-grimsby","/mechanical-electrical",TRUE
"/facilities-management-grimsby","/ppm",TRUE
"/facilities-management-grimsby","/hard-services",TRUE
"/facilities-management-grimsby","/hvac-contractor",TRUE
"/facilities-management-grimsby","/plumbing-gas",TRUE
"/facilities-management-grimsby","/fire-emergency-systems",TRUE
"/facilities-management-grimsby","/safety-critical-emergency-systems",TRUE
"/facilities-management-grimsby","/building-maintenance",TRUE
"/facilities-management-grimsby","/mechanical-electrical/emergency-light-testing",TRUE
"/facilities-management-grimsby","/mechanical-electrical/access-control",TRUE
"/facilities-management-grimsby","/aerial-drone-building-inspection",TRUE
"/facilities-management-grimsby","/industrial-cleaning",TRUE
"/facilities-management-grimsby","/cleaning-services",TRUE
"/facilities-management-grimsby","/contract-cleaning",TRUE
"/facilities-management-grimsby","/office-cleaning",TRUE
"/facilities-management-grimsby","/pressure-washing",TRUE
"/facilities-management-grimsby","/window-cleaning",TRUE
"/facilities-management-grimsby","/soft-services",TRUE
"/facilities-management-grimsby","/security-services",TRUE
"/facilities-management-grimsby","/concierge-services",TRUE
"/facilities-management-grimsby","/washroom-management",TRUE
"/facilities-management-grimsby","/grounds-maintenance",TRUE
"/facilities-management-grimsby","/industrial-facilities-management",TRUE
"/facilities-management-grimsby","/commercial-facilities-management",TRUE
"/facilities-management-grimsby","/logistics-facilities-management",TRUE
"/facilities-management-grimsby","/warehouse-facilities-management",TRUE
"/facilities-management-grimsby","/retail-facilities-management",TRUE
"/facilities-management-grimsby","/healthcare-facilities-management",TRUE
"/facilities-management-grimsby","/education-facilities-management",TRUE
"/facilities-management-grimsby","/public-sector-facilities-management",TRUE
"/facilities-management-grimsby","/residential-facilities-management",TRUE
"/facilities-management-grimsby","/hotel-facilities-management",TRUE
"/facilities-management-grimsby","/sectors",FALSE
"/facilities-management-grimsby","/fm-london",TRUE
"/facilities-management-grimsby","/facilities-management-london",TRUE
"/facilities-management-grimsby","/london-facilities-management",TRUE
"/facilities-management-grimsby","/facilities-management-manchester",TRUE
"/facilities-management-grimsby","/facilities-management-birmingham",TRUE
"/facilities-management-grimsby","/facilities-management-sheffield",TRUE
"/facilities-management-grimsby","/facilities-management-leeds",TRUE
"/facilities-management-grimsby","/facilities-management-lincoln",TRUE
"/facilities-management-grimsby","/facilities-management-liverpool",TRUE
"/facilities-management-grimsby","/facilities-management-nottingham",TRUE
"/facilities-management-grimsby","/privacy-policy",TRUE
"/facilities-management-grimsby","/terms-and-conditions",TRUE
"/facilities-management-grimsby","/accessibility-statement",TRUE
"/facilities-management-grimsby","/helpdesk",TRUE
"/facilities-management-grimsby","/sitemap.xml",FALSE
"/facilities-management-in-telford","/client-login",TRUE
"/facilities-management-in-telford","/",TRUE
"/facilities-management-in-telford","/case-studies",FALSE
"/facilities-management-in-telford","/blog",TRUE
"/facilities-management-in-telford","/about-entire-facilities-management",TRUE
"/facilities-management-in-telford","/contact-us",TRUE
"/facilities-management-in-telford","/locations",FALSE
"/facilities-management-in-telford","/mechanical-electrical",TRUE
"/facilities-management-in-telford","/ppm",TRUE
"/facilities-management-in-telford","/hard-services",TRUE
"/facilities-management-in-telford","/hvac-contractor",TRUE
"/facilities-management-in-telford","/plumbing-gas",TRUE
"/facilities-management-in-telford","/fire-emergency-systems",TRUE
"/facilities-management-in-telford","/safety-critical-emergency-systems",TRUE
"/facilities-management-in-telford","/building-maintenance",TRUE
"/facilities-management-in-telford","/mechanical-electrical/emergency-light-testing",TRUE
"/facilities-management-in-telford","/mechanical-electrical/access-control",TRUE
"/facilities-management-in-telford","/aerial-drone-building-inspection",TRUE
"/facilities-management-in-telford","/industrial-cleaning",TRUE
"/facilities-management-in-telford","/cleaning-services",TRUE
"/facilities-management-in-telford","/contract-cleaning",TRUE
"/facilities-management-in-telford","/office-cleaning",TRUE
"/facilities-management-in-telford","/pressure-washing",TRUE
"/facilities-management-in-telford","/window-cleaning",TRUE
"/facilities-management-in-telford","/soft-services",TRUE
"/facilities-management-in-telford","/security-services",TRUE
"/facilities-management-in-telford","/concierge-services",TRUE
"/facilities-management-in-telford","/washroom-management",TRUE
"/facilities-management-in-telford","/grounds-maintenance",TRUE
"/facilities-management-in-telford","/industrial-facilities-management",TRUE
"/facilities-management-in-telford","/commercial-facilities-management",TRUE
"/facilities-management-in-telford","/logistics-facilities-management",TRUE
"/facilities-management-in-telford","/warehouse-facilities-management",TRUE
"/facilities-management-in-telford","/retail-facilities-management",TRUE
"/facilities-management-in-telford","/healthcare-facilities-management",TRUE
"/facilities-management-in-telford","/education-facilities-management",TRUE
"/facilities-management-in-telford","/public-sector-facilities-management",TRUE
"/facilities-management-in-telford","/residential-facilities-management",TRUE
"/facilities-management-in-telford","/hotel-facilities-management",TRUE
"/facilities-management-in-telford","/sectors",FALSE
"/facilities-management-in-telford","/fm-london",TRUE
"/facilities-management-in-telford","/facilities-management-london",TRUE
"/facilities-management-in-telford","/london-facilities-management",TRUE
"/facilities-management-in-telford","/facilities-management-manchester",TRUE
"/facilities-management-in-telford","/facilities-management-birmingham",TRUE
"/facilities-management-in-telford","/facilities-management-sheffield",TRUE
"/facilities-management-in-telford","/facilities-management-leeds",TRUE
"/facilities-management-in-telford","/facilities-management-lincoln",TRUE
"/facilities-management-in-telford","/facilities-management-liverpool",TRUE
"/facilities-management-in-telford","/facilities-management-nottingham",TRUE
"/facilities-management-in-telford","/privacy-policy",TRUE
"/facilities-management-in-telford","/terms-and-conditions",TRUE
"/facilities-management-in-telford","/accessibility-statement",TRUE
"/facilities-management-in-telford","/helpdesk",TRUE
"/facilities-management-in-telford","/sitemap.xml",FALSE
"/facilities-management-london","/client-login",TRUE
"/facilities-management-london","/",TRUE
"/facilities-management-london","/case-studies",FALSE
"/facilities-management-london","/blog",TRUE
"/facilities-management-london","/about-entire-facilities-management",TRUE
"/facilities-management-london","/contact-us",TRUE
"/facilities-management-london","/locations",FALSE
"/facilities-management-london","/mechanical-electrical",TRUE
"/facilities-management-london","/ppm",TRUE
"/facilities-management-london","/hard-services",TRUE
"/facilities-management-london","/hvac-contractor",TRUE
"/facilities-management-london","/plumbing-gas",TRUE
"/facilities-management-london","/fire-emergency-systems",TRUE
"/facilities-management-london","/safety-critical-emergency-systems",TRUE
"/facilities-management-london","/building-maintenance",TRUE
"/facilities-management-london","/mechanical-electrical/emergency-light-testing",TRUE
"/facilities-management-london","/mechanical-electrical/access-control",TRUE
"/facilities-management-london","/aerial-drone-building-inspection",TRUE
"/facilities-management-london","/industrial-cleaning",TRUE
"/facilities-management-london","/cleaning-services",TRUE
"/facilities-management-london","/contract-cleaning",TRUE
"/facilities-management-london","/office-cleaning",TRUE
"/facilities-management-london","/pressure-washing",TRUE
"/facilities-management-london","/window-cleaning",TRUE
"/facilities-management-london","/soft-services",TRUE
"/facilities-management-london","/security-services",TRUE
"/facilities-management-london","/concierge-services",TRUE
"/facilities-management-london","/washroom-management",TRUE
"/facilities-management-london","/grounds-maintenance",TRUE
"/facilities-management-london","/industrial-facilities-management",TRUE
"/facilities-management-london","/commercial-facilities-management",TRUE
"/facilities-management-london","/logistics-facilities-management",TRUE
"/facilities-management-london","/warehouse-facilities-management",TRUE
"/facilities-management-london","/retail-facilities-management",TRUE
"/facilities-management-london","/healthcare-facilities-management",TRUE
"/facilities-management-london","/education-facilities-management",TRUE
"/facilities-management-london","/public-sector-facilities-management",TRUE
"/facilities-management-london","/residential-facilities-management",TRUE
"/facilities-management-london","/hotel-facilities-management",TRUE
"/facilities-management-london","/sectors",FALSE
"/facilities-management-london","/fm-london",TRUE
"/facilities-management-london","/facilities-management-london",TRUE
"/facilities-management-london","/london-facilities-management",TRUE
"/facilities-management-london","/facilities-management-manchester",TRUE
"/facilities-management-london","/facilities-management-birmingham",TRUE
"/facilities-management-london","/facilities-management-sheffield",TRUE
"/facilities-management-london","/facilities-management-leeds",TRUE
"/facilities-management-london","/facilities-management-lincoln",TRUE
"/facilities-management-london","/facilities-management-liverpool",TRUE
"/facilities-management-london","/facilities-management-nottingham",TRUE
"/facilities-management-london","/privacy-policy",TRUE
"/facilities-management-london","/terms-and-conditions",TRUE
"/facilities-management-london","/accessibility-statement",TRUE
"/facilities-management-london","/helpdesk",TRUE
"/facilities-management-london","/sitemap.xml",FALSE
"/facilities-management-leeds","/client-login",TRUE
"/facilities-management-leeds","/",TRUE
"/facilities-management-leeds","/case-studies",FALSE
"/facilities-management-leeds","/blog",TRUE
"/facilities-management-leeds","/about-entire-facilities-management",TRUE
"/facilities-management-leeds","/contact-us",TRUE
"/facilities-management-leeds","/locations",FALSE
"/facilities-management-leeds","/mechanical-electrical",TRUE
"/facilities-management-leeds","/ppm",TRUE
"/facilities-management-leeds","/hard-services",TRUE
"/facilities-management-leeds","/hvac-contractor",TRUE
"/facilities-management-leeds","/plumbing-gas",TRUE
"/facilities-management-leeds","/fire-emergency-systems",TRUE
"/facilities-management-leeds","/safety-critical-emergency-systems",TRUE
"/facilities-management-leeds","/building-maintenance",TRUE
"/facilities-management-leeds","/mechanical-electrical/emergency-light-testing",TRUE
"/facilities-management-leeds","/mechanical-electrical/access-control",TRUE
"/facilities-management-leeds","/aerial-drone-building-inspection",TRUE
"/facilities-management-leeds","/industrial-cleaning",TRUE
"/facilities-management-leeds","/cleaning-services",TRUE
"/facilities-management-leeds","/contract-cleaning",TRUE
"/facilities-management-leeds","/office-cleaning",TRUE
"/facilities-management-leeds","/pressure-washing",TRUE
"/facilities-management-leeds","/window-cleaning",TRUE
"/facilities-management-leeds","/soft-services",TRUE
"/facilities-management-leeds","/security-services",TRUE
"/facilities-management-leeds","/concierge-services",TRUE
"/facilities-management-leeds","/washroom-management",TRUE
"/facilities-management-leeds","/grounds-maintenance",TRUE
"/facilities-management-leeds","/industrial-facilities-management",TRUE
"/facilities-management-leeds","/commercial-facilities-management",TRUE
"/facilities-management-leeds","/logistics-facilities-management",TRUE
"/facilities-management-leeds","/warehouse-facilities-management",TRUE
"/facilities-management-leeds","/retail-facilities-management",TRUE
"/facilities-management-leeds","/healthcare-facilities-management",TRUE
"/facilities-management-leeds","/education-facilities-management",TRUE
"/facilities-management-leeds","/public-sector-facilities-management",TRUE
"/facilities-management-leeds","/residential-facilities-management",TRUE
"/facilities-management-leeds","/hotel-facilities-management",TRUE
"/facilities-management-leeds","/sectors",FALSE
"/facilities-management-leeds","/fm-london",TRUE
"/facilities-management-leeds","/facilities-management-london",TRUE
"/facilities-management-leeds","/london-facilities-management",TRUE
"/facilities-management-leeds","/facilities-management-manchester",TRUE
"/facilities-management-leeds","/facilities-management-birmingham",TRUE
"/facilities-management-leeds","/facilities-management-sheffield",TRUE
"/facilities-management-leeds","/facilities-management-leeds",TRUE
"/facilities-management-leeds","/facilities-management-lincoln",TRUE
"/facilities-management-leeds","/facilities-management-liverpool",TRUE
"/facilities-management-leeds","/facilities-management-nottingham",TRUE
"/facilities-management-leeds","/privacy-policy",TRUE
"/facilities-management-leeds","/terms-and-conditions",TRUE
"/facilities-management-leeds","/accessibility-statement",TRUE
"/facilities-management-leeds","/helpdesk",TRUE
"/facilities-management-leeds","/sitemap.xml",FALSE
"/facilities-management-liverpool","/client-login",TRUE
"/facilities-management-liverpool","/",TRUE
"/facilities-management-liverpool","/case-studies",FALSE
"/facilities-management-liverpool","/blog",TRUE
"/facilities-management-liverpool","/about-entire-facilities-management",TRUE
"/facilities-management-liverpool","/contact-us",TRUE
"/facilities-management-liverpool","/locations",FALSE
"/facilities-management-liverpool","/mechanical-electrical",TRUE
"/facilities-management-liverpool","/ppm",TRUE
"/facilities-management-liverpool","/hard-services",TRUE
"/facilities-management-liverpool","/hvac-contractor",TRUE
"/facilities-management-liverpool","/plumbing-gas",TRUE
"/facilities-management-liverpool","/fire-emergency-systems",TRUE
"/facilities-management-liverpool","/safety-critical-emergency-systems",TRUE
"/facilities-management-liverpool","/building-maintenance",TRUE
"/facilities-management-liverpool","/mechanical-electrical/emergency-light-testing",TRUE
"/facilities-management-liverpool","/mechanical-electrical/access-control",TRUE
"/facilities-management-liverpool","/aerial-drone-building-inspection",TRUE
"/facilities-management-liverpool","/industrial-cleaning",TRUE
"/facilities-management-liverpool","/cleaning-services",TRUE
"/facilities-management-liverpool","/contract-cleaning",TRUE
"/facilities-management-liverpool","/office-cleaning",TRUE
"/facilities-management-liverpool","/pressure-washing",TRUE
"/facilities-management-liverpool","/window-cleaning",TRUE
"/facilities-management-liverpool","/soft-services",TRUE
"/facilities-management-liverpool","/security-services",TRUE
"/facilities-management-liverpool","/concierge-services",TRUE
"/facilities-management-liverpool","/washroom-management",TRUE
"/facilities-management-liverpool","/grounds-maintenance",TRUE
"/facilities-management-liverpool","/industrial-facilities-management",TRUE
"/facilities-management-liverpool","/commercial-facilities-management",TRUE
"/facilities-management-liverpool","/logistics-facilities-management",TRUE
"/facilities-management-liverpool","/warehouse-facilities-management",TRUE
"/facilities-management-liverpool","/retail-facilities-management",TRUE
"/facilities-management-liverpool","/healthcare-facilities-management",TRUE
"/facilities-management-liverpool","/education-facilities-management",TRUE
"/facilities-management-liverpool","/public-sector-facilities-management",TRUE
"/facilities-management-liverpool","/residential-facilities-management",TRUE
"/facilities-management-liverpool","/hotel-facilities-management",TRUE
"/facilities-management-liverpool","/sectors",FALSE
"/facilities-management-liverpool","/fm-london",TRUE
"/facilities-management-liverpool","/facilities-management-london",TRUE
"/facilities-management-liverpool","/london-facilities-management",TRUE
"/facilities-management-liverpool","/facilities-management-manchester",TRUE
"/facilities-management-liverpool","/facilities-management-birmingham",TRUE
"/facilities-management-liverpool","/facilities-management-sheffield",TRUE
"/facilities-management-liverpool","/facilities-management-leeds",TRUE
"/facilities-management-liverpool","/facilities-management-lincoln",TRUE
"/facilities-management-liverpool","/facilities-management-liverpool",TRUE
"/facilities-management-liverpool","/facilities-management-nottingham",TRUE
"/facilities-management-liverpool","/privacy-policy",TRUE
"/facilities-management-liverpool","/terms-and-conditions",TRUE
"/facilities-management-liverpool","/accessibility-statement",TRUE
"/facilities-management-liverpool","/helpdesk",TRUE
"/facilities-management-liverpool","/sitemap.xml",FALSE
"/facilities-management-lincoln","/client-login",TRUE
"/facilities-management-lincoln","/",TRUE
"/facilities-management-lincoln","/case-studies",FALSE
"/facilities-management-lincoln","/blog",TRUE
"/facilities-management-lincoln","/about-entire-facilities-management",TRUE
"/facilities-management-lincoln","/contact-us",TRUE
"/facilities-management-lincoln","/locations",FALSE
"/facilities-management-lincoln","/mechanical-electrical",TRUE
"/facilities-management-lincoln","/ppm",TRUE
"/facilities-management-lincoln","/hard-services",TRUE
"/facilities-management-lincoln","/hvac-contractor",TRUE
"/facilities-management-lincoln","/plumbing-gas",TRUE
"/facilities-management-lincoln","/fire-emergency-systems",TRUE
"/facilities-management-lincoln","/safety-critical-emergency-systems",TRUE
"/facilities-management-lincoln","/building-maintenance",TRUE
"/facilities-management-lincoln","/mechanical-electrical/emergency-light-testing",TRUE
"/facilities-management-lincoln","/mechanical-electrical/access-control",TRUE
"/facilities-management-lincoln","/aerial-drone-building-inspection",TRUE
"/facilities-management-lincoln","/industrial-cleaning",TRUE
"/facilities-management-lincoln","/cleaning-services",TRUE
"/facilities-management-lincoln","/contract-cleaning",TRUE
"/facilities-management-lincoln","/office-cleaning",TRUE
"/facilities-management-lincoln","/pressure-washing",TRUE
"/facilities-management-lincoln","/window-cleaning",TRUE
"/facilities-management-lincoln","/soft-services",TRUE
"/facilities-management-lincoln","/security-services",TRUE
"/facilities-management-lincoln","/concierge-services",TRUE
"/facilities-management-lincoln","/washroom-management",TRUE
"/facilities-management-lincoln","/grounds-maintenance",TRUE
"/facilities-management-lincoln","/industrial-facilities-management",TRUE
"/facilities-management-lincoln","/commercial-facilities-management",TRUE
"/facilities-management-lincoln","/logistics-facilities-management",TRUE
"/facilities-management-lincoln","/warehouse-facilities-management",TRUE
"/facilities-management-lincoln","/retail-facilities-management",TRUE
"/facilities-management-lincoln","/healthcare-facilities-management",TRUE
"/facilities-management-lincoln","/education-facilities-management",TRUE
"/facilities-management-lincoln","/public-sector-facilities-management",TRUE
"/facilities-management-lincoln","/residential-facilities-management",TRUE
"/facilities-management-lincoln","/hotel-facilities-management",TRUE
"/facilities-management-lincoln","/sectors",FALSE
"/facilities-management-lincoln","/fm-london",TRUE
"/facilities-management-lincoln","/facilities-management-london",TRUE
"/facilities-management-lincoln","/london-facilities-management",TRUE
"/facilities-management-lincoln","/facilities-management-manchester",TRUE
"/facilities-management-lincoln","/facilities-management-birmingham",TRUE
"/facilities-management-lincoln","/facilities-management-sheffield",TRUE
"/facilities-management-lincoln","/facilities-management-leeds",TRUE
"/facilities-management-lincoln","/facilities-management-lincoln",TRUE
"/facilities-management-lincoln","/facilities-management-liverpool",TRUE
"/facilities-management-lincoln","/facilities-management-nottingham",TRUE
"/facilities-management-lincoln","/privacy-policy",TRUE
"/facilities-management-lincoln","/terms-and-conditions",TRUE
"/facilities-management-lincoln","/accessibility-statement",TRUE
"/facilities-management-lincoln","/helpdesk",TRUE
"/facilities-management-lincoln","/sitemap.xml",FALSE
"/facilities-management-manchester","/client-login",TRUE
"/facilities-management-manchester","/",TRUE
"/facilities-management-manchester","/case-studies",FALSE
"/facilities-management-manchester","/blog",TRUE
"/facilities-management-manchester","/about-entire-facilities-management",TRUE
"/facilities-management-manchester","/contact-us",TRUE
"/facilities-management-manchester","/locations",FALSE
"/facilities-management-manchester","/mechanical-electrical",TRUE
"/facilities-management-manchester","/ppm",TRUE
"/facilities-management-manchester","/hard-services",TRUE
"/facilities-management-manchester","/hvac-contractor",TRUE
"/facilities-management-manchester","/plumbing-gas",TRUE
"/facilities-management-manchester","/fire-emergency-systems",TRUE
"/facilities-management-manchester","/safety-critical-emergency-systems",TRUE
"/facilities-management-manchester","/building-maintenance",TRUE
"/facilities-management-manchester","/mechanical-electrical/emergency-light-testing",TRUE
"/facilities-management-manchester","/mechanical-electrical/access-control",TRUE
"/facilities-management-manchester","/aerial-drone-building-inspection",TRUE
"/facilities-management-manchester","/industrial-cleaning",TRUE
"/facilities-management-manchester","/cleaning-services",TRUE
"/facilities-management-manchester","/contract-cleaning",TRUE
"/facilities-management-manchester","/office-cleaning",TRUE
"/facilities-management-manchester","/pressure-washing",TRUE
"/facilities-management-manchester","/window-cleaning",TRUE
"/facilities-management-manchester","/soft-services",TRUE
"/facilities-management-manchester","/security-services",TRUE
"/facilities-management-manchester","/concierge-services",TRUE
"/facilities-management-manchester","/washroom-management",TRUE
"/facilities-management-manchester","/grounds-maintenance",TRUE
"/facilities-management-manchester","/industrial-facilities-management",TRUE
"/facilities-management-manchester","/commercial-facilities-management",TRUE
"/facilities-management-manchester","/logistics-facilities-management",TRUE
"/facilities-management-manchester","/warehouse-facilities-management",TRUE
"/facilities-management-manchester","/retail-facilities-management",TRUE
"/facilities-management-manchester","/healthcare-facilities-management",TRUE
"/facilities-management-manchester","/education-facilities-management",TRUE
"/facilities-management-manchester","/public-sector-facilities-management",TRUE
"/facilities-management-manchester","/residential-facilities-management",TRUE
"/facilities-management-manchester","/hotel-facilities-management",TRUE
"/facilities-management-manchester","/sectors",FALSE
"/facilities-management-manchester","/fm-london",TRUE
"/facilities-management-manchester","/facilities-management-london",TRUE
"/facilities-management-manchester","/london-facilities-management",TRUE
"/facilities-management-manchester","/facilities-management-manchester",TRUE
"/facilities-management-manchester","/facilities-management-birmingham",TRUE
"/facilities-management-manchester","/facilities-management-sheffield",TRUE
"/facilities-management-manchester","/facilities-management-leeds",TRUE
"/facilities-management-manchester","/facilities-management-lincoln",TRUE
"/facilities-management-manchester","/facilities-management-liverpool",TRUE
"/facilities-management-manchester","/facilities-management-nottingham",TRUE
"/facilities-management-manchester","/privacy-policy",TRUE
"/facilities-management-manchester","/terms-and-conditions",TRUE
"/facilities-management-manchester","/accessibility-statement",TRUE
"/facilities-management-manchester","/helpdesk",TRUE
"/facilities-management-manchester","/sitemap.xml",FALSE
"/facilities-management-offices","/client-login",TRUE
"/facilities-management-offices","/",TRUE
"/facilities-management-offices","/case-studies",FALSE
"/facilities-management-offices","/blog",TRUE
"/facilities-management-offices","/about-entire-facilities-management",TRUE
"/facilities-management-offices","/contact-us",TRUE
"/facilities-management-offices","/sectors",FALSE
"/facilities-management-offices","/mechanical-electrical",TRUE
"/facilities-management-offices","/ppm",TRUE
"/facilities-management-offices","/hard-services",TRUE
"/facilities-management-offices","/hvac-contractor",TRUE
"/facilities-management-offices","/plumbing-gas",TRUE
"/facilities-management-offices","/fire-emergency-systems",TRUE
"/facilities-management-offices","/safety-critical-emergency-systems",TRUE
"/facilities-management-offices","/building-maintenance",TRUE
"/facilities-management-offices","/mechanical-electrical/emergency-light-testing",TRUE
"/facilities-management-offices","/mechanical-electrical/access-control",TRUE
"/facilities-management-offices","/aerial-drone-building-inspection",TRUE
"/facilities-management-offices","/industrial-cleaning",TRUE
"/facilities-management-offices","/cleaning-services",TRUE
"/facilities-management-offices","/contract-cleaning",TRUE
"/facilities-management-offices","/office-cleaning",TRUE
"/facilities-management-offices","/pressure-washing",TRUE
"/facilities-management-offices","/window-cleaning",TRUE
"/facilities-management-offices","/soft-services",TRUE
"/facilities-management-offices","/security-services",TRUE
"/facilities-management-offices","/concierge-services",TRUE
"/facilities-management-offices","/washroom-management",TRUE
"/facilities-management-offices","/grounds-maintenance",TRUE
"/facilities-management-offices","/industrial-facilities-management",TRUE
"/facilities-management-offices","/commercial-facilities-management",TRUE
"/facilities-management-offices","/logistics-facilities-management",TRUE
"/facilities-management-offices","/warehouse-facilities-management",TRUE
"/facilities-management-offices","/retail-facilities-management",TRUE
"/facilities-management-offices","/healthcare-facilities-management",TRUE
"/facilities-management-offices","/education-facilities-management",TRUE
"/facilities-management-offices","/public-sector-facilities-management",TRUE
"/facilities-management-offices","/residential-facilities-management",TRUE
"/facilities-management-offices","/hotel-facilities-management",TRUE
"/facilities-management-offices","/fm-london",TRUE
"/facilities-management-offices","/facilities-management-london",TRUE
"/facilities-management-offices","/london-facilities-management",TRUE
"/facilities-management-offices","/facilities-management-manchester",TRUE
"/facilities-management-offices","/facilities-management-birmingham",TRUE
"/facilities-management-offices","/facilities-management-sheffield",TRUE
"/facilities-management-offices","/facilities-management-leeds",TRUE
"/facilities-management-offices","/facilities-management-lincoln",TRUE
"/facilities-management-offices","/facilities-management-liverpool",TRUE
"/facilities-management-offices","/facilities-management-nottingham",TRUE
"/facilities-management-offices","/locations",FALSE
"/facilities-management-offices","/privacy-policy",TRUE
"/facilities-management-offices","/terms-and-conditions",TRUE
"/facilities-management-offices","/accessibility-statement",TRUE
"/facilities-management-offices","/helpdesk",TRUE
"/facilities-management-offices","/sitemap.xml",FALSE
"/facilities-management-oxford","/client-login",TRUE
"/facilities-management-oxford","/",TRUE
"/facilities-management-oxford","/case-studies",FALSE
"/facilities-management-oxford","/blog",TRUE
"/facilities-management-oxford","/about-entire-facilities-management",TRUE
"/facilities-management-oxford","/contact-us",TRUE
"/facilities-management-oxford","/locations",FALSE
"/facilities-management-oxford","/mechanical-electrical",TRUE
"/facilities-management-oxford","/ppm",TRUE
"/facilities-management-oxford","/hard-services",TRUE
"/facilities-management-oxford","/hvac-contractor",TRUE
"/facilities-management-oxford","/plumbing-gas",TRUE
"/facilities-management-oxford","/fire-emergency-systems",TRUE
"/facilities-management-oxford","/safety-critical-emergency-systems",TRUE
"/facilities-management-oxford","/building-maintenance",TRUE
"/facilities-management-oxford","/mechanical-electrical/emergency-light-testing",TRUE
"/facilities-management-oxford","/mechanical-electrical/access-control",TRUE
"/facilities-management-oxford","/aerial-drone-building-inspection",TRUE
"/facilities-management-oxford","/industrial-cleaning",TRUE
"/facilities-management-oxford","/cleaning-services",TRUE
"/facilities-management-oxford","/contract-cleaning",TRUE
"/facilities-management-oxford","/office-cleaning",TRUE
"/facilities-management-oxford","/pressure-washing",TRUE
"/facilities-management-oxford","/window-cleaning",TRUE
"/facilities-management-oxford","/soft-services",TRUE
"/facilities-management-oxford","/security-services",TRUE
"/facilities-management-oxford","/concierge-services",TRUE
"/facilities-management-oxford","/washroom-management",TRUE
"/facilities-management-oxford","/grounds-maintenance",TRUE
"/facilities-management-oxford","/industrial-facilities-management",TRUE
"/facilities-management-oxford","/commercial-facilities-management",TRUE
"/facilities-management-oxford","/logistics-facilities-management",TRUE
"/facilities-management-oxford","/warehouse-facilities-management",TRUE
"/facilities-management-oxford","/retail-facilities-management",TRUE
"/facilities-management-oxford","/healthcare-facilities-management",TRUE
"/facilities-management-oxford","/education-facilities-management",TRUE
"/facilities-management-oxford","/public-sector-facilities-management",TRUE
"/facilities-management-oxford","/residential-facilities-management",TRUE
"/facilities-management-oxford","/hotel-facilities-management",TRUE
"/facilities-management-oxford","/sectors",FALSE
"/facilities-management-oxford","/fm-london",TRUE
"/facilities-management-oxford","/facilities-management-london",TRUE
"/facilities-management-oxford","/london-facilities-management",TRUE
"/facilities-management-oxford","/facilities-management-manchester",TRUE
"/facilities-management-oxford","/facilities-management-birmingham",TRUE
"/facilities-management-oxford","/facilities-management-sheffield",TRUE
"/facilities-management-oxford","/facilities-management-leeds",TRUE
"/facilities-management-oxford","/facilities-management-lincoln",TRUE
"/facilities-management-oxford","/facilities-management-liverpool",TRUE
"/facilities-management-oxford","/facilities-management-nottingham",TRUE
"/facilities-management-oxford","/privacy-policy",TRUE
"/facilities-management-oxford","/terms-and-conditions",TRUE
"/facilities-management-oxford","/accessibility-statement",TRUE
"/facilities-management-oxford","/helpdesk",TRUE
"/facilities-management-oxford","/sitemap.xml",FALSE
"/facilities-management-preston","/client-login",TRUE
"/facilities-management-preston","/",TRUE
"/facilities-management-preston","/case-studies",FALSE
"/facilities-management-preston","/blog",TRUE
"/facilities-management-preston","/about-entire-facilities-management",TRUE
"/facilities-management-preston","/contact-us",TRUE
"/facilities-management-preston","/locations",FALSE
"/facilities-management-preston","/mechanical-electrical",TRUE
"/facilities-management-preston","/ppm",TRUE
"/facilities-management-preston","/hard-services",TRUE
"/facilities-management-preston","/hvac-contractor",TRUE
"/facilities-management-preston","/plumbing-gas",TRUE
"/facilities-management-preston","/fire-emergency-systems",TRUE
"/facilities-management-preston","/safety-critical-emergency-systems",TRUE
"/facilities-management-preston","/building-maintenance",TRUE
"/facilities-management-preston","/mechanical-electrical/emergency-light-testing",TRUE
"/facilities-management-preston","/mechanical-electrical/access-control",TRUE
"/facilities-management-preston","/aerial-drone-building-inspection",TRUE
"/facilities-management-preston","/industrial-cleaning",TRUE
"/facilities-management-preston","/cleaning-services",TRUE
"/facilities-management-preston","/contract-cleaning",TRUE
"/facilities-management-preston","/office-cleaning",TRUE
"/facilities-management-preston","/pressure-washing",TRUE
"/facilities-management-preston","/window-cleaning",TRUE
"/facilities-management-preston","/soft-services",TRUE
"/facilities-management-preston","/security-services",TRUE
"/facilities-management-preston","/concierge-services",TRUE
"/facilities-management-preston","/washroom-management",TRUE
"/facilities-management-preston","/grounds-maintenance",TRUE
"/facilities-management-preston","/industrial-facilities-management",TRUE
"/facilities-management-preston","/commercial-facilities-management",TRUE
"/facilities-management-preston","/logistics-facilities-management",TRUE
"/facilities-management-preston","/warehouse-facilities-management",TRUE
"/facilities-management-preston","/retail-facilities-management",TRUE
"/facilities-management-preston","/healthcare-facilities-management",TRUE
"/facilities-management-preston","/education-facilities-management",TRUE
"/facilities-management-preston","/public-sector-facilities-management",TRUE
"/facilities-management-preston","/residential-facilities-management",TRUE
"/facilities-management-preston","/hotel-facilities-management",TRUE
"/facilities-management-preston","/sectors",FALSE
"/facilities-management-preston","/fm-london",TRUE
"/facilities-management-preston","/facilities-management-london",TRUE
"/facilities-management-preston","/london-facilities-management",TRUE
"/facilities-management-preston","/facilities-management-manchester",TRUE
"/facilities-management-preston","/facilities-management-birmingham",TRUE
"/facilities-management-preston","/facilities-management-sheffield",TRUE
"/facilities-management-preston","/facilities-management-leeds",TRUE
"/facilities-management-preston","/facilities-management-lincoln",TRUE
"/facilities-management-preston","/facilities-management-liverpool",TRUE
"/facilities-management-preston","/facilities-management-nottingham",TRUE
"/facilities-management-preston","/privacy-policy",TRUE
"/facilities-management-preston","/terms-and-conditions",TRUE
"/facilities-management-preston","/accessibility-statement",TRUE
"/facilities-management-preston","/helpdesk",TRUE
"/facilities-management-preston","/sitemap.xml",FALSE
"/facilities-management-midlands","/client-login",TRUE
"/facilities-management-midlands","/",TRUE
"/facilities-management-midlands","/case-studies",FALSE
"/facilities-management-midlands","/blog",TRUE
"/facilities-management-midlands","/about-entire-facilities-management",TRUE
"/facilities-management-midlands","/contact-us",TRUE
"/facilities-management-midlands","/locations",FALSE
"/facilities-management-midlands","/mechanical-electrical",TRUE
"/facilities-management-midlands","/ppm",TRUE
"/facilities-management-midlands","/hard-services",TRUE
"/facilities-management-midlands","/hvac-contractor",TRUE
"/facilities-management-midlands","/plumbing-gas",TRUE
"/facilities-management-midlands","/fire-emergency-systems",TRUE
"/facilities-management-midlands","/safety-critical-emergency-systems",TRUE
"/facilities-management-midlands","/building-maintenance",TRUE
"/facilities-management-midlands","/mechanical-electrical/emergency-light-testing",TRUE
"/facilities-management-midlands","/mechanical-electrical/access-control",TRUE
"/facilities-management-midlands","/aerial-drone-building-inspection",TRUE
"/facilities-management-midlands","/industrial-cleaning",TRUE
"/facilities-management-midlands","/cleaning-services",TRUE
"/facilities-management-midlands","/contract-cleaning",TRUE
"/facilities-management-midlands","/office-cleaning",TRUE
"/facilities-management-midlands","/pressure-washing",TRUE
"/facilities-management-midlands","/window-cleaning",TRUE
"/facilities-management-midlands","/soft-services",TRUE
"/facilities-management-midlands","/security-services",TRUE
"/facilities-management-midlands","/concierge-services",TRUE
"/facilities-management-midlands","/washroom-management",TRUE
"/facilities-management-midlands","/grounds-maintenance",TRUE
"/facilities-management-midlands","/industrial-facilities-management",TRUE
"/facilities-management-midlands","/commercial-facilities-management",TRUE
"/facilities-management-midlands","/logistics-facilities-management",TRUE
"/facilities-management-midlands","/warehouse-facilities-management",TRUE
"/facilities-management-midlands","/retail-facilities-management",TRUE
"/facilities-management-midlands","/healthcare-facilities-management",TRUE
"/facilities-management-midlands","/education-facilities-management",TRUE
"/facilities-management-midlands","/public-sector-facilities-management",TRUE
"/facilities-management-midlands","/residential-facilities-management",TRUE
"/facilities-management-midlands","/hotel-facilities-management",TRUE
"/facilities-management-midlands","/sectors",FALSE
"/facilities-management-midlands","/fm-london",TRUE
"/facilities-management-midlands","/facilities-management-london",TRUE
"/facilities-management-midlands","/london-facilities-management",TRUE
"/facilities-management-midlands","/facilities-management-manchester",TRUE
"/facilities-management-midlands","/facilities-management-birmingham",TRUE
"/facilities-management-midlands","/facilities-management-sheffield",TRUE
"/facilities-management-midlands","/facilities-management-leeds",TRUE
"/facilities-management-midlands","/facilities-management-lincoln",TRUE
"/facilities-management-midlands","/facilities-management-liverpool",TRUE
"/facilities-management-midlands","/facilities-management-nottingham",TRUE
"/facilities-management-midlands","/privacy-policy",TRUE
"/facilities-management-midlands","/terms-and-conditions",TRUE
"/facilities-management-midlands","/accessibility-statement",TRUE
"/facilities-management-midlands","/helpdesk",TRUE
"/facilities-management-midlands","/sitemap.xml",FALSE
"/facilities-management-nottingham","/client-login",TRUE
"/facilities-management-nottingham","/",TRUE
"/facilities-management-nottingham","/case-studies",FALSE
"/facilities-management-nottingham","/blog",TRUE
"/facilities-management-nottingham","/about-entire-facilities-management",TRUE
"/facilities-management-nottingham","/contact-us",TRUE
"/facilities-management-nottingham","/locations",FALSE
"/facilities-management-nottingham","/mechanical-electrical",TRUE
"/facilities-management-nottingham","/ppm",TRUE
"/facilities-management-nottingham","/hard-services",TRUE
"/facilities-management-nottingham","/hvac-contractor",TRUE
"/facilities-management-nottingham","/plumbing-gas",TRUE
"/facilities-management-nottingham","/fire-emergency-systems",TRUE
"/facilities-management-nottingham","/safety-critical-emergency-systems",TRUE
"/facilities-management-nottingham","/building-maintenance",TRUE
"/facilities-management-nottingham","/mechanical-electrical/emergency-light-testing",TRUE
"/facilities-management-nottingham","/mechanical-electrical/access-control",TRUE
"/facilities-management-nottingham","/aerial-drone-building-inspection",TRUE
"/facilities-management-nottingham","/industrial-cleaning",TRUE
"/facilities-management-nottingham","/cleaning-services",TRUE
"/facilities-management-nottingham","/contract-cleaning",TRUE
"/facilities-management-nottingham","/office-cleaning",TRUE
"/facilities-management-nottingham","/pressure-washing",TRUE
"/facilities-management-nottingham","/window-cleaning",TRUE
"/facilities-management-nottingham","/soft-services",TRUE
"/facilities-management-nottingham","/security-services",TRUE
"/facilities-management-nottingham","/concierge-services",TRUE
"/facilities-management-nottingham","/washroom-management",TRUE
"/facilities-management-nottingham","/grounds-maintenance",TRUE
"/facilities-management-nottingham","/industrial-facilities-management",TRUE
"/facilities-management-nottingham","/commercial-facilities-management",TRUE
"/facilities-management-nottingham","/logistics-facilities-management",TRUE
"/facilities-management-nottingham","/warehouse-facilities-management",TRUE
"/facilities-management-nottingham","/retail-facilities-management",TRUE
"/facilities-management-nottingham","/healthcare-facilities-management",TRUE
"/facilities-management-nottingham","/education-facilities-management",TRUE
"/facilities-management-nottingham","/public-sector-facilities-management",TRUE
"/facilities-management-nottingham","/residential-facilities-management",TRUE
"/facilities-management-nottingham","/hotel-facilities-management",TRUE
"/facilities-management-nottingham","/sectors",FALSE
"/facilities-management-nottingham","/fm-london",TRUE
"/facilities-management-nottingham","/facilities-management-london",TRUE
"/facilities-management-nottingham","/london-facilities-management",TRUE
"/facilities-management-nottingham","/facilities-management-manchester",TRUE
"/facilities-management-nottingham","/facilities-management-birmingham",TRUE
"/facilities-management-nottingham","/facilities-management-sheffield",TRUE
"/facilities-management-nottingham","/facilities-management-leeds",TRUE
"/facilities-management-nottingham","/facilities-management-lincoln",TRUE
"/facilities-management-nottingham","/facilities-management-liverpool",TRUE
"/facilities-management-nottingham","/facilities-management-nottingham",TRUE
"/facilities-management-nottingham","/privacy-policy",TRUE
"/facilities-management-nottingham","/terms-and-conditions",TRUE
"/facilities-management-nottingham","/accessibility-statement",TRUE
"/facilities-management-nottingham","/helpdesk",TRUE
"/facilities-management-nottingham","/sitemap.xml",FALSE
"/facilities-management-team","/client-login",TRUE
"/facilities-management-team","/",TRUE
"/facilities-management-team","/case-studies",FALSE
"/facilities-management-team","/blog",TRUE
"/facilities-management-team","/about-entire-facilities-management",TRUE
"/facilities-management-team","/contact-us",TRUE
"/facilities-management-team","/mechanical-electrical",TRUE
"/facilities-management-team","/hvac-contractor",TRUE
"/facilities-management-team","/ppm",TRUE
"/facilities-management-team","/hard-services",TRUE
"/facilities-management-team","/plumbing-gas",TRUE
"/facilities-management-team","/fire-emergency-systems",TRUE
"/facilities-management-team","/safety-critical-emergency-systems",TRUE
"/facilities-management-team","/building-maintenance",TRUE
"/facilities-management-team","/mechanical-electrical/emergency-light-testing",TRUE
"/facilities-management-team","/mechanical-electrical/access-control",TRUE
"/facilities-management-team","/aerial-drone-building-inspection",TRUE
"/facilities-management-team","/industrial-cleaning",TRUE
"/facilities-management-team","/cleaning-services",TRUE
"/facilities-management-team","/contract-cleaning",TRUE
"/facilities-management-team","/office-cleaning",TRUE
"/facilities-management-team","/pressure-washing",TRUE
"/facilities-management-team","/window-cleaning",TRUE
"/facilities-management-team","/soft-services",TRUE
"/facilities-management-team","/security-services",TRUE
"/facilities-management-team","/concierge-services",TRUE
"/facilities-management-team","/washroom-management",TRUE
"/facilities-management-team","/grounds-maintenance",TRUE
"/facilities-management-team","/industrial-facilities-management",TRUE
"/facilities-management-team","/commercial-facilities-management",TRUE
"/facilities-management-team","/logistics-facilities-management",TRUE
"/facilities-management-team","/warehouse-facilities-management",TRUE
"/facilities-management-team","/retail-facilities-management",TRUE
"/facilities-management-team","/healthcare-facilities-management",TRUE
"/facilities-management-team","/education-facilities-management",TRUE
"/facilities-management-team","/public-sector-facilities-management",TRUE
"/facilities-management-team","/residential-facilities-management",TRUE
"/facilities-management-team","/hotel-facilities-management",TRUE
"/facilities-management-team","/sectors",FALSE
"/facilities-management-team","/fm-london",TRUE
"/facilities-management-team","/facilities-management-london",TRUE
"/facilities-management-team","/london-facilities-management",TRUE
"/facilities-management-team","/facilities-management-manchester",TRUE
"/facilities-management-team","/facilities-management-birmingham",TRUE
"/facilities-management-team","/facilities-management-sheffield",TRUE
"/facilities-management-team","/facilities-management-leeds",TRUE
"/facilities-management-team","/facilities-management-lincoln",TRUE
"/facilities-management-team","/facilities-management-liverpool",TRUE
"/facilities-management-team","/facilities-management-nottingham",TRUE
"/facilities-management-team","/locations",FALSE
"/facilities-management-team","/privacy-policy",TRUE
"/facilities-management-team","/terms-and-conditions",TRUE
"/facilities-management-team","/accessibility-statement",TRUE
"/facilities-management-team","/helpdesk",TRUE
"/facilities-management-team","/sitemap.xml",FALSE
"/facilities-management-services-lond","/client-login",TRUE
"/facilities-management-services-lond","/",TRUE
"/facilities-management-services-lond","/case-studies",FALSE
"/facilities-management-services-lond","/blog",TRUE
"/facilities-management-services-lond","/about-entire-facilities-management",TRUE
"/facilities-management-services-lond","/contact-us",TRUE
"/facilities-management-services-lond","/services",TRUE
"/facilities-management-services-lond","/mechanical-electrical",TRUE
"/facilities-management-services-lond","/ppm",TRUE
"/facilities-management-services-lond","/hard-services",TRUE
"/facilities-management-services-lond","/hvac-contractor",TRUE
"/facilities-management-services-lond","/plumbing-gas",TRUE
"/facilities-management-services-lond","/fire-emergency-systems",TRUE
"/facilities-management-services-lond","/safety-critical-emergency-systems",TRUE
"/facilities-management-services-lond","/building-maintenance",TRUE
"/facilities-management-services-lond","/mechanical-electrical/emergency-light-testing",TRUE
"/facilities-management-services-lond","/mechanical-electrical/access-control",TRUE
"/facilities-management-services-lond","/aerial-drone-building-inspection",TRUE
"/facilities-management-services-lond","/industrial-cleaning",TRUE
"/facilities-management-services-lond","/cleaning-services",TRUE
"/facilities-management-services-lond","/contract-cleaning",TRUE
"/facilities-management-services-lond","/office-cleaning",TRUE
"/facilities-management-services-lond","/pressure-washing",TRUE
"/facilities-management-services-lond","/window-cleaning",TRUE
"/facilities-management-services-lond","/soft-services",TRUE
"/facilities-management-services-lond","/security-services",TRUE
"/facilities-management-services-lond","/concierge-services",TRUE
"/facilities-management-services-lond","/washroom-management",TRUE
"/facilities-management-services-lond","/grounds-maintenance",TRUE
"/facilities-management-services-lond","/industrial-facilities-management",TRUE
"/facilities-management-services-lond","/commercial-facilities-management",TRUE
"/facilities-management-services-lond","/logistics-facilities-management",TRUE
"/facilities-management-services-lond","/warehouse-facilities-management",TRUE
"/facilities-management-services-lond","/retail-facilities-management",TRUE
"/facilities-management-services-lond","/healthcare-facilities-management",TRUE
"/facilities-management-services-lond","/education-facilities-management",TRUE
"/facilities-management-services-lond","/public-sector-facilities-management",TRUE
"/facilities-management-services-lond","/residential-facilities-management",TRUE
"/facilities-management-services-lond","/hotel-facilities-management",TRUE
"/facilities-management-services-lond","/sectors",FALSE
"/facilities-management-services-lond","/fm-london",TRUE
"/facilities-management-services-lond","/facilities-management-london",TRUE
"/facilities-management-services-lond","/london-facilities-management",TRUE
"/facilities-management-services-lond","/facilities-management-manchester",TRUE
"/facilities-management-services-lond","/facilities-management-birmingham",TRUE
"/facilities-management-services-lond","/facilities-management-sheffield",TRUE
"/facilities-management-services-lond","/facilities-management-leeds",TRUE
"/facilities-management-services-lond","/facilities-management-lincoln",TRUE
"/facilities-management-services-lond","/facilities-management-liverpool",TRUE
"/facilities-management-services-lond","/facilities-management-nottingham",TRUE
"/facilities-management-services-lond","/locations",FALSE
"/facilities-management-services-lond","/privacy-policy",TRUE
"/facilities-management-services-lond","/terms-and-conditions",TRUE
"/facilities-management-services-lond","/accessibility-statement",TRUE
"/facilities-management-services-lond","/helpdesk",TRUE
"/facilities-management-services-lond","/sitemap.xml",FALSE
"/facilities-management-rotherham","/client-login",TRUE
"/facilities-management-rotherham","/",TRUE
"/facilities-management-rotherham","/case-studies",FALSE
"/facilities-management-rotherham","/blog",TRUE
"/facilities-management-rotherham","/about-entire-facilities-management",TRUE
"/facilities-management-rotherham","/contact-us",TRUE
"/facilities-management-rotherham","/locations",FALSE
"/facilities-management-rotherham","/mechanical-electrical",TRUE
"/facilities-management-rotherham","/ppm",TRUE
"/facilities-management-rotherham","/hard-services",TRUE
"/facilities-management-rotherham","/hvac-contractor",TRUE
"/facilities-management-rotherham","/plumbing-gas",TRUE
"/facilities-management-rotherham","/fire-emergency-systems",TRUE
"/facilities-management-rotherham","/safety-critical-emergency-systems",TRUE
"/facilities-management-rotherham","/building-maintenance",TRUE
"/facilities-management-rotherham","/mechanical-electrical/emergency-light-testing",TRUE
"/facilities-management-rotherham","/mechanical-electrical/access-control",TRUE
"/facilities-management-rotherham","/aerial-drone-building-inspection",TRUE
"/facilities-management-rotherham","/industrial-cleaning",TRUE
"/facilities-management-rotherham","/cleaning-services",TRUE
"/facilities-management-rotherham","/contract-cleaning",TRUE
"/facilities-management-rotherham","/office-cleaning",TRUE
"/facilities-management-rotherham","/pressure-washing",TRUE
"/facilities-management-rotherham","/window-cleaning",TRUE
"/facilities-management-rotherham","/soft-services",TRUE
"/facilities-management-rotherham","/security-services",TRUE
"/facilities-management-rotherham","/concierge-services",TRUE
"/facilities-management-rotherham","/washroom-management",TRUE
"/facilities-management-rotherham","/grounds-maintenance",TRUE
"/facilities-management-rotherham","/industrial-facilities-management",TRUE
"/facilities-management-rotherham","/commercial-facilities-management",TRUE
"/facilities-management-rotherham","/logistics-facilities-management",TRUE
"/facilities-management-rotherham","/warehouse-facilities-management",TRUE
"/facilities-management-rotherham","/retail-facilities-management",TRUE
"/facilities-management-rotherham","/healthcare-facilities-management",TRUE
"/facilities-management-rotherham","/education-facilities-management",TRUE
"/facilities-management-rotherham","/public-sector-facilities-management",TRUE
"/facilities-management-rotherham","/residential-facilities-management",TRUE
"/facilities-management-rotherham","/hotel-facilities-management",TRUE
"/facilities-management-rotherham","/sectors",FALSE
"/facilities-management-rotherham","/fm-london",TRUE
"/facilities-management-rotherham","/facilities-management-london",TRUE
"/facilities-management-rotherham","/london-facilities-management",TRUE
"/facilities-management-rotherham","/facilities-management-manchester",TRUE
"/facilities-management-rotherham","/facilities-management-birmingham",TRUE
"/facilities-management-rotherham","/facilities-management-sheffield",TRUE
"/facilities-management-rotherham","/facilities-management-leeds",TRUE
"/facilities-management-rotherham","/facilities-management-lincoln",TRUE
"/facilities-management-rotherham","/facilities-management-liverpool",TRUE
"/facilities-management-rotherham","/facilities-management-nottingham",TRUE
"/facilities-management-rotherham","/privacy-policy",TRUE
"/facilities-management-rotherham","/terms-and-conditions",TRUE
"/facilities-management-rotherham","/accessibility-statement",TRUE
"/facilities-management-rotherham","/helpdesk",TRUE
"/facilities-management-rotherham","/sitemap.xml",FALSE
"/facilities-management-sheffield","/client-login",TRUE
"/facilities-management-sheffield","/",TRUE
"/facilities-management-sheffield","/case-studies",FALSE
"/facilities-management-sheffield","/blog",TRUE
"/facilities-management-sheffield","/about-entire-facilities-management",TRUE
"/facilities-management-sheffield","/contact-us",TRUE
"/facilities-management-sheffield","/locations",FALSE
"/facilities-management-sheffield","/mechanical-electrical",TRUE
"/facilities-management-sheffield","/ppm",TRUE
"/facilities-management-sheffield","/hard-services",TRUE
"/facilities-management-sheffield","/hvac-contractor",TRUE
"/facilities-management-sheffield","/plumbing-gas",TRUE
"/facilities-management-sheffield","/fire-emergency-systems",TRUE
"/facilities-management-sheffield","/safety-critical-emergency-systems",TRUE
"/facilities-management-sheffield","/building-maintenance",TRUE
"/facilities-management-sheffield","/mechanical-electrical/emergency-light-testing",TRUE
"/facilities-management-sheffield","/mechanical-electrical/access-control",TRUE
"/facilities-management-sheffield","/aerial-drone-building-inspection",TRUE
"/facilities-management-sheffield","/industrial-cleaning",TRUE
"/facilities-management-sheffield","/cleaning-services",TRUE
"/facilities-management-sheffield","/contract-cleaning",TRUE
"/facilities-management-sheffield","/office-cleaning",TRUE
"/facilities-management-sheffield","/pressure-washing",TRUE
"/facilities-management-sheffield","/window-cleaning",TRUE
"/facilities-management-sheffield","/soft-services",TRUE
"/facilities-management-sheffield","/security-services",TRUE
"/facilities-management-sheffield","/concierge-services",TRUE
"/facilities-management-sheffield","/washroom-management",TRUE
"/facilities-management-sheffield","/grounds-maintenance",TRUE
"/facilities-management-sheffield","/industrial-facilities-management",TRUE
"/facilities-management-sheffield","/commercial-facilities-management",TRUE
"/facilities-management-sheffield","/logistics-facilities-management",TRUE
"/facilities-management-sheffield","/warehouse-facilities-management",TRUE
"/facilities-management-sheffield","/retail-facilities-management",TRUE
"/facilities-management-sheffield","/healthcare-facilities-management",TRUE
"/facilities-management-sheffield","/education-facilities-management",TRUE
"/facilities-management-sheffield","/public-sector-facilities-management",TRUE
"/facilities-management-sheffield","/residential-facilities-management",TRUE
"/facilities-management-sheffield","/hotel-facilities-management",TRUE
"/facilities-management-sheffield","/sectors",FALSE
"/facilities-management-sheffield","/fm-london",TRUE
"/facilities-management-sheffield","/facilities-management-london",TRUE
"/facilities-management-sheffield","/london-facilities-management",TRUE
"/facilities-management-sheffield","/facilities-management-manchester",TRUE
"/facilities-management-sheffield","/facilities-management-birmingham",TRUE
"/facilities-management-sheffield","/facilities-management-sheffield",TRUE
"/facilities-management-sheffield","/facilities-management-leeds",TRUE
"/facilities-management-sheffield","/facilities-management-lincoln",TRUE
"/facilities-management-sheffield","/facilities-management-liverpool",TRUE
"/facilities-management-sheffield","/facilities-management-nottingham",TRUE
"/facilities-management-sheffield","/privacy-policy",TRUE
"/facilities-management-sheffield","/terms-and-conditions",TRUE
"/facilities-management-sheffield","/accessibility-statement",TRUE
"/facilities-management-sheffield","/helpdesk",TRUE
"/facilities-management-sheffield","/sitemap.xml",FALSE
"/facilities-management-services","/client-login",TRUE
"/facilities-management-services","/",TRUE
"/facilities-management-services","/case-studies",FALSE
"/facilities-management-services","/blog",TRUE
"/facilities-management-services","/about-entire-facilities-management",TRUE
"/facilities-management-services","/contact-us",TRUE
"/facilities-management-services","/services",TRUE
"/facilities-management-services","/mechanical-electrical",TRUE
"/facilities-management-services","/ppm",TRUE
"/facilities-management-services","/hard-services",TRUE
"/facilities-management-services","/hvac-contractor",TRUE
"/facilities-management-services","/plumbing-gas",TRUE
"/facilities-management-services","/fire-emergency-systems",TRUE
"/facilities-management-services","/safety-critical-emergency-systems",TRUE
"/facilities-management-services","/building-maintenance",TRUE
"/facilities-management-services","/mechanical-electrical/emergency-light-testing",TRUE
"/facilities-management-services","/mechanical-electrical/access-control",TRUE
"/facilities-management-services","/aerial-drone-building-inspection",TRUE
"/facilities-management-services","/industrial-cleaning",TRUE
"/facilities-management-services","/cleaning-services",TRUE
"/facilities-management-services","/contract-cleaning",TRUE
"/facilities-management-services","/office-cleaning",TRUE
"/facilities-management-services","/pressure-washing",TRUE
"/facilities-management-services","/window-cleaning",TRUE
"/facilities-management-services","/soft-services",TRUE
"/facilities-management-services","/security-services",TRUE
"/facilities-management-services","/concierge-services",TRUE
"/facilities-management-services","/washroom-management",TRUE
"/facilities-management-services","/grounds-maintenance",TRUE
"/facilities-management-services","/industrial-facilities-management",TRUE
"/facilities-management-services","/commercial-facilities-management",TRUE
"/facilities-management-services","/logistics-facilities-management",TRUE
"/facilities-management-services","/warehouse-facilities-management",TRUE
"/facilities-management-services","/retail-facilities-management",TRUE
"/facilities-management-services","/healthcare-facilities-management",TRUE
"/facilities-management-services","/education-facilities-management",TRUE
"/facilities-management-services","/public-sector-facilities-management",TRUE
"/facilities-management-services","/residential-facilities-management",TRUE
"/facilities-management-services","/hotel-facilities-management",TRUE
"/facilities-management-services","/sectors",FALSE
"/facilities-management-services","/fm-london",TRUE
"/facilities-management-services","/facilities-management-london",TRUE
"/facilities-management-services","/london-facilities-management",TRUE
"/facilities-management-services","/facilities-management-manchester",TRUE
"/facilities-management-services","/facilities-management-birmingham",TRUE
"/facilities-management-services","/facilities-management-sheffield",TRUE
"/facilities-management-services","/facilities-management-leeds",TRUE
"/facilities-management-services","/facilities-management-lincoln",TRUE
"/facilities-management-services","/facilities-management-liverpool",TRUE
"/facilities-management-services","/facilities-management-nottingham",TRUE
"/facilities-management-services","/locations",FALSE
"/facilities-management-services","/privacy-policy",TRUE
"/facilities-management-services","/terms-and-conditions",TRUE
"/facilities-management-services","/accessibility-statement",TRUE
"/facilities-management-services","/helpdesk",TRUE
"/facilities-management-services","/sitemap.xml",FALSE
"/fm-bolton","/client-login",TRUE
"/fm-bolton","/",TRUE
"/fm-bolton","/case-studies",FALSE
"/fm-bolton","/blog",TRUE
"/fm-bolton","/about-entire-facilities-management",TRUE
"/fm-bolton","/contact-us",TRUE
"/fm-bolton","/locations",FALSE
"/fm-bolton","/mechanical-electrical",TRUE
"/fm-bolton","/ppm",TRUE
"/fm-bolton","/hard-services",TRUE
"/fm-bolton","/hvac-contractor",TRUE
"/fm-bolton","/plumbing-gas",TRUE
"/fm-bolton","/fire-emergency-systems",TRUE
"/fm-bolton","/safety-critical-emergency-systems",TRUE
"/fm-bolton","/building-maintenance",TRUE
"/fm-bolton","/mechanical-electrical/emergency-light-testing",TRUE
"/fm-bolton","/mechanical-electrical/access-control",TRUE
"/fm-bolton","/aerial-drone-building-inspection",TRUE
"/fm-bolton","/industrial-cleaning",TRUE
"/fm-bolton","/cleaning-services",TRUE
"/fm-bolton","/contract-cleaning",TRUE
"/fm-bolton","/office-cleaning",TRUE
"/fm-bolton","/pressure-washing",TRUE
"/fm-bolton","/window-cleaning",TRUE
"/fm-bolton","/soft-services",TRUE
"/fm-bolton","/security-services",TRUE
"/fm-bolton","/concierge-services",TRUE
"/fm-bolton","/washroom-management",TRUE
"/fm-bolton","/grounds-maintenance",TRUE
"/fm-bolton","/industrial-facilities-management",TRUE
"/fm-bolton","/commercial-facilities-management",TRUE
"/fm-bolton","/logistics-facilities-management",TRUE
"/fm-bolton","/warehouse-facilities-management",TRUE
"/fm-bolton","/retail-facilities-management",TRUE
"/fm-bolton","/healthcare-facilities-management",TRUE
"/fm-bolton","/education-facilities-management",TRUE
"/fm-bolton","/public-sector-facilities-management",TRUE
"/fm-bolton","/residential-facilities-management",TRUE
"/fm-bolton","/hotel-facilities-management",TRUE
"/fm-bolton","/sectors",FALSE
"/fm-bolton","/fm-london",TRUE
"/fm-bolton","/facilities-management-london",TRUE
"/fm-bolton","/london-facilities-management",TRUE
"/fm-bolton","/facilities-management-manchester",TRUE
"/fm-bolton","/facilities-management-birmingham",TRUE
"/fm-bolton","/facilities-management-sheffield",TRUE
"/fm-bolton","/facilities-management-leeds",TRUE
"/fm-bolton","/facilities-management-lincoln",TRUE
"/fm-bolton","/facilities-management-liverpool",TRUE
"/fm-bolton","/facilities-management-nottingham",TRUE
"/fm-bolton","/privacy-policy",TRUE
"/fm-bolton","/terms-and-conditions",TRUE
"/fm-bolton","/accessibility-statement",TRUE
"/fm-bolton","/helpdesk",TRUE
"/fm-bolton","/sitemap.xml",FALSE
"/facilities-management-wigan","/client-login",TRUE
"/facilities-management-wigan","/",TRUE
"/facilities-management-wigan","/case-studies",FALSE
"/facilities-management-wigan","/blog",TRUE
"/facilities-management-wigan","/about-entire-facilities-management",TRUE
"/facilities-management-wigan","/contact-us",TRUE
"/facilities-management-wigan","/locations",FALSE
"/facilities-management-wigan","/mechanical-electrical",TRUE
"/facilities-management-wigan","/ppm",TRUE
"/facilities-management-wigan","/hard-services",TRUE
"/facilities-management-wigan","/hvac-contractor",TRUE
"/facilities-management-wigan","/plumbing-gas",TRUE
"/facilities-management-wigan","/fire-emergency-systems",TRUE
"/facilities-management-wigan","/safety-critical-emergency-systems",TRUE
"/facilities-management-wigan","/building-maintenance",TRUE
"/facilities-management-wigan","/mechanical-electrical/emergency-light-testing",TRUE
"/facilities-management-wigan","/mechanical-electrical/access-control",TRUE
"/facilities-management-wigan","/aerial-drone-building-inspection",TRUE
"/facilities-management-wigan","/industrial-cleaning",TRUE
"/facilities-management-wigan","/cleaning-services",TRUE
"/facilities-management-wigan","/contract-cleaning",TRUE
"/facilities-management-wigan","/office-cleaning",TRUE
"/facilities-management-wigan","/pressure-washing",TRUE
"/facilities-management-wigan","/window-cleaning",TRUE
"/facilities-management-wigan","/soft-services",TRUE
"/facilities-management-wigan","/security-services",TRUE
"/facilities-management-wigan","/concierge-services",TRUE
"/facilities-management-wigan","/washroom-management",TRUE
"/facilities-management-wigan","/grounds-maintenance",TRUE
"/facilities-management-wigan","/industrial-facilities-management",TRUE
"/facilities-management-wigan","/commercial-facilities-management",TRUE
"/facilities-management-wigan","/logistics-facilities-management",TRUE
"/facilities-management-wigan","/warehouse-facilities-management",TRUE
"/facilities-management-wigan","/retail-facilities-management",TRUE
"/facilities-management-wigan","/healthcare-facilities-management",TRUE
"/facilities-management-wigan","/education-facilities-management",TRUE
"/facilities-management-wigan","/public-sector-facilities-management",TRUE
"/facilities-management-wigan","/residential-facilities-management",TRUE
"/facilities-management-wigan","/hotel-facilities-management",TRUE
"/facilities-management-wigan","/sectors",FALSE
"/facilities-management-wigan","/fm-london",TRUE
"/facilities-management-wigan","/facilities-management-london",TRUE
"/facilities-management-wigan","/london-facilities-management",TRUE
"/facilities-management-wigan","/facilities-management-manchester",TRUE
"/facilities-management-wigan","/facilities-management-birmingham",TRUE
"/facilities-management-wigan","/facilities-management-sheffield",TRUE
"/facilities-management-wigan","/facilities-management-leeds",TRUE
"/facilities-management-wigan","/facilities-management-lincoln",TRUE
"/facilities-management-wigan","/facilities-management-liverpool",TRUE
"/facilities-management-wigan","/facilities-management-nottingham",TRUE
"/facilities-management-wigan","/privacy-policy",TRUE
"/facilities-management-wigan","/terms-and-conditions",TRUE
"/facilities-management-wigan","/accessibility-statement",TRUE
"/facilities-management-wigan","/helpdesk",TRUE
"/facilities-management-wigan","/sitemap.xml",FALSE
"/fm-birmingham","/client-login",TRUE
"/fm-birmingham","/",TRUE
"/fm-birmingham","/case-studies",FALSE
"/fm-birmingham","/blog",TRUE
"/fm-birmingham","/about-entire-facilities-management",TRUE
"/fm-birmingham","/contact-us",TRUE
"/fm-birmingham","/locations",FALSE
"/fm-birmingham","/mechanical-electrical",TRUE
"/fm-birmingham","/ppm",TRUE
"/fm-birmingham","/hard-services",TRUE
"/fm-birmingham","/hvac-contractor",TRUE
"/fm-birmingham","/plumbing-gas",TRUE
"/fm-birmingham","/fire-emergency-systems",TRUE
"/fm-birmingham","/safety-critical-emergency-systems",TRUE
"/fm-birmingham","/building-maintenance",TRUE
"/fm-birmingham","/mechanical-electrical/emergency-light-testing",TRUE
"/fm-birmingham","/mechanical-electrical/access-control",TRUE
"/fm-birmingham","/aerial-drone-building-inspection",TRUE
"/fm-birmingham","/industrial-cleaning",TRUE
"/fm-birmingham","/cleaning-services",TRUE
"/fm-birmingham","/contract-cleaning",TRUE
"/fm-birmingham","/office-cleaning",TRUE
"/fm-birmingham","/pressure-washing",TRUE
"/fm-birmingham","/window-cleaning",TRUE
"/fm-birmingham","/soft-services",TRUE
"/fm-birmingham","/security-services",TRUE
"/fm-birmingham","/concierge-services",TRUE
"/fm-birmingham","/washroom-management",TRUE
"/fm-birmingham","/grounds-maintenance",TRUE
"/fm-birmingham","/industrial-facilities-management",TRUE
"/fm-birmingham","/commercial-facilities-management",TRUE
"/fm-birmingham","/logistics-facilities-management",TRUE
"/fm-birmingham","/warehouse-facilities-management",TRUE
"/fm-birmingham","/retail-facilities-management",TRUE
"/fm-birmingham","/healthcare-facilities-management",TRUE
"/fm-birmingham","/education-facilities-management",TRUE
"/fm-birmingham","/public-sector-facilities-management",TRUE
"/fm-birmingham","/residential-facilities-management",TRUE
"/fm-birmingham","/hotel-facilities-management",TRUE
"/fm-birmingham","/sectors",FALSE
"/fm-birmingham","/fm-london",TRUE
"/fm-birmingham","/facilities-management-london",TRUE
"/fm-birmingham","/london-facilities-management",TRUE
"/fm-birmingham","/facilities-management-manchester",TRUE
"/fm-birmingham","/facilities-management-birmingham",TRUE
"/fm-birmingham","/facilities-management-sheffield",TRUE
"/fm-birmingham","/facilities-management-leeds",TRUE
"/fm-birmingham","/facilities-management-lincoln",TRUE
"/fm-birmingham","/facilities-management-liverpool",TRUE
"/fm-birmingham","/facilities-management-nottingham",TRUE
"/fm-birmingham","/privacy-policy",TRUE
"/fm-birmingham","/terms-and-conditions",TRUE
"/fm-birmingham","/accessibility-statement",TRUE
"/fm-birmingham","/helpdesk",TRUE
"/fm-birmingham","/sitemap.xml",FALSE
"/facilities-management-telford","/client-login",TRUE
"/facilities-management-telford","/",TRUE
"/facilities-management-telford","/case-studies",FALSE
"/facilities-management-telford","/blog",TRUE
"/facilities-management-telford","/about-entire-facilities-management",TRUE
"/facilities-management-telford","/contact-us",TRUE
"/facilities-management-telford","/locations",FALSE
"/facilities-management-telford","/mechanical-electrical",TRUE
"/facilities-management-telford","/ppm",TRUE
"/facilities-management-telford","/hard-services",TRUE
"/facilities-management-telford","/hvac-contractor",TRUE
"/facilities-management-telford","/plumbing-gas",TRUE
"/facilities-management-telford","/fire-emergency-systems",TRUE
"/facilities-management-telford","/safety-critical-emergency-systems",TRUE
"/facilities-management-telford","/building-maintenance",TRUE
"/facilities-management-telford","/mechanical-electrical/emergency-light-testing",TRUE
"/facilities-management-telford","/mechanical-electrical/access-control",TRUE
"/facilities-management-telford","/aerial-drone-building-inspection",TRUE
"/facilities-management-telford","/industrial-cleaning",TRUE
"/facilities-management-telford","/cleaning-services",TRUE
"/facilities-management-telford","/contract-cleaning",TRUE
"/facilities-management-telford","/office-cleaning",TRUE
"/facilities-management-telford","/pressure-washing",TRUE
"/facilities-management-telford","/window-cleaning",TRUE
"/facilities-management-telford","/soft-services",TRUE
"/facilities-management-telford","/security-services",TRUE
"/facilities-management-telford","/concierge-services",TRUE
"/facilities-management-telford","/washroom-management",TRUE
"/facilities-management-telford","/grounds-maintenance",TRUE
"/facilities-management-telford","/industrial-facilities-management",TRUE
"/facilities-management-telford","/commercial-facilities-management",TRUE
"/facilities-management-telford","/logistics-facilities-management",TRUE
"/facilities-management-telford","/warehouse-facilities-management",TRUE
"/facilities-management-telford","/retail-facilities-management",TRUE
"/facilities-management-telford","/healthcare-facilities-management",TRUE
"/facilities-management-telford","/education-facilities-management",TRUE
"/facilities-management-telford","/public-sector-facilities-management",TRUE
"/facilities-management-telford","/residential-facilities-management",TRUE
"/facilities-management-telford","/hotel-facilities-management",TRUE
"/facilities-management-telford","/sectors",FALSE
"/facilities-management-telford","/fm-london",TRUE
"/facilities-management-telford","/facilities-management-london",TRUE
"/facilities-management-telford","/london-facilities-management",TRUE
"/facilities-management-telford","/facilities-management-manchester",TRUE
"/facilities-management-telford","/facilities-management-birmingham",TRUE
"/facilities-management-telford","/facilities-management-sheffield",TRUE
"/facilities-management-telford","/facilities-management-leeds",TRUE
"/facilities-management-telford","/facilities-management-lincoln",TRUE
"/facilities-management-telford","/facilities-management-liverpool",TRUE
"/facilities-management-telford","/facilities-management-nottingham",TRUE
"/facilities-management-telford","/privacy-policy",TRUE
"/facilities-management-telford","/terms-and-conditions",TRUE
"/facilities-management-telford","/accessibility-statement",TRUE
"/facilities-management-telford","/helpdesk",TRUE
"/facilities-management-telford","/sitemap.xml",FALSE
"/fire-emergency-systems","/client-login",TRUE
"/fire-emergency-systems","/",TRUE
"/fire-emergency-systems","/case-studies",FALSE
"/fire-emergency-systems","/blog",TRUE
"/fire-emergency-systems","/about-entire-facilities-management",TRUE
"/fire-emergency-systems","/contact-us",TRUE
"/fire-emergency-systems","/services",TRUE
"/fire-emergency-systems","/mechanical-electrical",TRUE
"/fire-emergency-systems","/ppm",TRUE
"/fire-emergency-systems","/hard-services",TRUE
"/fire-emergency-systems","/hvac-contractor",TRUE
"/fire-emergency-systems","/plumbing-gas",TRUE
"/fire-emergency-systems","/fire-emergency-systems",TRUE
"/fire-emergency-systems","/safety-critical-emergency-systems",TRUE
"/fire-emergency-systems","/building-maintenance",TRUE
"/fire-emergency-systems","/mechanical-electrical/emergency-light-testing",TRUE
"/fire-emergency-systems","/mechanical-electrical/access-control",TRUE
"/fire-emergency-systems","/aerial-drone-building-inspection",TRUE
"/fire-emergency-systems","/industrial-cleaning",TRUE
"/fire-emergency-systems","/cleaning-services",TRUE
"/fire-emergency-systems","/contract-cleaning",TRUE
"/fire-emergency-systems","/office-cleaning",TRUE
"/fire-emergency-systems","/pressure-washing",TRUE
"/fire-emergency-systems","/window-cleaning",TRUE
"/fire-emergency-systems","/soft-services",TRUE
"/fire-emergency-systems","/security-services",TRUE
"/fire-emergency-systems","/concierge-services",TRUE
"/fire-emergency-systems","/washroom-management",TRUE
"/fire-emergency-systems","/grounds-maintenance",TRUE
"/fire-emergency-systems","/industrial-facilities-management",TRUE
"/fire-emergency-systems","/commercial-facilities-management",TRUE
"/fire-emergency-systems","/logistics-facilities-management",TRUE
"/fire-emergency-systems","/warehouse-facilities-management",TRUE
"/fire-emergency-systems","/retail-facilities-management",TRUE
"/fire-emergency-systems","/healthcare-facilities-management",TRUE
"/fire-emergency-systems","/education-facilities-management",TRUE
"/fire-emergency-systems","/public-sector-facilities-management",TRUE
"/fire-emergency-systems","/residential-facilities-management",TRUE
"/fire-emergency-systems","/hotel-facilities-management",TRUE
"/fire-emergency-systems","/sectors",FALSE
"/fire-emergency-systems","/fm-london",TRUE
"/fire-emergency-systems","/facilities-management-london",TRUE
"/fire-emergency-systems","/london-facilities-management",TRUE
"/fire-emergency-systems","/facilities-management-manchester",TRUE
"/fire-emergency-systems","/facilities-management-birmingham",TRUE
"/fire-emergency-systems","/facilities-management-sheffield",TRUE
"/fire-emergency-systems","/facilities-management-leeds",TRUE
"/fire-emergency-systems","/facilities-management-lincoln",TRUE
"/fire-emergency-systems","/facilities-management-liverpool",TRUE
"/fire-emergency-systems","/facilities-management-nottingham",TRUE
"/fire-emergency-systems","/locations",FALSE
"/fire-emergency-systems","/privacy-policy",TRUE
"/fire-emergency-systems","/terms-and-conditions",TRUE
"/fire-emergency-systems","/accessibility-statement",TRUE
"/fire-emergency-systems","/helpdesk",TRUE
"/fire-emergency-systems","/sitemap.xml",FALSE
"/fm-bury","/client-login",TRUE
"/fm-bury","/",TRUE
"/fm-bury","/case-studies",FALSE
"/fm-bury","/blog",TRUE
"/fm-bury","/about-entire-facilities-management",TRUE
"/fm-bury","/contact-us",TRUE
"/fm-bury","/locations",FALSE
"/fm-bury","/mechanical-electrical",TRUE
"/fm-bury","/ppm",TRUE
"/fm-bury","/hard-services",TRUE
"/fm-bury","/hvac-contractor",TRUE
"/fm-bury","/plumbing-gas",TRUE
"/fm-bury","/fire-emergency-systems",TRUE
"/fm-bury","/safety-critical-emergency-systems",TRUE
"/fm-bury","/building-maintenance",TRUE
"/fm-bury","/mechanical-electrical/emergency-light-testing",TRUE
"/fm-bury","/mechanical-electrical/access-control",TRUE
"/fm-bury","/aerial-drone-building-inspection",TRUE
"/fm-bury","/industrial-cleaning",TRUE
"/fm-bury","/cleaning-services",TRUE
"/fm-bury","/contract-cleaning",TRUE
"/fm-bury","/office-cleaning",TRUE
"/fm-bury","/pressure-washing",TRUE
"/fm-bury","/window-cleaning",TRUE
"/fm-bury","/soft-services",TRUE
"/fm-bury","/security-services",TRUE
"/fm-bury","/concierge-services",TRUE
"/fm-bury","/washroom-management",TRUE
"/fm-bury","/grounds-maintenance",TRUE
"/fm-bury","/industrial-facilities-management",TRUE
"/fm-bury","/commercial-facilities-management",TRUE
"/fm-bury","/logistics-facilities-management",TRUE
"/fm-bury","/warehouse-facilities-management",TRUE
"/fm-bury","/retail-facilities-management",TRUE
"/fm-bury","/healthcare-facilities-management",TRUE
"/fm-bury","/education-facilities-management",TRUE
"/fm-bury","/public-sector-facilities-management",TRUE
"/fm-bury","/residential-facilities-management",TRUE
"/fm-bury","/hotel-facilities-management",TRUE
"/fm-bury","/sectors",FALSE
"/fm-bury","/fm-london",TRUE
"/fm-bury","/facilities-management-london",TRUE
"/fm-bury","/london-facilities-management",TRUE
"/fm-bury","/facilities-management-manchester",TRUE
"/fm-bury","/facilities-management-birmingham",TRUE
"/fm-bury","/facilities-management-sheffield",TRUE
"/fm-bury","/facilities-management-leeds",TRUE
"/fm-bury","/facilities-management-lincoln",TRUE
"/fm-bury","/facilities-management-liverpool",TRUE
"/fm-bury","/facilities-management-nottingham",TRUE
"/fm-bury","/privacy-policy",TRUE
"/fm-bury","/terms-and-conditions",TRUE
"/fm-bury","/accessibility-statement",TRUE
"/fm-bury","/helpdesk",TRUE
"/fm-bury","/sitemap.xml",FALSE
"/fm-bradford","/client-login",TRUE
"/fm-bradford","/",TRUE
"/fm-bradford","/case-studies",FALSE
"/fm-bradford","/blog",TRUE
"/fm-bradford","/about-entire-facilities-management",TRUE
"/fm-bradford","/contact-us",TRUE
"/fm-bradford","/locations",FALSE
"/fm-bradford","/mechanical-electrical",TRUE
"/fm-bradford","/ppm",TRUE
"/fm-bradford","/hard-services",TRUE
"/fm-bradford","/hvac-contractor",TRUE
"/fm-bradford","/plumbing-gas",TRUE
"/fm-bradford","/fire-emergency-systems",TRUE
"/fm-bradford","/safety-critical-emergency-systems",TRUE
"/fm-bradford","/building-maintenance",TRUE
"/fm-bradford","/mechanical-electrical/emergency-light-testing",TRUE
"/fm-bradford","/mechanical-electrical/access-control",TRUE
"/fm-bradford","/aerial-drone-building-inspection",TRUE
"/fm-bradford","/industrial-cleaning",TRUE
"/fm-bradford","/cleaning-services",TRUE
"/fm-bradford","/contract-cleaning",TRUE
"/fm-bradford","/office-cleaning",TRUE
"/fm-bradford","/pressure-washing",TRUE
"/fm-bradford","/window-cleaning",TRUE
"/fm-bradford","/soft-services",TRUE
"/fm-bradford","/security-services",TRUE
"/fm-bradford","/concierge-services",TRUE
"/fm-bradford","/washroom-management",TRUE
"/fm-bradford","/grounds-maintenance",TRUE
"/fm-bradford","/industrial-facilities-management",TRUE
"/fm-bradford","/commercial-facilities-management",TRUE
"/fm-bradford","/logistics-facilities-management",TRUE
"/fm-bradford","/warehouse-facilities-management",TRUE
"/fm-bradford","/retail-facilities-management",TRUE
"/fm-bradford","/healthcare-facilities-management",TRUE
"/fm-bradford","/education-facilities-management",TRUE
"/fm-bradford","/public-sector-facilities-management",TRUE
"/fm-bradford","/residential-facilities-management",TRUE
"/fm-bradford","/hotel-facilities-management",TRUE
"/fm-bradford","/sectors",FALSE
"/fm-bradford","/fm-london",TRUE
"/fm-bradford","/facilities-management-london",TRUE
"/fm-bradford","/london-facilities-management",TRUE
"/fm-bradford","/facilities-management-manchester",TRUE
"/fm-bradford","/facilities-management-birmingham",TRUE
"/fm-bradford","/facilities-management-sheffield",TRUE
"/fm-bradford","/facilities-management-leeds",TRUE
"/fm-bradford","/facilities-management-lincoln",TRUE
"/fm-bradford","/facilities-management-liverpool",TRUE
"/fm-bradford","/facilities-management-nottingham",TRUE
"/fm-bradford","/privacy-policy",TRUE
"/fm-bradford","/terms-and-conditions",TRUE
"/fm-bradford","/accessibility-statement",TRUE
"/fm-bradford","/helpdesk",TRUE
"/fm-bradford","/sitemap.xml",FALSE
"/fm-chesterfield","/client-login",TRUE
"/fm-chesterfield","/",TRUE
"/fm-chesterfield","/case-studies",FALSE
"/fm-chesterfield","/blog",TRUE
"/fm-chesterfield","/about-entire-facilities-management",TRUE
"/fm-chesterfield","/contact-us",TRUE
"/fm-chesterfield","/locations",FALSE
"/fm-chesterfield","/mechanical-electrical",TRUE
"/fm-chesterfield","/ppm",TRUE
"/fm-chesterfield","/hard-services",TRUE
"/fm-chesterfield","/hvac-contractor",TRUE
"/fm-chesterfield","/plumbing-gas",TRUE
"/fm-chesterfield","/fire-emergency-systems",TRUE
"/fm-chesterfield","/safety-critical-emergency-systems",TRUE
"/fm-chesterfield","/building-maintenance",TRUE
"/fm-chesterfield","/mechanical-electrical/emergency-light-testing",TRUE
"/fm-chesterfield","/mechanical-electrical/access-control",TRUE
"/fm-chesterfield","/aerial-drone-building-inspection",TRUE
"/fm-chesterfield","/industrial-cleaning",TRUE
"/fm-chesterfield","/cleaning-services",TRUE
"/fm-chesterfield","/contract-cleaning",TRUE
"/fm-chesterfield","/office-cleaning",TRUE
"/fm-chesterfield","/pressure-washing",TRUE
"/fm-chesterfield","/window-cleaning",TRUE
"/fm-chesterfield","/soft-services",TRUE
"/fm-chesterfield","/security-services",TRUE
"/fm-chesterfield","/concierge-services",TRUE
"/fm-chesterfield","/washroom-management",TRUE
"/fm-chesterfield","/grounds-maintenance",TRUE
"/fm-chesterfield","/industrial-facilities-management",TRUE
"/fm-chesterfield","/commercial-facilities-management",TRUE
"/fm-chesterfield","/logistics-facilities-management",TRUE
"/fm-chesterfield","/warehouse-facilities-management",TRUE
"/fm-chesterfield","/retail-facilities-management",TRUE
"/fm-chesterfield","/healthcare-facilities-management",TRUE
"/fm-chesterfield","/education-facilities-management",TRUE
"/fm-chesterfield","/public-sector-facilities-management",TRUE
"/fm-chesterfield","/residential-facilities-management",TRUE
"/fm-chesterfield","/hotel-facilities-management",TRUE
"/fm-chesterfield","/sectors",FALSE
"/fm-chesterfield","/fm-london",TRUE
"/fm-chesterfield","/facilities-management-london",TRUE
"/fm-chesterfield","/london-facilities-management",TRUE
"/fm-chesterfield","/facilities-management-manchester",TRUE
"/fm-chesterfield","/facilities-management-birmingham",TRUE
"/fm-chesterfield","/facilities-management-sheffield",TRUE
"/fm-chesterfield","/facilities-management-leeds",TRUE
"/fm-chesterfield","/facilities-management-lincoln",TRUE
"/fm-chesterfield","/facilities-management-liverpool",TRUE
"/fm-chesterfield","/facilities-management-nottingham",TRUE
"/fm-chesterfield","/privacy-policy",TRUE
"/fm-chesterfield","/terms-and-conditions",TRUE
"/fm-chesterfield","/accessibility-statement",TRUE
"/fm-chesterfield","/helpdesk",TRUE
"/fm-chesterfield","/sitemap.xml",FALSE
"/fm-client-info","/client-login",TRUE
"/fm-client-info","/",TRUE
"/fm-client-info","/case-studies",FALSE
"/fm-client-info","/blog",TRUE
"/fm-client-info","/about-entire-facilities-management",TRUE
"/fm-client-info","/contact-us",TRUE
"/fm-client-info","/mechanical-electrical",TRUE
"/fm-client-info","/hvac-contractor",TRUE
"/fm-client-info","/ppm",TRUE
"/fm-client-info","/hard-services",TRUE
"/fm-client-info","/plumbing-gas",TRUE
"/fm-client-info","/fire-emergency-systems",TRUE
"/fm-client-info","/safety-critical-emergency-systems",TRUE
"/fm-client-info","/building-maintenance",TRUE
"/fm-client-info","/mechanical-electrical/emergency-light-testing",TRUE
"/fm-client-info","/mechanical-electrical/access-control",TRUE
"/fm-client-info","/aerial-drone-building-inspection",TRUE
"/fm-client-info","/industrial-cleaning",TRUE
"/fm-client-info","/cleaning-services",TRUE
"/fm-client-info","/contract-cleaning",TRUE
"/fm-client-info","/office-cleaning",TRUE
"/fm-client-info","/pressure-washing",TRUE
"/fm-client-info","/window-cleaning",TRUE
"/fm-client-info","/soft-services",TRUE
"/fm-client-info","/security-services",TRUE
"/fm-client-info","/concierge-services",TRUE
"/fm-client-info","/washroom-management",TRUE
"/fm-client-info","/grounds-maintenance",TRUE
"/fm-client-info","/industrial-facilities-management",TRUE
"/fm-client-info","/commercial-facilities-management",TRUE
"/fm-client-info","/logistics-facilities-management",TRUE
"/fm-client-info","/warehouse-facilities-management",TRUE
"/fm-client-info","/retail-facilities-management",TRUE
"/fm-client-info","/healthcare-facilities-management",TRUE
"/fm-client-info","/education-facilities-management",TRUE
"/fm-client-info","/public-sector-facilities-management",TRUE
"/fm-client-info","/residential-facilities-management",TRUE
"/fm-client-info","/hotel-facilities-management",TRUE
"/fm-client-info","/sectors",FALSE
"/fm-client-info","/fm-london",TRUE
"/fm-client-info","/facilities-management-london",TRUE
"/fm-client-info","/london-facilities-management",TRUE
"/fm-client-info","/facilities-management-manchester",TRUE
"/fm-client-info","/facilities-management-birmingham",TRUE
"/fm-client-info","/facilities-management-sheffield",TRUE
"/fm-client-info","/facilities-management-leeds",TRUE
"/fm-client-info","/facilities-management-lincoln",TRUE
"/fm-client-info","/facilities-management-liverpool",TRUE
"/fm-client-info","/facilities-management-nottingham",TRUE
"/fm-client-info","/locations",FALSE
"/fm-client-info","/privacy-policy",TRUE
"/fm-client-info","/terms-and-conditions",TRUE
"/fm-client-info","/accessibility-statement",TRUE
"/fm-client-info","/helpdesk",TRUE
"/fm-client-info","/sitemap.xml",FALSE
"/fm-derby","/client-login",TRUE
"/fm-derby","/",TRUE
"/fm-derby","/case-studies",FALSE
"/fm-derby","/blog",TRUE
"/fm-derby","/about-entire-facilities-management",TRUE
"/fm-derby","/contact-us",TRUE
"/fm-derby","/locations",FALSE
"/fm-derby","/mechanical-electrical",TRUE
"/fm-derby","/ppm",TRUE
"/fm-derby","/hard-services",TRUE
"/fm-derby","/hvac-contractor",TRUE
"/fm-derby","/plumbing-gas",TRUE
"/fm-derby","/fire-emergency-systems",TRUE
"/fm-derby","/safety-critical-emergency-systems",TRUE
"/fm-derby","/building-maintenance",TRUE
"/fm-derby","/mechanical-electrical/emergency-light-testing",TRUE
"/fm-derby","/mechanical-electrical/access-control",TRUE
"/fm-derby","/aerial-drone-building-inspection",TRUE
"/fm-derby","/industrial-cleaning",TRUE
"/fm-derby","/cleaning-services",TRUE
"/fm-derby","/contract-cleaning",TRUE
"/fm-derby","/office-cleaning",TRUE
"/fm-derby","/pressure-washing",TRUE
"/fm-derby","/window-cleaning",TRUE
"/fm-derby","/soft-services",TRUE
"/fm-derby","/security-services",TRUE
"/fm-derby","/concierge-services",TRUE
"/fm-derby","/washroom-management",TRUE
"/fm-derby","/grounds-maintenance",TRUE
"/fm-derby","/industrial-facilities-management",TRUE
"/fm-derby","/commercial-facilities-management",TRUE
"/fm-derby","/logistics-facilities-management",TRUE
"/fm-derby","/warehouse-facilities-management",TRUE
"/fm-derby","/retail-facilities-management",TRUE
"/fm-derby","/healthcare-facilities-management",TRUE
"/fm-derby","/education-facilities-management",TRUE
"/fm-derby","/public-sector-facilities-management",TRUE
"/fm-derby","/residential-facilities-management",TRUE
"/fm-derby","/hotel-facilities-management",TRUE
"/fm-derby","/sectors",FALSE
"/fm-derby","/fm-london",TRUE
"/fm-derby","/facilities-management-london",TRUE
"/fm-derby","/london-facilities-management",TRUE
"/fm-derby","/facilities-management-manchester",TRUE
"/fm-derby","/facilities-management-birmingham",TRUE
"/fm-derby","/facilities-management-sheffield",TRUE
"/fm-derby","/facilities-management-leeds",TRUE
"/fm-derby","/facilities-management-lincoln",TRUE
"/fm-derby","/facilities-management-liverpool",TRUE
"/fm-derby","/facilities-management-nottingham",TRUE
"/fm-derby","/privacy-policy",TRUE
"/fm-derby","/terms-and-conditions",TRUE
"/fm-derby","/accessibility-statement",TRUE
"/fm-derby","/helpdesk",TRUE
"/fm-derby","/sitemap.xml",FALSE
"/fm-grimsby","/client-login",TRUE
"/fm-grimsby","/",TRUE
"/fm-grimsby","/case-studies",FALSE
"/fm-grimsby","/blog",TRUE
"/fm-grimsby","/about-entire-facilities-management",TRUE
"/fm-grimsby","/contact-us",TRUE
"/fm-grimsby","/locations",FALSE
"/fm-grimsby","/mechanical-electrical",TRUE
"/fm-grimsby","/ppm",TRUE
"/fm-grimsby","/hard-services",TRUE
"/fm-grimsby","/hvac-contractor",TRUE
"/fm-grimsby","/plumbing-gas",TRUE
"/fm-grimsby","/fire-emergency-systems",TRUE
"/fm-grimsby","/safety-critical-emergency-systems",TRUE
"/fm-grimsby","/building-maintenance",TRUE
"/fm-grimsby","/mechanical-electrical/emergency-light-testing",TRUE
"/fm-grimsby","/mechanical-electrical/access-control",TRUE
"/fm-grimsby","/aerial-drone-building-inspection",TRUE
"/fm-grimsby","/industrial-cleaning",TRUE
"/fm-grimsby","/cleaning-services",TRUE
"/fm-grimsby","/contract-cleaning",TRUE
"/fm-grimsby","/office-cleaning",TRUE
"/fm-grimsby","/pressure-washing",TRUE
"/fm-grimsby","/window-cleaning",TRUE
"/fm-grimsby","/soft-services",TRUE
"/fm-grimsby","/security-services",TRUE
"/fm-grimsby","/concierge-services",TRUE
"/fm-grimsby","/washroom-management",TRUE
"/fm-grimsby","/grounds-maintenance",TRUE
"/fm-grimsby","/industrial-facilities-management",TRUE
"/fm-grimsby","/commercial-facilities-management",TRUE
"/fm-grimsby","/logistics-facilities-management",TRUE
"/fm-grimsby","/warehouse-facilities-management",TRUE
"/fm-grimsby","/retail-facilities-management",TRUE
"/fm-grimsby","/healthcare-facilities-management",TRUE
"/fm-grimsby","/education-facilities-management",TRUE
"/fm-grimsby","/public-sector-facilities-management",TRUE
"/fm-grimsby","/residential-facilities-management",TRUE
"/fm-grimsby","/hotel-facilities-management",TRUE
"/fm-grimsby","/sectors",FALSE
"/fm-grimsby","/fm-london",TRUE
"/fm-grimsby","/facilities-management-london",TRUE
"/fm-grimsby","/london-facilities-management",TRUE
"/fm-grimsby","/facilities-management-manchester",TRUE
"/fm-grimsby","/facilities-management-birmingham",TRUE
"/fm-grimsby","/facilities-management-sheffield",TRUE
"/fm-grimsby","/facilities-management-leeds",TRUE
"/fm-grimsby","/facilities-management-lincoln",TRUE
"/fm-grimsby","/facilities-management-liverpool",TRUE
"/fm-grimsby","/facilities-management-nottingham",TRUE
"/fm-grimsby","/privacy-policy",TRUE
"/fm-grimsby","/terms-and-conditions",TRUE
"/fm-grimsby","/accessibility-statement",TRUE
"/fm-grimsby","/helpdesk",TRUE
"/fm-grimsby","/sitemap.xml",FALSE
"/fm-lincoln","/client-login",TRUE
"/fm-lincoln","/",TRUE
"/fm-lincoln","/case-studies",FALSE
"/fm-lincoln","/blog",TRUE
"/fm-lincoln","/about-entire-facilities-management",TRUE
"/fm-lincoln","/contact-us",TRUE
"/fm-lincoln","/locations",FALSE
"/fm-lincoln","/mechanical-electrical",TRUE
"/fm-lincoln","/ppm",TRUE
"/fm-lincoln","/hard-services",TRUE
"/fm-lincoln","/hvac-contractor",TRUE
"/fm-lincoln","/plumbing-gas",TRUE
"/fm-lincoln","/fire-emergency-systems",TRUE
"/fm-lincoln","/safety-critical-emergency-systems",TRUE
"/fm-lincoln","/building-maintenance",TRUE
"/fm-lincoln","/mechanical-electrical/emergency-light-testing",TRUE
"/fm-lincoln","/mechanical-electrical/access-control",TRUE
"/fm-lincoln","/aerial-drone-building-inspection",TRUE
"/fm-lincoln","/industrial-cleaning",TRUE
"/fm-lincoln","/cleaning-services",TRUE
"/fm-lincoln","/contract-cleaning",TRUE
"/fm-lincoln","/office-cleaning",TRUE
"/fm-lincoln","/pressure-washing",TRUE
"/fm-lincoln","/window-cleaning",TRUE
"/fm-lincoln","/soft-services",TRUE
"/fm-lincoln","/security-services",TRUE
"/fm-lincoln","/concierge-services",TRUE
"/fm-lincoln","/washroom-management",TRUE
"/fm-lincoln","/grounds-maintenance",TRUE
"/fm-lincoln","/industrial-facilities-management",TRUE
"/fm-lincoln","/commercial-facilities-management",TRUE
"/fm-lincoln","/logistics-facilities-management",TRUE
"/fm-lincoln","/warehouse-facilities-management",TRUE
"/fm-lincoln","/retail-facilities-management",TRUE
"/fm-lincoln","/healthcare-facilities-management",TRUE
"/fm-lincoln","/education-facilities-management",TRUE
"/fm-lincoln","/public-sector-facilities-management",TRUE
"/fm-lincoln","/residential-facilities-management",TRUE
"/fm-lincoln","/hotel-facilities-management",TRUE
"/fm-lincoln","/sectors",FALSE
"/fm-lincoln","/fm-london",TRUE
"/fm-lincoln","/facilities-management-london",TRUE
"/fm-lincoln","/london-facilities-management",TRUE
"/fm-lincoln","/facilities-management-manchester",TRUE
"/fm-lincoln","/facilities-management-birmingham",TRUE
"/fm-lincoln","/facilities-management-sheffield",TRUE
"/fm-lincoln","/facilities-management-leeds",TRUE
"/fm-lincoln","/facilities-management-lincoln",TRUE
"/fm-lincoln","/facilities-management-liverpool",TRUE
"/fm-lincoln","/facilities-management-nottingham",TRUE
"/fm-lincoln","/privacy-policy",TRUE
"/fm-lincoln","/terms-and-conditions",TRUE
"/fm-lincoln","/accessibility-statement",TRUE
"/fm-lincoln","/helpdesk",TRUE
"/fm-lincoln","/sitemap.xml",FALSE
"/fm-doncaster","/client-login",TRUE
"/fm-doncaster","/",TRUE
"/fm-doncaster","/case-studies",FALSE
"/fm-doncaster","/blog",TRUE
"/fm-doncaster","/about-entire-facilities-management",TRUE
"/fm-doncaster","/contact-us",TRUE
"/fm-doncaster","/locations",FALSE
"/fm-doncaster","/mechanical-electrical",TRUE
"/fm-doncaster","/ppm",TRUE
"/fm-doncaster","/hard-services",TRUE
"/fm-doncaster","/hvac-contractor",TRUE
"/fm-doncaster","/plumbing-gas",TRUE
"/fm-doncaster","/fire-emergency-systems",TRUE
"/fm-doncaster","/safety-critical-emergency-systems",TRUE
"/fm-doncaster","/building-maintenance",TRUE
"/fm-doncaster","/mechanical-electrical/emergency-light-testing",TRUE
"/fm-doncaster","/mechanical-electrical/access-control",TRUE
"/fm-doncaster","/aerial-drone-building-inspection",TRUE
"/fm-doncaster","/industrial-cleaning",TRUE
"/fm-doncaster","/cleaning-services",TRUE
"/fm-doncaster","/contract-cleaning",TRUE
"/fm-doncaster","/office-cleaning",TRUE
"/fm-doncaster","/pressure-washing",TRUE
"/fm-doncaster","/window-cleaning",TRUE
"/fm-doncaster","/soft-services",TRUE
"/fm-doncaster","/security-services",TRUE
"/fm-doncaster","/concierge-services",TRUE
"/fm-doncaster","/washroom-management",TRUE
"/fm-doncaster","/grounds-maintenance",TRUE
"/fm-doncaster","/industrial-facilities-management",TRUE
"/fm-doncaster","/commercial-facilities-management",TRUE
"/fm-doncaster","/logistics-facilities-management",TRUE
"/fm-doncaster","/warehouse-facilities-management",TRUE
"/fm-doncaster","/retail-facilities-management",TRUE
"/fm-doncaster","/healthcare-facilities-management",TRUE
"/fm-doncaster","/education-facilities-management",TRUE
"/fm-doncaster","/public-sector-facilities-management",TRUE
"/fm-doncaster","/residential-facilities-management",TRUE
"/fm-doncaster","/hotel-facilities-management",TRUE
"/fm-doncaster","/sectors",FALSE
"/fm-doncaster","/fm-london",TRUE
"/fm-doncaster","/facilities-management-london",TRUE
"/fm-doncaster","/london-facilities-management",TRUE
"/fm-doncaster","/facilities-management-manchester",TRUE
"/fm-doncaster","/facilities-management-birmingham",TRUE
"/fm-doncaster","/facilities-management-sheffield",TRUE
"/fm-doncaster","/facilities-management-leeds",TRUE
"/fm-doncaster","/facilities-management-lincoln",TRUE
"/fm-doncaster","/facilities-management-liverpool",TRUE
"/fm-doncaster","/facilities-management-nottingham",TRUE
"/fm-doncaster","/privacy-policy",TRUE
"/fm-doncaster","/terms-and-conditions",TRUE
"/fm-doncaster","/accessibility-statement",TRUE
"/fm-doncaster","/helpdesk",TRUE
"/fm-doncaster","/sitemap.xml",FALSE
"/fm-liverpool","/client-login",TRUE
"/fm-liverpool","/",TRUE
"/fm-liverpool","/case-studies",FALSE
"/fm-liverpool","/blog",TRUE
"/fm-liverpool","/about-entire-facilities-management",TRUE
"/fm-liverpool","/contact-us",TRUE
"/fm-liverpool","/locations",FALSE
"/fm-liverpool","/mechanical-electrical",TRUE
"/fm-liverpool","/ppm",TRUE
"/fm-liverpool","/hard-services",TRUE
"/fm-liverpool","/hvac-contractor",TRUE
"/fm-liverpool","/plumbing-gas",TRUE
"/fm-liverpool","/fire-emergency-systems",TRUE
"/fm-liverpool","/safety-critical-emergency-systems",TRUE
"/fm-liverpool","/building-maintenance",TRUE
"/fm-liverpool","/mechanical-electrical/emergency-light-testing",TRUE
"/fm-liverpool","/mechanical-electrical/access-control",TRUE
"/fm-liverpool","/aerial-drone-building-inspection",TRUE
"/fm-liverpool","/industrial-cleaning",TRUE
"/fm-liverpool","/cleaning-services",TRUE
"/fm-liverpool","/contract-cleaning",TRUE
"/fm-liverpool","/office-cleaning",TRUE
"/fm-liverpool","/pressure-washing",TRUE
"/fm-liverpool","/window-cleaning",TRUE
"/fm-liverpool","/soft-services",TRUE
"/fm-liverpool","/security-services",TRUE
"/fm-liverpool","/concierge-services",TRUE
"/fm-liverpool","/washroom-management",TRUE
"/fm-liverpool","/grounds-maintenance",TRUE
"/fm-liverpool","/industrial-facilities-management",TRUE
"/fm-liverpool","/commercial-facilities-management",TRUE
"/fm-liverpool","/logistics-facilities-management",TRUE
"/fm-liverpool","/warehouse-facilities-management",TRUE
"/fm-liverpool","/retail-facilities-management",TRUE
"/fm-liverpool","/healthcare-facilities-management",TRUE
"/fm-liverpool","/education-facilities-management",TRUE
"/fm-liverpool","/public-sector-facilities-management",TRUE
"/fm-liverpool","/residential-facilities-management",TRUE
"/fm-liverpool","/hotel-facilities-management",TRUE
"/fm-liverpool","/sectors",FALSE
"/fm-liverpool","/fm-london",TRUE
"/fm-liverpool","/facilities-management-london",TRUE
"/fm-liverpool","/london-facilities-management",TRUE
"/fm-liverpool","/facilities-management-manchester",TRUE
"/fm-liverpool","/facilities-management-birmingham",TRUE
"/fm-liverpool","/facilities-management-sheffield",TRUE
"/fm-liverpool","/facilities-management-leeds",TRUE
"/fm-liverpool","/facilities-management-lincoln",TRUE
"/fm-liverpool","/facilities-management-liverpool",TRUE
"/fm-liverpool","/facilities-management-nottingham",TRUE
"/fm-liverpool","/privacy-policy",TRUE
"/fm-liverpool","/terms-and-conditions",TRUE
"/fm-liverpool","/accessibility-statement",TRUE
"/fm-liverpool","/helpdesk",TRUE
"/fm-liverpool","/sitemap.xml",FALSE
"/fm-leeds","/client-login",TRUE
"/fm-leeds","/",TRUE
"/fm-leeds","/case-studies",FALSE
"/fm-leeds","/blog",TRUE
"/fm-leeds","/about-entire-facilities-management",TRUE
"/fm-leeds","/contact-us",TRUE
"/fm-leeds","/locations",FALSE
"/fm-leeds","/mechanical-electrical",TRUE
"/fm-leeds","/ppm",TRUE
"/fm-leeds","/hard-services",TRUE
"/fm-leeds","/hvac-contractor",TRUE
"/fm-leeds","/plumbing-gas",TRUE
"/fm-leeds","/fire-emergency-systems",TRUE
"/fm-leeds","/safety-critical-emergency-systems",TRUE
"/fm-leeds","/building-maintenance",TRUE
"/fm-leeds","/mechanical-electrical/emergency-light-testing",TRUE
"/fm-leeds","/mechanical-electrical/access-control",TRUE
"/fm-leeds","/aerial-drone-building-inspection",TRUE
"/fm-leeds","/industrial-cleaning",TRUE
"/fm-leeds","/cleaning-services",TRUE
"/fm-leeds","/contract-cleaning",TRUE
"/fm-leeds","/office-cleaning",TRUE
"/fm-leeds","/pressure-washing",TRUE
"/fm-leeds","/window-cleaning",TRUE
"/fm-leeds","/soft-services",TRUE
"/fm-leeds","/security-services",TRUE
"/fm-leeds","/concierge-services",TRUE
"/fm-leeds","/washroom-management",TRUE
"/fm-leeds","/grounds-maintenance",TRUE
"/fm-leeds","/industrial-facilities-management",TRUE
"/fm-leeds","/commercial-facilities-management",TRUE
"/fm-leeds","/logistics-facilities-management",TRUE
"/fm-leeds","/warehouse-facilities-management",TRUE
"/fm-leeds","/retail-facilities-management",TRUE
"/fm-leeds","/healthcare-facilities-management",TRUE
"/fm-leeds","/education-facilities-management",TRUE
"/fm-leeds","/public-sector-facilities-management",TRUE
"/fm-leeds","/residential-facilities-management",TRUE
"/fm-leeds","/hotel-facilities-management",TRUE
"/fm-leeds","/sectors",FALSE
"/fm-leeds","/fm-london",TRUE
"/fm-leeds","/facilities-management-london",TRUE
"/fm-leeds","/london-facilities-management",TRUE
"/fm-leeds","/facilities-management-manchester",TRUE
"/fm-leeds","/facilities-management-birmingham",TRUE
"/fm-leeds","/facilities-management-sheffield",TRUE
"/fm-leeds","/facilities-management-leeds",TRUE
"/fm-leeds","/facilities-management-lincoln",TRUE
"/fm-leeds","/facilities-management-liverpool",TRUE
"/fm-leeds","/facilities-management-nottingham",TRUE
"/fm-leeds","/privacy-policy",TRUE
"/fm-leeds","/terms-and-conditions",TRUE
"/fm-leeds","/accessibility-statement",TRUE
"/fm-leeds","/helpdesk",TRUE
"/fm-leeds","/sitemap.xml",FALSE
"/fm-london","/client-login",TRUE
"/fm-london","/",TRUE
"/fm-london","/case-studies",FALSE
"/fm-london","/blog",TRUE
"/fm-london","/about-entire-facilities-management",TRUE
"/fm-london","/contact-us",TRUE
"/fm-london","/locations",FALSE
"/fm-london","/mechanical-electrical",TRUE
"/fm-london","/ppm",TRUE
"/fm-london","/hard-services",TRUE
"/fm-london","/hvac-contractor",TRUE
"/fm-london","/plumbing-gas",TRUE
"/fm-london","/fire-emergency-systems",TRUE
"/fm-london","/safety-critical-emergency-systems",TRUE
"/fm-london","/building-maintenance",TRUE
"/fm-london","/mechanical-electrical/emergency-light-testing",TRUE
"/fm-london","/mechanical-electrical/access-control",TRUE
"/fm-london","/aerial-drone-building-inspection",TRUE
"/fm-london","/industrial-cleaning",TRUE
"/fm-london","/cleaning-services",TRUE
"/fm-london","/contract-cleaning",TRUE
"/fm-london","/office-cleaning",TRUE
"/fm-london","/pressure-washing",TRUE
"/fm-london","/window-cleaning",TRUE
"/fm-london","/soft-services",TRUE
"/fm-london","/security-services",TRUE
"/fm-london","/concierge-services",TRUE
"/fm-london","/washroom-management",TRUE
"/fm-london","/grounds-maintenance",TRUE
"/fm-london","/industrial-facilities-management",TRUE
"/fm-london","/commercial-facilities-management",TRUE
"/fm-london","/logistics-facilities-management",TRUE
"/fm-london","/warehouse-facilities-management",TRUE
"/fm-london","/retail-facilities-management",TRUE
"/fm-london","/healthcare-facilities-management",TRUE
"/fm-london","/education-facilities-management",TRUE
"/fm-london","/public-sector-facilities-management",TRUE
"/fm-london","/residential-facilities-management",TRUE
"/fm-london","/hotel-facilities-management",TRUE
"/fm-london","/sectors",FALSE
"/fm-london","/fm-london",TRUE
"/fm-london","/facilities-management-london",TRUE
"/fm-london","/london-facilities-management",TRUE
"/fm-london","/facilities-management-manchester",TRUE
"/fm-london","/facilities-management-birmingham",TRUE
"/fm-london","/facilities-management-sheffield",TRUE
"/fm-london","/facilities-management-leeds",TRUE
"/fm-london","/facilities-management-lincoln",TRUE
"/fm-london","/facilities-management-liverpool",TRUE
"/fm-london","/facilities-management-nottingham",TRUE
"/fm-london","/privacy-policy",TRUE
"/fm-london","/terms-and-conditions",TRUE
"/fm-london","/accessibility-statement",TRUE
"/fm-london","/helpdesk",TRUE
"/fm-london","/sitemap.xml",FALSE
"/fm-oxford","/client-login",TRUE
"/fm-oxford","/",TRUE
"/fm-oxford","/case-studies",FALSE
"/fm-oxford","/blog",TRUE
"/fm-oxford","/about-entire-facilities-management",TRUE
"/fm-oxford","/contact-us",TRUE
"/fm-oxford","/locations",FALSE
"/fm-oxford","/mechanical-electrical",TRUE
"/fm-oxford","/ppm",TRUE
"/fm-oxford","/hard-services",TRUE
"/fm-oxford","/hvac-contractor",TRUE
"/fm-oxford","/plumbing-gas",TRUE
"/fm-oxford","/fire-emergency-systems",TRUE
"/fm-oxford","/safety-critical-emergency-systems",TRUE
"/fm-oxford","/building-maintenance",TRUE
"/fm-oxford","/mechanical-electrical/emergency-light-testing",TRUE
"/fm-oxford","/mechanical-electrical/access-control",TRUE
"/fm-oxford","/aerial-drone-building-inspection",TRUE
"/fm-oxford","/industrial-cleaning",TRUE
"/fm-oxford","/cleaning-services",TRUE
"/fm-oxford","/contract-cleaning",TRUE
"/fm-oxford","/office-cleaning",TRUE
"/fm-oxford","/pressure-washing",TRUE
"/fm-oxford","/window-cleaning",TRUE
"/fm-oxford","/soft-services",TRUE
"/fm-oxford","/security-services",TRUE
"/fm-oxford","/concierge-services",TRUE
"/fm-oxford","/washroom-management",TRUE
"/fm-oxford","/grounds-maintenance",TRUE
"/fm-oxford","/industrial-facilities-management",TRUE
"/fm-oxford","/commercial-facilities-management",TRUE
"/fm-oxford","/logistics-facilities-management",TRUE
"/fm-oxford","/warehouse-facilities-management",TRUE
"/fm-oxford","/retail-facilities-management",TRUE
"/fm-oxford","/healthcare-facilities-management",TRUE
"/fm-oxford","/education-facilities-management",TRUE
"/fm-oxford","/public-sector-facilities-management",TRUE
"/fm-oxford","/residential-facilities-management",TRUE
"/fm-oxford","/hotel-facilities-management",TRUE
"/fm-oxford","/sectors",FALSE
"/fm-oxford","/fm-london",TRUE
"/fm-oxford","/facilities-management-london",TRUE
"/fm-oxford","/london-facilities-management",TRUE
"/fm-oxford","/facilities-management-manchester",TRUE
"/fm-oxford","/facilities-management-birmingham",TRUE
"/fm-oxford","/facilities-management-sheffield",TRUE
"/fm-oxford","/facilities-management-leeds",TRUE
"/fm-oxford","/facilities-management-lincoln",TRUE
"/fm-oxford","/facilities-management-liverpool",TRUE
"/fm-oxford","/facilities-management-nottingham",TRUE
"/fm-oxford","/privacy-policy",TRUE
"/fm-oxford","/terms-and-conditions",TRUE
"/fm-oxford","/accessibility-statement",TRUE
"/fm-oxford","/helpdesk",TRUE
"/fm-oxford","/sitemap.xml",FALSE
"/fm-manchester","/client-login",TRUE
"/fm-manchester","/",TRUE
"/fm-manchester","/case-studies",FALSE
"/fm-manchester","/blog",TRUE
"/fm-manchester","/about-entire-facilities-management",TRUE
"/fm-manchester","/contact-us",TRUE
"/fm-manchester","/locations",FALSE
"/fm-manchester","/mechanical-electrical",TRUE
"/fm-manchester","/ppm",TRUE
"/fm-manchester","/hard-services",TRUE
"/fm-manchester","/hvac-contractor",TRUE
"/fm-manchester","/plumbing-gas",TRUE
"/fm-manchester","/fire-emergency-systems",TRUE
"/fm-manchester","/safety-critical-emergency-systems",TRUE
"/fm-manchester","/building-maintenance",TRUE
"/fm-manchester","/mechanical-electrical/emergency-light-testing",TRUE
"/fm-manchester","/mechanical-electrical/access-control",TRUE
"/fm-manchester","/aerial-drone-building-inspection",TRUE
"/fm-manchester","/industrial-cleaning",TRUE
"/fm-manchester","/cleaning-services",TRUE
"/fm-manchester","/contract-cleaning",TRUE
"/fm-manchester","/office-cleaning",TRUE
"/fm-manchester","/pressure-washing",TRUE
"/fm-manchester","/window-cleaning",TRUE
"/fm-manchester","/soft-services",TRUE
"/fm-manchester","/security-services",TRUE
"/fm-manchester","/concierge-services",TRUE
"/fm-manchester","/washroom-management",TRUE
"/fm-manchester","/grounds-maintenance",TRUE
"/fm-manchester","/industrial-facilities-management",TRUE
"/fm-manchester","/commercial-facilities-management",TRUE
"/fm-manchester","/logistics-facilities-management",TRUE
"/fm-manchester","/warehouse-facilities-management",TRUE
"/fm-manchester","/retail-facilities-management",TRUE
"/fm-manchester","/healthcare-facilities-management",TRUE
"/fm-manchester","/education-facilities-management",TRUE
"/fm-manchester","/public-sector-facilities-management",TRUE
"/fm-manchester","/residential-facilities-management",TRUE
"/fm-manchester","/hotel-facilities-management",TRUE
"/fm-manchester","/sectors",FALSE
"/fm-manchester","/fm-london",TRUE
"/fm-manchester","/facilities-management-london",TRUE
"/fm-manchester","/london-facilities-management",TRUE
"/fm-manchester","/facilities-management-manchester",TRUE
"/fm-manchester","/facilities-management-birmingham",TRUE
"/fm-manchester","/facilities-management-sheffield",TRUE
"/fm-manchester","/facilities-management-leeds",TRUE
"/fm-manchester","/facilities-management-lincoln",TRUE
"/fm-manchester","/facilities-management-liverpool",TRUE
"/fm-manchester","/facilities-management-nottingham",TRUE
"/fm-manchester","/privacy-policy",TRUE
"/fm-manchester","/terms-and-conditions",TRUE
"/fm-manchester","/accessibility-statement",TRUE
"/fm-manchester","/helpdesk",TRUE
"/fm-manchester","/sitemap.xml",FALSE
"/fm-matlock","/client-login",TRUE
"/fm-matlock","/",TRUE
"/fm-matlock","/case-studies",FALSE
"/fm-matlock","/blog",TRUE
"/fm-matlock","/about-entire-facilities-management",TRUE
"/fm-matlock","/contact-us",TRUE
"/fm-matlock","/locations",FALSE
"/fm-matlock","/mechanical-electrical",TRUE
"/fm-matlock","/ppm",TRUE
"/fm-matlock","/hard-services",TRUE
"/fm-matlock","/hvac-contractor",TRUE
"/fm-matlock","/plumbing-gas",TRUE
"/fm-matlock","/fire-emergency-systems",TRUE
"/fm-matlock","/safety-critical-emergency-systems",TRUE
"/fm-matlock","/building-maintenance",TRUE
"/fm-matlock","/mechanical-electrical/emergency-light-testing",TRUE
"/fm-matlock","/mechanical-electrical/access-control",TRUE
"/fm-matlock","/aerial-drone-building-inspection",TRUE
"/fm-matlock","/industrial-cleaning",TRUE
"/fm-matlock","/cleaning-services",TRUE
"/fm-matlock","/contract-cleaning",TRUE
"/fm-matlock","/office-cleaning",TRUE
"/fm-matlock","/pressure-washing",TRUE
"/fm-matlock","/window-cleaning",TRUE
"/fm-matlock","/soft-services",TRUE
"/fm-matlock","/security-services",TRUE
"/fm-matlock","/concierge-services",TRUE
"/fm-matlock","/washroom-management",TRUE
"/fm-matlock","/grounds-maintenance",TRUE
"/fm-matlock","/industrial-facilities-management",TRUE
"/fm-matlock","/commercial-facilities-management",TRUE
"/fm-matlock","/logistics-facilities-management",TRUE
"/fm-matlock","/warehouse-facilities-management",TRUE
"/fm-matlock","/retail-facilities-management",TRUE
"/fm-matlock","/healthcare-facilities-management",TRUE
"/fm-matlock","/education-facilities-management",TRUE
"/fm-matlock","/public-sector-facilities-management",TRUE
"/fm-matlock","/residential-facilities-management",TRUE
"/fm-matlock","/hotel-facilities-management",TRUE
"/fm-matlock","/sectors",FALSE
"/fm-matlock","/fm-london",TRUE
"/fm-matlock","/facilities-management-london",TRUE
"/fm-matlock","/london-facilities-management",TRUE
"/fm-matlock","/facilities-management-manchester",TRUE
"/fm-matlock","/facilities-management-birmingham",TRUE
"/fm-matlock","/facilities-management-sheffield",TRUE
"/fm-matlock","/facilities-management-leeds",TRUE
"/fm-matlock","/facilities-management-lincoln",TRUE
"/fm-matlock","/facilities-management-liverpool",TRUE
"/fm-matlock","/facilities-management-nottingham",TRUE
"/fm-matlock","/privacy-policy",TRUE
"/fm-matlock","/terms-and-conditions",TRUE
"/fm-matlock","/accessibility-statement",TRUE
"/fm-matlock","/helpdesk",TRUE
"/fm-matlock","/sitemap.xml",FALSE
"/fm-nottingham","/client-login",TRUE
"/fm-nottingham","/",TRUE
"/fm-nottingham","/case-studies",FALSE
"/fm-nottingham","/blog",TRUE
"/fm-nottingham","/about-entire-facilities-management",TRUE
"/fm-nottingham","/contact-us",TRUE
"/fm-nottingham","/locations",FALSE
"/fm-nottingham","/mechanical-electrical",TRUE
"/fm-nottingham","/ppm",TRUE
"/fm-nottingham","/hard-services",TRUE
"/fm-nottingham","/hvac-contractor",TRUE
"/fm-nottingham","/plumbing-gas",TRUE
"/fm-nottingham","/fire-emergency-systems",TRUE
"/fm-nottingham","/safety-critical-emergency-systems",TRUE
"/fm-nottingham","/building-maintenance",TRUE
"/fm-nottingham","/mechanical-electrical/emergency-light-testing",TRUE
"/fm-nottingham","/mechanical-electrical/access-control",TRUE
"/fm-nottingham","/aerial-drone-building-inspection",TRUE
"/fm-nottingham","/industrial-cleaning",TRUE
"/fm-nottingham","/cleaning-services",TRUE
"/fm-nottingham","/contract-cleaning",TRUE
"/fm-nottingham","/office-cleaning",TRUE
"/fm-nottingham","/pressure-washing",TRUE
"/fm-nottingham","/window-cleaning",TRUE
"/fm-nottingham","/soft-services",TRUE
"/fm-nottingham","/security-services",TRUE
"/fm-nottingham","/concierge-services",TRUE
"/fm-nottingham","/washroom-management",TRUE
"/fm-nottingham","/grounds-maintenance",TRUE
"/fm-nottingham","/industrial-facilities-management",TRUE
"/fm-nottingham","/commercial-facilities-management",TRUE
"/fm-nottingham","/logistics-facilities-management",TRUE
"/fm-nottingham","/warehouse-facilities-management",TRUE
"/fm-nottingham","/retail-facilities-management",TRUE
"/fm-nottingham","/healthcare-facilities-management",TRUE
"/fm-nottingham","/education-facilities-management",TRUE
"/fm-nottingham","/public-sector-facilities-management",TRUE
"/fm-nottingham","/residential-facilities-management",TRUE
"/fm-nottingham","/hotel-facilities-management",TRUE
"/fm-nottingham","/sectors",FALSE
"/fm-nottingham","/fm-london",TRUE
"/fm-nottingham","/facilities-management-london",TRUE
"/fm-nottingham","/london-facilities-management",TRUE
"/fm-nottingham","/facilities-management-manchester",TRUE
"/fm-nottingham","/facilities-management-birmingham",TRUE
"/fm-nottingham","/facilities-management-sheffield",TRUE
"/fm-nottingham","/facilities-management-leeds",TRUE
"/fm-nottingham","/facilities-management-lincoln",TRUE
"/fm-nottingham","/facilities-management-liverpool",TRUE
"/fm-nottingham","/facilities-management-nottingham",TRUE
"/fm-nottingham","/privacy-policy",TRUE
"/fm-nottingham","/terms-and-conditions",TRUE
"/fm-nottingham","/accessibility-statement",TRUE
"/fm-nottingham","/helpdesk",TRUE
"/fm-nottingham","/sitemap.xml",FALSE
"/fm-preston","/client-login",TRUE
"/fm-preston","/",TRUE
"/fm-preston","/case-studies",FALSE
"/fm-preston","/blog",TRUE
"/fm-preston","/about-entire-facilities-management",TRUE
"/fm-preston","/contact-us",TRUE
"/fm-preston","/locations",FALSE
"/fm-preston","/mechanical-electrical",TRUE
"/fm-preston","/ppm",TRUE
"/fm-preston","/hard-services",TRUE
"/fm-preston","/hvac-contractor",TRUE
"/fm-preston","/plumbing-gas",TRUE
"/fm-preston","/fire-emergency-systems",TRUE
"/fm-preston","/safety-critical-emergency-systems",TRUE
"/fm-preston","/building-maintenance",TRUE
"/fm-preston","/mechanical-electrical/emergency-light-testing",TRUE
"/fm-preston","/mechanical-electrical/access-control",TRUE
"/fm-preston","/aerial-drone-building-inspection",TRUE
"/fm-preston","/industrial-cleaning",TRUE
"/fm-preston","/cleaning-services",TRUE
"/fm-preston","/contract-cleaning",TRUE
"/fm-preston","/office-cleaning",TRUE
"/fm-preston","/pressure-washing",TRUE
"/fm-preston","/window-cleaning",TRUE
"/fm-preston","/soft-services",TRUE
"/fm-preston","/security-services",TRUE
"/fm-preston","/concierge-services",TRUE
"/fm-preston","/washroom-management",TRUE
"/fm-preston","/grounds-maintenance",TRUE
"/fm-preston","/industrial-facilities-management",TRUE
"/fm-preston","/commercial-facilities-management",TRUE
"/fm-preston","/logistics-facilities-management",TRUE
"/fm-preston","/warehouse-facilities-management",TRUE
"/fm-preston","/retail-facilities-management",TRUE
"/fm-preston","/healthcare-facilities-management",TRUE
"/fm-preston","/education-facilities-management",TRUE
"/fm-preston","/public-sector-facilities-management",TRUE
"/fm-preston","/residential-facilities-management",TRUE
"/fm-preston","/hotel-facilities-management",TRUE
"/fm-preston","/sectors",FALSE
"/fm-preston","/fm-london",TRUE
"/fm-preston","/facilities-management-london",TRUE
"/fm-preston","/london-facilities-management",TRUE
"/fm-preston","/facilities-management-manchester",TRUE
"/fm-preston","/facilities-management-birmingham",TRUE
"/fm-preston","/facilities-management-sheffield",TRUE
"/fm-preston","/facilities-management-leeds",TRUE
"/fm-preston","/facilities-management-lincoln",TRUE
"/fm-preston","/facilities-management-liverpool",TRUE
"/fm-preston","/facilities-management-nottingham",TRUE
"/fm-preston","/privacy-policy",TRUE
"/fm-preston","/terms-and-conditions",TRUE
"/fm-preston","/accessibility-statement",TRUE
"/fm-preston","/helpdesk",TRUE
"/fm-preston","/sitemap.xml",FALSE
"/fm-rotherham","/client-login",TRUE
"/fm-rotherham","/",TRUE
"/fm-rotherham","/case-studies",FALSE
"/fm-rotherham","/blog",TRUE
"/fm-rotherham","/about-entire-facilities-management",TRUE
"/fm-rotherham","/contact-us",TRUE
"/fm-rotherham","/locations",FALSE
"/fm-rotherham","/mechanical-electrical",TRUE
"/fm-rotherham","/ppm",TRUE
"/fm-rotherham","/hard-services",TRUE
"/fm-rotherham","/hvac-contractor",TRUE
"/fm-rotherham","/plumbing-gas",TRUE
"/fm-rotherham","/fire-emergency-systems",TRUE
"/fm-rotherham","/safety-critical-emergency-systems",TRUE
"/fm-rotherham","/building-maintenance",TRUE
"/fm-rotherham","/mechanical-electrical/emergency-light-testing",TRUE
"/fm-rotherham","/mechanical-electrical/access-control",TRUE
"/fm-rotherham","/aerial-drone-building-inspection",TRUE
"/fm-rotherham","/industrial-cleaning",TRUE
"/fm-rotherham","/cleaning-services",TRUE
"/fm-rotherham","/contract-cleaning",TRUE
"/fm-rotherham","/office-cleaning",TRUE
"/fm-rotherham","/pressure-washing",TRUE
"/fm-rotherham","/window-cleaning",TRUE
"/fm-rotherham","/soft-services",TRUE
"/fm-rotherham","/security-services",TRUE
"/fm-rotherham","/concierge-services",TRUE
"/fm-rotherham","/washroom-management",TRUE
"/fm-rotherham","/grounds-maintenance",TRUE
"/fm-rotherham","/industrial-facilities-management",TRUE
"/fm-rotherham","/commercial-facilities-management",TRUE
"/fm-rotherham","/logistics-facilities-management",TRUE
"/fm-rotherham","/warehouse-facilities-management",TRUE
"/fm-rotherham","/retail-facilities-management",TRUE
"/fm-rotherham","/healthcare-facilities-management",TRUE
"/fm-rotherham","/education-facilities-management",TRUE
"/fm-rotherham","/public-sector-facilities-management",TRUE
"/fm-rotherham","/residential-facilities-management",TRUE
"/fm-rotherham","/hotel-facilities-management",TRUE
"/fm-rotherham","/sectors",FALSE
"/fm-rotherham","/fm-london",TRUE
"/fm-rotherham","/facilities-management-london",TRUE
"/fm-rotherham","/london-facilities-management",TRUE
"/fm-rotherham","/facilities-management-manchester",TRUE
"/fm-rotherham","/facilities-management-birmingham",TRUE
"/fm-rotherham","/facilities-management-sheffield",TRUE
"/fm-rotherham","/facilities-management-leeds",TRUE
"/fm-rotherham","/facilities-management-lincoln",TRUE
"/fm-rotherham","/facilities-management-liverpool",TRUE
"/fm-rotherham","/facilities-management-nottingham",TRUE
"/fm-rotherham","/privacy-policy",TRUE
"/fm-rotherham","/terms-and-conditions",TRUE
"/fm-rotherham","/accessibility-statement",TRUE
"/fm-rotherham","/helpdesk",TRUE
"/fm-rotherham","/sitemap.xml",FALSE
"/fm-sheffield","/client-login",TRUE
"/fm-sheffield","/",TRUE
"/fm-sheffield","/case-studies",FALSE
"/fm-sheffield","/blog",TRUE
"/fm-sheffield","/about-entire-facilities-management",TRUE
"/fm-sheffield","/contact-us",TRUE
"/fm-sheffield","/locations",FALSE
"/fm-sheffield","/mechanical-electrical",TRUE
"/fm-sheffield","/ppm",TRUE
"/fm-sheffield","/hard-services",TRUE
"/fm-sheffield","/hvac-contractor",TRUE
"/fm-sheffield","/plumbing-gas",TRUE
"/fm-sheffield","/fire-emergency-systems",TRUE
"/fm-sheffield","/safety-critical-emergency-systems",TRUE
"/fm-sheffield","/building-maintenance",TRUE
"/fm-sheffield","/mechanical-electrical/emergency-light-testing",TRUE
"/fm-sheffield","/mechanical-electrical/access-control",TRUE
"/fm-sheffield","/aerial-drone-building-inspection",TRUE
"/fm-sheffield","/industrial-cleaning",TRUE
"/fm-sheffield","/cleaning-services",TRUE
"/fm-sheffield","/contract-cleaning",TRUE
"/fm-sheffield","/office-cleaning",TRUE
"/fm-sheffield","/pressure-washing",TRUE
"/fm-sheffield","/window-cleaning",TRUE
"/fm-sheffield","/soft-services",TRUE
"/fm-sheffield","/security-services",TRUE
"/fm-sheffield","/concierge-services",TRUE
"/fm-sheffield","/washroom-management",TRUE
"/fm-sheffield","/grounds-maintenance",TRUE
"/fm-sheffield","/industrial-facilities-management",TRUE
"/fm-sheffield","/commercial-facilities-management",TRUE
"/fm-sheffield","/logistics-facilities-management",TRUE
"/fm-sheffield","/warehouse-facilities-management",TRUE
"/fm-sheffield","/retail-facilities-management",TRUE
"/fm-sheffield","/healthcare-facilities-management",TRUE
"/fm-sheffield","/education-facilities-management",TRUE
"/fm-sheffield","/public-sector-facilities-management",TRUE
"/fm-sheffield","/residential-facilities-management",TRUE
"/fm-sheffield","/hotel-facilities-management",TRUE
"/fm-sheffield","/sectors",FALSE
"/fm-sheffield","/fm-london",TRUE
"/fm-sheffield","/facilities-management-london",TRUE
"/fm-sheffield","/london-facilities-management",TRUE
"/fm-sheffield","/facilities-management-manchester",TRUE
"/fm-sheffield","/facilities-management-birmingham",TRUE
"/fm-sheffield","/facilities-management-sheffield",TRUE
"/fm-sheffield","/facilities-management-leeds",TRUE
"/fm-sheffield","/facilities-management-lincoln",TRUE
"/fm-sheffield","/facilities-management-liverpool",TRUE
"/fm-sheffield","/facilities-management-nottingham",TRUE
"/fm-sheffield","/privacy-policy",TRUE
"/fm-sheffield","/terms-and-conditions",TRUE
"/fm-sheffield","/accessibility-statement",TRUE
"/fm-sheffield","/helpdesk",TRUE
"/fm-sheffield","/sitemap.xml",FALSE
"/fm-supply-chain","/client-login",TRUE
"/fm-supply-chain","/",TRUE
"/fm-supply-chain","/case-studies",FALSE
"/fm-supply-chain","/blog",TRUE
"/fm-supply-chain","/about-entire-facilities-management",TRUE
"/fm-supply-chain","/contact-us",TRUE
"/fm-supply-chain","/mechanical-electrical",TRUE
"/fm-supply-chain","/hvac-contractor",TRUE
"/fm-supply-chain","/ppm",TRUE
"/fm-supply-chain","/hard-services",TRUE
"/fm-supply-chain","/plumbing-gas",TRUE
"/fm-supply-chain","/fire-emergency-systems",TRUE
"/fm-supply-chain","/safety-critical-emergency-systems",TRUE
"/fm-supply-chain","/building-maintenance",TRUE
"/fm-supply-chain","/mechanical-electrical/emergency-light-testing",TRUE
"/fm-supply-chain","/mechanical-electrical/access-control",TRUE
"/fm-supply-chain","/aerial-drone-building-inspection",TRUE
"/fm-supply-chain","/industrial-cleaning",TRUE
"/fm-supply-chain","/cleaning-services",TRUE
"/fm-supply-chain","/contract-cleaning",TRUE
"/fm-supply-chain","/office-cleaning",TRUE
"/fm-supply-chain","/pressure-washing",TRUE
"/fm-supply-chain","/window-cleaning",TRUE
"/fm-supply-chain","/soft-services",TRUE
"/fm-supply-chain","/security-services",TRUE
"/fm-supply-chain","/concierge-services",TRUE
"/fm-supply-chain","/washroom-management",TRUE
"/fm-supply-chain","/grounds-maintenance",TRUE
"/fm-supply-chain","/industrial-facilities-management",TRUE
"/fm-supply-chain","/commercial-facilities-management",TRUE
"/fm-supply-chain","/logistics-facilities-management",TRUE
"/fm-supply-chain","/warehouse-facilities-management",TRUE
"/fm-supply-chain","/retail-facilities-management",TRUE
"/fm-supply-chain","/healthcare-facilities-management",TRUE
"/fm-supply-chain","/education-facilities-management",TRUE
"/fm-supply-chain","/public-sector-facilities-management",TRUE
"/fm-supply-chain","/residential-facilities-management",TRUE
"/fm-supply-chain","/hotel-facilities-management",TRUE
"/fm-supply-chain","/sectors",FALSE
"/fm-supply-chain","/fm-london",TRUE
"/fm-supply-chain","/facilities-management-london",TRUE
"/fm-supply-chain","/london-facilities-management",TRUE
"/fm-supply-chain","/facilities-management-manchester",TRUE
"/fm-supply-chain","/facilities-management-birmingham",TRUE
"/fm-supply-chain","/facilities-management-sheffield",TRUE
"/fm-supply-chain","/facilities-management-leeds",TRUE
"/fm-supply-chain","/facilities-management-lincoln",TRUE
"/fm-supply-chain","/facilities-management-liverpool",TRUE
"/fm-supply-chain","/facilities-management-nottingham",TRUE
"/fm-supply-chain","/locations",FALSE
"/fm-supply-chain","/privacy-policy",TRUE
"/fm-supply-chain","/terms-and-conditions",TRUE
"/fm-supply-chain","/accessibility-statement",TRUE
"/fm-supply-chain","/helpdesk",TRUE
"/fm-supply-chain","/sitemap.xml",FALSE
"/fm-services-sheffield","/client-login",TRUE
"/fm-services-sheffield","/",TRUE
"/fm-services-sheffield","/case-studies",FALSE
"/fm-services-sheffield","/blog",TRUE
"/fm-services-sheffield","/about-entire-facilities-management",TRUE
"/fm-services-sheffield","/contact-us",TRUE
"/fm-services-sheffield","/locations",FALSE
"/fm-services-sheffield","/mechanical-electrical",TRUE
"/fm-services-sheffield","/ppm",TRUE
"/fm-services-sheffield","/hard-services",TRUE
"/fm-services-sheffield","/hvac-contractor",TRUE
"/fm-services-sheffield","/plumbing-gas",TRUE
"/fm-services-sheffield","/fire-emergency-systems",TRUE
"/fm-services-sheffield","/safety-critical-emergency-systems",TRUE
"/fm-services-sheffield","/building-maintenance",TRUE
"/fm-services-sheffield","/mechanical-electrical/emergency-light-testing",TRUE
"/fm-services-sheffield","/mechanical-electrical/access-control",TRUE
"/fm-services-sheffield","/aerial-drone-building-inspection",TRUE
"/fm-services-sheffield","/industrial-cleaning",TRUE
"/fm-services-sheffield","/cleaning-services",TRUE
"/fm-services-sheffield","/contract-cleaning",TRUE
"/fm-services-sheffield","/office-cleaning",TRUE
"/fm-services-sheffield","/pressure-washing",TRUE
"/fm-services-sheffield","/window-cleaning",TRUE
"/fm-services-sheffield","/soft-services",TRUE
"/fm-services-sheffield","/security-services",TRUE
"/fm-services-sheffield","/concierge-services",TRUE
"/fm-services-sheffield","/washroom-management",TRUE
"/fm-services-sheffield","/grounds-maintenance",TRUE
"/fm-services-sheffield","/industrial-facilities-management",TRUE
"/fm-services-sheffield","/commercial-facilities-management",TRUE
"/fm-services-sheffield","/logistics-facilities-management",TRUE
"/fm-services-sheffield","/warehouse-facilities-management",TRUE
"/fm-services-sheffield","/retail-facilities-management",TRUE
"/fm-services-sheffield","/healthcare-facilities-management",TRUE
"/fm-services-sheffield","/education-facilities-management",TRUE
"/fm-services-sheffield","/public-sector-facilities-management",TRUE
"/fm-services-sheffield","/residential-facilities-management",TRUE
"/fm-services-sheffield","/hotel-facilities-management",TRUE
"/fm-services-sheffield","/sectors",FALSE
"/fm-services-sheffield","/fm-london",TRUE
"/fm-services-sheffield","/facilities-management-london",TRUE
"/fm-services-sheffield","/london-facilities-management",TRUE
"/fm-services-sheffield","/facilities-management-manchester",TRUE
"/fm-services-sheffield","/facilities-management-birmingham",TRUE
"/fm-services-sheffield","/facilities-management-sheffield",TRUE
"/fm-services-sheffield","/facilities-management-leeds",TRUE
"/fm-services-sheffield","/facilities-management-lincoln",TRUE
"/fm-services-sheffield","/facilities-management-liverpool",TRUE
"/fm-services-sheffield","/facilities-management-nottingham",TRUE
"/fm-services-sheffield","/privacy-policy",TRUE
"/fm-services-sheffield","/terms-and-conditions",TRUE
"/fm-services-sheffield","/accessibility-statement",TRUE
"/fm-services-sheffield","/helpdesk",TRUE
"/fm-services-sheffield","/sitemap.xml",FALSE
"/fm-supply-form","/client-login",TRUE
"/fm-supply-form","/",TRUE
"/fm-supply-form","/case-studies",FALSE
"/fm-supply-form","/blog",TRUE
"/fm-supply-form","/about-entire-facilities-management",TRUE
"/fm-supply-form","/contact-us",TRUE
"/fm-supply-form","/mechanical-electrical",TRUE
"/fm-supply-form","/hvac-contractor",TRUE
"/fm-supply-form","/ppm",TRUE
"/fm-supply-form","/hard-services",TRUE
"/fm-supply-form","/plumbing-gas",TRUE
"/fm-supply-form","/fire-emergency-systems",TRUE
"/fm-supply-form","/safety-critical-emergency-systems",TRUE
"/fm-supply-form","/building-maintenance",TRUE
"/fm-supply-form","/mechanical-electrical/emergency-light-testing",TRUE
"/fm-supply-form","/mechanical-electrical/access-control",TRUE
"/fm-supply-form","/aerial-drone-building-inspection",TRUE
"/fm-supply-form","/industrial-cleaning",TRUE
"/fm-supply-form","/cleaning-services",TRUE
"/fm-supply-form","/contract-cleaning",TRUE
"/fm-supply-form","/office-cleaning",TRUE
"/fm-supply-form","/pressure-washing",TRUE
"/fm-supply-form","/window-cleaning",TRUE
"/fm-supply-form","/soft-services",TRUE
"/fm-supply-form","/security-services",TRUE
"/fm-supply-form","/concierge-services",TRUE
"/fm-supply-form","/washroom-management",TRUE
"/fm-supply-form","/grounds-maintenance",TRUE
"/fm-supply-form","/industrial-facilities-management",TRUE
"/fm-supply-form","/commercial-facilities-management",TRUE
"/fm-supply-form","/logistics-facilities-management",TRUE
"/fm-supply-form","/warehouse-facilities-management",TRUE
"/fm-supply-form","/retail-facilities-management",TRUE
"/fm-supply-form","/healthcare-facilities-management",TRUE
"/fm-supply-form","/education-facilities-management",TRUE
"/fm-supply-form","/public-sector-facilities-management",TRUE
"/fm-supply-form","/residential-facilities-management",TRUE
"/fm-supply-form","/hotel-facilities-management",TRUE
"/fm-supply-form","/sectors",FALSE
"/fm-supply-form","/fm-london",TRUE
"/fm-supply-form","/facilities-management-london",TRUE
"/fm-supply-form","/london-facilities-management",TRUE
"/fm-supply-form","/facilities-management-manchester",TRUE
"/fm-supply-form","/facilities-management-birmingham",TRUE
"/fm-supply-form","/facilities-management-sheffield",TRUE
"/fm-supply-form","/facilities-management-leeds",TRUE
"/fm-supply-form","/facilities-management-lincoln",TRUE
"/fm-supply-form","/facilities-management-liverpool",TRUE
"/fm-supply-form","/facilities-management-nottingham",TRUE
"/fm-supply-form","/locations",FALSE
"/fm-supply-form","/privacy-policy",TRUE
"/fm-supply-form","/terms-and-conditions",TRUE
"/fm-supply-form","/accessibility-statement",TRUE
"/fm-supply-form","/helpdesk",TRUE
"/fm-supply-form","/sitemap.xml",FALSE
"/fm-support-n-contact","/client-login",TRUE
"/fm-support-n-contact","/",TRUE
"/fm-support-n-contact","/case-studies",FALSE
"/fm-support-n-contact","/blog",TRUE
"/fm-support-n-contact","/about-entire-facilities-management",TRUE
"/fm-support-n-contact","/contact-us",TRUE
"/fm-support-n-contact","/mechanical-electrical",TRUE
"/fm-support-n-contact","/hvac-contractor",TRUE
"/fm-support-n-contact","/ppm",TRUE
"/fm-support-n-contact","/hard-services",TRUE
"/fm-support-n-contact","/plumbing-gas",TRUE
"/fm-support-n-contact","/fire-emergency-systems",TRUE
"/fm-support-n-contact","/safety-critical-emergency-systems",TRUE
"/fm-support-n-contact","/building-maintenance",TRUE
"/fm-support-n-contact","/mechanical-electrical/emergency-light-testing",TRUE
"/fm-support-n-contact","/mechanical-electrical/access-control",TRUE
"/fm-support-n-contact","/aerial-drone-building-inspection",TRUE
"/fm-support-n-contact","/industrial-cleaning",TRUE
"/fm-support-n-contact","/cleaning-services",TRUE
"/fm-support-n-contact","/contract-cleaning",TRUE
"/fm-support-n-contact","/office-cleaning",TRUE
"/fm-support-n-contact","/pressure-washing",TRUE
"/fm-support-n-contact","/window-cleaning",TRUE
"/fm-support-n-contact","/soft-services",TRUE
"/fm-support-n-contact","/security-services",TRUE
"/fm-support-n-contact","/concierge-services",TRUE
"/fm-support-n-contact","/washroom-management",TRUE
"/fm-support-n-contact","/grounds-maintenance",TRUE
"/fm-support-n-contact","/industrial-facilities-management",TRUE
"/fm-support-n-contact","/commercial-facilities-management",TRUE
"/fm-support-n-contact","/logistics-facilities-management",TRUE
"/fm-support-n-contact","/warehouse-facilities-management",TRUE
"/fm-support-n-contact","/retail-facilities-management",TRUE
"/fm-support-n-contact","/healthcare-facilities-management",TRUE
"/fm-support-n-contact","/education-facilities-management",TRUE
"/fm-support-n-contact","/public-sector-facilities-management",TRUE
"/fm-support-n-contact","/residential-facilities-management",TRUE
"/fm-support-n-contact","/hotel-facilities-management",TRUE
"/fm-support-n-contact","/sectors",FALSE
"/fm-support-n-contact","/fm-london",TRUE
"/fm-support-n-contact","/facilities-management-london",TRUE
"/fm-support-n-contact","/london-facilities-management",TRUE
"/fm-support-n-contact","/facilities-management-manchester",TRUE
"/fm-support-n-contact","/facilities-management-birmingham",TRUE
"/fm-support-n-contact","/facilities-management-sheffield",TRUE
"/fm-support-n-contact","/facilities-management-leeds",TRUE
"/fm-support-n-contact","/facilities-management-lincoln",TRUE
"/fm-support-n-contact","/facilities-management-liverpool",TRUE
"/fm-support-n-contact","/facilities-management-nottingham",TRUE
"/fm-support-n-contact","/locations",FALSE
"/fm-support-n-contact","/privacy-policy",TRUE
"/fm-support-n-contact","/terms-and-conditions",TRUE
"/fm-support-n-contact","/accessibility-statement",TRUE
"/fm-support-n-contact","/helpdesk",TRUE
"/fm-support-n-contact","/sitemap.xml",FALSE
"/fm-telford","/client-login",TRUE
"/fm-telford","/",TRUE
"/fm-telford","/case-studies",FALSE
"/fm-telford","/blog",TRUE
"/fm-telford","/about-entire-facilities-management",TRUE
"/fm-telford","/contact-us",TRUE
"/fm-telford","/locations",FALSE
"/fm-telford","/mechanical-electrical",TRUE
"/fm-telford","/ppm",TRUE
"/fm-telford","/hard-services",TRUE
"/fm-telford","/hvac-contractor",TRUE
"/fm-telford","/plumbing-gas",TRUE
"/fm-telford","/fire-emergency-systems",TRUE
"/fm-telford","/safety-critical-emergency-systems",TRUE
"/fm-telford","/building-maintenance",TRUE
"/fm-telford","/mechanical-electrical/emergency-light-testing",TRUE
"/fm-telford","/mechanical-electrical/access-control",TRUE
"/fm-telford","/aerial-drone-building-inspection",TRUE
"/fm-telford","/industrial-cleaning",TRUE
"/fm-telford","/cleaning-services",TRUE
"/fm-telford","/contract-cleaning",TRUE
"/fm-telford","/office-cleaning",TRUE
"/fm-telford","/pressure-washing",TRUE
"/fm-telford","/window-cleaning",TRUE
"/fm-telford","/soft-services",TRUE
"/fm-telford","/security-services",TRUE
"/fm-telford","/concierge-services",TRUE
"/fm-telford","/washroom-management",TRUE
"/fm-telford","/grounds-maintenance",TRUE
"/fm-telford","/industrial-facilities-management",TRUE
"/fm-telford","/commercial-facilities-management",TRUE
"/fm-telford","/logistics-facilities-management",TRUE
"/fm-telford","/warehouse-facilities-management",TRUE
"/fm-telford","/retail-facilities-management",TRUE
"/fm-telford","/healthcare-facilities-management",TRUE
"/fm-telford","/education-facilities-management",TRUE
"/fm-telford","/public-sector-facilities-management",TRUE
"/fm-telford","/residential-facilities-management",TRUE
"/fm-telford","/hotel-facilities-management",TRUE
"/fm-telford","/sectors",FALSE
"/fm-telford","/fm-london",TRUE
"/fm-telford","/facilities-management-london",TRUE
"/fm-telford","/london-facilities-management",TRUE
"/fm-telford","/facilities-management-manchester",TRUE
"/fm-telford","/facilities-management-birmingham",TRUE
"/fm-telford","/facilities-management-sheffield",TRUE
"/fm-telford","/facilities-management-leeds",TRUE
"/fm-telford","/facilities-management-lincoln",TRUE
"/fm-telford","/facilities-management-liverpool",TRUE
"/fm-telford","/facilities-management-nottingham",TRUE
"/fm-telford","/privacy-policy",TRUE
"/fm-telford","/terms-and-conditions",TRUE
"/fm-telford","/accessibility-statement",TRUE
"/fm-telford","/helpdesk",TRUE
"/fm-telford","/sitemap.xml",FALSE
"/fm-support-n-contact/facilities-management-glossary","/client-login",TRUE
"/fm-support-n-contact/facilities-management-glossary","/",TRUE
"/fm-support-n-contact/facilities-management-glossary","/case-studies",FALSE
"/fm-support-n-contact/facilities-management-glossary","/blog",TRUE
"/fm-support-n-contact/facilities-management-glossary","/about-entire-facilities-management",TRUE
"/fm-support-n-contact/facilities-management-glossary","/contact-us",TRUE
"/fm-support-n-contact/facilities-management-glossary","/mechanical-electrical",TRUE
"/fm-support-n-contact/facilities-management-glossary","/ppm",TRUE
"/fm-support-n-contact/facilities-management-glossary","/hard-services",TRUE
"/fm-support-n-contact/facilities-management-glossary","/hvac-contractor",TRUE
"/fm-support-n-contact/facilities-management-glossary","/plumbing-gas",TRUE
"/fm-support-n-contact/facilities-management-glossary","/fire-emergency-systems",TRUE
"/fm-support-n-contact/facilities-management-glossary","/safety-critical-emergency-systems",TRUE
"/fm-support-n-contact/facilities-management-glossary","/building-maintenance",TRUE
"/fm-support-n-contact/facilities-management-glossary","/mechanical-electrical/emergency-light-testing",TRUE
"/fm-support-n-contact/facilities-management-glossary","/mechanical-electrical/access-control",TRUE
"/fm-support-n-contact/facilities-management-glossary","/aerial-drone-building-inspection",TRUE
"/fm-support-n-contact/facilities-management-glossary","/industrial-cleaning",TRUE
"/fm-support-n-contact/facilities-management-glossary","/cleaning-services",TRUE
"/fm-support-n-contact/facilities-management-glossary","/contract-cleaning",TRUE
"/fm-support-n-contact/facilities-management-glossary","/office-cleaning",TRUE
"/fm-support-n-contact/facilities-management-glossary","/pressure-washing",TRUE
"/fm-support-n-contact/facilities-management-glossary","/window-cleaning",TRUE
"/fm-support-n-contact/facilities-management-glossary","/soft-services",TRUE
"/fm-support-n-contact/facilities-management-glossary","/security-services",TRUE
"/fm-support-n-contact/facilities-management-glossary","/concierge-services",TRUE
"/fm-support-n-contact/facilities-management-glossary","/washroom-management",TRUE
"/fm-support-n-contact/facilities-management-glossary","/grounds-maintenance",TRUE
"/fm-support-n-contact/facilities-management-glossary","/industrial-facilities-management",TRUE
"/fm-support-n-contact/facilities-management-glossary","/commercial-facilities-management",TRUE
"/fm-support-n-contact/facilities-management-glossary","/logistics-facilities-management",TRUE
"/fm-support-n-contact/facilities-management-glossary","/warehouse-facilities-management",TRUE
"/fm-support-n-contact/facilities-management-glossary","/retail-facilities-management",TRUE
"/fm-support-n-contact/facilities-management-glossary","/healthcare-facilities-management",TRUE
"/fm-support-n-contact/facilities-management-glossary","/education-facilities-management",TRUE
"/fm-support-n-contact/facilities-management-glossary","/public-sector-facilities-management",TRUE
"/fm-support-n-contact/facilities-management-glossary","/residential-facilities-management",TRUE
"/fm-support-n-contact/facilities-management-glossary","/hotel-facilities-management",TRUE
"/fm-support-n-contact/facilities-management-glossary","/sectors",FALSE
"/fm-support-n-contact/facilities-management-glossary","/fm-london",TRUE
"/fm-support-n-contact/facilities-management-glossary","/facilities-management-london",TRUE
"/fm-support-n-contact/facilities-management-glossary","/london-facilities-management",TRUE
"/fm-support-n-contact/facilities-management-glossary","/facilities-management-manchester",TRUE
"/fm-support-n-contact/facilities-management-glossary","/facilities-management-birmingham",TRUE
"/fm-support-n-contact/facilities-management-glossary","/facilities-management-sheffield",TRUE
"/fm-support-n-contact/facilities-management-glossary","/facilities-management-leeds",TRUE
"/fm-support-n-contact/facilities-management-glossary","/facilities-management-lincoln",TRUE
"/fm-support-n-contact/facilities-management-glossary","/facilities-management-liverpool",TRUE
"/fm-support-n-contact/facilities-management-glossary","/facilities-management-nottingham",TRUE
"/fm-support-n-contact/facilities-management-glossary","/locations",FALSE
"/fm-support-n-contact/facilities-management-glossary","/privacy-policy",TRUE
"/fm-support-n-contact/facilities-management-glossary","/terms-and-conditions",TRUE
"/fm-support-n-contact/facilities-management-glossary","/accessibility-statement",TRUE
"/fm-support-n-contact/facilities-management-glossary","/helpdesk",TRUE
"/fm-support-n-contact/facilities-management-glossary","/sitemap.xml",FALSE
"/fm-technical-services","/client-login",TRUE
"/fm-technical-services","/",TRUE
"/fm-technical-services","/case-studies",FALSE
"/fm-technical-services","/blog",TRUE
"/fm-technical-services","/about-entire-facilities-management",TRUE
"/fm-technical-services","/contact-us",TRUE
"/fm-technical-services","/services",TRUE
"/fm-technical-services","/mechanical-electrical",TRUE
"/fm-technical-services","/ppm",TRUE
"/fm-technical-services","/hard-services",TRUE
"/fm-technical-services","/hvac-contractor",TRUE
"/fm-technical-services","/plumbing-gas",TRUE
"/fm-technical-services","/fire-emergency-systems",TRUE
"/fm-technical-services","/safety-critical-emergency-systems",TRUE
"/fm-technical-services","/building-maintenance",TRUE
"/fm-technical-services","/mechanical-electrical/emergency-light-testing",TRUE
"/fm-technical-services","/mechanical-electrical/access-control",TRUE
"/fm-technical-services","/aerial-drone-building-inspection",TRUE
"/fm-technical-services","/industrial-cleaning",TRUE
"/fm-technical-services","/cleaning-services",TRUE
"/fm-technical-services","/contract-cleaning",TRUE
"/fm-technical-services","/office-cleaning",TRUE
"/fm-technical-services","/pressure-washing",TRUE
"/fm-technical-services","/window-cleaning",TRUE
"/fm-technical-services","/soft-services",TRUE
"/fm-technical-services","/security-services",TRUE
"/fm-technical-services","/concierge-services",TRUE
"/fm-technical-services","/washroom-management",TRUE
"/fm-technical-services","/grounds-maintenance",TRUE
"/fm-technical-services","/industrial-facilities-management",TRUE
"/fm-technical-services","/commercial-facilities-management",TRUE
"/fm-technical-services","/logistics-facilities-management",TRUE
"/fm-technical-services","/warehouse-facilities-management",TRUE
"/fm-technical-services","/retail-facilities-management",TRUE
"/fm-technical-services","/healthcare-facilities-management",TRUE
"/fm-technical-services","/education-facilities-management",TRUE
"/fm-technical-services","/public-sector-facilities-management",TRUE
"/fm-technical-services","/residential-facilities-management",TRUE
"/fm-technical-services","/hotel-facilities-management",TRUE
"/fm-technical-services","/sectors",FALSE
"/fm-technical-services","/fm-london",TRUE
"/fm-technical-services","/facilities-management-london",TRUE
"/fm-technical-services","/london-facilities-management",TRUE
"/fm-technical-services","/facilities-management-manchester",TRUE
"/fm-technical-services","/facilities-management-birmingham",TRUE
"/fm-technical-services","/facilities-management-sheffield",TRUE
"/fm-technical-services","/facilities-management-leeds",TRUE
"/fm-technical-services","/facilities-management-lincoln",TRUE
"/fm-technical-services","/facilities-management-liverpool",TRUE
"/fm-technical-services","/facilities-management-nottingham",TRUE
"/fm-technical-services","/locations",FALSE
"/fm-technical-services","/privacy-policy",TRUE
"/fm-technical-services","/terms-and-conditions",TRUE
"/fm-technical-services","/accessibility-statement",TRUE
"/fm-technical-services","/helpdesk",TRUE
"/fm-technical-services","/sitemap.xml",FALSE
"/hard-services","/client-login",TRUE
"/hard-services","/",TRUE
"/hard-services","/case-studies",FALSE
"/hard-services","/blog",TRUE
"/hard-services","/about-entire-facilities-management",TRUE
"/hard-services","/contact-us",TRUE
"/hard-services","/services",TRUE
"/hard-services","/mechanical-electrical",TRUE
"/hard-services","/ppm",TRUE
"/hard-services","/hard-services",TRUE
"/hard-services","/hvac-contractor",TRUE
"/hard-services","/plumbing-gas",TRUE
"/hard-services","/fire-emergency-systems",TRUE
"/hard-services","/safety-critical-emergency-systems",TRUE
"/hard-services","/building-maintenance",TRUE
"/hard-services","/mechanical-electrical/emergency-light-testing",TRUE
"/hard-services","/mechanical-electrical/access-control",TRUE
"/hard-services","/aerial-drone-building-inspection",TRUE
"/hard-services","/industrial-cleaning",TRUE
"/hard-services","/cleaning-services",TRUE
"/hard-services","/contract-cleaning",TRUE
"/hard-services","/office-cleaning",TRUE
"/hard-services","/pressure-washing",TRUE
"/hard-services","/window-cleaning",TRUE
"/hard-services","/soft-services",TRUE
"/hard-services","/security-services",TRUE
"/hard-services","/concierge-services",TRUE
"/hard-services","/washroom-management",TRUE
"/hard-services","/grounds-maintenance",TRUE
"/hard-services","/industrial-facilities-management",TRUE
"/hard-services","/commercial-facilities-management",TRUE
"/hard-services","/logistics-facilities-management",TRUE
"/hard-services","/warehouse-facilities-management",TRUE
"/hard-services","/retail-facilities-management",TRUE
"/hard-services","/healthcare-facilities-management",TRUE
"/hard-services","/education-facilities-management",TRUE
"/hard-services","/public-sector-facilities-management",TRUE
"/hard-services","/residential-facilities-management",TRUE
"/hard-services","/hotel-facilities-management",TRUE
"/hard-services","/sectors",FALSE
"/hard-services","/fm-london",TRUE
"/hard-services","/facilities-management-london",TRUE
"/hard-services","/london-facilities-management",TRUE
"/hard-services","/facilities-management-manchester",TRUE
"/hard-services","/facilities-management-birmingham",TRUE
"/hard-services","/facilities-management-sheffield",TRUE
"/hard-services","/facilities-management-leeds",TRUE
"/hard-services","/facilities-management-lincoln",TRUE
"/hard-services","/facilities-management-liverpool",TRUE
"/hard-services","/facilities-management-nottingham",TRUE
"/hard-services","/locations",FALSE
"/hard-services","/privacy-policy",TRUE
"/hard-services","/terms-and-conditions",TRUE
"/hard-services","/accessibility-statement",TRUE
"/hard-services","/helpdesk",TRUE
"/hard-services","/sitemap.xml",FALSE
"/grimsby-facilities-management","/client-login",TRUE
"/grimsby-facilities-management","/",TRUE
"/grimsby-facilities-management","/case-studies",FALSE
"/grimsby-facilities-management","/blog",TRUE
"/grimsby-facilities-management","/about-entire-facilities-management",TRUE
"/grimsby-facilities-management","/contact-us",TRUE
"/grimsby-facilities-management","/locations",FALSE
"/grimsby-facilities-management","/mechanical-electrical",TRUE
"/grimsby-facilities-management","/ppm",TRUE
"/grimsby-facilities-management","/hard-services",TRUE
"/grimsby-facilities-management","/hvac-contractor",TRUE
"/grimsby-facilities-management","/plumbing-gas",TRUE
"/grimsby-facilities-management","/fire-emergency-systems",TRUE
"/grimsby-facilities-management","/safety-critical-emergency-systems",TRUE
"/grimsby-facilities-management","/building-maintenance",TRUE
"/grimsby-facilities-management","/mechanical-electrical/emergency-light-testing",TRUE
"/grimsby-facilities-management","/mechanical-electrical/access-control",TRUE
"/grimsby-facilities-management","/aerial-drone-building-inspection",TRUE
"/grimsby-facilities-management","/industrial-cleaning",TRUE
"/grimsby-facilities-management","/cleaning-services",TRUE
"/grimsby-facilities-management","/contract-cleaning",TRUE
"/grimsby-facilities-management","/office-cleaning",TRUE
"/grimsby-facilities-management","/pressure-washing",TRUE
"/grimsby-facilities-management","/window-cleaning",TRUE
"/grimsby-facilities-management","/soft-services",TRUE
"/grimsby-facilities-management","/security-services",TRUE
"/grimsby-facilities-management","/concierge-services",TRUE
"/grimsby-facilities-management","/washroom-management",TRUE
"/grimsby-facilities-management","/grounds-maintenance",TRUE
"/grimsby-facilities-management","/industrial-facilities-management",TRUE
"/grimsby-facilities-management","/commercial-facilities-management",TRUE
"/grimsby-facilities-management","/logistics-facilities-management",TRUE
"/grimsby-facilities-management","/warehouse-facilities-management",TRUE
"/grimsby-facilities-management","/retail-facilities-management",TRUE
"/grimsby-facilities-management","/healthcare-facilities-management",TRUE
"/grimsby-facilities-management","/education-facilities-management",TRUE
"/grimsby-facilities-management","/public-sector-facilities-management",TRUE
"/grimsby-facilities-management","/residential-facilities-management",TRUE
"/grimsby-facilities-management","/hotel-facilities-management",TRUE
"/grimsby-facilities-management","/sectors",FALSE
"/grimsby-facilities-management","/fm-london",TRUE
"/grimsby-facilities-management","/facilities-management-london",TRUE
"/grimsby-facilities-management","/london-facilities-management",TRUE
"/grimsby-facilities-management","/facilities-management-manchester",TRUE
"/grimsby-facilities-management","/facilities-management-birmingham",TRUE
"/grimsby-facilities-management","/facilities-management-sheffield",TRUE
"/grimsby-facilities-management","/facilities-management-leeds",TRUE
"/grimsby-facilities-management","/facilities-management-lincoln",TRUE
"/grimsby-facilities-management","/facilities-management-liverpool",TRUE
"/grimsby-facilities-management","/facilities-management-nottingham",TRUE
"/grimsby-facilities-management","/privacy-policy",TRUE
"/grimsby-facilities-management","/terms-and-conditions",TRUE
"/grimsby-facilities-management","/accessibility-statement",TRUE
"/grimsby-facilities-management","/helpdesk",TRUE
"/grimsby-facilities-management","/sitemap.xml",FALSE
"/grounds-maintenance","/client-login",TRUE
"/grounds-maintenance","/",TRUE
"/grounds-maintenance","/case-studies",FALSE
"/grounds-maintenance","/blog",TRUE
"/grounds-maintenance","/about-entire-facilities-management",TRUE
"/grounds-maintenance","/contact-us",TRUE
"/grounds-maintenance","/services",TRUE
"/grounds-maintenance","/mechanical-electrical",TRUE
"/grounds-maintenance","/ppm",TRUE
"/grounds-maintenance","/hard-services",TRUE
"/grounds-maintenance","/hvac-contractor",TRUE
"/grounds-maintenance","/plumbing-gas",TRUE
"/grounds-maintenance","/fire-emergency-systems",TRUE
"/grounds-maintenance","/safety-critical-emergency-systems",TRUE
"/grounds-maintenance","/building-maintenance",TRUE
"/grounds-maintenance","/mechanical-electrical/emergency-light-testing",TRUE
"/grounds-maintenance","/mechanical-electrical/access-control",TRUE
"/grounds-maintenance","/aerial-drone-building-inspection",TRUE
"/grounds-maintenance","/industrial-cleaning",TRUE
"/grounds-maintenance","/cleaning-services",TRUE
"/grounds-maintenance","/contract-cleaning",TRUE
"/grounds-maintenance","/office-cleaning",TRUE
"/grounds-maintenance","/pressure-washing",TRUE
"/grounds-maintenance","/window-cleaning",TRUE
"/grounds-maintenance","/soft-services",TRUE
"/grounds-maintenance","/security-services",TRUE
"/grounds-maintenance","/concierge-services",TRUE
"/grounds-maintenance","/washroom-management",TRUE
"/grounds-maintenance","/grounds-maintenance",TRUE
"/grounds-maintenance","/industrial-facilities-management",TRUE
"/grounds-maintenance","/commercial-facilities-management",TRUE
"/grounds-maintenance","/logistics-facilities-management",TRUE
"/grounds-maintenance","/warehouse-facilities-management",TRUE
"/grounds-maintenance","/retail-facilities-management",TRUE
"/grounds-maintenance","/healthcare-facilities-management",TRUE
"/grounds-maintenance","/education-facilities-management",TRUE
"/grounds-maintenance","/public-sector-facilities-management",TRUE
"/grounds-maintenance","/residential-facilities-management",TRUE
"/grounds-maintenance","/hotel-facilities-management",TRUE
"/grounds-maintenance","/sectors",FALSE
"/grounds-maintenance","/fm-london",TRUE
"/grounds-maintenance","/facilities-management-london",TRUE
"/grounds-maintenance","/london-facilities-management",TRUE
"/grounds-maintenance","/facilities-management-manchester",TRUE
"/grounds-maintenance","/facilities-management-birmingham",TRUE
"/grounds-maintenance","/facilities-management-sheffield",TRUE
"/grounds-maintenance","/facilities-management-leeds",TRUE
"/grounds-maintenance","/facilities-management-lincoln",TRUE
"/grounds-maintenance","/facilities-management-liverpool",TRUE
"/grounds-maintenance","/facilities-management-nottingham",TRUE
"/grounds-maintenance","/locations",FALSE
"/grounds-maintenance","/privacy-policy",TRUE
"/grounds-maintenance","/terms-and-conditions",TRUE
"/grounds-maintenance","/accessibility-statement",TRUE
"/grounds-maintenance","/helpdesk",TRUE
"/grounds-maintenance","/sitemap.xml",FALSE
"/gates-barriers","/client-login",TRUE
"/gates-barriers","/",TRUE
"/gates-barriers","/case-studies",FALSE
"/gates-barriers","/blog",TRUE
"/gates-barriers","/about-entire-facilities-management",TRUE
"/gates-barriers","/contact-us",TRUE
"/gates-barriers","/services",TRUE
"/gates-barriers","/mechanical-electrical",TRUE
"/gates-barriers","/ppm",TRUE
"/gates-barriers","/hard-services",TRUE
"/gates-barriers","/hvac-contractor",TRUE
"/gates-barriers","/plumbing-gas",TRUE
"/gates-barriers","/fire-emergency-systems",TRUE
"/gates-barriers","/safety-critical-emergency-systems",TRUE
"/gates-barriers","/building-maintenance",TRUE
"/gates-barriers","/mechanical-electrical/emergency-light-testing",TRUE
"/gates-barriers","/mechanical-electrical/access-control",TRUE
"/gates-barriers","/aerial-drone-building-inspection",TRUE
"/gates-barriers","/industrial-cleaning",TRUE
"/gates-barriers","/cleaning-services",TRUE
"/gates-barriers","/contract-cleaning",TRUE
"/gates-barriers","/office-cleaning",TRUE
"/gates-barriers","/pressure-washing",TRUE
"/gates-barriers","/window-cleaning",TRUE
"/gates-barriers","/soft-services",TRUE
"/gates-barriers","/security-services",TRUE
"/gates-barriers","/concierge-services",TRUE
"/gates-barriers","/washroom-management",TRUE
"/gates-barriers","/grounds-maintenance",TRUE
"/gates-barriers","/industrial-facilities-management",TRUE
"/gates-barriers","/commercial-facilities-management",TRUE
"/gates-barriers","/logistics-facilities-management",TRUE
"/gates-barriers","/warehouse-facilities-management",TRUE
"/gates-barriers","/retail-facilities-management",TRUE
"/gates-barriers","/healthcare-facilities-management",TRUE
"/gates-barriers","/education-facilities-management",TRUE
"/gates-barriers","/public-sector-facilities-management",TRUE
"/gates-barriers","/residential-facilities-management",TRUE
"/gates-barriers","/hotel-facilities-management",TRUE
"/gates-barriers","/sectors",FALSE
"/gates-barriers","/fm-london",TRUE
"/gates-barriers","/facilities-management-london",TRUE
"/gates-barriers","/london-facilities-management",TRUE
"/gates-barriers","/facilities-management-manchester",TRUE
"/gates-barriers","/facilities-management-birmingham",TRUE
"/gates-barriers","/facilities-management-sheffield",TRUE
"/gates-barriers","/facilities-management-leeds",TRUE
"/gates-barriers","/facilities-management-lincoln",TRUE
"/gates-barriers","/facilities-management-liverpool",TRUE
"/gates-barriers","/facilities-management-nottingham",TRUE
"/gates-barriers","/locations",FALSE
"/gates-barriers","/privacy-policy",TRUE
"/gates-barriers","/terms-and-conditions",TRUE
"/gates-barriers","/accessibility-statement",TRUE
"/gates-barriers","/helpdesk",TRUE
"/gates-barriers","/sitemap.xml",FALSE
"/fm-wigan","/client-login",TRUE
"/fm-wigan","/",TRUE
"/fm-wigan","/case-studies",FALSE
"/fm-wigan","/blog",TRUE
"/fm-wigan","/about-entire-facilities-management",TRUE
"/fm-wigan","/contact-us",TRUE
"/fm-wigan","/locations",FALSE
"/fm-wigan","/mechanical-electrical",TRUE
"/fm-wigan","/ppm",TRUE
"/fm-wigan","/hard-services",TRUE
"/fm-wigan","/hvac-contractor",TRUE
"/fm-wigan","/plumbing-gas",TRUE
"/fm-wigan","/fire-emergency-systems",TRUE
"/fm-wigan","/safety-critical-emergency-systems",TRUE
"/fm-wigan","/building-maintenance",TRUE
"/fm-wigan","/mechanical-electrical/emergency-light-testing",TRUE
"/fm-wigan","/mechanical-electrical/access-control",TRUE
"/fm-wigan","/aerial-drone-building-inspection",TRUE
"/fm-wigan","/industrial-cleaning",TRUE
"/fm-wigan","/cleaning-services",TRUE
"/fm-wigan","/contract-cleaning",TRUE
"/fm-wigan","/office-cleaning",TRUE
"/fm-wigan","/pressure-washing",TRUE
"/fm-wigan","/window-cleaning",TRUE
"/fm-wigan","/soft-services",TRUE
"/fm-wigan","/security-services",TRUE
"/fm-wigan","/concierge-services",TRUE
"/fm-wigan","/washroom-management",TRUE
"/fm-wigan","/grounds-maintenance",TRUE
"/fm-wigan","/industrial-facilities-management",TRUE
"/fm-wigan","/commercial-facilities-management",TRUE
"/fm-wigan","/logistics-facilities-management",TRUE
"/fm-wigan","/warehouse-facilities-management",TRUE
"/fm-wigan","/retail-facilities-management",TRUE
"/fm-wigan","/healthcare-facilities-management",TRUE
"/fm-wigan","/education-facilities-management",TRUE
"/fm-wigan","/public-sector-facilities-management",TRUE
"/fm-wigan","/residential-facilities-management",TRUE
"/fm-wigan","/hotel-facilities-management",TRUE
"/fm-wigan","/sectors",FALSE
"/fm-wigan","/fm-london",TRUE
"/fm-wigan","/facilities-management-london",TRUE
"/fm-wigan","/london-facilities-management",TRUE
"/fm-wigan","/facilities-management-manchester",TRUE
"/fm-wigan","/facilities-management-birmingham",TRUE
"/fm-wigan","/facilities-management-sheffield",TRUE
"/fm-wigan","/facilities-management-leeds",TRUE
"/fm-wigan","/facilities-management-lincoln",TRUE
"/fm-wigan","/facilities-management-liverpool",TRUE
"/fm-wigan","/facilities-management-nottingham",TRUE
"/fm-wigan","/privacy-policy",TRUE
"/fm-wigan","/terms-and-conditions",TRUE
"/fm-wigan","/accessibility-statement",TRUE
"/fm-wigan","/helpdesk",TRUE
"/fm-wigan","/sitemap.xml",FALSE
"/helpdesk","/client-login",TRUE
"/helpdesk","/",TRUE
"/helpdesk","/case-studies",FALSE
"/helpdesk","/blog",TRUE
"/helpdesk","/about-entire-facilities-management",TRUE
"/helpdesk","/contact-us",TRUE
"/helpdesk","/mechanical-electrical",TRUE
"/helpdesk","/hvac-contractor",TRUE
"/helpdesk","/ppm",TRUE
"/helpdesk","/hard-services",TRUE
"/helpdesk","/plumbing-gas",TRUE
"/helpdesk","/fire-emergency-systems",TRUE
"/helpdesk","/safety-critical-emergency-systems",TRUE
"/helpdesk","/building-maintenance",TRUE
"/helpdesk","/mechanical-electrical/emergency-light-testing",TRUE
"/helpdesk","/mechanical-electrical/access-control",TRUE
"/helpdesk","/aerial-drone-building-inspection",TRUE
"/helpdesk","/industrial-cleaning",TRUE
"/helpdesk","/cleaning-services",TRUE
"/helpdesk","/contract-cleaning",TRUE
"/helpdesk","/office-cleaning",TRUE
"/helpdesk","/pressure-washing",TRUE
"/helpdesk","/window-cleaning",TRUE
"/helpdesk","/soft-services",TRUE
"/helpdesk","/security-services",TRUE
"/helpdesk","/concierge-services",TRUE
"/helpdesk","/washroom-management",TRUE
"/helpdesk","/grounds-maintenance",TRUE
"/helpdesk","/industrial-facilities-management",TRUE
"/helpdesk","/commercial-facilities-management",TRUE
"/helpdesk","/logistics-facilities-management",TRUE
"/helpdesk","/warehouse-facilities-management",TRUE
"/helpdesk","/retail-facilities-management",TRUE
"/helpdesk","/healthcare-facilities-management",TRUE
"/helpdesk","/education-facilities-management",TRUE
"/helpdesk","/public-sector-facilities-management",TRUE
"/helpdesk","/residential-facilities-management",TRUE
"/helpdesk","/hotel-facilities-management",TRUE
"/helpdesk","/sectors",FALSE
"/helpdesk","/fm-london",TRUE
"/helpdesk","/facilities-management-london",TRUE
"/helpdesk","/london-facilities-management",TRUE
"/helpdesk","/facilities-management-manchester",TRUE
"/helpdesk","/facilities-management-birmingham",TRUE
"/helpdesk","/facilities-management-sheffield",TRUE
"/helpdesk","/facilities-management-leeds",TRUE
"/helpdesk","/facilities-management-lincoln",TRUE
"/helpdesk","/facilities-management-liverpool",TRUE
"/helpdesk","/facilities-management-nottingham",TRUE
"/helpdesk","/locations",FALSE
"/helpdesk","/privacy-policy",TRUE
"/helpdesk","/terms-and-conditions",TRUE
"/helpdesk","/accessibility-statement",TRUE
"/helpdesk","/helpdesk",TRUE
"/helpdesk","/sitemap.xml",FALSE
"/hotel-facilities-management","/client-login",TRUE
"/hotel-facilities-management","/",TRUE
"/hotel-facilities-management","/case-studies",FALSE
"/hotel-facilities-management","/blog",TRUE
"/hotel-facilities-management","/about-entire-facilities-management",TRUE
"/hotel-facilities-management","/contact-us",TRUE
"/hotel-facilities-management","/sectors",FALSE
"/hotel-facilities-management","/mechanical-electrical",TRUE
"/hotel-facilities-management","/ppm",TRUE
"/hotel-facilities-management","/hard-services",TRUE
"/hotel-facilities-management","/hvac-contractor",TRUE
"/hotel-facilities-management","/plumbing-gas",TRUE
"/hotel-facilities-management","/fire-emergency-systems",TRUE
"/hotel-facilities-management","/safety-critical-emergency-systems",TRUE
"/hotel-facilities-management","/building-maintenance",TRUE
"/hotel-facilities-management","/mechanical-electrical/emergency-light-testing",TRUE
"/hotel-facilities-management","/mechanical-electrical/access-control",TRUE
"/hotel-facilities-management","/aerial-drone-building-inspection",TRUE
"/hotel-facilities-management","/industrial-cleaning",TRUE
"/hotel-facilities-management","/cleaning-services",TRUE
"/hotel-facilities-management","/contract-cleaning",TRUE
"/hotel-facilities-management","/office-cleaning",TRUE
"/hotel-facilities-management","/pressure-washing",TRUE
"/hotel-facilities-management","/window-cleaning",TRUE
"/hotel-facilities-management","/soft-services",TRUE
"/hotel-facilities-management","/security-services",TRUE
"/hotel-facilities-management","/concierge-services",TRUE
"/hotel-facilities-management","/washroom-management",TRUE
"/hotel-facilities-management","/grounds-maintenance",TRUE
"/hotel-facilities-management","/industrial-facilities-management",TRUE
"/hotel-facilities-management","/commercial-facilities-management",TRUE
"/hotel-facilities-management","/logistics-facilities-management",TRUE
"/hotel-facilities-management","/warehouse-facilities-management",TRUE
"/hotel-facilities-management","/retail-facilities-management",TRUE
"/hotel-facilities-management","/healthcare-facilities-management",TRUE
"/hotel-facilities-management","/education-facilities-management",TRUE
"/hotel-facilities-management","/public-sector-facilities-management",TRUE
"/hotel-facilities-management","/residential-facilities-management",TRUE
"/hotel-facilities-management","/hotel-facilities-management",TRUE
"/hotel-facilities-management","/fm-london",TRUE
"/hotel-facilities-management","/facilities-management-london",TRUE
"/hotel-facilities-management","/london-facilities-management",TRUE
"/hotel-facilities-management","/facilities-management-manchester",TRUE
"/hotel-facilities-management","/facilities-management-birmingham",TRUE
"/hotel-facilities-management","/facilities-management-sheffield",TRUE
"/hotel-facilities-management","/facilities-management-leeds",TRUE
"/hotel-facilities-management","/facilities-management-lincoln",TRUE
"/hotel-facilities-management","/facilities-management-liverpool",TRUE
"/hotel-facilities-management","/facilities-management-nottingham",TRUE
"/hotel-facilities-management","/locations",FALSE
"/hotel-facilities-management","/privacy-policy",TRUE
"/hotel-facilities-management","/terms-and-conditions",TRUE
"/hotel-facilities-management","/accessibility-statement",TRUE
"/hotel-facilities-management","/helpdesk",TRUE
"/hotel-facilities-management","/sitemap.xml",FALSE
"/hot-tub-relocation","/client-login",TRUE
"/hot-tub-relocation","/",TRUE
"/hot-tub-relocation","/case-studies",FALSE
"/hot-tub-relocation","/blog",TRUE
"/hot-tub-relocation","/about-entire-facilities-management",TRUE
"/hot-tub-relocation","/contact-us",TRUE
"/hot-tub-relocation","/services",TRUE
"/hot-tub-relocation","/mechanical-electrical",TRUE
"/hot-tub-relocation","/ppm",TRUE
"/hot-tub-relocation","/hard-services",TRUE
"/hot-tub-relocation","/hvac-contractor",TRUE
"/hot-tub-relocation","/plumbing-gas",TRUE
"/hot-tub-relocation","/fire-emergency-systems",TRUE
"/hot-tub-relocation","/safety-critical-emergency-systems",TRUE
"/hot-tub-relocation","/building-maintenance",TRUE
"/hot-tub-relocation","/mechanical-electrical/emergency-light-testing",TRUE
"/hot-tub-relocation","/mechanical-electrical/access-control",TRUE
"/hot-tub-relocation","/aerial-drone-building-inspection",TRUE
"/hot-tub-relocation","/industrial-cleaning",TRUE
"/hot-tub-relocation","/cleaning-services",TRUE
"/hot-tub-relocation","/contract-cleaning",TRUE
"/hot-tub-relocation","/office-cleaning",TRUE
"/hot-tub-relocation","/pressure-washing",TRUE
"/hot-tub-relocation","/window-cleaning",TRUE
"/hot-tub-relocation","/soft-services",TRUE
"/hot-tub-relocation","/security-services",TRUE
"/hot-tub-relocation","/concierge-services",TRUE
"/hot-tub-relocation","/washroom-management",TRUE
"/hot-tub-relocation","/grounds-maintenance",TRUE
"/hot-tub-relocation","/industrial-facilities-management",TRUE
"/hot-tub-relocation","/commercial-facilities-management",TRUE
"/hot-tub-relocation","/logistics-facilities-management",TRUE
"/hot-tub-relocation","/warehouse-facilities-management",TRUE
"/hot-tub-relocation","/retail-facilities-management",TRUE
"/hot-tub-relocation","/healthcare-facilities-management",TRUE
"/hot-tub-relocation","/education-facilities-management",TRUE
"/hot-tub-relocation","/public-sector-facilities-management",TRUE
"/hot-tub-relocation","/residential-facilities-management",TRUE
"/hot-tub-relocation","/hotel-facilities-management",TRUE
"/hot-tub-relocation","/sectors",FALSE
"/hot-tub-relocation","/fm-london",TRUE
"/hot-tub-relocation","/facilities-management-london",TRUE
"/hot-tub-relocation","/london-facilities-management",TRUE
"/hot-tub-relocation","/facilities-management-manchester",TRUE
"/hot-tub-relocation","/facilities-management-birmingham",TRUE
"/hot-tub-relocation","/facilities-management-sheffield",TRUE
"/hot-tub-relocation","/facilities-management-leeds",TRUE
"/hot-tub-relocation","/facilities-management-lincoln",TRUE
"/hot-tub-relocation","/facilities-management-liverpool",TRUE
"/hot-tub-relocation","/facilities-management-nottingham",TRUE
"/hot-tub-relocation","/locations",FALSE
"/hot-tub-relocation","/privacy-policy",TRUE
"/hot-tub-relocation","/terms-and-conditions",TRUE
"/hot-tub-relocation","/accessibility-statement",TRUE
"/hot-tub-relocation","/helpdesk",TRUE
"/hot-tub-relocation","/sitemap.xml",FALSE
"/helpdesk-registration","/client-login",TRUE
"/helpdesk-registration","/",TRUE
"/helpdesk-registration","/case-studies",FALSE
"/helpdesk-registration","/blog",TRUE
"/helpdesk-registration","/about-entire-facilities-management",TRUE
"/helpdesk-registration","/contact-us",TRUE
"/helpdesk-registration","/mechanical-electrical",TRUE
"/helpdesk-registration","/hvac-contractor",TRUE
"/helpdesk-registration","/ppm",TRUE
"/helpdesk-registration","/hard-services",TRUE
"/helpdesk-registration","/plumbing-gas",TRUE
"/helpdesk-registration","/fire-emergency-systems",TRUE
"/helpdesk-registration","/safety-critical-emergency-systems",TRUE
"/helpdesk-registration","/building-maintenance",TRUE
"/helpdesk-registration","/mechanical-electrical/emergency-light-testing",TRUE
"/helpdesk-registration","/mechanical-electrical/access-control",TRUE
"/helpdesk-registration","/aerial-drone-building-inspection",TRUE
"/helpdesk-registration","/industrial-cleaning",TRUE
"/helpdesk-registration","/cleaning-services",TRUE
"/helpdesk-registration","/contract-cleaning",TRUE
"/helpdesk-registration","/office-cleaning",TRUE
"/helpdesk-registration","/pressure-washing",TRUE
"/helpdesk-registration","/window-cleaning",TRUE
"/helpdesk-registration","/soft-services",TRUE
"/helpdesk-registration","/security-services",TRUE
"/helpdesk-registration","/concierge-services",TRUE
"/helpdesk-registration","/washroom-management",TRUE
"/helpdesk-registration","/grounds-maintenance",TRUE
"/helpdesk-registration","/industrial-facilities-management",TRUE
"/helpdesk-registration","/commercial-facilities-management",TRUE
"/helpdesk-registration","/logistics-facilities-management",TRUE
"/helpdesk-registration","/warehouse-facilities-management",TRUE
"/helpdesk-registration","/retail-facilities-management",TRUE
"/helpdesk-registration","/healthcare-facilities-management",TRUE
"/helpdesk-registration","/education-facilities-management",TRUE
"/helpdesk-registration","/public-sector-facilities-management",TRUE
"/helpdesk-registration","/residential-facilities-management",TRUE
"/helpdesk-registration","/hotel-facilities-management",TRUE
"/helpdesk-registration","/sectors",FALSE
"/helpdesk-registration","/fm-london",TRUE
"/helpdesk-registration","/facilities-management-london",TRUE
"/helpdesk-registration","/london-facilities-management",TRUE
"/helpdesk-registration","/facilities-management-manchester",TRUE
"/helpdesk-registration","/facilities-management-birmingham",TRUE
"/helpdesk-registration","/facilities-management-sheffield",TRUE
"/helpdesk-registration","/facilities-management-leeds",TRUE
"/helpdesk-registration","/facilities-management-lincoln",TRUE
"/helpdesk-registration","/facilities-management-liverpool",TRUE
"/helpdesk-registration","/facilities-management-nottingham",TRUE
"/helpdesk-registration","/locations",FALSE
"/helpdesk-registration","/privacy-policy",TRUE
"/helpdesk-registration","/terms-and-conditions",TRUE
"/helpdesk-registration","/accessibility-statement",TRUE
"/helpdesk-registration","/helpdesk",TRUE
"/helpdesk-registration","/sitemap.xml",FALSE
"/healthcare-facilities-management","/client-login",TRUE
"/healthcare-facilities-management","/",TRUE
"/healthcare-facilities-management","/case-studies",FALSE
"/healthcare-facilities-management","/blog",TRUE
"/healthcare-facilities-management","/about-entire-facilities-management",TRUE
"/healthcare-facilities-management","/contact-us",TRUE
"/healthcare-facilities-management","/sectors",FALSE
"/healthcare-facilities-management","/mechanical-electrical",TRUE
"/healthcare-facilities-management","/ppm",TRUE
"/healthcare-facilities-management","/hard-services",TRUE
"/healthcare-facilities-management","/hvac-contractor",TRUE
"/healthcare-facilities-management","/plumbing-gas",TRUE
"/healthcare-facilities-management","/fire-emergency-systems",TRUE
"/healthcare-facilities-management","/safety-critical-emergency-systems",TRUE
"/healthcare-facilities-management","/building-maintenance",TRUE
"/healthcare-facilities-management","/mechanical-electrical/emergency-light-testing",TRUE
"/healthcare-facilities-management","/mechanical-electrical/access-control",TRUE
"/healthcare-facilities-management","/aerial-drone-building-inspection",TRUE
"/healthcare-facilities-management","/industrial-cleaning",TRUE
"/healthcare-facilities-management","/cleaning-services",TRUE
"/healthcare-facilities-management","/contract-cleaning",TRUE
"/healthcare-facilities-management","/office-cleaning",TRUE
"/healthcare-facilities-management","/pressure-washing",TRUE
"/healthcare-facilities-management","/window-cleaning",TRUE
"/healthcare-facilities-management","/soft-services",TRUE
"/healthcare-facilities-management","/security-services",TRUE
"/healthcare-facilities-management","/concierge-services",TRUE
"/healthcare-facilities-management","/washroom-management",TRUE
"/healthcare-facilities-management","/grounds-maintenance",TRUE
"/healthcare-facilities-management","/industrial-facilities-management",TRUE
"/healthcare-facilities-management","/commercial-facilities-management",TRUE
"/healthcare-facilities-management","/logistics-facilities-management",TRUE
"/healthcare-facilities-management","/warehouse-facilities-management",TRUE
"/healthcare-facilities-management","/retail-facilities-management",TRUE
"/healthcare-facilities-management","/healthcare-facilities-management",TRUE
"/healthcare-facilities-management","/education-facilities-management",TRUE
"/healthcare-facilities-management","/public-sector-facilities-management",TRUE
"/healthcare-facilities-management","/residential-facilities-management",TRUE
"/healthcare-facilities-management","/hotel-facilities-management",TRUE
"/healthcare-facilities-management","/fm-london",TRUE
"/healthcare-facilities-management","/facilities-management-london",TRUE
"/healthcare-facilities-management","/london-facilities-management",TRUE
"/healthcare-facilities-management","/facilities-management-manchester",TRUE
"/healthcare-facilities-management","/facilities-management-birmingham",TRUE
"/healthcare-facilities-management","/facilities-management-sheffield",TRUE
"/healthcare-facilities-management","/facilities-management-leeds",TRUE
"/healthcare-facilities-management","/facilities-management-lincoln",TRUE
"/healthcare-facilities-management","/facilities-management-liverpool",TRUE
"/healthcare-facilities-management","/facilities-management-nottingham",TRUE
"/healthcare-facilities-management","/locations",FALSE
"/healthcare-facilities-management","/privacy-policy",TRUE
"/healthcare-facilities-management","/terms-and-conditions",TRUE
"/healthcare-facilities-management","/accessibility-statement",TRUE
"/healthcare-facilities-management","/helpdesk",TRUE
"/healthcare-facilities-management","/sitemap.xml",FALSE
"/hvac-contractor","/client-login",TRUE
"/hvac-contractor","/",TRUE
"/hvac-contractor","/case-studies",FALSE
"/hvac-contractor","/blog",TRUE
"/hvac-contractor","/about-entire-facilities-management",TRUE
"/hvac-contractor","/contact-us",TRUE
"/hvac-contractor","/services",TRUE
"/hvac-contractor","/mechanical-electrical",TRUE
"/hvac-contractor","/ppm",TRUE
"/hvac-contractor","/hard-services",TRUE
"/hvac-contractor","/hvac-contractor",TRUE
"/hvac-contractor","/plumbing-gas",TRUE
"/hvac-contractor","/fire-emergency-systems",TRUE
"/hvac-contractor","/safety-critical-emergency-systems",TRUE
"/hvac-contractor","/building-maintenance",TRUE
"/hvac-contractor","/mechanical-electrical/emergency-light-testing",TRUE
"/hvac-contractor","/mechanical-electrical/access-control",TRUE
"/hvac-contractor","/aerial-drone-building-inspection",TRUE
"/hvac-contractor","/industrial-cleaning",TRUE
"/hvac-contractor","/cleaning-services",TRUE
"/hvac-contractor","/contract-cleaning",TRUE
"/hvac-contractor","/office-cleaning",TRUE
"/hvac-contractor","/pressure-washing",TRUE
"/hvac-contractor","/window-cleaning",TRUE
"/hvac-contractor","/soft-services",TRUE
"/hvac-contractor","/security-services",TRUE
"/hvac-contractor","/concierge-services",TRUE
"/hvac-contractor","/washroom-management",TRUE
"/hvac-contractor","/grounds-maintenance",TRUE
"/hvac-contractor","/industrial-facilities-management",TRUE
"/hvac-contractor","/commercial-facilities-management",TRUE
"/hvac-contractor","/logistics-facilities-management",TRUE
"/hvac-contractor","/warehouse-facilities-management",TRUE
"/hvac-contractor","/retail-facilities-management",TRUE
"/hvac-contractor","/healthcare-facilities-management",TRUE
"/hvac-contractor","/education-facilities-management",TRUE
"/hvac-contractor","/public-sector-facilities-management",TRUE
"/hvac-contractor","/residential-facilities-management",TRUE
"/hvac-contractor","/hotel-facilities-management",TRUE
"/hvac-contractor","/sectors",FALSE
"/hvac-contractor","/fm-london",TRUE
"/hvac-contractor","/facilities-management-london",TRUE
"/hvac-contractor","/london-facilities-management",TRUE
"/hvac-contractor","/facilities-management-manchester",TRUE
"/hvac-contractor","/facilities-management-birmingham",TRUE
"/hvac-contractor","/facilities-management-sheffield",TRUE
"/hvac-contractor","/facilities-management-leeds",TRUE
"/hvac-contractor","/facilities-management-lincoln",TRUE
"/hvac-contractor","/facilities-management-liverpool",TRUE
"/hvac-contractor","/facilities-management-nottingham",TRUE
"/hvac-contractor","/locations",FALSE
"/hvac-contractor","/privacy-policy",TRUE
"/hvac-contractor","/terms-and-conditions",TRUE
"/hvac-contractor","/accessibility-statement",TRUE
"/hvac-contractor","/helpdesk",TRUE
"/hvac-contractor","/sitemap.xml",FALSE
"/industrial-cleaning-derby","/client-login",TRUE
"/industrial-cleaning-derby","/",TRUE
"/industrial-cleaning-derby","/case-studies",FALSE
"/industrial-cleaning-derby","/blog",TRUE
"/industrial-cleaning-derby","/about-entire-facilities-management",TRUE
"/industrial-cleaning-derby","/contact-us",TRUE
"/industrial-cleaning-derby","/locations",FALSE
"/industrial-cleaning-derby","/mechanical-electrical",TRUE
"/industrial-cleaning-derby","/ppm",TRUE
"/industrial-cleaning-derby","/hard-services",TRUE
"/industrial-cleaning-derby","/hvac-contractor",TRUE
"/industrial-cleaning-derby","/plumbing-gas",TRUE
"/industrial-cleaning-derby","/fire-emergency-systems",TRUE
"/industrial-cleaning-derby","/safety-critical-emergency-systems",TRUE
"/industrial-cleaning-derby","/building-maintenance",TRUE
"/industrial-cleaning-derby","/mechanical-electrical/emergency-light-testing",TRUE
"/industrial-cleaning-derby","/mechanical-electrical/access-control",TRUE
"/industrial-cleaning-derby","/aerial-drone-building-inspection",TRUE
"/industrial-cleaning-derby","/industrial-cleaning",TRUE
"/industrial-cleaning-derby","/cleaning-services",TRUE
"/industrial-cleaning-derby","/contract-cleaning",TRUE
"/industrial-cleaning-derby","/office-cleaning",TRUE
"/industrial-cleaning-derby","/pressure-washing",TRUE
"/industrial-cleaning-derby","/window-cleaning",TRUE
"/industrial-cleaning-derby","/soft-services",TRUE
"/industrial-cleaning-derby","/security-services",TRUE
"/industrial-cleaning-derby","/concierge-services",TRUE
"/industrial-cleaning-derby","/washroom-management",TRUE
"/industrial-cleaning-derby","/grounds-maintenance",TRUE
"/industrial-cleaning-derby","/industrial-facilities-management",TRUE
"/industrial-cleaning-derby","/commercial-facilities-management",TRUE
"/industrial-cleaning-derby","/logistics-facilities-management",TRUE
"/industrial-cleaning-derby","/warehouse-facilities-management",TRUE
"/industrial-cleaning-derby","/retail-facilities-management",TRUE
"/industrial-cleaning-derby","/healthcare-facilities-management",TRUE
"/industrial-cleaning-derby","/education-facilities-management",TRUE
"/industrial-cleaning-derby","/public-sector-facilities-management",TRUE
"/industrial-cleaning-derby","/residential-facilities-management",TRUE
"/industrial-cleaning-derby","/hotel-facilities-management",TRUE
"/industrial-cleaning-derby","/sectors",FALSE
"/industrial-cleaning-derby","/fm-london",TRUE
"/industrial-cleaning-derby","/facilities-management-london",TRUE
"/industrial-cleaning-derby","/london-facilities-management",TRUE
"/industrial-cleaning-derby","/facilities-management-manchester",TRUE
"/industrial-cleaning-derby","/facilities-management-birmingham",TRUE
"/industrial-cleaning-derby","/facilities-management-sheffield",TRUE
"/industrial-cleaning-derby","/facilities-management-leeds",TRUE
"/industrial-cleaning-derby","/facilities-management-lincoln",TRUE
"/industrial-cleaning-derby","/facilities-management-liverpool",TRUE
"/industrial-cleaning-derby","/facilities-management-nottingham",TRUE
"/industrial-cleaning-derby","/privacy-policy",TRUE
"/industrial-cleaning-derby","/terms-and-conditions",TRUE
"/industrial-cleaning-derby","/accessibility-statement",TRUE
"/industrial-cleaning-derby","/helpdesk",TRUE
"/industrial-cleaning-derby","/sitemap.xml",FALSE
"/industrial-cleaning-birmingham","/client-login",TRUE
"/industrial-cleaning-birmingham","/",TRUE
"/industrial-cleaning-birmingham","/case-studies",FALSE
"/industrial-cleaning-birmingham","/blog",TRUE
"/industrial-cleaning-birmingham","/about-entire-facilities-management",TRUE
"/industrial-cleaning-birmingham","/contact-us",TRUE
"/industrial-cleaning-birmingham","/locations",FALSE
"/industrial-cleaning-birmingham","/mechanical-electrical",TRUE
"/industrial-cleaning-birmingham","/ppm",TRUE
"/industrial-cleaning-birmingham","/hard-services",TRUE
"/industrial-cleaning-birmingham","/hvac-contractor",TRUE
"/industrial-cleaning-birmingham","/plumbing-gas",TRUE
"/industrial-cleaning-birmingham","/fire-emergency-systems",TRUE
"/industrial-cleaning-birmingham","/safety-critical-emergency-systems",TRUE
"/industrial-cleaning-birmingham","/building-maintenance",TRUE
"/industrial-cleaning-birmingham","/mechanical-electrical/emergency-light-testing",TRUE
"/industrial-cleaning-birmingham","/mechanical-electrical/access-control",TRUE
"/industrial-cleaning-birmingham","/aerial-drone-building-inspection",TRUE
"/industrial-cleaning-birmingham","/industrial-cleaning",TRUE
"/industrial-cleaning-birmingham","/cleaning-services",TRUE
"/industrial-cleaning-birmingham","/contract-cleaning",TRUE
"/industrial-cleaning-birmingham","/office-cleaning",TRUE
"/industrial-cleaning-birmingham","/pressure-washing",TRUE
"/industrial-cleaning-birmingham","/window-cleaning",TRUE
"/industrial-cleaning-birmingham","/soft-services",TRUE
"/industrial-cleaning-birmingham","/security-services",TRUE
"/industrial-cleaning-birmingham","/concierge-services",TRUE
"/industrial-cleaning-birmingham","/washroom-management",TRUE
"/industrial-cleaning-birmingham","/grounds-maintenance",TRUE
"/industrial-cleaning-birmingham","/industrial-facilities-management",TRUE
"/industrial-cleaning-birmingham","/commercial-facilities-management",TRUE
"/industrial-cleaning-birmingham","/logistics-facilities-management",TRUE
"/industrial-cleaning-birmingham","/warehouse-facilities-management",TRUE
"/industrial-cleaning-birmingham","/retail-facilities-management",TRUE
"/industrial-cleaning-birmingham","/healthcare-facilities-management",TRUE
"/industrial-cleaning-birmingham","/education-facilities-management",TRUE
"/industrial-cleaning-birmingham","/public-sector-facilities-management",TRUE
"/industrial-cleaning-birmingham","/residential-facilities-management",TRUE
"/industrial-cleaning-birmingham","/hotel-facilities-management",TRUE
"/industrial-cleaning-birmingham","/sectors",FALSE
"/industrial-cleaning-birmingham","/fm-london",TRUE
"/industrial-cleaning-birmingham","/facilities-management-london",TRUE
"/industrial-cleaning-birmingham","/london-facilities-management",TRUE
"/industrial-cleaning-birmingham","/facilities-management-manchester",TRUE
"/industrial-cleaning-birmingham","/facilities-management-birmingham",TRUE
"/industrial-cleaning-birmingham","/facilities-management-sheffield",TRUE
"/industrial-cleaning-birmingham","/facilities-management-leeds",TRUE
"/industrial-cleaning-birmingham","/facilities-management-lincoln",TRUE
"/industrial-cleaning-birmingham","/facilities-management-liverpool",TRUE
"/industrial-cleaning-birmingham","/facilities-management-nottingham",TRUE
"/industrial-cleaning-birmingham","/privacy-policy",TRUE
"/industrial-cleaning-birmingham","/terms-and-conditions",TRUE
"/industrial-cleaning-birmingham","/accessibility-statement",TRUE
"/industrial-cleaning-birmingham","/helpdesk",TRUE
"/industrial-cleaning-birmingham","/sitemap.xml",FALSE
"/industrial-cleaning-chesterfield","/client-login",TRUE
"/industrial-cleaning-chesterfield","/",TRUE
"/industrial-cleaning-chesterfield","/case-studies",FALSE
"/industrial-cleaning-chesterfield","/blog",TRUE
"/industrial-cleaning-chesterfield","/about-entire-facilities-management",TRUE
"/industrial-cleaning-chesterfield","/contact-us",TRUE
"/industrial-cleaning-chesterfield","/locations",FALSE
"/industrial-cleaning-chesterfield","/mechanical-electrical",TRUE
"/industrial-cleaning-chesterfield","/ppm",TRUE
"/industrial-cleaning-chesterfield","/hard-services",TRUE
"/industrial-cleaning-chesterfield","/hvac-contractor",TRUE
"/industrial-cleaning-chesterfield","/plumbing-gas",TRUE
"/industrial-cleaning-chesterfield","/fire-emergency-systems",TRUE
"/industrial-cleaning-chesterfield","/safety-critical-emergency-systems",TRUE
"/industrial-cleaning-chesterfield","/building-maintenance",TRUE
"/industrial-cleaning-chesterfield","/mechanical-electrical/emergency-light-testing",TRUE
"/industrial-cleaning-chesterfield","/mechanical-electrical/access-control",TRUE
"/industrial-cleaning-chesterfield","/aerial-drone-building-inspection",TRUE
"/industrial-cleaning-chesterfield","/industrial-cleaning",TRUE
"/industrial-cleaning-chesterfield","/cleaning-services",TRUE
"/industrial-cleaning-chesterfield","/contract-cleaning",TRUE
"/industrial-cleaning-chesterfield","/office-cleaning",TRUE
"/industrial-cleaning-chesterfield","/pressure-washing",TRUE
"/industrial-cleaning-chesterfield","/window-cleaning",TRUE
"/industrial-cleaning-chesterfield","/soft-services",TRUE
"/industrial-cleaning-chesterfield","/security-services",TRUE
"/industrial-cleaning-chesterfield","/concierge-services",TRUE
"/industrial-cleaning-chesterfield","/washroom-management",TRUE
"/industrial-cleaning-chesterfield","/grounds-maintenance",TRUE
"/industrial-cleaning-chesterfield","/industrial-facilities-management",TRUE
"/industrial-cleaning-chesterfield","/commercial-facilities-management",TRUE
"/industrial-cleaning-chesterfield","/logistics-facilities-management",TRUE
"/industrial-cleaning-chesterfield","/warehouse-facilities-management",TRUE
"/industrial-cleaning-chesterfield","/retail-facilities-management",TRUE
"/industrial-cleaning-chesterfield","/healthcare-facilities-management",TRUE
"/industrial-cleaning-chesterfield","/education-facilities-management",TRUE
"/industrial-cleaning-chesterfield","/public-sector-facilities-management",TRUE
"/industrial-cleaning-chesterfield","/residential-facilities-management",TRUE
"/industrial-cleaning-chesterfield","/hotel-facilities-management",TRUE
"/industrial-cleaning-chesterfield","/sectors",FALSE
"/industrial-cleaning-chesterfield","/fm-london",TRUE
"/industrial-cleaning-chesterfield","/facilities-management-london",TRUE
"/industrial-cleaning-chesterfield","/london-facilities-management",TRUE
"/industrial-cleaning-chesterfield","/facilities-management-manchester",TRUE
"/industrial-cleaning-chesterfield","/facilities-management-birmingham",TRUE
"/industrial-cleaning-chesterfield","/facilities-management-sheffield",TRUE
"/industrial-cleaning-chesterfield","/facilities-management-leeds",TRUE
"/industrial-cleaning-chesterfield","/facilities-management-lincoln",TRUE
"/industrial-cleaning-chesterfield","/facilities-management-liverpool",TRUE
"/industrial-cleaning-chesterfield","/facilities-management-nottingham",TRUE
"/industrial-cleaning-chesterfield","/privacy-policy",TRUE
"/industrial-cleaning-chesterfield","/terms-and-conditions",TRUE
"/industrial-cleaning-chesterfield","/accessibility-statement",TRUE
"/industrial-cleaning-chesterfield","/helpdesk",TRUE
"/industrial-cleaning-chesterfield","/sitemap.xml",FALSE
"/industrial-cleaning","/client-login",TRUE
"/industrial-cleaning","/",TRUE
"/industrial-cleaning","/case-studies",FALSE
"/industrial-cleaning","/blog",TRUE
"/industrial-cleaning","/about-entire-facilities-management",TRUE
"/industrial-cleaning","/contact-us",TRUE
"/industrial-cleaning","/services",TRUE
"/industrial-cleaning","/mechanical-electrical",TRUE
"/industrial-cleaning","/ppm",TRUE
"/industrial-cleaning","/hard-services",TRUE
"/industrial-cleaning","/hvac-contractor",TRUE
"/industrial-cleaning","/plumbing-gas",TRUE
"/industrial-cleaning","/fire-emergency-systems",TRUE
"/industrial-cleaning","/safety-critical-emergency-systems",TRUE
"/industrial-cleaning","/building-maintenance",TRUE
"/industrial-cleaning","/mechanical-electrical/emergency-light-testing",TRUE
"/industrial-cleaning","/mechanical-electrical/access-control",TRUE
"/industrial-cleaning","/aerial-drone-building-inspection",TRUE
"/industrial-cleaning","/industrial-cleaning",TRUE
"/industrial-cleaning","/cleaning-services",TRUE
"/industrial-cleaning","/contract-cleaning",TRUE
"/industrial-cleaning","/office-cleaning",TRUE
"/industrial-cleaning","/pressure-washing",TRUE
"/industrial-cleaning","/window-cleaning",TRUE
"/industrial-cleaning","/soft-services",TRUE
"/industrial-cleaning","/security-services",TRUE
"/industrial-cleaning","/concierge-services",TRUE
"/industrial-cleaning","/washroom-management",TRUE
"/industrial-cleaning","/grounds-maintenance",TRUE
"/industrial-cleaning","/industrial-facilities-management",TRUE
"/industrial-cleaning","/commercial-facilities-management",TRUE
"/industrial-cleaning","/logistics-facilities-management",TRUE
"/industrial-cleaning","/warehouse-facilities-management",TRUE
"/industrial-cleaning","/retail-facilities-management",TRUE
"/industrial-cleaning","/healthcare-facilities-management",TRUE
"/industrial-cleaning","/education-facilities-management",TRUE
"/industrial-cleaning","/public-sector-facilities-management",TRUE
"/industrial-cleaning","/residential-facilities-management",TRUE
"/industrial-cleaning","/hotel-facilities-management",TRUE
"/industrial-cleaning","/sectors",FALSE
"/industrial-cleaning","/fm-london",TRUE
"/industrial-cleaning","/facilities-management-london",TRUE
"/industrial-cleaning","/london-facilities-management",TRUE
"/industrial-cleaning","/facilities-management-manchester",TRUE
"/industrial-cleaning","/facilities-management-birmingham",TRUE
"/industrial-cleaning","/facilities-management-sheffield",TRUE
"/industrial-cleaning","/facilities-management-leeds",TRUE
"/industrial-cleaning","/facilities-management-lincoln",TRUE
"/industrial-cleaning","/facilities-management-liverpool",TRUE
"/industrial-cleaning","/facilities-management-nottingham",TRUE
"/industrial-cleaning","/locations",FALSE
"/industrial-cleaning","/privacy-policy",TRUE
"/industrial-cleaning","/terms-and-conditions",TRUE
"/industrial-cleaning","/accessibility-statement",TRUE
"/industrial-cleaning","/helpdesk",TRUE
"/industrial-cleaning","/sitemap.xml",FALSE
"/industrial-cleaning-lincoln","/client-login",TRUE
"/industrial-cleaning-lincoln","/",TRUE
"/industrial-cleaning-lincoln","/case-studies",FALSE
"/industrial-cleaning-lincoln","/blog",TRUE
"/industrial-cleaning-lincoln","/about-entire-facilities-management",TRUE
"/industrial-cleaning-lincoln","/contact-us",TRUE
"/industrial-cleaning-lincoln","/locations",FALSE
"/industrial-cleaning-lincoln","/mechanical-electrical",TRUE
"/industrial-cleaning-lincoln","/ppm",TRUE
"/industrial-cleaning-lincoln","/hard-services",TRUE
"/industrial-cleaning-lincoln","/hvac-contractor",TRUE
"/industrial-cleaning-lincoln","/plumbing-gas",TRUE
"/industrial-cleaning-lincoln","/fire-emergency-systems",TRUE
"/industrial-cleaning-lincoln","/safety-critical-emergency-systems",TRUE
"/industrial-cleaning-lincoln","/building-maintenance",TRUE
"/industrial-cleaning-lincoln","/mechanical-electrical/emergency-light-testing",TRUE
"/industrial-cleaning-lincoln","/mechanical-electrical/access-control",TRUE
"/industrial-cleaning-lincoln","/aerial-drone-building-inspection",TRUE
"/industrial-cleaning-lincoln","/industrial-cleaning",TRUE
"/industrial-cleaning-lincoln","/cleaning-services",TRUE
"/industrial-cleaning-lincoln","/contract-cleaning",TRUE
"/industrial-cleaning-lincoln","/office-cleaning",TRUE
"/industrial-cleaning-lincoln","/pressure-washing",TRUE
"/industrial-cleaning-lincoln","/window-cleaning",TRUE
"/industrial-cleaning-lincoln","/soft-services",TRUE
"/industrial-cleaning-lincoln","/security-services",TRUE
"/industrial-cleaning-lincoln","/concierge-services",TRUE
"/industrial-cleaning-lincoln","/washroom-management",TRUE
"/industrial-cleaning-lincoln","/grounds-maintenance",TRUE
"/industrial-cleaning-lincoln","/industrial-facilities-management",TRUE
"/industrial-cleaning-lincoln","/commercial-facilities-management",TRUE
"/industrial-cleaning-lincoln","/logistics-facilities-management",TRUE
"/industrial-cleaning-lincoln","/warehouse-facilities-management",TRUE
"/industrial-cleaning-lincoln","/retail-facilities-management",TRUE
"/industrial-cleaning-lincoln","/healthcare-facilities-management",TRUE
"/industrial-cleaning-lincoln","/education-facilities-management",TRUE
"/industrial-cleaning-lincoln","/public-sector-facilities-management",TRUE
"/industrial-cleaning-lincoln","/residential-facilities-management",TRUE
"/industrial-cleaning-lincoln","/hotel-facilities-management",TRUE
"/industrial-cleaning-lincoln","/sectors",FALSE
"/industrial-cleaning-lincoln","/fm-london",TRUE
"/industrial-cleaning-lincoln","/facilities-management-london",TRUE
"/industrial-cleaning-lincoln","/london-facilities-management",TRUE
"/industrial-cleaning-lincoln","/facilities-management-manchester",TRUE
"/industrial-cleaning-lincoln","/facilities-management-birmingham",TRUE
"/industrial-cleaning-lincoln","/facilities-management-sheffield",TRUE
"/industrial-cleaning-lincoln","/facilities-management-leeds",TRUE
"/industrial-cleaning-lincoln","/facilities-management-lincoln",TRUE
"/industrial-cleaning-lincoln","/facilities-management-liverpool",TRUE
"/industrial-cleaning-lincoln","/facilities-management-nottingham",TRUE
"/industrial-cleaning-lincoln","/privacy-policy",TRUE
"/industrial-cleaning-lincoln","/terms-and-conditions",TRUE
"/industrial-cleaning-lincoln","/accessibility-statement",TRUE
"/industrial-cleaning-lincoln","/helpdesk",TRUE
"/industrial-cleaning-lincoln","/sitemap.xml",FALSE
"/industrial-cleaning-manchester","/client-login",TRUE
"/industrial-cleaning-manchester","/",TRUE
"/industrial-cleaning-manchester","/case-studies",FALSE
"/industrial-cleaning-manchester","/blog",TRUE
"/industrial-cleaning-manchester","/about-entire-facilities-management",TRUE
"/industrial-cleaning-manchester","/contact-us",TRUE
"/industrial-cleaning-manchester","/locations",FALSE
"/industrial-cleaning-manchester","/mechanical-electrical",TRUE
"/industrial-cleaning-manchester","/ppm",TRUE
"/industrial-cleaning-manchester","/hard-services",TRUE
"/industrial-cleaning-manchester","/hvac-contractor",TRUE
"/industrial-cleaning-manchester","/plumbing-gas",TRUE
"/industrial-cleaning-manchester","/fire-emergency-systems",TRUE
"/industrial-cleaning-manchester","/safety-critical-emergency-systems",TRUE
"/industrial-cleaning-manchester","/building-maintenance",TRUE
"/industrial-cleaning-manchester","/mechanical-electrical/emergency-light-testing",TRUE
"/industrial-cleaning-manchester","/mechanical-electrical/access-control",TRUE
"/industrial-cleaning-manchester","/aerial-drone-building-inspection",TRUE
"/industrial-cleaning-manchester","/industrial-cleaning",TRUE
"/industrial-cleaning-manchester","/cleaning-services",TRUE
"/industrial-cleaning-manchester","/contract-cleaning",TRUE
"/industrial-cleaning-manchester","/office-cleaning",TRUE
"/industrial-cleaning-manchester","/pressure-washing",TRUE
"/industrial-cleaning-manchester","/window-cleaning",TRUE
"/industrial-cleaning-manchester","/soft-services",TRUE
"/industrial-cleaning-manchester","/security-services",TRUE
"/industrial-cleaning-manchester","/concierge-services",TRUE
"/industrial-cleaning-manchester","/washroom-management",TRUE
"/industrial-cleaning-manchester","/grounds-maintenance",TRUE
"/industrial-cleaning-manchester","/industrial-facilities-management",TRUE
"/industrial-cleaning-manchester","/commercial-facilities-management",TRUE
"/industrial-cleaning-manchester","/logistics-facilities-management",TRUE
"/industrial-cleaning-manchester","/warehouse-facilities-management",TRUE
"/industrial-cleaning-manchester","/retail-facilities-management",TRUE
"/industrial-cleaning-manchester","/healthcare-facilities-management",TRUE
"/industrial-cleaning-manchester","/education-facilities-management",TRUE
"/industrial-cleaning-manchester","/public-sector-facilities-management",TRUE
"/industrial-cleaning-manchester","/residential-facilities-management",TRUE
"/industrial-cleaning-manchester","/hotel-facilities-management",TRUE
"/industrial-cleaning-manchester","/sectors",FALSE
"/industrial-cleaning-manchester","/fm-london",TRUE
"/industrial-cleaning-manchester","/facilities-management-london",TRUE
"/industrial-cleaning-manchester","/london-facilities-management",TRUE
"/industrial-cleaning-manchester","/facilities-management-manchester",TRUE
"/industrial-cleaning-manchester","/facilities-management-birmingham",TRUE
"/industrial-cleaning-manchester","/facilities-management-sheffield",TRUE
"/industrial-cleaning-manchester","/facilities-management-leeds",TRUE
"/industrial-cleaning-manchester","/facilities-management-lincoln",TRUE
"/industrial-cleaning-manchester","/facilities-management-liverpool",TRUE
"/industrial-cleaning-manchester","/facilities-management-nottingham",TRUE
"/industrial-cleaning-manchester","/privacy-policy",TRUE
"/industrial-cleaning-manchester","/terms-and-conditions",TRUE
"/industrial-cleaning-manchester","/accessibility-statement",TRUE
"/industrial-cleaning-manchester","/helpdesk",TRUE
"/industrial-cleaning-manchester","/sitemap.xml",FALSE
"/industrial-cleaning-london","/client-login",TRUE
"/industrial-cleaning-london","/",TRUE
"/industrial-cleaning-london","/case-studies",FALSE
"/industrial-cleaning-london","/blog",TRUE
"/industrial-cleaning-london","/about-entire-facilities-management",TRUE
"/industrial-cleaning-london","/contact-us",TRUE
"/industrial-cleaning-london","/locations",FALSE
"/industrial-cleaning-london","/mechanical-electrical",TRUE
"/industrial-cleaning-london","/ppm",TRUE
"/industrial-cleaning-london","/hard-services",TRUE
"/industrial-cleaning-london","/hvac-contractor",TRUE
"/industrial-cleaning-london","/plumbing-gas",TRUE
"/industrial-cleaning-london","/fire-emergency-systems",TRUE
"/industrial-cleaning-london","/safety-critical-emergency-systems",TRUE
"/industrial-cleaning-london","/building-maintenance",TRUE
"/industrial-cleaning-london","/mechanical-electrical/emergency-light-testing",TRUE
"/industrial-cleaning-london","/mechanical-electrical/access-control",TRUE
"/industrial-cleaning-london","/aerial-drone-building-inspection",TRUE
"/industrial-cleaning-london","/industrial-cleaning",TRUE
"/industrial-cleaning-london","/cleaning-services",TRUE
"/industrial-cleaning-london","/contract-cleaning",TRUE
"/industrial-cleaning-london","/office-cleaning",TRUE
"/industrial-cleaning-london","/pressure-washing",TRUE
"/industrial-cleaning-london","/window-cleaning",TRUE
"/industrial-cleaning-london","/soft-services",TRUE
"/industrial-cleaning-london","/security-services",TRUE
"/industrial-cleaning-london","/concierge-services",TRUE
"/industrial-cleaning-london","/washroom-management",TRUE
"/industrial-cleaning-london","/grounds-maintenance",TRUE
"/industrial-cleaning-london","/industrial-facilities-management",TRUE
"/industrial-cleaning-london","/commercial-facilities-management",TRUE
"/industrial-cleaning-london","/logistics-facilities-management",TRUE
"/industrial-cleaning-london","/warehouse-facilities-management",TRUE
"/industrial-cleaning-london","/retail-facilities-management",TRUE
"/industrial-cleaning-london","/healthcare-facilities-management",TRUE
"/industrial-cleaning-london","/education-facilities-management",TRUE
"/industrial-cleaning-london","/public-sector-facilities-management",TRUE
"/industrial-cleaning-london","/residential-facilities-management",TRUE
"/industrial-cleaning-london","/hotel-facilities-management",TRUE
"/industrial-cleaning-london","/sectors",FALSE
"/industrial-cleaning-london","/fm-london",TRUE
"/industrial-cleaning-london","/facilities-management-london",TRUE
"/industrial-cleaning-london","/london-facilities-management",TRUE
"/industrial-cleaning-london","/facilities-management-manchester",TRUE
"/industrial-cleaning-london","/facilities-management-birmingham",TRUE
"/industrial-cleaning-london","/facilities-management-sheffield",TRUE
"/industrial-cleaning-london","/facilities-management-leeds",TRUE
"/industrial-cleaning-london","/facilities-management-lincoln",TRUE
"/industrial-cleaning-london","/facilities-management-liverpool",TRUE
"/industrial-cleaning-london","/facilities-management-nottingham",TRUE
"/industrial-cleaning-london","/privacy-policy",TRUE
"/industrial-cleaning-london","/terms-and-conditions",TRUE
"/industrial-cleaning-london","/accessibility-statement",TRUE
"/industrial-cleaning-london","/helpdesk",TRUE
"/industrial-cleaning-london","/sitemap.xml",FALSE
"/industrial-cleaning-nottingham","/client-login",TRUE
"/industrial-cleaning-nottingham","/",TRUE
"/industrial-cleaning-nottingham","/case-studies",FALSE
"/industrial-cleaning-nottingham","/blog",TRUE
"/industrial-cleaning-nottingham","/about-entire-facilities-management",TRUE
"/industrial-cleaning-nottingham","/contact-us",TRUE
"/industrial-cleaning-nottingham","/locations",FALSE
"/industrial-cleaning-nottingham","/mechanical-electrical",TRUE
"/industrial-cleaning-nottingham","/ppm",TRUE
"/industrial-cleaning-nottingham","/hard-services",TRUE
"/industrial-cleaning-nottingham","/hvac-contractor",TRUE
"/industrial-cleaning-nottingham","/plumbing-gas",TRUE
"/industrial-cleaning-nottingham","/fire-emergency-systems",TRUE
"/industrial-cleaning-nottingham","/safety-critical-emergency-systems",TRUE
"/industrial-cleaning-nottingham","/building-maintenance",TRUE
"/industrial-cleaning-nottingham","/mechanical-electrical/emergency-light-testing",TRUE
"/industrial-cleaning-nottingham","/mechanical-electrical/access-control",TRUE
"/industrial-cleaning-nottingham","/aerial-drone-building-inspection",TRUE
"/industrial-cleaning-nottingham","/industrial-cleaning",TRUE
"/industrial-cleaning-nottingham","/cleaning-services",TRUE
"/industrial-cleaning-nottingham","/contract-cleaning",TRUE
"/industrial-cleaning-nottingham","/office-cleaning",TRUE
"/industrial-cleaning-nottingham","/pressure-washing",TRUE
"/industrial-cleaning-nottingham","/window-cleaning",TRUE
"/industrial-cleaning-nottingham","/soft-services",TRUE
"/industrial-cleaning-nottingham","/security-services",TRUE
"/industrial-cleaning-nottingham","/concierge-services",TRUE
"/industrial-cleaning-nottingham","/washroom-management",TRUE
"/industrial-cleaning-nottingham","/grounds-maintenance",TRUE
"/industrial-cleaning-nottingham","/industrial-facilities-management",TRUE
"/industrial-cleaning-nottingham","/commercial-facilities-management",TRUE
"/industrial-cleaning-nottingham","/logistics-facilities-management",TRUE
"/industrial-cleaning-nottingham","/warehouse-facilities-management",TRUE
"/industrial-cleaning-nottingham","/retail-facilities-management",TRUE
"/industrial-cleaning-nottingham","/healthcare-facilities-management",TRUE
"/industrial-cleaning-nottingham","/education-facilities-management",TRUE
"/industrial-cleaning-nottingham","/public-sector-facilities-management",TRUE
"/industrial-cleaning-nottingham","/residential-facilities-management",TRUE
"/industrial-cleaning-nottingham","/hotel-facilities-management",TRUE
"/industrial-cleaning-nottingham","/sectors",FALSE
"/industrial-cleaning-nottingham","/fm-london",TRUE
"/industrial-cleaning-nottingham","/facilities-management-london",TRUE
"/industrial-cleaning-nottingham","/london-facilities-management",TRUE
"/industrial-cleaning-nottingham","/facilities-management-manchester",TRUE
"/industrial-cleaning-nottingham","/facilities-management-birmingham",TRUE
"/industrial-cleaning-nottingham","/facilities-management-sheffield",TRUE
"/industrial-cleaning-nottingham","/facilities-management-leeds",TRUE
"/industrial-cleaning-nottingham","/facilities-management-lincoln",TRUE
"/industrial-cleaning-nottingham","/facilities-management-liverpool",TRUE
"/industrial-cleaning-nottingham","/facilities-management-nottingham",TRUE
"/industrial-cleaning-nottingham","/privacy-policy",TRUE
"/industrial-cleaning-nottingham","/terms-and-conditions",TRUE
"/industrial-cleaning-nottingham","/accessibility-statement",TRUE
"/industrial-cleaning-nottingham","/helpdesk",TRUE
"/industrial-cleaning-nottingham","/sitemap.xml",FALSE
"/industrial-cleaning-leeds","/client-login",TRUE
"/industrial-cleaning-leeds","/",TRUE
"/industrial-cleaning-leeds","/case-studies",FALSE
"/industrial-cleaning-leeds","/blog",TRUE
"/industrial-cleaning-leeds","/about-entire-facilities-management",TRUE
"/industrial-cleaning-leeds","/contact-us",TRUE
"/industrial-cleaning-leeds","/locations",FALSE
"/industrial-cleaning-leeds","/mechanical-electrical",TRUE
"/industrial-cleaning-leeds","/ppm",TRUE
"/industrial-cleaning-leeds","/hard-services",TRUE
"/industrial-cleaning-leeds","/hvac-contractor",TRUE
"/industrial-cleaning-leeds","/plumbing-gas",TRUE
"/industrial-cleaning-leeds","/fire-emergency-systems",TRUE
"/industrial-cleaning-leeds","/safety-critical-emergency-systems",TRUE
"/industrial-cleaning-leeds","/building-maintenance",TRUE
"/industrial-cleaning-leeds","/mechanical-electrical/emergency-light-testing",TRUE
"/industrial-cleaning-leeds","/mechanical-electrical/access-control",TRUE
"/industrial-cleaning-leeds","/aerial-drone-building-inspection",TRUE
"/industrial-cleaning-leeds","/industrial-cleaning",TRUE
"/industrial-cleaning-leeds","/cleaning-services",TRUE
"/industrial-cleaning-leeds","/contract-cleaning",TRUE
"/industrial-cleaning-leeds","/office-cleaning",TRUE
"/industrial-cleaning-leeds","/pressure-washing",TRUE
"/industrial-cleaning-leeds","/window-cleaning",TRUE
"/industrial-cleaning-leeds","/soft-services",TRUE
"/industrial-cleaning-leeds","/security-services",TRUE
"/industrial-cleaning-leeds","/concierge-services",TRUE
"/industrial-cleaning-leeds","/washroom-management",TRUE
"/industrial-cleaning-leeds","/grounds-maintenance",TRUE
"/industrial-cleaning-leeds","/industrial-facilities-management",TRUE
"/industrial-cleaning-leeds","/commercial-facilities-management",TRUE
"/industrial-cleaning-leeds","/logistics-facilities-management",TRUE
"/industrial-cleaning-leeds","/warehouse-facilities-management",TRUE
"/industrial-cleaning-leeds","/retail-facilities-management",TRUE
"/industrial-cleaning-leeds","/healthcare-facilities-management",TRUE
"/industrial-cleaning-leeds","/education-facilities-management",TRUE
"/industrial-cleaning-leeds","/public-sector-facilities-management",TRUE
"/industrial-cleaning-leeds","/residential-facilities-management",TRUE
"/industrial-cleaning-leeds","/hotel-facilities-management",TRUE
"/industrial-cleaning-leeds","/sectors",FALSE
"/industrial-cleaning-leeds","/fm-london",TRUE
"/industrial-cleaning-leeds","/facilities-management-london",TRUE
"/industrial-cleaning-leeds","/london-facilities-management",TRUE
"/industrial-cleaning-leeds","/facilities-management-manchester",TRUE
"/industrial-cleaning-leeds","/facilities-management-birmingham",TRUE
"/industrial-cleaning-leeds","/facilities-management-sheffield",TRUE
"/industrial-cleaning-leeds","/facilities-management-leeds",TRUE
"/industrial-cleaning-leeds","/facilities-management-lincoln",TRUE
"/industrial-cleaning-leeds","/facilities-management-liverpool",TRUE
"/industrial-cleaning-leeds","/facilities-management-nottingham",TRUE
"/industrial-cleaning-leeds","/privacy-policy",TRUE
"/industrial-cleaning-leeds","/terms-and-conditions",TRUE
"/industrial-cleaning-leeds","/accessibility-statement",TRUE
"/industrial-cleaning-leeds","/helpdesk",TRUE
"/industrial-cleaning-leeds","/sitemap.xml",FALSE
"/internal-cleaning","/client-login",TRUE
"/internal-cleaning","/",TRUE
"/internal-cleaning","/case-studies",FALSE
"/internal-cleaning","/blog",TRUE
"/internal-cleaning","/about-entire-facilities-management",TRUE
"/internal-cleaning","/contact-us",TRUE
"/internal-cleaning","/services",TRUE
"/internal-cleaning","/mechanical-electrical",TRUE
"/internal-cleaning","/ppm",TRUE
"/internal-cleaning","/hard-services",TRUE
"/internal-cleaning","/hvac-contractor",TRUE
"/internal-cleaning","/plumbing-gas",TRUE
"/internal-cleaning","/fire-emergency-systems",TRUE
"/internal-cleaning","/safety-critical-emergency-systems",TRUE
"/internal-cleaning","/building-maintenance",TRUE
"/internal-cleaning","/mechanical-electrical/emergency-light-testing",TRUE
"/internal-cleaning","/mechanical-electrical/access-control",TRUE
"/internal-cleaning","/aerial-drone-building-inspection",TRUE
"/internal-cleaning","/industrial-cleaning",TRUE
"/internal-cleaning","/cleaning-services",TRUE
"/internal-cleaning","/contract-cleaning",TRUE
"/internal-cleaning","/office-cleaning",TRUE
"/internal-cleaning","/pressure-washing",TRUE
"/internal-cleaning","/window-cleaning",TRUE
"/internal-cleaning","/soft-services",TRUE
"/internal-cleaning","/security-services",TRUE
"/internal-cleaning","/concierge-services",TRUE
"/internal-cleaning","/washroom-management",TRUE
"/internal-cleaning","/grounds-maintenance",TRUE
"/internal-cleaning","/industrial-facilities-management",TRUE
"/internal-cleaning","/commercial-facilities-management",TRUE
"/internal-cleaning","/logistics-facilities-management",TRUE
"/internal-cleaning","/warehouse-facilities-management",TRUE
"/internal-cleaning","/retail-facilities-management",TRUE
"/internal-cleaning","/healthcare-facilities-management",TRUE
"/internal-cleaning","/education-facilities-management",TRUE
"/internal-cleaning","/public-sector-facilities-management",TRUE
"/internal-cleaning","/residential-facilities-management",TRUE
"/internal-cleaning","/hotel-facilities-management",TRUE
"/internal-cleaning","/sectors",FALSE
"/internal-cleaning","/fm-london",TRUE
"/internal-cleaning","/facilities-management-london",TRUE
"/internal-cleaning","/london-facilities-management",TRUE
"/internal-cleaning","/facilities-management-manchester",TRUE
"/internal-cleaning","/facilities-management-birmingham",TRUE
"/internal-cleaning","/facilities-management-sheffield",TRUE
"/internal-cleaning","/facilities-management-leeds",TRUE
"/internal-cleaning","/facilities-management-lincoln",TRUE
"/internal-cleaning","/facilities-management-liverpool",TRUE
"/internal-cleaning","/facilities-management-nottingham",TRUE
"/internal-cleaning","/locations",FALSE
"/internal-cleaning","/privacy-policy",TRUE
"/internal-cleaning","/terms-and-conditions",TRUE
"/internal-cleaning","/accessibility-statement",TRUE
"/internal-cleaning","/helpdesk",TRUE
"/internal-cleaning","/sitemap.xml",FALSE
"/industrial-cleaning-sheffield","/client-login",TRUE
"/industrial-cleaning-sheffield","/",TRUE
"/industrial-cleaning-sheffield","/case-studies",FALSE
"/industrial-cleaning-sheffield","/blog",TRUE
"/industrial-cleaning-sheffield","/about-entire-facilities-management",TRUE
"/industrial-cleaning-sheffield","/contact-us",TRUE
"/industrial-cleaning-sheffield","/locations",FALSE
"/industrial-cleaning-sheffield","/mechanical-electrical",TRUE
"/industrial-cleaning-sheffield","/ppm",TRUE
"/industrial-cleaning-sheffield","/hard-services",TRUE
"/industrial-cleaning-sheffield","/hvac-contractor",TRUE
"/industrial-cleaning-sheffield","/plumbing-gas",TRUE
"/industrial-cleaning-sheffield","/fire-emergency-systems",TRUE
"/industrial-cleaning-sheffield","/safety-critical-emergency-systems",TRUE
"/industrial-cleaning-sheffield","/building-maintenance",TRUE
"/industrial-cleaning-sheffield","/mechanical-electrical/emergency-light-testing",TRUE
"/industrial-cleaning-sheffield","/mechanical-electrical/access-control",TRUE
"/industrial-cleaning-sheffield","/aerial-drone-building-inspection",TRUE
"/industrial-cleaning-sheffield","/industrial-cleaning",TRUE
"/industrial-cleaning-sheffield","/cleaning-services",TRUE
"/industrial-cleaning-sheffield","/contract-cleaning",TRUE
"/industrial-cleaning-sheffield","/office-cleaning",TRUE
"/industrial-cleaning-sheffield","/pressure-washing",TRUE
"/industrial-cleaning-sheffield","/window-cleaning",TRUE
"/industrial-cleaning-sheffield","/soft-services",TRUE
"/industrial-cleaning-sheffield","/security-services",TRUE
"/industrial-cleaning-sheffield","/concierge-services",TRUE
"/industrial-cleaning-sheffield","/washroom-management",TRUE
"/industrial-cleaning-sheffield","/grounds-maintenance",TRUE
"/industrial-cleaning-sheffield","/industrial-facilities-management",TRUE
"/industrial-cleaning-sheffield","/commercial-facilities-management",TRUE
"/industrial-cleaning-sheffield","/logistics-facilities-management",TRUE
"/industrial-cleaning-sheffield","/warehouse-facilities-management",TRUE
"/industrial-cleaning-sheffield","/retail-facilities-management",TRUE
"/industrial-cleaning-sheffield","/healthcare-facilities-management",TRUE
"/industrial-cleaning-sheffield","/education-facilities-management",TRUE
"/industrial-cleaning-sheffield","/public-sector-facilities-management",TRUE
"/industrial-cleaning-sheffield","/residential-facilities-management",TRUE
"/industrial-cleaning-sheffield","/hotel-facilities-management",TRUE
"/industrial-cleaning-sheffield","/sectors",FALSE
"/industrial-cleaning-sheffield","/fm-london",TRUE
"/industrial-cleaning-sheffield","/facilities-management-london",TRUE
"/industrial-cleaning-sheffield","/london-facilities-management",TRUE
"/industrial-cleaning-sheffield","/facilities-management-manchester",TRUE
"/industrial-cleaning-sheffield","/facilities-management-birmingham",TRUE
"/industrial-cleaning-sheffield","/facilities-management-sheffield",TRUE
"/industrial-cleaning-sheffield","/facilities-management-leeds",TRUE
"/industrial-cleaning-sheffield","/facilities-management-lincoln",TRUE
"/industrial-cleaning-sheffield","/facilities-management-liverpool",TRUE
"/industrial-cleaning-sheffield","/facilities-management-nottingham",TRUE
"/industrial-cleaning-sheffield","/privacy-policy",TRUE
"/industrial-cleaning-sheffield","/terms-and-conditions",TRUE
"/industrial-cleaning-sheffield","/accessibility-statement",TRUE
"/industrial-cleaning-sheffield","/helpdesk",TRUE
"/industrial-cleaning-sheffield","/sitemap.xml",FALSE
"/industrial-facilities-management","/client-login",TRUE
"/industrial-facilities-management","/",TRUE
"/industrial-facilities-management","/case-studies",FALSE
"/industrial-facilities-management","/blog",TRUE
"/industrial-facilities-management","/about-entire-facilities-management",TRUE
"/industrial-facilities-management","/contact-us",TRUE
"/industrial-facilities-management","/sectors",FALSE
"/industrial-facilities-management","/mechanical-electrical",TRUE
"/industrial-facilities-management","/ppm",TRUE
"/industrial-facilities-management","/hard-services",TRUE
"/industrial-facilities-management","/hvac-contractor",TRUE
"/industrial-facilities-management","/plumbing-gas",TRUE
"/industrial-facilities-management","/fire-emergency-systems",TRUE
"/industrial-facilities-management","/safety-critical-emergency-systems",TRUE
"/industrial-facilities-management","/building-maintenance",TRUE
"/industrial-facilities-management","/mechanical-electrical/emergency-light-testing",TRUE
"/industrial-facilities-management","/mechanical-electrical/access-control",TRUE
"/industrial-facilities-management","/aerial-drone-building-inspection",TRUE
"/industrial-facilities-management","/industrial-cleaning",TRUE
"/industrial-facilities-management","/cleaning-services",TRUE
"/industrial-facilities-management","/contract-cleaning",TRUE
"/industrial-facilities-management","/office-cleaning",TRUE
"/industrial-facilities-management","/pressure-washing",TRUE
"/industrial-facilities-management","/window-cleaning",TRUE
"/industrial-facilities-management","/soft-services",TRUE
"/industrial-facilities-management","/security-services",TRUE
"/industrial-facilities-management","/concierge-services",TRUE
"/industrial-facilities-management","/washroom-management",TRUE
"/industrial-facilities-management","/grounds-maintenance",TRUE
"/industrial-facilities-management","/industrial-facilities-management",TRUE
"/industrial-facilities-management","/commercial-facilities-management",TRUE
"/industrial-facilities-management","/logistics-facilities-management",TRUE
"/industrial-facilities-management","/warehouse-facilities-management",TRUE
"/industrial-facilities-management","/retail-facilities-management",TRUE
"/industrial-facilities-management","/healthcare-facilities-management",TRUE
"/industrial-facilities-management","/education-facilities-management",TRUE
"/industrial-facilities-management","/public-sector-facilities-management",TRUE
"/industrial-facilities-management","/residential-facilities-management",TRUE
"/industrial-facilities-management","/hotel-facilities-management",TRUE
"/industrial-facilities-management","/fm-london",TRUE
"/industrial-facilities-management","/facilities-management-london",TRUE
"/industrial-facilities-management","/london-facilities-management",TRUE
"/industrial-facilities-management","/facilities-management-manchester",TRUE
"/industrial-facilities-management","/facilities-management-birmingham",TRUE
"/industrial-facilities-management","/facilities-management-sheffield",TRUE
"/industrial-facilities-management","/facilities-management-leeds",TRUE
"/industrial-facilities-management","/facilities-management-lincoln",TRUE
"/industrial-facilities-management","/facilities-management-liverpool",TRUE
"/industrial-facilities-management","/facilities-management-nottingham",TRUE
"/industrial-facilities-management","/locations",FALSE
"/industrial-facilities-management","/privacy-policy",TRUE
"/industrial-facilities-management","/terms-and-conditions",TRUE
"/industrial-facilities-management","/accessibility-statement",TRUE
"/industrial-facilities-management","/helpdesk",TRUE
"/industrial-facilities-management","/sitemap.xml",FALSE
"/industrial-fm-lincoln","/client-login",TRUE
"/industrial-fm-lincoln","/",TRUE
"/industrial-fm-lincoln","/case-studies",FALSE
"/industrial-fm-lincoln","/blog",TRUE
"/industrial-fm-lincoln","/about-entire-facilities-management",TRUE
"/industrial-fm-lincoln","/contact-us",TRUE
"/industrial-fm-lincoln","/locations",FALSE
"/industrial-fm-lincoln","/mechanical-electrical",TRUE
"/industrial-fm-lincoln","/ppm",TRUE
"/industrial-fm-lincoln","/hard-services",TRUE
"/industrial-fm-lincoln","/hvac-contractor",TRUE
"/industrial-fm-lincoln","/plumbing-gas",TRUE
"/industrial-fm-lincoln","/fire-emergency-systems",TRUE
"/industrial-fm-lincoln","/safety-critical-emergency-systems",TRUE
"/industrial-fm-lincoln","/building-maintenance",TRUE
"/industrial-fm-lincoln","/mechanical-electrical/emergency-light-testing",TRUE
"/industrial-fm-lincoln","/mechanical-electrical/access-control",TRUE
"/industrial-fm-lincoln","/aerial-drone-building-inspection",TRUE
"/industrial-fm-lincoln","/industrial-cleaning",TRUE
"/industrial-fm-lincoln","/cleaning-services",TRUE
"/industrial-fm-lincoln","/contract-cleaning",TRUE
"/industrial-fm-lincoln","/office-cleaning",TRUE
"/industrial-fm-lincoln","/pressure-washing",TRUE
"/industrial-fm-lincoln","/window-cleaning",TRUE
"/industrial-fm-lincoln","/soft-services",TRUE
"/industrial-fm-lincoln","/security-services",TRUE
"/industrial-fm-lincoln","/concierge-services",TRUE
"/industrial-fm-lincoln","/washroom-management",TRUE
"/industrial-fm-lincoln","/grounds-maintenance",TRUE
"/industrial-fm-lincoln","/industrial-facilities-management",TRUE
"/industrial-fm-lincoln","/commercial-facilities-management",TRUE
"/industrial-fm-lincoln","/logistics-facilities-management",TRUE
"/industrial-fm-lincoln","/warehouse-facilities-management",TRUE
"/industrial-fm-lincoln","/retail-facilities-management",TRUE
"/industrial-fm-lincoln","/healthcare-facilities-management",TRUE
"/industrial-fm-lincoln","/education-facilities-management",TRUE
"/industrial-fm-lincoln","/public-sector-facilities-management",TRUE
"/industrial-fm-lincoln","/residential-facilities-management",TRUE
"/industrial-fm-lincoln","/hotel-facilities-management",TRUE
"/industrial-fm-lincoln","/sectors",FALSE
"/industrial-fm-lincoln","/fm-london",TRUE
"/industrial-fm-lincoln","/facilities-management-london",TRUE
"/industrial-fm-lincoln","/london-facilities-management",TRUE
"/industrial-fm-lincoln","/facilities-management-manchester",TRUE
"/industrial-fm-lincoln","/facilities-management-birmingham",TRUE
"/industrial-fm-lincoln","/facilities-management-sheffield",TRUE
"/industrial-fm-lincoln","/facilities-management-leeds",TRUE
"/industrial-fm-lincoln","/facilities-management-lincoln",TRUE
"/industrial-fm-lincoln","/facilities-management-liverpool",TRUE
"/industrial-fm-lincoln","/facilities-management-nottingham",TRUE
"/industrial-fm-lincoln","/privacy-policy",TRUE
"/industrial-fm-lincoln","/terms-and-conditions",TRUE
"/industrial-fm-lincoln","/accessibility-statement",TRUE
"/industrial-fm-lincoln","/helpdesk",TRUE
"/industrial-fm-lincoln","/sitemap.xml",FALSE
"/items","/client-login",TRUE
"/items","/",TRUE
"/items","/case-studies",FALSE
"/items","/blog",TRUE
"/items","/about-entire-facilities-management",TRUE
"/items","/contact-us",TRUE
"/items","/24-7-fm-support",TRUE
"/items","/aerial-drone-building-inspection",TRUE
"/items","/bocker-crane-hire",TRUE
"/items","/building-inspecting-testing",TRUE
"/items","/building-maintenance",TRUE
"/items","/caretaker",TRUE
"/items","/carpark-management",TRUE
"/items","/cleaning-services",TRUE
"/items","/concierge-services",TRUE
"/items","/contract-cleaning",TRUE
"/items","/copy-of-industrial-cleaning",TRUE
"/items","/copy-of-what-is-facilities-manageme",TRUE
"/items","/education-cleaning",TRUE
"/items","/facilities-management-services",TRUE
"/items","/facilities-management-services-lond",TRUE
"/items","/fire-emergency-systems",TRUE
"/items","/fm-technical-services",TRUE
"/items","/gates-barriers",TRUE
"/items","/mechanical-electrical",TRUE
"/items","/hvac-contractor",TRUE
"/items","/ppm",TRUE
"/items","/hard-services",TRUE
"/items","/plumbing-gas",TRUE
"/items","/safety-critical-emergency-systems",TRUE
"/items","/mechanical-electrical/emergency-light-testing",TRUE
"/items","/mechanical-electrical/access-control",TRUE
"/items","/industrial-cleaning",TRUE
"/items","/office-cleaning",TRUE
"/items","/pressure-washing",TRUE
"/items","/window-cleaning",TRUE
"/items","/soft-services",TRUE
"/items","/security-services",TRUE
"/items","/washroom-management",TRUE
"/items","/grounds-maintenance",TRUE
"/items","/industrial-facilities-management",TRUE
"/items","/commercial-facilities-management",TRUE
"/items","/logistics-facilities-management",TRUE
"/items","/warehouse-facilities-management",TRUE
"/items","/retail-facilities-management",TRUE
"/items","/healthcare-facilities-management",TRUE
"/items","/education-facilities-management",TRUE
"/items","/public-sector-facilities-management",TRUE
"/items","/residential-facilities-management",TRUE
"/items","/hotel-facilities-management",TRUE
"/items","/sectors",FALSE
"/items","/fm-london",TRUE
"/items","/facilities-management-london",TRUE
"/items","/london-facilities-management",TRUE
"/items","/facilities-management-manchester",TRUE
"/items","/facilities-management-birmingham",TRUE
"/items","/facilities-management-sheffield",TRUE
"/items","/facilities-management-leeds",TRUE
"/items","/facilities-management-lincoln",TRUE
"/items","/facilities-management-liverpool",TRUE
"/items","/facilities-management-nottingham",TRUE
"/items","/locations",FALSE
"/items","/privacy-policy",TRUE
"/items","/terms-and-conditions",TRUE
"/items","/accessibility-statement",TRUE
"/items","/helpdesk",TRUE
"/items","/sitemap.xml",FALSE
"/job-board","/client-login",TRUE
"/job-board","/",TRUE
"/job-board","/case-studies",FALSE
"/job-board","/blog",TRUE
"/job-board","/about-entire-facilities-management",TRUE
"/job-board","/contact-us",TRUE
"/job-board","/mechanical-electrical",TRUE
"/job-board","/hvac-contractor",TRUE
"/job-board","/ppm",TRUE
"/job-board","/hard-services",TRUE
"/job-board","/plumbing-gas",TRUE
"/job-board","/fire-emergency-systems",TRUE
"/job-board","/safety-critical-emergency-systems",TRUE
"/job-board","/building-maintenance",TRUE
"/job-board","/mechanical-electrical/emergency-light-testing",TRUE
"/job-board","/mechanical-electrical/access-control",TRUE
"/job-board","/aerial-drone-building-inspection",TRUE
"/job-board","/industrial-cleaning",TRUE
"/job-board","/cleaning-services",TRUE
"/job-board","/contract-cleaning",TRUE
"/job-board","/office-cleaning",TRUE
"/job-board","/pressure-washing",TRUE
"/job-board","/window-cleaning",TRUE
"/job-board","/soft-services",TRUE
"/job-board","/security-services",TRUE
"/job-board","/concierge-services",TRUE
"/job-board","/washroom-management",TRUE
"/job-board","/grounds-maintenance",TRUE
"/job-board","/industrial-facilities-management",TRUE
"/job-board","/commercial-facilities-management",TRUE
"/job-board","/logistics-facilities-management",TRUE
"/job-board","/warehouse-facilities-management",TRUE
"/job-board","/retail-facilities-management",TRUE
"/job-board","/healthcare-facilities-management",TRUE
"/job-board","/education-facilities-management",TRUE
"/job-board","/public-sector-facilities-management",TRUE
"/job-board","/residential-facilities-management",TRUE
"/job-board","/hotel-facilities-management",TRUE
"/job-board","/sectors",FALSE
"/job-board","/fm-london",TRUE
"/job-board","/facilities-management-london",TRUE
"/job-board","/london-facilities-management",TRUE
"/job-board","/facilities-management-manchester",TRUE
"/job-board","/facilities-management-birmingham",TRUE
"/job-board","/facilities-management-sheffield",TRUE
"/job-board","/facilities-management-leeds",TRUE
"/job-board","/facilities-management-lincoln",TRUE
"/job-board","/facilities-management-liverpool",TRUE
"/job-board","/facilities-management-nottingham",TRUE
"/job-board","/locations",FALSE
"/job-board","/privacy-policy",TRUE
"/job-board","/terms-and-conditions",TRUE
"/job-board","/accessibility-statement",TRUE
"/job-board","/helpdesk",TRUE
"/job-board","/sitemap.xml",FALSE
"/landscaping","/client-login",TRUE
"/landscaping","/",TRUE
"/landscaping","/case-studies",FALSE
"/landscaping","/blog",TRUE
"/landscaping","/about-entire-facilities-management",TRUE
"/landscaping","/contact-us",TRUE
"/landscaping","/services",TRUE
"/landscaping","/mechanical-electrical",TRUE
"/landscaping","/ppm",TRUE
"/landscaping","/hard-services",TRUE
"/landscaping","/hvac-contractor",TRUE
"/landscaping","/plumbing-gas",TRUE
"/landscaping","/fire-emergency-systems",TRUE
"/landscaping","/safety-critical-emergency-systems",TRUE
"/landscaping","/building-maintenance",TRUE
"/landscaping","/mechanical-electrical/emergency-light-testing",TRUE
"/landscaping","/mechanical-electrical/access-control",TRUE
"/landscaping","/aerial-drone-building-inspection",TRUE
"/landscaping","/industrial-cleaning",TRUE
"/landscaping","/cleaning-services",TRUE
"/landscaping","/contract-cleaning",TRUE
"/landscaping","/office-cleaning",TRUE
"/landscaping","/pressure-washing",TRUE
"/landscaping","/window-cleaning",TRUE
"/landscaping","/soft-services",TRUE
"/landscaping","/security-services",TRUE
"/landscaping","/concierge-services",TRUE
"/landscaping","/washroom-management",TRUE
"/landscaping","/grounds-maintenance",TRUE
"/landscaping","/industrial-facilities-management",TRUE
"/landscaping","/commercial-facilities-management",TRUE
"/landscaping","/logistics-facilities-management",TRUE
"/landscaping","/warehouse-facilities-management",TRUE
"/landscaping","/retail-facilities-management",TRUE
"/landscaping","/healthcare-facilities-management",TRUE
"/landscaping","/education-facilities-management",TRUE
"/landscaping","/public-sector-facilities-management",TRUE
"/landscaping","/residential-facilities-management",TRUE
"/landscaping","/hotel-facilities-management",TRUE
"/landscaping","/sectors",FALSE
"/landscaping","/fm-london",TRUE
"/landscaping","/facilities-management-london",TRUE
"/landscaping","/london-facilities-management",TRUE
"/landscaping","/facilities-management-manchester",TRUE
"/landscaping","/facilities-management-birmingham",TRUE
"/landscaping","/facilities-management-sheffield",TRUE
"/landscaping","/facilities-management-leeds",TRUE
"/landscaping","/facilities-management-lincoln",TRUE
"/landscaping","/facilities-management-liverpool",TRUE
"/landscaping","/facilities-management-nottingham",TRUE
"/landscaping","/locations",FALSE
"/landscaping","/privacy-policy",TRUE
"/landscaping","/terms-and-conditions",TRUE
"/landscaping","/accessibility-statement",TRUE
"/landscaping","/helpdesk",TRUE
"/landscaping","/sitemap.xml",FALSE
"/landmark-facilities-management","/client-login",TRUE
"/landmark-facilities-management","/",TRUE
"/landmark-facilities-management","/case-studies",FALSE
"/landmark-facilities-management","/blog",TRUE
"/landmark-facilities-management","/about-entire-facilities-management",TRUE
"/landmark-facilities-management","/contact-us",TRUE
"/landmark-facilities-management","/sectors",FALSE
"/landmark-facilities-management","/mechanical-electrical",TRUE
"/landmark-facilities-management","/ppm",TRUE
"/landmark-facilities-management","/hard-services",TRUE
"/landmark-facilities-management","/hvac-contractor",TRUE
"/landmark-facilities-management","/plumbing-gas",TRUE
"/landmark-facilities-management","/fire-emergency-systems",TRUE
"/landmark-facilities-management","/safety-critical-emergency-systems",TRUE
"/landmark-facilities-management","/building-maintenance",TRUE
"/landmark-facilities-management","/mechanical-electrical/emergency-light-testing",TRUE
"/landmark-facilities-management","/mechanical-electrical/access-control",TRUE
"/landmark-facilities-management","/aerial-drone-building-inspection",TRUE
"/landmark-facilities-management","/industrial-cleaning",TRUE
"/landmark-facilities-management","/cleaning-services",TRUE
"/landmark-facilities-management","/contract-cleaning",TRUE
"/landmark-facilities-management","/office-cleaning",TRUE
"/landmark-facilities-management","/pressure-washing",TRUE
"/landmark-facilities-management","/window-cleaning",TRUE
"/landmark-facilities-management","/soft-services",TRUE
"/landmark-facilities-management","/security-services",TRUE
"/landmark-facilities-management","/concierge-services",TRUE
"/landmark-facilities-management","/washroom-management",TRUE
"/landmark-facilities-management","/grounds-maintenance",TRUE
"/landmark-facilities-management","/industrial-facilities-management",TRUE
"/landmark-facilities-management","/commercial-facilities-management",TRUE
"/landmark-facilities-management","/logistics-facilities-management",TRUE
"/landmark-facilities-management","/warehouse-facilities-management",TRUE
"/landmark-facilities-management","/retail-facilities-management",TRUE
"/landmark-facilities-management","/healthcare-facilities-management",TRUE
"/landmark-facilities-management","/education-facilities-management",TRUE
"/landmark-facilities-management","/public-sector-facilities-management",TRUE
"/landmark-facilities-management","/residential-facilities-management",TRUE
"/landmark-facilities-management","/hotel-facilities-management",TRUE
"/landmark-facilities-management","/fm-london",TRUE
"/landmark-facilities-management","/facilities-management-london",TRUE
"/landmark-facilities-management","/london-facilities-management",TRUE
"/landmark-facilities-management","/facilities-management-manchester",TRUE
"/landmark-facilities-management","/facilities-management-birmingham",TRUE
"/landmark-facilities-management","/facilities-management-sheffield",TRUE
"/landmark-facilities-management","/facilities-management-leeds",TRUE
"/landmark-facilities-management","/facilities-management-lincoln",TRUE
"/landmark-facilities-management","/facilities-management-liverpool",TRUE
"/landmark-facilities-management","/facilities-management-nottingham",TRUE
"/landmark-facilities-management","/locations",FALSE
"/landmark-facilities-management","/privacy-policy",TRUE
"/landmark-facilities-management","/terms-and-conditions",TRUE
"/landmark-facilities-management","/accessibility-statement",TRUE
"/landmark-facilities-management","/helpdesk",TRUE
"/landmark-facilities-management","/sitemap.xml",FALSE
"/lincoln-facilities-management","/client-login",TRUE
"/lincoln-facilities-management","/",TRUE
"/lincoln-facilities-management","/case-studies",FALSE
"/lincoln-facilities-management","/blog",TRUE
"/lincoln-facilities-management","/about-entire-facilities-management",TRUE
"/lincoln-facilities-management","/contact-us",TRUE
"/lincoln-facilities-management","/locations",FALSE
"/lincoln-facilities-management","/mechanical-electrical",TRUE
"/lincoln-facilities-management","/ppm",TRUE
"/lincoln-facilities-management","/hard-services",TRUE
"/lincoln-facilities-management","/hvac-contractor",TRUE
"/lincoln-facilities-management","/plumbing-gas",TRUE
"/lincoln-facilities-management","/fire-emergency-systems",TRUE
"/lincoln-facilities-management","/safety-critical-emergency-systems",TRUE
"/lincoln-facilities-management","/building-maintenance",TRUE
"/lincoln-facilities-management","/mechanical-electrical/emergency-light-testing",TRUE
"/lincoln-facilities-management","/mechanical-electrical/access-control",TRUE
"/lincoln-facilities-management","/aerial-drone-building-inspection",TRUE
"/lincoln-facilities-management","/industrial-cleaning",TRUE
"/lincoln-facilities-management","/cleaning-services",TRUE
"/lincoln-facilities-management","/contract-cleaning",TRUE
"/lincoln-facilities-management","/office-cleaning",TRUE
"/lincoln-facilities-management","/pressure-washing",TRUE
"/lincoln-facilities-management","/window-cleaning",TRUE
"/lincoln-facilities-management","/soft-services",TRUE
"/lincoln-facilities-management","/security-services",TRUE
"/lincoln-facilities-management","/concierge-services",TRUE
"/lincoln-facilities-management","/washroom-management",TRUE
"/lincoln-facilities-management","/grounds-maintenance",TRUE
"/lincoln-facilities-management","/industrial-facilities-management",TRUE
"/lincoln-facilities-management","/commercial-facilities-management",TRUE
"/lincoln-facilities-management","/logistics-facilities-management",TRUE
"/lincoln-facilities-management","/warehouse-facilities-management",TRUE
"/lincoln-facilities-management","/retail-facilities-management",TRUE
"/lincoln-facilities-management","/healthcare-facilities-management",TRUE
"/lincoln-facilities-management","/education-facilities-management",TRUE
"/lincoln-facilities-management","/public-sector-facilities-management",TRUE
"/lincoln-facilities-management","/residential-facilities-management",TRUE
"/lincoln-facilities-management","/hotel-facilities-management",TRUE
"/lincoln-facilities-management","/sectors",FALSE
"/lincoln-facilities-management","/fm-london",TRUE
"/lincoln-facilities-management","/facilities-management-london",TRUE
"/lincoln-facilities-management","/london-facilities-management",TRUE
"/lincoln-facilities-management","/facilities-management-manchester",TRUE
"/lincoln-facilities-management","/facilities-management-birmingham",TRUE
"/lincoln-facilities-management","/facilities-management-sheffield",TRUE
"/lincoln-facilities-management","/facilities-management-leeds",TRUE
"/lincoln-facilities-management","/facilities-management-lincoln",TRUE
"/lincoln-facilities-management","/facilities-management-liverpool",TRUE
"/lincoln-facilities-management","/facilities-management-nottingham",TRUE
"/lincoln-facilities-management","/privacy-policy",TRUE
"/lincoln-facilities-management","/terms-and-conditions",TRUE
"/lincoln-facilities-management","/accessibility-statement",TRUE
"/lincoln-facilities-management","/helpdesk",TRUE
"/lincoln-facilities-management","/sitemap.xml",FALSE
"/leeds-facilities-management","/client-login",TRUE
"/leeds-facilities-management","/",TRUE
"/leeds-facilities-management","/case-studies",FALSE
"/leeds-facilities-management","/blog",TRUE
"/leeds-facilities-management","/about-entire-facilities-management",TRUE
"/leeds-facilities-management","/contact-us",TRUE
"/leeds-facilities-management","/locations",FALSE
"/leeds-facilities-management","/mechanical-electrical",TRUE
"/leeds-facilities-management","/ppm",TRUE
"/leeds-facilities-management","/hard-services",TRUE
"/leeds-facilities-management","/hvac-contractor",TRUE
"/leeds-facilities-management","/plumbing-gas",TRUE
"/leeds-facilities-management","/fire-emergency-systems",TRUE
"/leeds-facilities-management","/safety-critical-emergency-systems",TRUE
"/leeds-facilities-management","/building-maintenance",TRUE
"/leeds-facilities-management","/mechanical-electrical/emergency-light-testing",TRUE
"/leeds-facilities-management","/mechanical-electrical/access-control",TRUE
"/leeds-facilities-management","/aerial-drone-building-inspection",TRUE
"/leeds-facilities-management","/industrial-cleaning",TRUE
"/leeds-facilities-management","/cleaning-services",TRUE
"/leeds-facilities-management","/contract-cleaning",TRUE
"/leeds-facilities-management","/office-cleaning",TRUE
"/leeds-facilities-management","/pressure-washing",TRUE
"/leeds-facilities-management","/window-cleaning",TRUE
"/leeds-facilities-management","/soft-services",TRUE
"/leeds-facilities-management","/security-services",TRUE
"/leeds-facilities-management","/concierge-services",TRUE
"/leeds-facilities-management","/washroom-management",TRUE
"/leeds-facilities-management","/grounds-maintenance",TRUE
"/leeds-facilities-management","/industrial-facilities-management",TRUE
"/leeds-facilities-management","/commercial-facilities-management",TRUE
"/leeds-facilities-management","/logistics-facilities-management",TRUE
"/leeds-facilities-management","/warehouse-facilities-management",TRUE
"/leeds-facilities-management","/retail-facilities-management",TRUE
"/leeds-facilities-management","/healthcare-facilities-management",TRUE
"/leeds-facilities-management","/education-facilities-management",TRUE
"/leeds-facilities-management","/public-sector-facilities-management",TRUE
"/leeds-facilities-management","/residential-facilities-management",TRUE
"/leeds-facilities-management","/hotel-facilities-management",TRUE
"/leeds-facilities-management","/sectors",FALSE
"/leeds-facilities-management","/fm-london",TRUE
"/leeds-facilities-management","/facilities-management-london",TRUE
"/leeds-facilities-management","/london-facilities-management",TRUE
"/leeds-facilities-management","/facilities-management-manchester",TRUE
"/leeds-facilities-management","/facilities-management-birmingham",TRUE
"/leeds-facilities-management","/facilities-management-sheffield",TRUE
"/leeds-facilities-management","/facilities-management-leeds",TRUE
"/leeds-facilities-management","/facilities-management-lincoln",TRUE
"/leeds-facilities-management","/facilities-management-liverpool",TRUE
"/leeds-facilities-management","/facilities-management-nottingham",TRUE
"/leeds-facilities-management","/privacy-policy",TRUE
"/leeds-facilities-management","/terms-and-conditions",TRUE
"/leeds-facilities-management","/accessibility-statement",TRUE
"/leeds-facilities-management","/helpdesk",TRUE
"/leeds-facilities-management","/sitemap.xml",FALSE
"/london-facilities-management","/client-login",TRUE
"/london-facilities-management","/",TRUE
"/london-facilities-management","/case-studies",FALSE
"/london-facilities-management","/blog",TRUE
"/london-facilities-management","/about-entire-facilities-management",TRUE
"/london-facilities-management","/contact-us",TRUE
"/london-facilities-management","/locations",FALSE
"/london-facilities-management","/mechanical-electrical",TRUE
"/london-facilities-management","/ppm",TRUE
"/london-facilities-management","/hard-services",TRUE
"/london-facilities-management","/hvac-contractor",TRUE
"/london-facilities-management","/plumbing-gas",TRUE
"/london-facilities-management","/fire-emergency-systems",TRUE
"/london-facilities-management","/safety-critical-emergency-systems",TRUE
"/london-facilities-management","/building-maintenance",TRUE
"/london-facilities-management","/mechanical-electrical/emergency-light-testing",TRUE
"/london-facilities-management","/mechanical-electrical/access-control",TRUE
"/london-facilities-management","/aerial-drone-building-inspection",TRUE
"/london-facilities-management","/industrial-cleaning",TRUE
"/london-facilities-management","/cleaning-services",TRUE
"/london-facilities-management","/contract-cleaning",TRUE
"/london-facilities-management","/office-cleaning",TRUE
"/london-facilities-management","/pressure-washing",TRUE
"/london-facilities-management","/window-cleaning",TRUE
"/london-facilities-management","/soft-services",TRUE
"/london-facilities-management","/security-services",TRUE
"/london-facilities-management","/concierge-services",TRUE
"/london-facilities-management","/washroom-management",TRUE
"/london-facilities-management","/grounds-maintenance",TRUE
"/london-facilities-management","/industrial-facilities-management",TRUE
"/london-facilities-management","/commercial-facilities-management",TRUE
"/london-facilities-management","/logistics-facilities-management",TRUE
"/london-facilities-management","/warehouse-facilities-management",TRUE
"/london-facilities-management","/retail-facilities-management",TRUE
"/london-facilities-management","/healthcare-facilities-management",TRUE
"/london-facilities-management","/education-facilities-management",TRUE
"/london-facilities-management","/public-sector-facilities-management",TRUE
"/london-facilities-management","/residential-facilities-management",TRUE
"/london-facilities-management","/hotel-facilities-management",TRUE
"/london-facilities-management","/sectors",FALSE
"/london-facilities-management","/fm-london",TRUE
"/london-facilities-management","/facilities-management-london",TRUE
"/london-facilities-management","/london-facilities-management",TRUE
"/london-facilities-management","/facilities-management-manchester",TRUE
"/london-facilities-management","/facilities-management-birmingham",TRUE
"/london-facilities-management","/facilities-management-sheffield",TRUE
"/london-facilities-management","/facilities-management-leeds",TRUE
"/london-facilities-management","/facilities-management-lincoln",TRUE
"/london-facilities-management","/facilities-management-liverpool",TRUE
"/london-facilities-management","/facilities-management-nottingham",TRUE
"/london-facilities-management","/privacy-policy",TRUE
"/london-facilities-management","/terms-and-conditions",TRUE
"/london-facilities-management","/accessibility-statement",TRUE
"/london-facilities-management","/helpdesk",TRUE
"/london-facilities-management","/sitemap.xml",FALSE
"/liverpool-facilities-management","/client-login",TRUE
"/liverpool-facilities-management","/",TRUE
"/liverpool-facilities-management","/case-studies",FALSE
"/liverpool-facilities-management","/blog",TRUE
"/liverpool-facilities-management","/about-entire-facilities-management",TRUE
"/liverpool-facilities-management","/contact-us",TRUE
"/liverpool-facilities-management","/locations",FALSE
"/liverpool-facilities-management","/mechanical-electrical",TRUE
"/liverpool-facilities-management","/ppm",TRUE
"/liverpool-facilities-management","/hard-services",TRUE
"/liverpool-facilities-management","/hvac-contractor",TRUE
"/liverpool-facilities-management","/plumbing-gas",TRUE
"/liverpool-facilities-management","/fire-emergency-systems",TRUE
"/liverpool-facilities-management","/safety-critical-emergency-systems",TRUE
"/liverpool-facilities-management","/building-maintenance",TRUE
"/liverpool-facilities-management","/mechanical-electrical/emergency-light-testing",TRUE
"/liverpool-facilities-management","/mechanical-electrical/access-control",TRUE
"/liverpool-facilities-management","/aerial-drone-building-inspection",TRUE
"/liverpool-facilities-management","/industrial-cleaning",TRUE
"/liverpool-facilities-management","/cleaning-services",TRUE
"/liverpool-facilities-management","/contract-cleaning",TRUE
"/liverpool-facilities-management","/office-cleaning",TRUE
"/liverpool-facilities-management","/pressure-washing",TRUE
"/liverpool-facilities-management","/window-cleaning",TRUE
"/liverpool-facilities-management","/soft-services",TRUE
"/liverpool-facilities-management","/security-services",TRUE
"/liverpool-facilities-management","/concierge-services",TRUE
"/liverpool-facilities-management","/washroom-management",TRUE
"/liverpool-facilities-management","/grounds-maintenance",TRUE
"/liverpool-facilities-management","/industrial-facilities-management",TRUE
"/liverpool-facilities-management","/commercial-facilities-management",TRUE
"/liverpool-facilities-management","/logistics-facilities-management",TRUE
"/liverpool-facilities-management","/warehouse-facilities-management",TRUE
"/liverpool-facilities-management","/retail-facilities-management",TRUE
"/liverpool-facilities-management","/healthcare-facilities-management",TRUE
"/liverpool-facilities-management","/education-facilities-management",TRUE
"/liverpool-facilities-management","/public-sector-facilities-management",TRUE
"/liverpool-facilities-management","/residential-facilities-management",TRUE
"/liverpool-facilities-management","/hotel-facilities-management",TRUE
"/liverpool-facilities-management","/sectors",FALSE
"/liverpool-facilities-management","/fm-london",TRUE
"/liverpool-facilities-management","/facilities-management-london",TRUE
"/liverpool-facilities-management","/london-facilities-management",TRUE
"/liverpool-facilities-management","/facilities-management-manchester",TRUE
"/liverpool-facilities-management","/facilities-management-birmingham",TRUE
"/liverpool-facilities-management","/facilities-management-sheffield",TRUE
"/liverpool-facilities-management","/facilities-management-leeds",TRUE
"/liverpool-facilities-management","/facilities-management-lincoln",TRUE
"/liverpool-facilities-management","/facilities-management-liverpool",TRUE
"/liverpool-facilities-management","/facilities-management-nottingham",TRUE
"/liverpool-facilities-management","/privacy-policy",TRUE
"/liverpool-facilities-management","/terms-and-conditions",TRUE
"/liverpool-facilities-management","/accessibility-statement",TRUE
"/liverpool-facilities-management","/helpdesk",TRUE
"/liverpool-facilities-management","/sitemap.xml",FALSE
"/lincoln-facilities-management-areas","/client-login",TRUE
"/lincoln-facilities-management-areas","/",TRUE
"/lincoln-facilities-management-areas","/case-studies",FALSE
"/lincoln-facilities-management-areas","/blog",TRUE
"/lincoln-facilities-management-areas","/about-entire-facilities-management",TRUE
"/lincoln-facilities-management-areas","/contact-us",TRUE
"/lincoln-facilities-management-areas","/locations",FALSE
"/lincoln-facilities-management-areas","/mechanical-electrical",TRUE
"/lincoln-facilities-management-areas","/ppm",TRUE
"/lincoln-facilities-management-areas","/hard-services",TRUE
"/lincoln-facilities-management-areas","/hvac-contractor",TRUE
"/lincoln-facilities-management-areas","/plumbing-gas",TRUE
"/lincoln-facilities-management-areas","/fire-emergency-systems",TRUE
"/lincoln-facilities-management-areas","/safety-critical-emergency-systems",TRUE
"/lincoln-facilities-management-areas","/building-maintenance",TRUE
"/lincoln-facilities-management-areas","/mechanical-electrical/emergency-light-testing",TRUE
"/lincoln-facilities-management-areas","/mechanical-electrical/access-control",TRUE
"/lincoln-facilities-management-areas","/aerial-drone-building-inspection",TRUE
"/lincoln-facilities-management-areas","/industrial-cleaning",TRUE
"/lincoln-facilities-management-areas","/cleaning-services",TRUE
"/lincoln-facilities-management-areas","/contract-cleaning",TRUE
"/lincoln-facilities-management-areas","/office-cleaning",TRUE
"/lincoln-facilities-management-areas","/pressure-washing",TRUE
"/lincoln-facilities-management-areas","/window-cleaning",TRUE
"/lincoln-facilities-management-areas","/soft-services",TRUE
"/lincoln-facilities-management-areas","/security-services",TRUE
"/lincoln-facilities-management-areas","/concierge-services",TRUE
"/lincoln-facilities-management-areas","/washroom-management",TRUE
"/lincoln-facilities-management-areas","/grounds-maintenance",TRUE
"/lincoln-facilities-management-areas","/industrial-facilities-management",TRUE
"/lincoln-facilities-management-areas","/commercial-facilities-management",TRUE
"/lincoln-facilities-management-areas","/logistics-facilities-management",TRUE
"/lincoln-facilities-management-areas","/warehouse-facilities-management",TRUE
"/lincoln-facilities-management-areas","/retail-facilities-management",TRUE
"/lincoln-facilities-management-areas","/healthcare-facilities-management",TRUE
"/lincoln-facilities-management-areas","/education-facilities-management",TRUE
"/lincoln-facilities-management-areas","/public-sector-facilities-management",TRUE
"/lincoln-facilities-management-areas","/residential-facilities-management",TRUE
"/lincoln-facilities-management-areas","/hotel-facilities-management",TRUE
"/lincoln-facilities-management-areas","/sectors",FALSE
"/lincoln-facilities-management-areas","/fm-london",TRUE
"/lincoln-facilities-management-areas","/facilities-management-london",TRUE
"/lincoln-facilities-management-areas","/london-facilities-management",TRUE
"/lincoln-facilities-management-areas","/facilities-management-manchester",TRUE
"/lincoln-facilities-management-areas","/facilities-management-birmingham",TRUE
"/lincoln-facilities-management-areas","/facilities-management-sheffield",TRUE
"/lincoln-facilities-management-areas","/facilities-management-leeds",TRUE
"/lincoln-facilities-management-areas","/facilities-management-lincoln",TRUE
"/lincoln-facilities-management-areas","/facilities-management-liverpool",TRUE
"/lincoln-facilities-management-areas","/facilities-management-nottingham",TRUE
"/lincoln-facilities-management-areas","/privacy-policy",TRUE
"/lincoln-facilities-management-areas","/terms-and-conditions",TRUE
"/lincoln-facilities-management-areas","/accessibility-statement",TRUE
"/lincoln-facilities-management-areas","/helpdesk",TRUE
"/lincoln-facilities-management-areas","/sitemap.xml",FALSE
"/london-facilities-management-areas","/client-login",TRUE
"/london-facilities-management-areas","/",TRUE
"/london-facilities-management-areas","/case-studies",FALSE
"/london-facilities-management-areas","/blog",TRUE
"/london-facilities-management-areas","/about-entire-facilities-management",TRUE
"/london-facilities-management-areas","/contact-us",TRUE
"/london-facilities-management-areas","/locations",FALSE
"/london-facilities-management-areas","/mechanical-electrical",TRUE
"/london-facilities-management-areas","/ppm",TRUE
"/london-facilities-management-areas","/hard-services",TRUE
"/london-facilities-management-areas","/hvac-contractor",TRUE
"/london-facilities-management-areas","/plumbing-gas",TRUE
"/london-facilities-management-areas","/fire-emergency-systems",TRUE
"/london-facilities-management-areas","/safety-critical-emergency-systems",TRUE
"/london-facilities-management-areas","/building-maintenance",TRUE
"/london-facilities-management-areas","/mechanical-electrical/emergency-light-testing",TRUE
"/london-facilities-management-areas","/mechanical-electrical/access-control",TRUE
"/london-facilities-management-areas","/aerial-drone-building-inspection",TRUE
"/london-facilities-management-areas","/industrial-cleaning",TRUE
"/london-facilities-management-areas","/cleaning-services",TRUE
"/london-facilities-management-areas","/contract-cleaning",TRUE
"/london-facilities-management-areas","/office-cleaning",TRUE
"/london-facilities-management-areas","/pressure-washing",TRUE
"/london-facilities-management-areas","/window-cleaning",TRUE
"/london-facilities-management-areas","/soft-services",TRUE
"/london-facilities-management-areas","/security-services",TRUE
"/london-facilities-management-areas","/concierge-services",TRUE
"/london-facilities-management-areas","/washroom-management",TRUE
"/london-facilities-management-areas","/grounds-maintenance",TRUE
"/london-facilities-management-areas","/industrial-facilities-management",TRUE
"/london-facilities-management-areas","/commercial-facilities-management",TRUE
"/london-facilities-management-areas","/logistics-facilities-management",TRUE
"/london-facilities-management-areas","/warehouse-facilities-management",TRUE
"/london-facilities-management-areas","/retail-facilities-management",TRUE
"/london-facilities-management-areas","/healthcare-facilities-management",TRUE
"/london-facilities-management-areas","/education-facilities-management",TRUE
"/london-facilities-management-areas","/public-sector-facilities-management",TRUE
"/london-facilities-management-areas","/residential-facilities-management",TRUE
"/london-facilities-management-areas","/hotel-facilities-management",TRUE
"/london-facilities-management-areas","/sectors",FALSE
"/london-facilities-management-areas","/fm-london",TRUE
"/london-facilities-management-areas","/facilities-management-london",TRUE
"/london-facilities-management-areas","/london-facilities-management",TRUE
"/london-facilities-management-areas","/facilities-management-manchester",TRUE
"/london-facilities-management-areas","/facilities-management-birmingham",TRUE
"/london-facilities-management-areas","/facilities-management-sheffield",TRUE
"/london-facilities-management-areas","/facilities-management-leeds",TRUE
"/london-facilities-management-areas","/facilities-management-lincoln",TRUE
"/london-facilities-management-areas","/facilities-management-liverpool",TRUE
"/london-facilities-management-areas","/facilities-management-nottingham",TRUE
"/london-facilities-management-areas","/privacy-policy",TRUE
"/london-facilities-management-areas","/terms-and-conditions",TRUE
"/london-facilities-management-areas","/accessibility-statement",TRUE
"/london-facilities-management-areas","/helpdesk",TRUE
"/london-facilities-management-areas","/sitemap.xml",FALSE
"/logistics-facilities-management","/client-login",TRUE
"/logistics-facilities-management","/",TRUE
"/logistics-facilities-management","/case-studies",FALSE
"/logistics-facilities-management","/blog",TRUE
"/logistics-facilities-management","/about-entire-facilities-management",TRUE
"/logistics-facilities-management","/contact-us",TRUE
"/logistics-facilities-management","/sectors",FALSE
"/logistics-facilities-management","/mechanical-electrical",TRUE
"/logistics-facilities-management","/ppm",TRUE
"/logistics-facilities-management","/hard-services",TRUE
"/logistics-facilities-management","/hvac-contractor",TRUE
"/logistics-facilities-management","/plumbing-gas",TRUE
"/logistics-facilities-management","/fire-emergency-systems",TRUE
"/logistics-facilities-management","/safety-critical-emergency-systems",TRUE
"/logistics-facilities-management","/building-maintenance",TRUE
"/logistics-facilities-management","/mechanical-electrical/emergency-light-testing",TRUE
"/logistics-facilities-management","/mechanical-electrical/access-control",TRUE
"/logistics-facilities-management","/aerial-drone-building-inspection",TRUE
"/logistics-facilities-management","/industrial-cleaning",TRUE
"/logistics-facilities-management","/cleaning-services",TRUE
"/logistics-facilities-management","/contract-cleaning",TRUE
"/logistics-facilities-management","/office-cleaning",TRUE
"/logistics-facilities-management","/pressure-washing",TRUE
"/logistics-facilities-management","/window-cleaning",TRUE
"/logistics-facilities-management","/soft-services",TRUE
"/logistics-facilities-management","/security-services",TRUE
"/logistics-facilities-management","/concierge-services",TRUE
"/logistics-facilities-management","/washroom-management",TRUE
"/logistics-facilities-management","/grounds-maintenance",TRUE
"/logistics-facilities-management","/industrial-facilities-management",TRUE
"/logistics-facilities-management","/commercial-facilities-management",TRUE
"/logistics-facilities-management","/logistics-facilities-management",TRUE
"/logistics-facilities-management","/warehouse-facilities-management",TRUE
"/logistics-facilities-management","/retail-facilities-management",TRUE
"/logistics-facilities-management","/healthcare-facilities-management",TRUE
"/logistics-facilities-management","/education-facilities-management",TRUE
"/logistics-facilities-management","/public-sector-facilities-management",TRUE
"/logistics-facilities-management","/residential-facilities-management",TRUE
"/logistics-facilities-management","/hotel-facilities-management",TRUE
"/logistics-facilities-management","/fm-london",TRUE
"/logistics-facilities-management","/facilities-management-london",TRUE
"/logistics-facilities-management","/london-facilities-management",TRUE
"/logistics-facilities-management","/facilities-management-manchester",TRUE
"/logistics-facilities-management","/facilities-management-birmingham",TRUE
"/logistics-facilities-management","/facilities-management-sheffield",TRUE
"/logistics-facilities-management","/facilities-management-leeds",TRUE
"/logistics-facilities-management","/facilities-management-lincoln",TRUE
"/logistics-facilities-management","/facilities-management-liverpool",TRUE
"/logistics-facilities-management","/facilities-management-nottingham",TRUE
"/logistics-facilities-management","/locations",FALSE
"/logistics-facilities-management","/privacy-policy",TRUE
"/logistics-facilities-management","/terms-and-conditions",TRUE
"/logistics-facilities-management","/accessibility-statement",TRUE
"/logistics-facilities-management","/helpdesk",TRUE
"/logistics-facilities-management","/sitemap.xml",FALSE
"/mechanical-electrical","/client-login",TRUE
"/mechanical-electrical","/",TRUE
"/mechanical-electrical","/case-studies",FALSE
"/mechanical-electrical","/blog",TRUE
"/mechanical-electrical","/about-entire-facilities-management",TRUE
"/mechanical-electrical","/contact-us",TRUE
"/mechanical-electrical","/services",TRUE
"/mechanical-electrical","/mechanical-electrical",TRUE
"/mechanical-electrical","/ppm",TRUE
"/mechanical-electrical","/hard-services",TRUE
"/mechanical-electrical","/hvac-contractor",TRUE
"/mechanical-electrical","/plumbing-gas",TRUE
"/mechanical-electrical","/fire-emergency-systems",TRUE
"/mechanical-electrical","/safety-critical-emergency-systems",TRUE
"/mechanical-electrical","/building-maintenance",TRUE
"/mechanical-electrical","/mechanical-electrical/emergency-light-testing",TRUE
"/mechanical-electrical","/mechanical-electrical/access-control",TRUE
"/mechanical-electrical","/aerial-drone-building-inspection",TRUE
"/mechanical-electrical","/industrial-cleaning",TRUE
"/mechanical-electrical","/cleaning-services",TRUE
"/mechanical-electrical","/contract-cleaning",TRUE
"/mechanical-electrical","/office-cleaning",TRUE
"/mechanical-electrical","/pressure-washing",TRUE
"/mechanical-electrical","/window-cleaning",TRUE
"/mechanical-electrical","/soft-services",TRUE
"/mechanical-electrical","/security-services",TRUE
"/mechanical-electrical","/concierge-services",TRUE
"/mechanical-electrical","/washroom-management",TRUE
"/mechanical-electrical","/grounds-maintenance",TRUE
"/mechanical-electrical","/industrial-facilities-management",TRUE
"/mechanical-electrical","/commercial-facilities-management",TRUE
"/mechanical-electrical","/logistics-facilities-management",TRUE
"/mechanical-electrical","/warehouse-facilities-management",TRUE
"/mechanical-electrical","/retail-facilities-management",TRUE
"/mechanical-electrical","/healthcare-facilities-management",TRUE
"/mechanical-electrical","/education-facilities-management",TRUE
"/mechanical-electrical","/public-sector-facilities-management",TRUE
"/mechanical-electrical","/residential-facilities-management",TRUE
"/mechanical-electrical","/hotel-facilities-management",TRUE
"/mechanical-electrical","/sectors",FALSE
"/mechanical-electrical","/fm-london",TRUE
"/mechanical-electrical","/facilities-management-london",TRUE
"/mechanical-electrical","/london-facilities-management",TRUE
"/mechanical-electrical","/facilities-management-manchester",TRUE
"/mechanical-electrical","/facilities-management-birmingham",TRUE
"/mechanical-electrical","/facilities-management-sheffield",TRUE
"/mechanical-electrical","/facilities-management-leeds",TRUE
"/mechanical-electrical","/facilities-management-lincoln",TRUE
"/mechanical-electrical","/facilities-management-liverpool",TRUE
"/mechanical-electrical","/facilities-management-nottingham",TRUE
"/mechanical-electrical","/locations",FALSE
"/mechanical-electrical","/privacy-policy",TRUE
"/mechanical-electrical","/terms-and-conditions",TRUE
"/mechanical-electrical","/accessibility-statement",TRUE
"/mechanical-electrical","/helpdesk",TRUE
"/mechanical-electrical","/sitemap.xml",FALSE
"/manchester-office-cleaning","/client-login",TRUE
"/manchester-office-cleaning","/",TRUE
"/manchester-office-cleaning","/case-studies",FALSE
"/manchester-office-cleaning","/blog",TRUE
"/manchester-office-cleaning","/about-entire-facilities-management",TRUE
"/manchester-office-cleaning","/contact-us",TRUE
"/manchester-office-cleaning","/locations",FALSE
"/manchester-office-cleaning","/mechanical-electrical",TRUE
"/manchester-office-cleaning","/ppm",TRUE
"/manchester-office-cleaning","/hard-services",TRUE
"/manchester-office-cleaning","/hvac-contractor",TRUE
"/manchester-office-cleaning","/plumbing-gas",TRUE
"/manchester-office-cleaning","/fire-emergency-systems",TRUE
"/manchester-office-cleaning","/safety-critical-emergency-systems",TRUE
"/manchester-office-cleaning","/building-maintenance",TRUE
"/manchester-office-cleaning","/mechanical-electrical/emergency-light-testing",TRUE
"/manchester-office-cleaning","/mechanical-electrical/access-control",TRUE
"/manchester-office-cleaning","/aerial-drone-building-inspection",TRUE
"/manchester-office-cleaning","/industrial-cleaning",TRUE
"/manchester-office-cleaning","/cleaning-services",TRUE
"/manchester-office-cleaning","/contract-cleaning",TRUE
"/manchester-office-cleaning","/office-cleaning",TRUE
"/manchester-office-cleaning","/pressure-washing",TRUE
"/manchester-office-cleaning","/window-cleaning",TRUE
"/manchester-office-cleaning","/soft-services",TRUE
"/manchester-office-cleaning","/security-services",TRUE
"/manchester-office-cleaning","/concierge-services",TRUE
"/manchester-office-cleaning","/washroom-management",TRUE
"/manchester-office-cleaning","/grounds-maintenance",TRUE
"/manchester-office-cleaning","/industrial-facilities-management",TRUE
"/manchester-office-cleaning","/commercial-facilities-management",TRUE
"/manchester-office-cleaning","/logistics-facilities-management",TRUE
"/manchester-office-cleaning","/warehouse-facilities-management",TRUE
"/manchester-office-cleaning","/retail-facilities-management",TRUE
"/manchester-office-cleaning","/healthcare-facilities-management",TRUE
"/manchester-office-cleaning","/education-facilities-management",TRUE
"/manchester-office-cleaning","/public-sector-facilities-management",TRUE
"/manchester-office-cleaning","/residential-facilities-management",TRUE
"/manchester-office-cleaning","/hotel-facilities-management",TRUE
"/manchester-office-cleaning","/sectors",FALSE
"/manchester-office-cleaning","/fm-london",TRUE
"/manchester-office-cleaning","/facilities-management-london",TRUE
"/manchester-office-cleaning","/london-facilities-management",TRUE
"/manchester-office-cleaning","/facilities-management-manchester",TRUE
"/manchester-office-cleaning","/facilities-management-birmingham",TRUE
"/manchester-office-cleaning","/facilities-management-sheffield",TRUE
"/manchester-office-cleaning","/facilities-management-leeds",TRUE
"/manchester-office-cleaning","/facilities-management-lincoln",TRUE
"/manchester-office-cleaning","/facilities-management-liverpool",TRUE
"/manchester-office-cleaning","/facilities-management-nottingham",TRUE
"/manchester-office-cleaning","/privacy-policy",TRUE
"/manchester-office-cleaning","/terms-and-conditions",TRUE
"/manchester-office-cleaning","/accessibility-statement",TRUE
"/manchester-office-cleaning","/helpdesk",TRUE
"/manchester-office-cleaning","/sitemap.xml",FALSE
"/manchester-facilities-managment","/client-login",TRUE
"/manchester-facilities-managment","/",TRUE
"/manchester-facilities-managment","/case-studies",FALSE
"/manchester-facilities-managment","/blog",TRUE
"/manchester-facilities-managment","/about-entire-facilities-management",TRUE
"/manchester-facilities-managment","/contact-us",TRUE
"/manchester-facilities-managment","/services",TRUE
"/manchester-facilities-managment","/mechanical-electrical",TRUE
"/manchester-facilities-managment","/ppm",TRUE
"/manchester-facilities-managment","/hard-services",TRUE
"/manchester-facilities-managment","/hvac-contractor",TRUE
"/manchester-facilities-managment","/plumbing-gas",TRUE
"/manchester-facilities-managment","/fire-emergency-systems",TRUE
"/manchester-facilities-managment","/safety-critical-emergency-systems",TRUE
"/manchester-facilities-managment","/building-maintenance",TRUE
"/manchester-facilities-managment","/mechanical-electrical/emergency-light-testing",TRUE
"/manchester-facilities-managment","/mechanical-electrical/access-control",TRUE
"/manchester-facilities-managment","/aerial-drone-building-inspection",TRUE
"/manchester-facilities-managment","/industrial-cleaning",TRUE
"/manchester-facilities-managment","/cleaning-services",TRUE
"/manchester-facilities-managment","/contract-cleaning",TRUE
"/manchester-facilities-managment","/office-cleaning",TRUE
"/manchester-facilities-managment","/pressure-washing",TRUE
"/manchester-facilities-managment","/window-cleaning",TRUE
"/manchester-facilities-managment","/soft-services",TRUE
"/manchester-facilities-managment","/security-services",TRUE
"/manchester-facilities-managment","/concierge-services",TRUE
"/manchester-facilities-managment","/washroom-management",TRUE
"/manchester-facilities-managment","/grounds-maintenance",TRUE
"/manchester-facilities-managment","/industrial-facilities-management",TRUE
"/manchester-facilities-managment","/commercial-facilities-management",TRUE
"/manchester-facilities-managment","/logistics-facilities-management",TRUE
"/manchester-facilities-managment","/warehouse-facilities-management",TRUE
"/manchester-facilities-managment","/retail-facilities-management",TRUE
"/manchester-facilities-managment","/healthcare-facilities-management",TRUE
"/manchester-facilities-managment","/education-facilities-management",TRUE
"/manchester-facilities-managment","/public-sector-facilities-management",TRUE
"/manchester-facilities-managment","/residential-facilities-management",TRUE
"/manchester-facilities-managment","/hotel-facilities-management",TRUE
"/manchester-facilities-managment","/sectors",FALSE
"/manchester-facilities-managment","/fm-london",TRUE
"/manchester-facilities-managment","/facilities-management-london",TRUE
"/manchester-facilities-managment","/london-facilities-management",TRUE
"/manchester-facilities-managment","/facilities-management-manchester",TRUE
"/manchester-facilities-managment","/facilities-management-birmingham",TRUE
"/manchester-facilities-managment","/facilities-management-sheffield",TRUE
"/manchester-facilities-managment","/facilities-management-leeds",TRUE
"/manchester-facilities-managment","/facilities-management-lincoln",TRUE
"/manchester-facilities-managment","/facilities-management-liverpool",TRUE
"/manchester-facilities-managment","/facilities-management-nottingham",TRUE
"/manchester-facilities-managment","/locations",FALSE
"/manchester-facilities-managment","/privacy-policy",TRUE
"/manchester-facilities-managment","/terms-and-conditions",TRUE
"/manchester-facilities-managment","/accessibility-statement",TRUE
"/manchester-facilities-managment","/helpdesk",TRUE
"/manchester-facilities-managment","/sitemap.xml",FALSE
"/mechanical-electrical/access-control","/client-login",TRUE
"/mechanical-electrical/access-control","/",TRUE
"/mechanical-electrical/access-control","/case-studies",FALSE
"/mechanical-electrical/access-control","/blog",TRUE
"/mechanical-electrical/access-control","/about-entire-facilities-management",TRUE
"/mechanical-electrical/access-control","/contact-us",TRUE
"/mechanical-electrical/access-control","/services",TRUE
"/mechanical-electrical/access-control","/mechanical-electrical",TRUE
"/mechanical-electrical/access-control","/ppm",TRUE
"/mechanical-electrical/access-control","/hard-services",TRUE
"/mechanical-electrical/access-control","/hvac-contractor",TRUE
"/mechanical-electrical/access-control","/plumbing-gas",TRUE
"/mechanical-electrical/access-control","/fire-emergency-systems",TRUE
"/mechanical-electrical/access-control","/safety-critical-emergency-systems",TRUE
"/mechanical-electrical/access-control","/building-maintenance",TRUE
"/mechanical-electrical/access-control","/mechanical-electrical/emergency-light-testing",TRUE
"/mechanical-electrical/access-control","/mechanical-electrical/access-control",TRUE
"/mechanical-electrical/access-control","/aerial-drone-building-inspection",TRUE
"/mechanical-electrical/access-control","/industrial-cleaning",TRUE
"/mechanical-electrical/access-control","/cleaning-services",TRUE
"/mechanical-electrical/access-control","/contract-cleaning",TRUE
"/mechanical-electrical/access-control","/office-cleaning",TRUE
"/mechanical-electrical/access-control","/pressure-washing",TRUE
"/mechanical-electrical/access-control","/window-cleaning",TRUE
"/mechanical-electrical/access-control","/soft-services",TRUE
"/mechanical-electrical/access-control","/security-services",TRUE
"/mechanical-electrical/access-control","/concierge-services",TRUE
"/mechanical-electrical/access-control","/washroom-management",TRUE
"/mechanical-electrical/access-control","/grounds-maintenance",TRUE
"/mechanical-electrical/access-control","/industrial-facilities-management",TRUE
"/mechanical-electrical/access-control","/commercial-facilities-management",TRUE
"/mechanical-electrical/access-control","/logistics-facilities-management",TRUE
"/mechanical-electrical/access-control","/warehouse-facilities-management",TRUE
"/mechanical-electrical/access-control","/retail-facilities-management",TRUE
"/mechanical-electrical/access-control","/healthcare-facilities-management",TRUE
"/mechanical-electrical/access-control","/education-facilities-management",TRUE
"/mechanical-electrical/access-control","/public-sector-facilities-management",TRUE
"/mechanical-electrical/access-control","/residential-facilities-management",TRUE
"/mechanical-electrical/access-control","/hotel-facilities-management",TRUE
"/mechanical-electrical/access-control","/sectors",FALSE
"/mechanical-electrical/access-control","/fm-london",TRUE
"/mechanical-electrical/access-control","/facilities-management-london",TRUE
"/mechanical-electrical/access-control","/london-facilities-management",TRUE
"/mechanical-electrical/access-control","/facilities-management-manchester",TRUE
"/mechanical-electrical/access-control","/facilities-management-birmingham",TRUE
"/mechanical-electrical/access-control","/facilities-management-sheffield",TRUE
"/mechanical-electrical/access-control","/facilities-management-leeds",TRUE
"/mechanical-electrical/access-control","/facilities-management-lincoln",TRUE
"/mechanical-electrical/access-control","/facilities-management-liverpool",TRUE
"/mechanical-electrical/access-control","/facilities-management-nottingham",TRUE
"/mechanical-electrical/access-control","/locations",FALSE
"/mechanical-electrical/access-control","/privacy-policy",TRUE
"/mechanical-electrical/access-control","/terms-and-conditions",TRUE
"/mechanical-electrical/access-control","/accessibility-statement",TRUE
"/mechanical-electrical/access-control","/helpdesk",TRUE
"/mechanical-electrical/access-control","/sitemap.xml",FALSE
"/manchester-facilities-management","/client-login",TRUE
"/manchester-facilities-management","/",TRUE
"/manchester-facilities-management","/case-studies",FALSE
"/manchester-facilities-management","/blog",TRUE
"/manchester-facilities-management","/about-entire-facilities-management",TRUE
"/manchester-facilities-management","/contact-us",TRUE
"/manchester-facilities-management","/locations",FALSE
"/manchester-facilities-management","/mechanical-electrical",TRUE
"/manchester-facilities-management","/ppm",TRUE
"/manchester-facilities-management","/hard-services",TRUE
"/manchester-facilities-management","/hvac-contractor",TRUE
"/manchester-facilities-management","/plumbing-gas",TRUE
"/manchester-facilities-management","/fire-emergency-systems",TRUE
"/manchester-facilities-management","/safety-critical-emergency-systems",TRUE
"/manchester-facilities-management","/building-maintenance",TRUE
"/manchester-facilities-management","/mechanical-electrical/emergency-light-testing",TRUE
"/manchester-facilities-management","/mechanical-electrical/access-control",TRUE
"/manchester-facilities-management","/aerial-drone-building-inspection",TRUE
"/manchester-facilities-management","/industrial-cleaning",TRUE
"/manchester-facilities-management","/cleaning-services",TRUE
"/manchester-facilities-management","/contract-cleaning",TRUE
"/manchester-facilities-management","/office-cleaning",TRUE
"/manchester-facilities-management","/pressure-washing",TRUE
"/manchester-facilities-management","/window-cleaning",TRUE
"/manchester-facilities-management","/soft-services",TRUE
"/manchester-facilities-management","/security-services",TRUE
"/manchester-facilities-management","/concierge-services",TRUE
"/manchester-facilities-management","/washroom-management",TRUE
"/manchester-facilities-management","/grounds-maintenance",TRUE
"/manchester-facilities-management","/industrial-facilities-management",TRUE
"/manchester-facilities-management","/commercial-facilities-management",TRUE
"/manchester-facilities-management","/logistics-facilities-management",TRUE
"/manchester-facilities-management","/warehouse-facilities-management",TRUE
"/manchester-facilities-management","/retail-facilities-management",TRUE
"/manchester-facilities-management","/healthcare-facilities-management",TRUE
"/manchester-facilities-management","/education-facilities-management",TRUE
"/manchester-facilities-management","/public-sector-facilities-management",TRUE
"/manchester-facilities-management","/residential-facilities-management",TRUE
"/manchester-facilities-management","/hotel-facilities-management",TRUE
"/manchester-facilities-management","/sectors",FALSE
"/manchester-facilities-management","/fm-london",TRUE
"/manchester-facilities-management","/facilities-management-london",TRUE
"/manchester-facilities-management","/london-facilities-management",TRUE
"/manchester-facilities-management","/facilities-management-manchester",TRUE
"/manchester-facilities-management","/facilities-management-birmingham",TRUE
"/manchester-facilities-management","/facilities-management-sheffield",TRUE
"/manchester-facilities-management","/facilities-management-leeds",TRUE
"/manchester-facilities-management","/facilities-management-lincoln",TRUE
"/manchester-facilities-management","/facilities-management-liverpool",TRUE
"/manchester-facilities-management","/facilities-management-nottingham",TRUE
"/manchester-facilities-management","/privacy-policy",TRUE
"/manchester-facilities-management","/terms-and-conditions",TRUE
"/manchester-facilities-management","/accessibility-statement",TRUE
"/manchester-facilities-management","/helpdesk",TRUE
"/manchester-facilities-management","/sitemap.xml",FALSE
"/medical-cleaning","/client-login",TRUE
"/medical-cleaning","/",TRUE
"/medical-cleaning","/case-studies",FALSE
"/medical-cleaning","/blog",TRUE
"/medical-cleaning","/about-entire-facilities-management",TRUE
"/medical-cleaning","/contact-us",TRUE
"/medical-cleaning","/services",TRUE
"/medical-cleaning","/mechanical-electrical",TRUE
"/medical-cleaning","/ppm",TRUE
"/medical-cleaning","/hard-services",TRUE
"/medical-cleaning","/hvac-contractor",TRUE
"/medical-cleaning","/plumbing-gas",TRUE
"/medical-cleaning","/fire-emergency-systems",TRUE
"/medical-cleaning","/safety-critical-emergency-systems",TRUE
"/medical-cleaning","/building-maintenance",TRUE
"/medical-cleaning","/mechanical-electrical/emergency-light-testing",TRUE
"/medical-cleaning","/mechanical-electrical/access-control",TRUE
"/medical-cleaning","/aerial-drone-building-inspection",TRUE
"/medical-cleaning","/industrial-cleaning",TRUE
"/medical-cleaning","/cleaning-services",TRUE
"/medical-cleaning","/contract-cleaning",TRUE
"/medical-cleaning","/office-cleaning",TRUE
"/medical-cleaning","/pressure-washing",TRUE
"/medical-cleaning","/window-cleaning",TRUE
"/medical-cleaning","/soft-services",TRUE
"/medical-cleaning","/security-services",TRUE
"/medical-cleaning","/concierge-services",TRUE
"/medical-cleaning","/washroom-management",TRUE
"/medical-cleaning","/grounds-maintenance",TRUE
"/medical-cleaning","/industrial-facilities-management",TRUE
"/medical-cleaning","/commercial-facilities-management",TRUE
"/medical-cleaning","/logistics-facilities-management",TRUE
"/medical-cleaning","/warehouse-facilities-management",TRUE
"/medical-cleaning","/retail-facilities-management",TRUE
"/medical-cleaning","/healthcare-facilities-management",TRUE
"/medical-cleaning","/education-facilities-management",TRUE
"/medical-cleaning","/public-sector-facilities-management",TRUE
"/medical-cleaning","/residential-facilities-management",TRUE
"/medical-cleaning","/hotel-facilities-management",TRUE
"/medical-cleaning","/sectors",FALSE
"/medical-cleaning","/fm-london",TRUE
"/medical-cleaning","/facilities-management-london",TRUE
"/medical-cleaning","/london-facilities-management",TRUE
"/medical-cleaning","/facilities-management-manchester",TRUE
"/medical-cleaning","/facilities-management-birmingham",TRUE
"/medical-cleaning","/facilities-management-sheffield",TRUE
"/medical-cleaning","/facilities-management-leeds",TRUE
"/medical-cleaning","/facilities-management-lincoln",TRUE
"/medical-cleaning","/facilities-management-liverpool",TRUE
"/medical-cleaning","/facilities-management-nottingham",TRUE
"/medical-cleaning","/locations",FALSE
"/medical-cleaning","/privacy-policy",TRUE
"/medical-cleaning","/terms-and-conditions",TRUE
"/medical-cleaning","/accessibility-statement",TRUE
"/medical-cleaning","/helpdesk",TRUE
"/medical-cleaning","/sitemap.xml",FALSE
"/mobile-crane-hire","/client-login",TRUE
"/mobile-crane-hire","/",TRUE
"/mobile-crane-hire","/case-studies",FALSE
"/mobile-crane-hire","/blog",TRUE
"/mobile-crane-hire","/about-entire-facilities-management",TRUE
"/mobile-crane-hire","/contact-us",TRUE
"/mobile-crane-hire","/services",TRUE
"/mobile-crane-hire","/mechanical-electrical",TRUE
"/mobile-crane-hire","/ppm",TRUE
"/mobile-crane-hire","/hard-services",TRUE
"/mobile-crane-hire","/hvac-contractor",TRUE
"/mobile-crane-hire","/plumbing-gas",TRUE
"/mobile-crane-hire","/fire-emergency-systems",TRUE
"/mobile-crane-hire","/safety-critical-emergency-systems",TRUE
"/mobile-crane-hire","/building-maintenance",TRUE
"/mobile-crane-hire","/mechanical-electrical/emergency-light-testing",TRUE
"/mobile-crane-hire","/mechanical-electrical/access-control",TRUE
"/mobile-crane-hire","/aerial-drone-building-inspection",TRUE
"/mobile-crane-hire","/industrial-cleaning",TRUE
"/mobile-crane-hire","/cleaning-services",TRUE
"/mobile-crane-hire","/contract-cleaning",TRUE
"/mobile-crane-hire","/office-cleaning",TRUE
"/mobile-crane-hire","/pressure-washing",TRUE
"/mobile-crane-hire","/window-cleaning",TRUE
"/mobile-crane-hire","/soft-services",TRUE
"/mobile-crane-hire","/security-services",TRUE
"/mobile-crane-hire","/concierge-services",TRUE
"/mobile-crane-hire","/washroom-management",TRUE
"/mobile-crane-hire","/grounds-maintenance",TRUE
"/mobile-crane-hire","/industrial-facilities-management",TRUE
"/mobile-crane-hire","/commercial-facilities-management",TRUE
"/mobile-crane-hire","/logistics-facilities-management",TRUE
"/mobile-crane-hire","/warehouse-facilities-management",TRUE
"/mobile-crane-hire","/retail-facilities-management",TRUE
"/mobile-crane-hire","/healthcare-facilities-management",TRUE
"/mobile-crane-hire","/education-facilities-management",TRUE
"/mobile-crane-hire","/public-sector-facilities-management",TRUE
"/mobile-crane-hire","/residential-facilities-management",TRUE
"/mobile-crane-hire","/hotel-facilities-management",TRUE
"/mobile-crane-hire","/sectors",FALSE
"/mobile-crane-hire","/fm-london",TRUE
"/mobile-crane-hire","/facilities-management-london",TRUE
"/mobile-crane-hire","/london-facilities-management",TRUE
"/mobile-crane-hire","/facilities-management-manchester",TRUE
"/mobile-crane-hire","/facilities-management-birmingham",TRUE
"/mobile-crane-hire","/facilities-management-sheffield",TRUE
"/mobile-crane-hire","/facilities-management-leeds",TRUE
"/mobile-crane-hire","/facilities-management-lincoln",TRUE
"/mobile-crane-hire","/facilities-management-liverpool",TRUE
"/mobile-crane-hire","/facilities-management-nottingham",TRUE
"/mobile-crane-hire","/locations",FALSE
"/mobile-crane-hire","/privacy-policy",TRUE
"/mobile-crane-hire","/terms-and-conditions",TRUE
"/mobile-crane-hire","/accessibility-statement",TRUE
"/mobile-crane-hire","/helpdesk",TRUE
"/mobile-crane-hire","/sitemap.xml",FALSE
"/mechanical-electrical/emergency-light-testing","/client-login",TRUE
"/mechanical-electrical/emergency-light-testing","/",TRUE
"/mechanical-electrical/emergency-light-testing","/case-studies",FALSE
"/mechanical-electrical/emergency-light-testing","/blog",TRUE
"/mechanical-electrical/emergency-light-testing","/about-entire-facilities-management",TRUE
"/mechanical-electrical/emergency-light-testing","/contact-us",TRUE
"/mechanical-electrical/emergency-light-testing","/services",TRUE
"/mechanical-electrical/emergency-light-testing","/mechanical-electrical",TRUE
"/mechanical-electrical/emergency-light-testing","/ppm",TRUE
"/mechanical-electrical/emergency-light-testing","/hard-services",TRUE
"/mechanical-electrical/emergency-light-testing","/hvac-contractor",TRUE
"/mechanical-electrical/emergency-light-testing","/plumbing-gas",TRUE
"/mechanical-electrical/emergency-light-testing","/fire-emergency-systems",TRUE
"/mechanical-electrical/emergency-light-testing","/safety-critical-emergency-systems",TRUE
"/mechanical-electrical/emergency-light-testing","/building-maintenance",TRUE
"/mechanical-electrical/emergency-light-testing","/mechanical-electrical/emergency-light-testing",TRUE
"/mechanical-electrical/emergency-light-testing","/mechanical-electrical/access-control",TRUE
"/mechanical-electrical/emergency-light-testing","/aerial-drone-building-inspection",TRUE
"/mechanical-electrical/emergency-light-testing","/industrial-cleaning",TRUE
"/mechanical-electrical/emergency-light-testing","/cleaning-services",TRUE
"/mechanical-electrical/emergency-light-testing","/contract-cleaning",TRUE
"/mechanical-electrical/emergency-light-testing","/office-cleaning",TRUE
"/mechanical-electrical/emergency-light-testing","/pressure-washing",TRUE
"/mechanical-electrical/emergency-light-testing","/window-cleaning",TRUE
"/mechanical-electrical/emergency-light-testing","/soft-services",TRUE
"/mechanical-electrical/emergency-light-testing","/security-services",TRUE
"/mechanical-electrical/emergency-light-testing","/concierge-services",TRUE
"/mechanical-electrical/emergency-light-testing","/washroom-management",TRUE
"/mechanical-electrical/emergency-light-testing","/grounds-maintenance",TRUE
"/mechanical-electrical/emergency-light-testing","/industrial-facilities-management",TRUE
"/mechanical-electrical/emergency-light-testing","/commercial-facilities-management",TRUE
"/mechanical-electrical/emergency-light-testing","/logistics-facilities-management",TRUE
"/mechanical-electrical/emergency-light-testing","/warehouse-facilities-management",TRUE
"/mechanical-electrical/emergency-light-testing","/retail-facilities-management",TRUE
"/mechanical-electrical/emergency-light-testing","/healthcare-facilities-management",TRUE
"/mechanical-electrical/emergency-light-testing","/education-facilities-management",TRUE
"/mechanical-electrical/emergency-light-testing","/public-sector-facilities-management",TRUE
"/mechanical-electrical/emergency-light-testing","/residential-facilities-management",TRUE
"/mechanical-electrical/emergency-light-testing","/hotel-facilities-management",TRUE
"/mechanical-electrical/emergency-light-testing","/sectors",FALSE
"/mechanical-electrical/emergency-light-testing","/fm-london",TRUE
"/mechanical-electrical/emergency-light-testing","/facilities-management-london",TRUE
"/mechanical-electrical/emergency-light-testing","/london-facilities-management",TRUE
"/mechanical-electrical/emergency-light-testing","/facilities-management-manchester",TRUE
"/mechanical-electrical/emergency-light-testing","/facilities-management-birmingham",TRUE
"/mechanical-electrical/emergency-light-testing","/facilities-management-sheffield",TRUE
"/mechanical-electrical/emergency-light-testing","/facilities-management-leeds",TRUE
"/mechanical-electrical/emergency-light-testing","/facilities-management-lincoln",TRUE
"/mechanical-electrical/emergency-light-testing","/facilities-management-liverpool",TRUE
"/mechanical-electrical/emergency-light-testing","/facilities-management-nottingham",TRUE
"/mechanical-electrical/emergency-light-testing","/locations",FALSE
"/mechanical-electrical/emergency-light-testing","/privacy-policy",TRUE
"/mechanical-electrical/emergency-light-testing","/terms-and-conditions",TRUE
"/mechanical-electrical/emergency-light-testing","/accessibility-statement",TRUE
"/mechanical-electrical/emergency-light-testing","/helpdesk",TRUE
"/mechanical-electrical/emergency-light-testing","/sitemap.xml",FALSE
"/mobile-crane-hire/chesterfield","/client-login",TRUE
"/mobile-crane-hire/chesterfield","/",TRUE
"/mobile-crane-hire/chesterfield","/case-studies",FALSE
"/mobile-crane-hire/chesterfield","/blog",TRUE
"/mobile-crane-hire/chesterfield","/about-entire-facilities-management",TRUE
"/mobile-crane-hire/chesterfield","/contact-us",TRUE
"/mobile-crane-hire/chesterfield","/services",TRUE
"/mobile-crane-hire/chesterfield","/mechanical-electrical",TRUE
"/mobile-crane-hire/chesterfield","/ppm",TRUE
"/mobile-crane-hire/chesterfield","/hard-services",TRUE
"/mobile-crane-hire/chesterfield","/hvac-contractor",TRUE
"/mobile-crane-hire/chesterfield","/plumbing-gas",TRUE
"/mobile-crane-hire/chesterfield","/fire-emergency-systems",TRUE
"/mobile-crane-hire/chesterfield","/safety-critical-emergency-systems",TRUE
"/mobile-crane-hire/chesterfield","/building-maintenance",TRUE
"/mobile-crane-hire/chesterfield","/mechanical-electrical/emergency-light-testing",TRUE
"/mobile-crane-hire/chesterfield","/mechanical-electrical/access-control",TRUE
"/mobile-crane-hire/chesterfield","/aerial-drone-building-inspection",TRUE
"/mobile-crane-hire/chesterfield","/industrial-cleaning",TRUE
"/mobile-crane-hire/chesterfield","/cleaning-services",TRUE
"/mobile-crane-hire/chesterfield","/contract-cleaning",TRUE
"/mobile-crane-hire/chesterfield","/office-cleaning",TRUE
"/mobile-crane-hire/chesterfield","/pressure-washing",TRUE
"/mobile-crane-hire/chesterfield","/window-cleaning",TRUE
"/mobile-crane-hire/chesterfield","/soft-services",TRUE
"/mobile-crane-hire/chesterfield","/security-services",TRUE
"/mobile-crane-hire/chesterfield","/concierge-services",TRUE
"/mobile-crane-hire/chesterfield","/washroom-management",TRUE
"/mobile-crane-hire/chesterfield","/grounds-maintenance",TRUE
"/mobile-crane-hire/chesterfield","/industrial-facilities-management",TRUE
"/mobile-crane-hire/chesterfield","/commercial-facilities-management",TRUE
"/mobile-crane-hire/chesterfield","/logistics-facilities-management",TRUE
"/mobile-crane-hire/chesterfield","/warehouse-facilities-management",TRUE
"/mobile-crane-hire/chesterfield","/retail-facilities-management",TRUE
"/mobile-crane-hire/chesterfield","/healthcare-facilities-management",TRUE
"/mobile-crane-hire/chesterfield","/education-facilities-management",TRUE
"/mobile-crane-hire/chesterfield","/public-sector-facilities-management",TRUE
"/mobile-crane-hire/chesterfield","/residential-facilities-management",TRUE
"/mobile-crane-hire/chesterfield","/hotel-facilities-management",TRUE
"/mobile-crane-hire/chesterfield","/sectors",FALSE
"/mobile-crane-hire/chesterfield","/fm-london",TRUE
"/mobile-crane-hire/chesterfield","/facilities-management-london",TRUE
"/mobile-crane-hire/chesterfield","/london-facilities-management",TRUE
"/mobile-crane-hire/chesterfield","/facilities-management-manchester",TRUE
"/mobile-crane-hire/chesterfield","/facilities-management-birmingham",TRUE
"/mobile-crane-hire/chesterfield","/facilities-management-sheffield",TRUE
"/mobile-crane-hire/chesterfield","/facilities-management-leeds",TRUE
"/mobile-crane-hire/chesterfield","/facilities-management-lincoln",TRUE
"/mobile-crane-hire/chesterfield","/facilities-management-liverpool",TRUE
"/mobile-crane-hire/chesterfield","/facilities-management-nottingham",TRUE
"/mobile-crane-hire/chesterfield","/locations",FALSE
"/mobile-crane-hire/chesterfield","/privacy-policy",TRUE
"/mobile-crane-hire/chesterfield","/terms-and-conditions",TRUE
"/mobile-crane-hire/chesterfield","/accessibility-statement",TRUE
"/mobile-crane-hire/chesterfield","/helpdesk",TRUE
"/mobile-crane-hire/chesterfield","/sitemap.xml",FALSE
"/media-digital-displays","/client-login",TRUE
"/media-digital-displays","/",TRUE
"/media-digital-displays","/case-studies",FALSE
"/media-digital-displays","/blog",TRUE
"/media-digital-displays","/about-entire-facilities-management",TRUE
"/media-digital-displays","/contact-us",TRUE
"/media-digital-displays","/services",TRUE
"/media-digital-displays","/mechanical-electrical",TRUE
"/media-digital-displays","/ppm",TRUE
"/media-digital-displays","/hard-services",TRUE
"/media-digital-displays","/hvac-contractor",TRUE
"/media-digital-displays","/plumbing-gas",TRUE
"/media-digital-displays","/fire-emergency-systems",TRUE
"/media-digital-displays","/safety-critical-emergency-systems",TRUE
"/media-digital-displays","/building-maintenance",TRUE
"/media-digital-displays","/mechanical-electrical/emergency-light-testing",TRUE
"/media-digital-displays","/mechanical-electrical/access-control",TRUE
"/media-digital-displays","/aerial-drone-building-inspection",TRUE
"/media-digital-displays","/industrial-cleaning",TRUE
"/media-digital-displays","/cleaning-services",TRUE
"/media-digital-displays","/contract-cleaning",TRUE
"/media-digital-displays","/office-cleaning",TRUE
"/media-digital-displays","/pressure-washing",TRUE
"/media-digital-displays","/window-cleaning",TRUE
"/media-digital-displays","/soft-services",TRUE
"/media-digital-displays","/security-services",TRUE
"/media-digital-displays","/concierge-services",TRUE
"/media-digital-displays","/washroom-management",TRUE
"/media-digital-displays","/grounds-maintenance",TRUE
"/media-digital-displays","/industrial-facilities-management",TRUE
"/media-digital-displays","/commercial-facilities-management",TRUE
"/media-digital-displays","/logistics-facilities-management",TRUE
"/media-digital-displays","/warehouse-facilities-management",TRUE
"/media-digital-displays","/retail-facilities-management",TRUE
"/media-digital-displays","/healthcare-facilities-management",TRUE
"/media-digital-displays","/education-facilities-management",TRUE
"/media-digital-displays","/public-sector-facilities-management",TRUE
"/media-digital-displays","/residential-facilities-management",TRUE
"/media-digital-displays","/hotel-facilities-management",TRUE
"/media-digital-displays","/sectors",FALSE
"/media-digital-displays","/fm-london",TRUE
"/media-digital-displays","/facilities-management-london",TRUE
"/media-digital-displays","/london-facilities-management",TRUE
"/media-digital-displays","/facilities-management-manchester",TRUE
"/media-digital-displays","/facilities-management-birmingham",TRUE
"/media-digital-displays","/facilities-management-sheffield",TRUE
"/media-digital-displays","/facilities-management-leeds",TRUE
"/media-digital-displays","/facilities-management-lincoln",TRUE
"/media-digital-displays","/facilities-management-liverpool",TRUE
"/media-digital-displays","/facilities-management-nottingham",TRUE
"/media-digital-displays","/locations",FALSE
"/media-digital-displays","/privacy-policy",TRUE
"/media-digital-displays","/terms-and-conditions",TRUE
"/media-digital-displays","/accessibility-statement",TRUE
"/media-digital-displays","/helpdesk",TRUE
"/media-digital-displays","/sitemap.xml",FALSE
"/mobile-crane-hire/truck-mount-crane-hire","/client-login",TRUE
"/mobile-crane-hire/truck-mount-crane-hire","/",TRUE
"/mobile-crane-hire/truck-mount-crane-hire","/case-studies",FALSE
"/mobile-crane-hire/truck-mount-crane-hire","/blog",TRUE
"/mobile-crane-hire/truck-mount-crane-hire","/about-entire-facilities-management",TRUE
"/mobile-crane-hire/truck-mount-crane-hire","/contact-us",TRUE
"/mobile-crane-hire/truck-mount-crane-hire","/services",TRUE
"/mobile-crane-hire/truck-mount-crane-hire","/mechanical-electrical",TRUE
"/mobile-crane-hire/truck-mount-crane-hire","/ppm",TRUE
"/mobile-crane-hire/truck-mount-crane-hire","/hard-services",TRUE
"/mobile-crane-hire/truck-mount-crane-hire","/hvac-contractor",TRUE
"/mobile-crane-hire/truck-mount-crane-hire","/plumbing-gas",TRUE
"/mobile-crane-hire/truck-mount-crane-hire","/fire-emergency-systems",TRUE
"/mobile-crane-hire/truck-mount-crane-hire","/safety-critical-emergency-systems",TRUE
"/mobile-crane-hire/truck-mount-crane-hire","/building-maintenance",TRUE
"/mobile-crane-hire/truck-mount-crane-hire","/mechanical-electrical/emergency-light-testing",TRUE
"/mobile-crane-hire/truck-mount-crane-hire","/mechanical-electrical/access-control",TRUE
"/mobile-crane-hire/truck-mount-crane-hire","/aerial-drone-building-inspection",TRUE
"/mobile-crane-hire/truck-mount-crane-hire","/industrial-cleaning",TRUE
"/mobile-crane-hire/truck-mount-crane-hire","/cleaning-services",TRUE
"/mobile-crane-hire/truck-mount-crane-hire","/contract-cleaning",TRUE
"/mobile-crane-hire/truck-mount-crane-hire","/office-cleaning",TRUE
"/mobile-crane-hire/truck-mount-crane-hire","/pressure-washing",TRUE
"/mobile-crane-hire/truck-mount-crane-hire","/window-cleaning",TRUE
"/mobile-crane-hire/truck-mount-crane-hire","/soft-services",TRUE
"/mobile-crane-hire/truck-mount-crane-hire","/security-services",TRUE
"/mobile-crane-hire/truck-mount-crane-hire","/concierge-services",TRUE
"/mobile-crane-hire/truck-mount-crane-hire","/washroom-management",TRUE
"/mobile-crane-hire/truck-mount-crane-hire","/grounds-maintenance",TRUE
"/mobile-crane-hire/truck-mount-crane-hire","/industrial-facilities-management",TRUE
"/mobile-crane-hire/truck-mount-crane-hire","/commercial-facilities-management",TRUE
"/mobile-crane-hire/truck-mount-crane-hire","/logistics-facilities-management",TRUE
"/mobile-crane-hire/truck-mount-crane-hire","/warehouse-facilities-management",TRUE
"/mobile-crane-hire/truck-mount-crane-hire","/retail-facilities-management",TRUE
"/mobile-crane-hire/truck-mount-crane-hire","/healthcare-facilities-management",TRUE
"/mobile-crane-hire/truck-mount-crane-hire","/education-facilities-management",TRUE
"/mobile-crane-hire/truck-mount-crane-hire","/public-sector-facilities-management",TRUE
"/mobile-crane-hire/truck-mount-crane-hire","/residential-facilities-management",TRUE
"/mobile-crane-hire/truck-mount-crane-hire","/hotel-facilities-management",TRUE
"/mobile-crane-hire/truck-mount-crane-hire","/sectors",FALSE
"/mobile-crane-hire/truck-mount-crane-hire","/fm-london",TRUE
"/mobile-crane-hire/truck-mount-crane-hire","/facilities-management-london",TRUE
"/mobile-crane-hire/truck-mount-crane-hire","/london-facilities-management",TRUE
"/mobile-crane-hire/truck-mount-crane-hire","/facilities-management-manchester",TRUE
"/mobile-crane-hire/truck-mount-crane-hire","/facilities-management-birmingham",TRUE
"/mobile-crane-hire/truck-mount-crane-hire","/facilities-management-sheffield",TRUE
"/mobile-crane-hire/truck-mount-crane-hire","/facilities-management-leeds",TRUE
"/mobile-crane-hire/truck-mount-crane-hire","/facilities-management-lincoln",TRUE
"/mobile-crane-hire/truck-mount-crane-hire","/facilities-management-liverpool",TRUE
"/mobile-crane-hire/truck-mount-crane-hire","/facilities-management-nottingham",TRUE
"/mobile-crane-hire/truck-mount-crane-hire","/locations",FALSE
"/mobile-crane-hire/truck-mount-crane-hire","/privacy-policy",TRUE
"/mobile-crane-hire/truck-mount-crane-hire","/terms-and-conditions",TRUE
"/mobile-crane-hire/truck-mount-crane-hire","/accessibility-statement",TRUE
"/mobile-crane-hire/truck-mount-crane-hire","/helpdesk",TRUE
"/mobile-crane-hire/truck-mount-crane-hire","/sitemap.xml",FALSE
"/mobile-crane-hire/sheffield","/client-login",TRUE
"/mobile-crane-hire/sheffield","/",TRUE
"/mobile-crane-hire/sheffield","/case-studies",FALSE
"/mobile-crane-hire/sheffield","/blog",TRUE
"/mobile-crane-hire/sheffield","/about-entire-facilities-management",TRUE
"/mobile-crane-hire/sheffield","/contact-us",TRUE
"/mobile-crane-hire/sheffield","/services",TRUE
"/mobile-crane-hire/sheffield","/mechanical-electrical",TRUE
"/mobile-crane-hire/sheffield","/ppm",TRUE
"/mobile-crane-hire/sheffield","/hard-services",TRUE
"/mobile-crane-hire/sheffield","/hvac-contractor",TRUE
"/mobile-crane-hire/sheffield","/plumbing-gas",TRUE
"/mobile-crane-hire/sheffield","/fire-emergency-systems",TRUE
"/mobile-crane-hire/sheffield","/safety-critical-emergency-systems",TRUE
"/mobile-crane-hire/sheffield","/building-maintenance",TRUE
"/mobile-crane-hire/sheffield","/mechanical-electrical/emergency-light-testing",TRUE
"/mobile-crane-hire/sheffield","/mechanical-electrical/access-control",TRUE
"/mobile-crane-hire/sheffield","/aerial-drone-building-inspection",TRUE
"/mobile-crane-hire/sheffield","/industrial-cleaning",TRUE
"/mobile-crane-hire/sheffield","/cleaning-services",TRUE
"/mobile-crane-hire/sheffield","/contract-cleaning",TRUE
"/mobile-crane-hire/sheffield","/office-cleaning",TRUE
"/mobile-crane-hire/sheffield","/pressure-washing",TRUE
"/mobile-crane-hire/sheffield","/window-cleaning",TRUE
"/mobile-crane-hire/sheffield","/soft-services",TRUE
"/mobile-crane-hire/sheffield","/security-services",TRUE
"/mobile-crane-hire/sheffield","/concierge-services",TRUE
"/mobile-crane-hire/sheffield","/washroom-management",TRUE
"/mobile-crane-hire/sheffield","/grounds-maintenance",TRUE
"/mobile-crane-hire/sheffield","/industrial-facilities-management",TRUE
"/mobile-crane-hire/sheffield","/commercial-facilities-management",TRUE
"/mobile-crane-hire/sheffield","/logistics-facilities-management",TRUE
"/mobile-crane-hire/sheffield","/warehouse-facilities-management",TRUE
"/mobile-crane-hire/sheffield","/retail-facilities-management",TRUE
"/mobile-crane-hire/sheffield","/healthcare-facilities-management",TRUE
"/mobile-crane-hire/sheffield","/education-facilities-management",TRUE
"/mobile-crane-hire/sheffield","/public-sector-facilities-management",TRUE
"/mobile-crane-hire/sheffield","/residential-facilities-management",TRUE
"/mobile-crane-hire/sheffield","/hotel-facilities-management",TRUE
"/mobile-crane-hire/sheffield","/sectors",FALSE
"/mobile-crane-hire/sheffield","/fm-london",TRUE
"/mobile-crane-hire/sheffield","/facilities-management-london",TRUE
"/mobile-crane-hire/sheffield","/london-facilities-management",TRUE
"/mobile-crane-hire/sheffield","/facilities-management-manchester",TRUE
"/mobile-crane-hire/sheffield","/facilities-management-birmingham",TRUE
"/mobile-crane-hire/sheffield","/facilities-management-sheffield",TRUE
"/mobile-crane-hire/sheffield","/facilities-management-leeds",TRUE
"/mobile-crane-hire/sheffield","/facilities-management-lincoln",TRUE
"/mobile-crane-hire/sheffield","/facilities-management-liverpool",TRUE
"/mobile-crane-hire/sheffield","/facilities-management-nottingham",TRUE
"/mobile-crane-hire/sheffield","/locations",FALSE
"/mobile-crane-hire/sheffield","/privacy-policy",TRUE
"/mobile-crane-hire/sheffield","/terms-and-conditions",TRUE
"/mobile-crane-hire/sheffield","/accessibility-statement",TRUE
"/mobile-crane-hire/sheffield","/helpdesk",TRUE
"/mobile-crane-hire/sheffield","/sitemap.xml",FALSE
"/office-cleaning","/client-login",TRUE
"/office-cleaning","/",TRUE
"/office-cleaning","/case-studies",FALSE
"/office-cleaning","/blog",TRUE
"/office-cleaning","/about-entire-facilities-management",TRUE
"/office-cleaning","/contact-us",TRUE
"/office-cleaning","/services",TRUE
"/office-cleaning","/mechanical-electrical",TRUE
"/office-cleaning","/ppm",TRUE
"/office-cleaning","/hard-services",TRUE
"/office-cleaning","/hvac-contractor",TRUE
"/office-cleaning","/plumbing-gas",TRUE
"/office-cleaning","/fire-emergency-systems",TRUE
"/office-cleaning","/safety-critical-emergency-systems",TRUE
"/office-cleaning","/building-maintenance",TRUE
"/office-cleaning","/mechanical-electrical/emergency-light-testing",TRUE
"/office-cleaning","/mechanical-electrical/access-control",TRUE
"/office-cleaning","/aerial-drone-building-inspection",TRUE
"/office-cleaning","/industrial-cleaning",TRUE
"/office-cleaning","/cleaning-services",TRUE
"/office-cleaning","/contract-cleaning",TRUE
"/office-cleaning","/office-cleaning",TRUE
"/office-cleaning","/pressure-washing",TRUE
"/office-cleaning","/window-cleaning",TRUE
"/office-cleaning","/soft-services",TRUE
"/office-cleaning","/security-services",TRUE
"/office-cleaning","/concierge-services",TRUE
"/office-cleaning","/washroom-management",TRUE
"/office-cleaning","/grounds-maintenance",TRUE
"/office-cleaning","/industrial-facilities-management",TRUE
"/office-cleaning","/commercial-facilities-management",TRUE
"/office-cleaning","/logistics-facilities-management",TRUE
"/office-cleaning","/warehouse-facilities-management",TRUE
"/office-cleaning","/retail-facilities-management",TRUE
"/office-cleaning","/healthcare-facilities-management",TRUE
"/office-cleaning","/education-facilities-management",TRUE
"/office-cleaning","/public-sector-facilities-management",TRUE
"/office-cleaning","/residential-facilities-management",TRUE
"/office-cleaning","/hotel-facilities-management",TRUE
"/office-cleaning","/sectors",FALSE
"/office-cleaning","/fm-london",TRUE
"/office-cleaning","/facilities-management-london",TRUE
"/office-cleaning","/london-facilities-management",TRUE
"/office-cleaning","/facilities-management-manchester",TRUE
"/office-cleaning","/facilities-management-birmingham",TRUE
"/office-cleaning","/facilities-management-sheffield",TRUE
"/office-cleaning","/facilities-management-leeds",TRUE
"/office-cleaning","/facilities-management-lincoln",TRUE
"/office-cleaning","/facilities-management-liverpool",TRUE
"/office-cleaning","/facilities-management-nottingham",TRUE
"/office-cleaning","/locations",FALSE
"/office-cleaning","/privacy-policy",TRUE
"/office-cleaning","/terms-and-conditions",TRUE
"/office-cleaning","/accessibility-statement",TRUE
"/office-cleaning","/helpdesk",TRUE
"/office-cleaning","/sitemap.xml",FALSE
"/office-cleaning-lincoln","/client-login",TRUE
"/office-cleaning-lincoln","/",TRUE
"/office-cleaning-lincoln","/case-studies",FALSE
"/office-cleaning-lincoln","/blog",TRUE
"/office-cleaning-lincoln","/about-entire-facilities-management",TRUE
"/office-cleaning-lincoln","/contact-us",TRUE
"/office-cleaning-lincoln","/locations",FALSE
"/office-cleaning-lincoln","/mechanical-electrical",TRUE
"/office-cleaning-lincoln","/ppm",TRUE
"/office-cleaning-lincoln","/hard-services",TRUE
"/office-cleaning-lincoln","/hvac-contractor",TRUE
"/office-cleaning-lincoln","/plumbing-gas",TRUE
"/office-cleaning-lincoln","/fire-emergency-systems",TRUE
"/office-cleaning-lincoln","/safety-critical-emergency-systems",TRUE
"/office-cleaning-lincoln","/building-maintenance",TRUE
"/office-cleaning-lincoln","/mechanical-electrical/emergency-light-testing",TRUE
"/office-cleaning-lincoln","/mechanical-electrical/access-control",TRUE
"/office-cleaning-lincoln","/aerial-drone-building-inspection",TRUE
"/office-cleaning-lincoln","/industrial-cleaning",TRUE
"/office-cleaning-lincoln","/cleaning-services",TRUE
"/office-cleaning-lincoln","/contract-cleaning",TRUE
"/office-cleaning-lincoln","/office-cleaning",TRUE
"/office-cleaning-lincoln","/pressure-washing",TRUE
"/office-cleaning-lincoln","/window-cleaning",TRUE
"/office-cleaning-lincoln","/soft-services",TRUE
"/office-cleaning-lincoln","/security-services",TRUE
"/office-cleaning-lincoln","/concierge-services",TRUE
"/office-cleaning-lincoln","/washroom-management",TRUE
"/office-cleaning-lincoln","/grounds-maintenance",TRUE
"/office-cleaning-lincoln","/industrial-facilities-management",TRUE
"/office-cleaning-lincoln","/commercial-facilities-management",TRUE
"/office-cleaning-lincoln","/logistics-facilities-management",TRUE
"/office-cleaning-lincoln","/warehouse-facilities-management",TRUE
"/office-cleaning-lincoln","/retail-facilities-management",TRUE
"/office-cleaning-lincoln","/healthcare-facilities-management",TRUE
"/office-cleaning-lincoln","/education-facilities-management",TRUE
"/office-cleaning-lincoln","/public-sector-facilities-management",TRUE
"/office-cleaning-lincoln","/residential-facilities-management",TRUE
"/office-cleaning-lincoln","/hotel-facilities-management",TRUE
"/office-cleaning-lincoln","/sectors",FALSE
"/office-cleaning-lincoln","/fm-london",TRUE
"/office-cleaning-lincoln","/facilities-management-london",TRUE
"/office-cleaning-lincoln","/london-facilities-management",TRUE
"/office-cleaning-lincoln","/facilities-management-manchester",TRUE
"/office-cleaning-lincoln","/facilities-management-birmingham",TRUE
"/office-cleaning-lincoln","/facilities-management-sheffield",TRUE
"/office-cleaning-lincoln","/facilities-management-leeds",TRUE
"/office-cleaning-lincoln","/facilities-management-lincoln",TRUE
"/office-cleaning-lincoln","/facilities-management-liverpool",TRUE
"/office-cleaning-lincoln","/facilities-management-nottingham",TRUE
"/office-cleaning-lincoln","/privacy-policy",TRUE
"/office-cleaning-lincoln","/terms-and-conditions",TRUE
"/office-cleaning-lincoln","/accessibility-statement",TRUE
"/office-cleaning-lincoln","/helpdesk",TRUE
"/office-cleaning-lincoln","/sitemap.xml",FALSE
"/nottingham-facilities-management","/client-login",TRUE
"/nottingham-facilities-management","/",TRUE
"/nottingham-facilities-management","/case-studies",FALSE
"/nottingham-facilities-management","/blog",TRUE
"/nottingham-facilities-management","/about-entire-facilities-management",TRUE
"/nottingham-facilities-management","/contact-us",TRUE
"/nottingham-facilities-management","/locations",FALSE
"/nottingham-facilities-management","/mechanical-electrical",TRUE
"/nottingham-facilities-management","/ppm",TRUE
"/nottingham-facilities-management","/hard-services",TRUE
"/nottingham-facilities-management","/hvac-contractor",TRUE
"/nottingham-facilities-management","/plumbing-gas",TRUE
"/nottingham-facilities-management","/fire-emergency-systems",TRUE
"/nottingham-facilities-management","/safety-critical-emergency-systems",TRUE
"/nottingham-facilities-management","/building-maintenance",TRUE
"/nottingham-facilities-management","/mechanical-electrical/emergency-light-testing",TRUE
"/nottingham-facilities-management","/mechanical-electrical/access-control",TRUE
"/nottingham-facilities-management","/aerial-drone-building-inspection",TRUE
"/nottingham-facilities-management","/industrial-cleaning",TRUE
"/nottingham-facilities-management","/cleaning-services",TRUE
"/nottingham-facilities-management","/contract-cleaning",TRUE
"/nottingham-facilities-management","/office-cleaning",TRUE
"/nottingham-facilities-management","/pressure-washing",TRUE
"/nottingham-facilities-management","/window-cleaning",TRUE
"/nottingham-facilities-management","/soft-services",TRUE
"/nottingham-facilities-management","/security-services",TRUE
"/nottingham-facilities-management","/concierge-services",TRUE
"/nottingham-facilities-management","/washroom-management",TRUE
"/nottingham-facilities-management","/grounds-maintenance",TRUE
"/nottingham-facilities-management","/industrial-facilities-management",TRUE
"/nottingham-facilities-management","/commercial-facilities-management",TRUE
"/nottingham-facilities-management","/logistics-facilities-management",TRUE
"/nottingham-facilities-management","/warehouse-facilities-management",TRUE
"/nottingham-facilities-management","/retail-facilities-management",TRUE
"/nottingham-facilities-management","/healthcare-facilities-management",TRUE
"/nottingham-facilities-management","/education-facilities-management",TRUE
"/nottingham-facilities-management","/public-sector-facilities-management",TRUE
"/nottingham-facilities-management","/residential-facilities-management",TRUE
"/nottingham-facilities-management","/hotel-facilities-management",TRUE
"/nottingham-facilities-management","/sectors",FALSE
"/nottingham-facilities-management","/fm-london",TRUE
"/nottingham-facilities-management","/facilities-management-london",TRUE
"/nottingham-facilities-management","/london-facilities-management",TRUE
"/nottingham-facilities-management","/facilities-management-manchester",TRUE
"/nottingham-facilities-management","/facilities-management-birmingham",TRUE
"/nottingham-facilities-management","/facilities-management-sheffield",TRUE
"/nottingham-facilities-management","/facilities-management-leeds",TRUE
"/nottingham-facilities-management","/facilities-management-lincoln",TRUE
"/nottingham-facilities-management","/facilities-management-liverpool",TRUE
"/nottingham-facilities-management","/facilities-management-nottingham",TRUE
"/nottingham-facilities-management","/privacy-policy",TRUE
"/nottingham-facilities-management","/terms-and-conditions",TRUE
"/nottingham-facilities-management","/accessibility-statement",TRUE
"/nottingham-facilities-management","/helpdesk",TRUE
"/nottingham-facilities-management","/sitemap.xml",FALSE
"/post/facilities-management-in-different-sectors-similarities-differences-and-the-need-for-agility","/client-login",TRUE
"/post/facilities-management-in-different-sectors-similarities-differences-and-the-need-for-agility","/",TRUE
"/post/facilities-management-in-different-sectors-similarities-differences-and-the-need-for-agility","/case-studies",FALSE
"/post/facilities-management-in-different-sectors-similarities-differences-and-the-need-for-agility","/blog",TRUE
"/post/facilities-management-in-different-sectors-similarities-differences-and-the-need-for-agility","/about-entire-facilities-management",TRUE
"/post/facilities-management-in-different-sectors-similarities-differences-and-the-need-for-agility","/contact-us",TRUE
"/post/facilities-management-in-different-sectors-similarities-differences-and-the-need-for-agility","/mechanical-electrical",TRUE
"/post/facilities-management-in-different-sectors-similarities-differences-and-the-need-for-agility","/ppm",TRUE
"/post/facilities-management-in-different-sectors-similarities-differences-and-the-need-for-agility","/hard-services",TRUE
"/post/facilities-management-in-different-sectors-similarities-differences-and-the-need-for-agility","/hvac-contractor",TRUE
"/post/facilities-management-in-different-sectors-similarities-differences-and-the-need-for-agility","/plumbing-gas",TRUE
"/post/facilities-management-in-different-sectors-similarities-differences-and-the-need-for-agility","/fire-emergency-systems",TRUE
"/post/facilities-management-in-different-sectors-similarities-differences-and-the-need-for-agility","/safety-critical-emergency-systems",TRUE
"/post/facilities-management-in-different-sectors-similarities-differences-and-the-need-for-agility","/building-maintenance",TRUE
"/post/facilities-management-in-different-sectors-similarities-differences-and-the-need-for-agility","/mechanical-electrical/emergency-light-testing",TRUE
"/post/facilities-management-in-different-sectors-similarities-differences-and-the-need-for-agility","/mechanical-electrical/access-control",TRUE
"/post/facilities-management-in-different-sectors-similarities-differences-and-the-need-for-agility","/aerial-drone-building-inspection",TRUE
"/post/facilities-management-in-different-sectors-similarities-differences-and-the-need-for-agility","/industrial-cleaning",TRUE
"/post/facilities-management-in-different-sectors-similarities-differences-and-the-need-for-agility","/cleaning-services",TRUE
"/post/facilities-management-in-different-sectors-similarities-differences-and-the-need-for-agility","/contract-cleaning",TRUE
"/post/facilities-management-in-different-sectors-similarities-differences-and-the-need-for-agility","/office-cleaning",TRUE
"/post/facilities-management-in-different-sectors-similarities-differences-and-the-need-for-agility","/pressure-washing",TRUE
"/post/facilities-management-in-different-sectors-similarities-differences-and-the-need-for-agility","/window-cleaning",TRUE
"/post/facilities-management-in-different-sectors-similarities-differences-and-the-need-for-agility","/soft-services",TRUE
"/post/facilities-management-in-different-sectors-similarities-differences-and-the-need-for-agility","/security-services",TRUE
"/post/facilities-management-in-different-sectors-similarities-differences-and-the-need-for-agility","/concierge-services",TRUE
"/post/facilities-management-in-different-sectors-similarities-differences-and-the-need-for-agility","/washroom-management",TRUE
"/post/facilities-management-in-different-sectors-similarities-differences-and-the-need-for-agility","/grounds-maintenance",TRUE
"/post/facilities-management-in-different-sectors-similarities-differences-and-the-need-for-agility","/industrial-facilities-management",TRUE
"/post/facilities-management-in-different-sectors-similarities-differences-and-the-need-for-agility","/commercial-facilities-management",TRUE
"/post/facilities-management-in-different-sectors-similarities-differences-and-the-need-for-agility","/logistics-facilities-management",TRUE
"/post/facilities-management-in-different-sectors-similarities-differences-and-the-need-for-agility","/warehouse-facilities-management",TRUE
"/post/facilities-management-in-different-sectors-similarities-differences-and-the-need-for-agility","/retail-facilities-management",TRUE
"/post/facilities-management-in-different-sectors-similarities-differences-and-the-need-for-agility","/healthcare-facilities-management",TRUE
"/post/facilities-management-in-different-sectors-similarities-differences-and-the-need-for-agility","/education-facilities-management",TRUE
"/post/facilities-management-in-different-sectors-similarities-differences-and-the-need-for-agility","/public-sector-facilities-management",TRUE
"/post/facilities-management-in-different-sectors-similarities-differences-and-the-need-for-agility","/residential-facilities-management",TRUE
"/post/facilities-management-in-different-sectors-similarities-differences-and-the-need-for-agility","/hotel-facilities-management",TRUE
"/post/facilities-management-in-different-sectors-similarities-differences-and-the-need-for-agility","/sectors",FALSE
"/post/facilities-management-in-different-sectors-similarities-differences-and-the-need-for-agility","/fm-london",TRUE
"/post/facilities-management-in-different-sectors-similarities-differences-and-the-need-for-agility","/facilities-management-london",TRUE
"/post/facilities-management-in-different-sectors-similarities-differences-and-the-need-for-agility","/london-facilities-management",TRUE
"/post/facilities-management-in-different-sectors-similarities-differences-and-the-need-for-agility","/facilities-management-manchester",TRUE
"/post/facilities-management-in-different-sectors-similarities-differences-and-the-need-for-agility","/facilities-management-birmingham",TRUE
"/post/facilities-management-in-different-sectors-similarities-differences-and-the-need-for-agility","/facilities-management-sheffield",TRUE
"/post/facilities-management-in-different-sectors-similarities-differences-and-the-need-for-agility","/facilities-management-leeds",TRUE
"/post/facilities-management-in-different-sectors-similarities-differences-and-the-need-for-agility","/facilities-management-lincoln",TRUE
"/post/facilities-management-in-different-sectors-similarities-differences-and-the-need-for-agility","/facilities-management-liverpool",TRUE
"/post/facilities-management-in-different-sectors-similarities-differences-and-the-need-for-agility","/facilities-management-nottingham",TRUE
"/post/facilities-management-in-different-sectors-similarities-differences-and-the-need-for-agility","/locations",FALSE
"/post/facilities-management-in-different-sectors-similarities-differences-and-the-need-for-agility","/privacy-policy",TRUE
"/post/facilities-management-in-different-sectors-similarities-differences-and-the-need-for-agility","/terms-and-conditions",TRUE
"/post/facilities-management-in-different-sectors-similarities-differences-and-the-need-for-agility","/accessibility-statement",TRUE
"/post/facilities-management-in-different-sectors-similarities-differences-and-the-need-for-agility","/helpdesk",TRUE
"/post/facilities-management-in-different-sectors-similarities-differences-and-the-need-for-agility","/sitemap.xml",FALSE
"/oxford-facilities-management","/client-login",TRUE
"/oxford-facilities-management","/",TRUE
"/oxford-facilities-management","/case-studies",FALSE
"/oxford-facilities-management","/blog",TRUE
"/oxford-facilities-management","/about-entire-facilities-management",TRUE
"/oxford-facilities-management","/contact-us",TRUE
"/oxford-facilities-management","/locations",FALSE
"/oxford-facilities-management","/mechanical-electrical",TRUE
"/oxford-facilities-management","/ppm",TRUE
"/oxford-facilities-management","/hard-services",TRUE
"/oxford-facilities-management","/hvac-contractor",TRUE
"/oxford-facilities-management","/plumbing-gas",TRUE
"/oxford-facilities-management","/fire-emergency-systems",TRUE
"/oxford-facilities-management","/safety-critical-emergency-systems",TRUE
"/oxford-facilities-management","/building-maintenance",TRUE
"/oxford-facilities-management","/mechanical-electrical/emergency-light-testing",TRUE
"/oxford-facilities-management","/mechanical-electrical/access-control",TRUE
"/oxford-facilities-management","/aerial-drone-building-inspection",TRUE
"/oxford-facilities-management","/industrial-cleaning",TRUE
"/oxford-facilities-management","/cleaning-services",TRUE
"/oxford-facilities-management","/contract-cleaning",TRUE
"/oxford-facilities-management","/office-cleaning",TRUE
"/oxford-facilities-management","/pressure-washing",TRUE
"/oxford-facilities-management","/window-cleaning",TRUE
"/oxford-facilities-management","/soft-services",TRUE
"/oxford-facilities-management","/security-services",TRUE
"/oxford-facilities-management","/concierge-services",TRUE
"/oxford-facilities-management","/washroom-management",TRUE
"/oxford-facilities-management","/grounds-maintenance",TRUE
"/oxford-facilities-management","/industrial-facilities-management",TRUE
"/oxford-facilities-management","/commercial-facilities-management",TRUE
"/oxford-facilities-management","/logistics-facilities-management",TRUE
"/oxford-facilities-management","/warehouse-facilities-management",TRUE
"/oxford-facilities-management","/retail-facilities-management",TRUE
"/oxford-facilities-management","/healthcare-facilities-management",TRUE
"/oxford-facilities-management","/education-facilities-management",TRUE
"/oxford-facilities-management","/public-sector-facilities-management",TRUE
"/oxford-facilities-management","/residential-facilities-management",TRUE
"/oxford-facilities-management","/hotel-facilities-management",TRUE
"/oxford-facilities-management","/sectors",FALSE
"/oxford-facilities-management","/fm-london",TRUE
"/oxford-facilities-management","/facilities-management-london",TRUE
"/oxford-facilities-management","/london-facilities-management",TRUE
"/oxford-facilities-management","/facilities-management-manchester",TRUE
"/oxford-facilities-management","/facilities-management-birmingham",TRUE
"/oxford-facilities-management","/facilities-management-sheffield",TRUE
"/oxford-facilities-management","/facilities-management-leeds",TRUE
"/oxford-facilities-management","/facilities-management-lincoln",TRUE
"/oxford-facilities-management","/facilities-management-liverpool",TRUE
"/oxford-facilities-management","/facilities-management-nottingham",TRUE
"/oxford-facilities-management","/privacy-policy",TRUE
"/oxford-facilities-management","/terms-and-conditions",TRUE
"/oxford-facilities-management","/accessibility-statement",TRUE
"/oxford-facilities-management","/helpdesk",TRUE
"/oxford-facilities-management","/sitemap.xml",FALSE
"/plumbing-gas","/client-login",TRUE
"/plumbing-gas","/",TRUE
"/plumbing-gas","/case-studies",FALSE
"/plumbing-gas","/blog",TRUE
"/plumbing-gas","/about-entire-facilities-management",TRUE
"/plumbing-gas","/contact-us",TRUE
"/plumbing-gas","/services",TRUE
"/plumbing-gas","/mechanical-electrical",TRUE
"/plumbing-gas","/ppm",TRUE
"/plumbing-gas","/hard-services",TRUE
"/plumbing-gas","/hvac-contractor",TRUE
"/plumbing-gas","/plumbing-gas",TRUE
"/plumbing-gas","/fire-emergency-systems",TRUE
"/plumbing-gas","/safety-critical-emergency-systems",TRUE
"/plumbing-gas","/building-maintenance",TRUE
"/plumbing-gas","/mechanical-electrical/emergency-light-testing",TRUE
"/plumbing-gas","/mechanical-electrical/access-control",TRUE
"/plumbing-gas","/aerial-drone-building-inspection",TRUE
"/plumbing-gas","/industrial-cleaning",TRUE
"/plumbing-gas","/cleaning-services",TRUE
"/plumbing-gas","/contract-cleaning",TRUE
"/plumbing-gas","/office-cleaning",TRUE
"/plumbing-gas","/pressure-washing",TRUE
"/plumbing-gas","/window-cleaning",TRUE
"/plumbing-gas","/soft-services",TRUE
"/plumbing-gas","/security-services",TRUE
"/plumbing-gas","/concierge-services",TRUE
"/plumbing-gas","/washroom-management",TRUE
"/plumbing-gas","/grounds-maintenance",TRUE
"/plumbing-gas","/industrial-facilities-management",TRUE
"/plumbing-gas","/commercial-facilities-management",TRUE
"/plumbing-gas","/logistics-facilities-management",TRUE
"/plumbing-gas","/warehouse-facilities-management",TRUE
"/plumbing-gas","/retail-facilities-management",TRUE
"/plumbing-gas","/healthcare-facilities-management",TRUE
"/plumbing-gas","/education-facilities-management",TRUE
"/plumbing-gas","/public-sector-facilities-management",TRUE
"/plumbing-gas","/residential-facilities-management",TRUE
"/plumbing-gas","/hotel-facilities-management",TRUE
"/plumbing-gas","/sectors",FALSE
"/plumbing-gas","/fm-london",TRUE
"/plumbing-gas","/facilities-management-london",TRUE
"/plumbing-gas","/london-facilities-management",TRUE
"/plumbing-gas","/facilities-management-manchester",TRUE
"/plumbing-gas","/facilities-management-birmingham",TRUE
"/plumbing-gas","/facilities-management-sheffield",TRUE
"/plumbing-gas","/facilities-management-leeds",TRUE
"/plumbing-gas","/facilities-management-lincoln",TRUE
"/plumbing-gas","/facilities-management-liverpool",TRUE
"/plumbing-gas","/facilities-management-nottingham",TRUE
"/plumbing-gas","/locations",FALSE
"/plumbing-gas","/privacy-policy",TRUE
"/plumbing-gas","/terms-and-conditions",TRUE
"/plumbing-gas","/accessibility-statement",TRUE
"/plumbing-gas","/helpdesk",TRUE
"/plumbing-gas","/sitemap.xml",FALSE
"/portfolio","/client-login",TRUE
"/portfolio","/",TRUE
"/portfolio","/case-studies",FALSE
"/portfolio","/blog",TRUE
"/portfolio","/about-entire-facilities-management",TRUE
"/portfolio","/contact-us",TRUE
"/portfolio","/mechanical-electrical",TRUE
"/portfolio","/ppm",TRUE
"/portfolio","/hard-services",TRUE
"/portfolio","/hvac-contractor",TRUE
"/portfolio","/plumbing-gas",TRUE
"/portfolio","/fire-emergency-systems",TRUE
"/portfolio","/safety-critical-emergency-systems",TRUE
"/portfolio","/building-maintenance",TRUE
"/portfolio","/mechanical-electrical/emergency-light-testing",TRUE
"/portfolio","/mechanical-electrical/access-control",TRUE
"/portfolio","/aerial-drone-building-inspection",TRUE
"/portfolio","/industrial-cleaning",TRUE
"/portfolio","/cleaning-services",TRUE
"/portfolio","/contract-cleaning",TRUE
"/portfolio","/office-cleaning",TRUE
"/portfolio","/pressure-washing",TRUE
"/portfolio","/window-cleaning",TRUE
"/portfolio","/soft-services",TRUE
"/portfolio","/security-services",TRUE
"/portfolio","/concierge-services",TRUE
"/portfolio","/washroom-management",TRUE
"/portfolio","/grounds-maintenance",TRUE
"/portfolio","/industrial-facilities-management",TRUE
"/portfolio","/commercial-facilities-management",TRUE
"/portfolio","/logistics-facilities-management",TRUE
"/portfolio","/warehouse-facilities-management",TRUE
"/portfolio","/retail-facilities-management",TRUE
"/portfolio","/healthcare-facilities-management",TRUE
"/portfolio","/education-facilities-management",TRUE
"/portfolio","/public-sector-facilities-management",TRUE
"/portfolio","/residential-facilities-management",TRUE
"/portfolio","/hotel-facilities-management",TRUE
"/portfolio","/sectors",FALSE
"/portfolio","/fm-london",TRUE
"/portfolio","/facilities-management-london",TRUE
"/portfolio","/london-facilities-management",TRUE
"/portfolio","/facilities-management-manchester",TRUE
"/portfolio","/facilities-management-birmingham",TRUE
"/portfolio","/facilities-management-sheffield",TRUE
"/portfolio","/facilities-management-leeds",TRUE
"/portfolio","/facilities-management-lincoln",TRUE
"/portfolio","/facilities-management-liverpool",TRUE
"/portfolio","/facilities-management-nottingham",TRUE
"/portfolio","/locations",FALSE
"/portfolio","/privacy-policy",TRUE
"/portfolio","/terms-and-conditions",TRUE
"/portfolio","/accessibility-statement",TRUE
"/portfolio","/helpdesk",TRUE
"/portfolio","/sitemap.xml",FALSE
"/office-cleaning-london","/client-login",TRUE
"/office-cleaning-london","/",TRUE
"/office-cleaning-london","/case-studies",FALSE
"/office-cleaning-london","/blog",TRUE
"/office-cleaning-london","/about-entire-facilities-management",TRUE
"/office-cleaning-london","/contact-us",TRUE
"/office-cleaning-london","/locations",FALSE
"/office-cleaning-london","/mechanical-electrical",TRUE
"/office-cleaning-london","/ppm",TRUE
"/office-cleaning-london","/hard-services",TRUE
"/office-cleaning-london","/hvac-contractor",TRUE
"/office-cleaning-london","/plumbing-gas",TRUE
"/office-cleaning-london","/fire-emergency-systems",TRUE
"/office-cleaning-london","/safety-critical-emergency-systems",TRUE
"/office-cleaning-london","/building-maintenance",TRUE
"/office-cleaning-london","/mechanical-electrical/emergency-light-testing",TRUE
"/office-cleaning-london","/mechanical-electrical/access-control",TRUE
"/office-cleaning-london","/aerial-drone-building-inspection",TRUE
"/office-cleaning-london","/industrial-cleaning",TRUE
"/office-cleaning-london","/cleaning-services",TRUE
"/office-cleaning-london","/contract-cleaning",TRUE
"/office-cleaning-london","/office-cleaning",TRUE
"/office-cleaning-london","/pressure-washing",TRUE
"/office-cleaning-london","/window-cleaning",TRUE
"/office-cleaning-london","/soft-services",TRUE
"/office-cleaning-london","/security-services",TRUE
"/office-cleaning-london","/concierge-services",TRUE
"/office-cleaning-london","/washroom-management",TRUE
"/office-cleaning-london","/grounds-maintenance",TRUE
"/office-cleaning-london","/industrial-facilities-management",TRUE
"/office-cleaning-london","/commercial-facilities-management",TRUE
"/office-cleaning-london","/logistics-facilities-management",TRUE
"/office-cleaning-london","/warehouse-facilities-management",TRUE
"/office-cleaning-london","/retail-facilities-management",TRUE
"/office-cleaning-london","/healthcare-facilities-management",TRUE
"/office-cleaning-london","/education-facilities-management",TRUE
"/office-cleaning-london","/public-sector-facilities-management",TRUE
"/office-cleaning-london","/residential-facilities-management",TRUE
"/office-cleaning-london","/hotel-facilities-management",TRUE
"/office-cleaning-london","/sectors",FALSE
"/office-cleaning-london","/fm-london",TRUE
"/office-cleaning-london","/facilities-management-london",TRUE
"/office-cleaning-london","/london-facilities-management",TRUE
"/office-cleaning-london","/facilities-management-manchester",TRUE
"/office-cleaning-london","/facilities-management-birmingham",TRUE
"/office-cleaning-london","/facilities-management-sheffield",TRUE
"/office-cleaning-london","/facilities-management-leeds",TRUE
"/office-cleaning-london","/facilities-management-lincoln",TRUE
"/office-cleaning-london","/facilities-management-liverpool",TRUE
"/office-cleaning-london","/facilities-management-nottingham",TRUE
"/office-cleaning-london","/privacy-policy",TRUE
"/office-cleaning-london","/terms-and-conditions",TRUE
"/office-cleaning-london","/accessibility-statement",TRUE
"/office-cleaning-london","/helpdesk",TRUE
"/office-cleaning-london","/sitemap.xml",FALSE
"/post/facilities-management-to-birmingham","/client-login",TRUE
"/post/facilities-management-to-birmingham","/",TRUE
"/post/facilities-management-to-birmingham","/case-studies",FALSE
"/post/facilities-management-to-birmingham","/blog",TRUE
"/post/facilities-management-to-birmingham","/about-entire-facilities-management",TRUE
"/post/facilities-management-to-birmingham","/contact-us",TRUE
"/post/facilities-management-to-birmingham","/mechanical-electrical",TRUE
"/post/facilities-management-to-birmingham","/ppm",TRUE
"/post/facilities-management-to-birmingham","/hard-services",TRUE
"/post/facilities-management-to-birmingham","/hvac-contractor",TRUE
"/post/facilities-management-to-birmingham","/plumbing-gas",TRUE
"/post/facilities-management-to-birmingham","/fire-emergency-systems",TRUE
"/post/facilities-management-to-birmingham","/safety-critical-emergency-systems",TRUE
"/post/facilities-management-to-birmingham","/building-maintenance",TRUE
"/post/facilities-management-to-birmingham","/mechanical-electrical/emergency-light-testing",TRUE
"/post/facilities-management-to-birmingham","/mechanical-electrical/access-control",TRUE
"/post/facilities-management-to-birmingham","/aerial-drone-building-inspection",TRUE
"/post/facilities-management-to-birmingham","/industrial-cleaning",TRUE
"/post/facilities-management-to-birmingham","/cleaning-services",TRUE
"/post/facilities-management-to-birmingham","/contract-cleaning",TRUE
"/post/facilities-management-to-birmingham","/office-cleaning",TRUE
"/post/facilities-management-to-birmingham","/pressure-washing",TRUE
"/post/facilities-management-to-birmingham","/window-cleaning",TRUE
"/post/facilities-management-to-birmingham","/soft-services",TRUE
"/post/facilities-management-to-birmingham","/security-services",TRUE
"/post/facilities-management-to-birmingham","/concierge-services",TRUE
"/post/facilities-management-to-birmingham","/washroom-management",TRUE
"/post/facilities-management-to-birmingham","/grounds-maintenance",TRUE
"/post/facilities-management-to-birmingham","/industrial-facilities-management",TRUE
"/post/facilities-management-to-birmingham","/commercial-facilities-management",TRUE
"/post/facilities-management-to-birmingham","/logistics-facilities-management",TRUE
"/post/facilities-management-to-birmingham","/warehouse-facilities-management",TRUE
"/post/facilities-management-to-birmingham","/retail-facilities-management",TRUE
"/post/facilities-management-to-birmingham","/healthcare-facilities-management",TRUE
"/post/facilities-management-to-birmingham","/education-facilities-management",TRUE
"/post/facilities-management-to-birmingham","/public-sector-facilities-management",TRUE
"/post/facilities-management-to-birmingham","/residential-facilities-management",TRUE
"/post/facilities-management-to-birmingham","/hotel-facilities-management",TRUE
"/post/facilities-management-to-birmingham","/sectors",FALSE
"/post/facilities-management-to-birmingham","/fm-london",TRUE
"/post/facilities-management-to-birmingham","/facilities-management-london",TRUE
"/post/facilities-management-to-birmingham","/london-facilities-management",TRUE
"/post/facilities-management-to-birmingham","/facilities-management-manchester",TRUE
"/post/facilities-management-to-birmingham","/facilities-management-birmingham",TRUE
"/post/facilities-management-to-birmingham","/facilities-management-sheffield",TRUE
"/post/facilities-management-to-birmingham","/facilities-management-leeds",TRUE
"/post/facilities-management-to-birmingham","/facilities-management-lincoln",TRUE
"/post/facilities-management-to-birmingham","/facilities-management-liverpool",TRUE
"/post/facilities-management-to-birmingham","/facilities-management-nottingham",TRUE
"/post/facilities-management-to-birmingham","/locations",FALSE
"/post/facilities-management-to-birmingham","/privacy-policy",TRUE
"/post/facilities-management-to-birmingham","/terms-and-conditions",TRUE
"/post/facilities-management-to-birmingham","/accessibility-statement",TRUE
"/post/facilities-management-to-birmingham","/helpdesk",TRUE
"/post/facilities-management-to-birmingham","/sitemap.xml",FALSE
"/post/what-are-hard-services","/client-login",TRUE
"/post/what-are-hard-services","/",TRUE
"/post/what-are-hard-services","/case-studies",FALSE
"/post/what-are-hard-services","/blog",TRUE
"/post/what-are-hard-services","/about-entire-facilities-management",TRUE
"/post/what-are-hard-services","/contact-us",TRUE
"/post/what-are-hard-services","/mechanical-electrical",TRUE
"/post/what-are-hard-services","/ppm",TRUE
"/post/what-are-hard-services","/hard-services",TRUE
"/post/what-are-hard-services","/hvac-contractor",TRUE
"/post/what-are-hard-services","/plumbing-gas",TRUE
"/post/what-are-hard-services","/fire-emergency-systems",TRUE
"/post/what-are-hard-services","/safety-critical-emergency-systems",TRUE
"/post/what-are-hard-services","/building-maintenance",TRUE
"/post/what-are-hard-services","/mechanical-electrical/emergency-light-testing",TRUE
"/post/what-are-hard-services","/mechanical-electrical/access-control",TRUE
"/post/what-are-hard-services","/aerial-drone-building-inspection",TRUE
"/post/what-are-hard-services","/industrial-cleaning",TRUE
"/post/what-are-hard-services","/cleaning-services",TRUE
"/post/what-are-hard-services","/contract-cleaning",TRUE
"/post/what-are-hard-services","/office-cleaning",TRUE
"/post/what-are-hard-services","/pressure-washing",TRUE
"/post/what-are-hard-services","/window-cleaning",TRUE
"/post/what-are-hard-services","/soft-services",TRUE
"/post/what-are-hard-services","/security-services",TRUE
"/post/what-are-hard-services","/concierge-services",TRUE
"/post/what-are-hard-services","/washroom-management",TRUE
"/post/what-are-hard-services","/grounds-maintenance",TRUE
"/post/what-are-hard-services","/industrial-facilities-management",TRUE
"/post/what-are-hard-services","/commercial-facilities-management",TRUE
"/post/what-are-hard-services","/logistics-facilities-management",TRUE
"/post/what-are-hard-services","/warehouse-facilities-management",TRUE
"/post/what-are-hard-services","/retail-facilities-management",TRUE
"/post/what-are-hard-services","/healthcare-facilities-management",TRUE
"/post/what-are-hard-services","/education-facilities-management",TRUE
"/post/what-are-hard-services","/public-sector-facilities-management",TRUE
"/post/what-are-hard-services","/residential-facilities-management",TRUE
"/post/what-are-hard-services","/hotel-facilities-management",TRUE
"/post/what-are-hard-services","/sectors",FALSE
"/post/what-are-hard-services","/fm-london",TRUE
"/post/what-are-hard-services","/facilities-management-london",TRUE
"/post/what-are-hard-services","/london-facilities-management",TRUE
"/post/what-are-hard-services","/facilities-management-manchester",TRUE
"/post/what-are-hard-services","/facilities-management-birmingham",TRUE
"/post/what-are-hard-services","/facilities-management-sheffield",TRUE
"/post/what-are-hard-services","/facilities-management-leeds",TRUE
"/post/what-are-hard-services","/facilities-management-lincoln",TRUE
"/post/what-are-hard-services","/facilities-management-liverpool",TRUE
"/post/what-are-hard-services","/facilities-management-nottingham",TRUE
"/post/what-are-hard-services","/locations",FALSE
"/post/what-are-hard-services","/privacy-policy",TRUE
"/post/what-are-hard-services","/terms-and-conditions",TRUE
"/post/what-are-hard-services","/accessibility-statement",TRUE
"/post/what-are-hard-services","/helpdesk",TRUE
"/post/what-are-hard-services","/sitemap.xml",FALSE
"/post/the-importance-of-regular-maintenance-and-inspections-1","/client-login",TRUE
"/post/the-importance-of-regular-maintenance-and-inspections-1","/",TRUE
"/post/the-importance-of-regular-maintenance-and-inspections-1","/case-studies",FALSE
"/post/the-importance-of-regular-maintenance-and-inspections-1","/blog",TRUE
"/post/the-importance-of-regular-maintenance-and-inspections-1","/about-entire-facilities-management",TRUE
"/post/the-importance-of-regular-maintenance-and-inspections-1","/contact-us",TRUE
"/post/the-importance-of-regular-maintenance-and-inspections-1","/mechanical-electrical",TRUE
"/post/the-importance-of-regular-maintenance-and-inspections-1","/ppm",TRUE
"/post/the-importance-of-regular-maintenance-and-inspections-1","/hard-services",TRUE
"/post/the-importance-of-regular-maintenance-and-inspections-1","/hvac-contractor",TRUE
"/post/the-importance-of-regular-maintenance-and-inspections-1","/plumbing-gas",TRUE
"/post/the-importance-of-regular-maintenance-and-inspections-1","/fire-emergency-systems",TRUE
"/post/the-importance-of-regular-maintenance-and-inspections-1","/safety-critical-emergency-systems",TRUE
"/post/the-importance-of-regular-maintenance-and-inspections-1","/building-maintenance",TRUE
"/post/the-importance-of-regular-maintenance-and-inspections-1","/mechanical-electrical/emergency-light-testing",TRUE
"/post/the-importance-of-regular-maintenance-and-inspections-1","/mechanical-electrical/access-control",TRUE
"/post/the-importance-of-regular-maintenance-and-inspections-1","/aerial-drone-building-inspection",TRUE
"/post/the-importance-of-regular-maintenance-and-inspections-1","/industrial-cleaning",TRUE
"/post/the-importance-of-regular-maintenance-and-inspections-1","/cleaning-services",TRUE
"/post/the-importance-of-regular-maintenance-and-inspections-1","/contract-cleaning",TRUE
"/post/the-importance-of-regular-maintenance-and-inspections-1","/office-cleaning",TRUE
"/post/the-importance-of-regular-maintenance-and-inspections-1","/pressure-washing",TRUE
"/post/the-importance-of-regular-maintenance-and-inspections-1","/window-cleaning",TRUE
"/post/the-importance-of-regular-maintenance-and-inspections-1","/soft-services",TRUE
"/post/the-importance-of-regular-maintenance-and-inspections-1","/security-services",TRUE
"/post/the-importance-of-regular-maintenance-and-inspections-1","/concierge-services",TRUE
"/post/the-importance-of-regular-maintenance-and-inspections-1","/washroom-management",TRUE
"/post/the-importance-of-regular-maintenance-and-inspections-1","/grounds-maintenance",TRUE
"/post/the-importance-of-regular-maintenance-and-inspections-1","/industrial-facilities-management",TRUE
"/post/the-importance-of-regular-maintenance-and-inspections-1","/commercial-facilities-management",TRUE
"/post/the-importance-of-regular-maintenance-and-inspections-1","/logistics-facilities-management",TRUE
"/post/the-importance-of-regular-maintenance-and-inspections-1","/warehouse-facilities-management",TRUE
"/post/the-importance-of-regular-maintenance-and-inspections-1","/retail-facilities-management",TRUE
"/post/the-importance-of-regular-maintenance-and-inspections-1","/healthcare-facilities-management",TRUE
"/post/the-importance-of-regular-maintenance-and-inspections-1","/education-facilities-management",TRUE
"/post/the-importance-of-regular-maintenance-and-inspections-1","/public-sector-facilities-management",TRUE
"/post/the-importance-of-regular-maintenance-and-inspections-1","/residential-facilities-management",TRUE
"/post/the-importance-of-regular-maintenance-and-inspections-1","/hotel-facilities-management",TRUE
"/post/the-importance-of-regular-maintenance-and-inspections-1","/sectors",FALSE
"/post/the-importance-of-regular-maintenance-and-inspections-1","/fm-london",TRUE
"/post/the-importance-of-regular-maintenance-and-inspections-1","/facilities-management-london",TRUE
"/post/the-importance-of-regular-maintenance-and-inspections-1","/london-facilities-management",TRUE
"/post/the-importance-of-regular-maintenance-and-inspections-1","/facilities-management-manchester",TRUE
"/post/the-importance-of-regular-maintenance-and-inspections-1","/facilities-management-birmingham",TRUE
"/post/the-importance-of-regular-maintenance-and-inspections-1","/facilities-management-sheffield",TRUE
"/post/the-importance-of-regular-maintenance-and-inspections-1","/facilities-management-leeds",TRUE
"/post/the-importance-of-regular-maintenance-and-inspections-1","/facilities-management-lincoln",TRUE
"/post/the-importance-of-regular-maintenance-and-inspections-1","/facilities-management-liverpool",TRUE
"/post/the-importance-of-regular-maintenance-and-inspections-1","/facilities-management-nottingham",TRUE
"/post/the-importance-of-regular-maintenance-and-inspections-1","/locations",FALSE
"/post/the-importance-of-regular-maintenance-and-inspections-1","/privacy-policy",TRUE
"/post/the-importance-of-regular-maintenance-and-inspections-1","/terms-and-conditions",TRUE
"/post/the-importance-of-regular-maintenance-and-inspections-1","/accessibility-statement",TRUE
"/post/the-importance-of-regular-maintenance-and-inspections-1","/helpdesk",TRUE
"/post/the-importance-of-regular-maintenance-and-inspections-1","/sitemap.xml",FALSE
"/post/the-importance-of-regular-maintenance-and-inspections","/client-login",TRUE
"/post/the-importance-of-regular-maintenance-and-inspections","/",TRUE
"/post/the-importance-of-regular-maintenance-and-inspections","/case-studies",FALSE
"/post/the-importance-of-regular-maintenance-and-inspections","/blog",TRUE
"/post/the-importance-of-regular-maintenance-and-inspections","/about-entire-facilities-management",TRUE
"/post/the-importance-of-regular-maintenance-and-inspections","/contact-us",TRUE
"/post/the-importance-of-regular-maintenance-and-inspections","/mechanical-electrical",TRUE
"/post/the-importance-of-regular-maintenance-and-inspections","/ppm",TRUE
"/post/the-importance-of-regular-maintenance-and-inspections","/hard-services",TRUE
"/post/the-importance-of-regular-maintenance-and-inspections","/hvac-contractor",TRUE
"/post/the-importance-of-regular-maintenance-and-inspections","/plumbing-gas",TRUE
"/post/the-importance-of-regular-maintenance-and-inspections","/fire-emergency-systems",TRUE
"/post/the-importance-of-regular-maintenance-and-inspections","/safety-critical-emergency-systems",TRUE
"/post/the-importance-of-regular-maintenance-and-inspections","/building-maintenance",TRUE
"/post/the-importance-of-regular-maintenance-and-inspections","/mechanical-electrical/emergency-light-testing",TRUE
"/post/the-importance-of-regular-maintenance-and-inspections","/mechanical-electrical/access-control",TRUE
"/post/the-importance-of-regular-maintenance-and-inspections","/aerial-drone-building-inspection",TRUE
"/post/the-importance-of-regular-maintenance-and-inspections","/industrial-cleaning",TRUE
"/post/the-importance-of-regular-maintenance-and-inspections","/cleaning-services",TRUE
"/post/the-importance-of-regular-maintenance-and-inspections","/contract-cleaning",TRUE
"/post/the-importance-of-regular-maintenance-and-inspections","/office-cleaning",TRUE
"/post/the-importance-of-regular-maintenance-and-inspections","/pressure-washing",TRUE
"/post/the-importance-of-regular-maintenance-and-inspections","/window-cleaning",TRUE
"/post/the-importance-of-regular-maintenance-and-inspections","/soft-services",TRUE
"/post/the-importance-of-regular-maintenance-and-inspections","/security-services",TRUE
"/post/the-importance-of-regular-maintenance-and-inspections","/concierge-services",TRUE
"/post/the-importance-of-regular-maintenance-and-inspections","/washroom-management",TRUE
"/post/the-importance-of-regular-maintenance-and-inspections","/grounds-maintenance",TRUE
"/post/the-importance-of-regular-maintenance-and-inspections","/industrial-facilities-management",TRUE
"/post/the-importance-of-regular-maintenance-and-inspections","/commercial-facilities-management",TRUE
"/post/the-importance-of-regular-maintenance-and-inspections","/logistics-facilities-management",TRUE
"/post/the-importance-of-regular-maintenance-and-inspections","/warehouse-facilities-management",TRUE
"/post/the-importance-of-regular-maintenance-and-inspections","/retail-facilities-management",TRUE
"/post/the-importance-of-regular-maintenance-and-inspections","/healthcare-facilities-management",TRUE
"/post/the-importance-of-regular-maintenance-and-inspections","/education-facilities-management",TRUE
"/post/the-importance-of-regular-maintenance-and-inspections","/public-sector-facilities-management",TRUE
"/post/the-importance-of-regular-maintenance-and-inspections","/residential-facilities-management",TRUE
"/post/the-importance-of-regular-maintenance-and-inspections","/hotel-facilities-management",TRUE
"/post/the-importance-of-regular-maintenance-and-inspections","/sectors",FALSE
"/post/the-importance-of-regular-maintenance-and-inspections","/fm-london",TRUE
"/post/the-importance-of-regular-maintenance-and-inspections","/facilities-management-london",TRUE
"/post/the-importance-of-regular-maintenance-and-inspections","/london-facilities-management",TRUE
"/post/the-importance-of-regular-maintenance-and-inspections","/facilities-management-manchester",TRUE
"/post/the-importance-of-regular-maintenance-and-inspections","/facilities-management-birmingham",TRUE
"/post/the-importance-of-regular-maintenance-and-inspections","/facilities-management-sheffield",TRUE
"/post/the-importance-of-regular-maintenance-and-inspections","/facilities-management-leeds",TRUE
"/post/the-importance-of-regular-maintenance-and-inspections","/facilities-management-lincoln",TRUE
"/post/the-importance-of-regular-maintenance-and-inspections","/facilities-management-liverpool",TRUE
"/post/the-importance-of-regular-maintenance-and-inspections","/facilities-management-nottingham",TRUE
"/post/the-importance-of-regular-maintenance-and-inspections","/locations",FALSE
"/post/the-importance-of-regular-maintenance-and-inspections","/privacy-policy",TRUE
"/post/the-importance-of-regular-maintenance-and-inspections","/terms-and-conditions",TRUE
"/post/the-importance-of-regular-maintenance-and-inspections","/accessibility-statement",TRUE
"/post/the-importance-of-regular-maintenance-and-inspections","/helpdesk",TRUE
"/post/the-importance-of-regular-maintenance-and-inspections","/sitemap.xml",FALSE
"/post/facilities-management-services-in-lincoln","/client-login",TRUE
"/post/facilities-management-services-in-lincoln","/",TRUE
"/post/facilities-management-services-in-lincoln","/case-studies",FALSE
"/post/facilities-management-services-in-lincoln","/blog",TRUE
"/post/facilities-management-services-in-lincoln","/about-entire-facilities-management",TRUE
"/post/facilities-management-services-in-lincoln","/contact-us",TRUE
"/post/facilities-management-services-in-lincoln","/mechanical-electrical",TRUE
"/post/facilities-management-services-in-lincoln","/ppm",TRUE
"/post/facilities-management-services-in-lincoln","/hard-services",TRUE
"/post/facilities-management-services-in-lincoln","/hvac-contractor",TRUE
"/post/facilities-management-services-in-lincoln","/plumbing-gas",TRUE
"/post/facilities-management-services-in-lincoln","/fire-emergency-systems",TRUE
"/post/facilities-management-services-in-lincoln","/safety-critical-emergency-systems",TRUE
"/post/facilities-management-services-in-lincoln","/building-maintenance",TRUE
"/post/facilities-management-services-in-lincoln","/mechanical-electrical/emergency-light-testing",TRUE
"/post/facilities-management-services-in-lincoln","/mechanical-electrical/access-control",TRUE
"/post/facilities-management-services-in-lincoln","/aerial-drone-building-inspection",TRUE
"/post/facilities-management-services-in-lincoln","/industrial-cleaning",TRUE
"/post/facilities-management-services-in-lincoln","/cleaning-services",TRUE
"/post/facilities-management-services-in-lincoln","/contract-cleaning",TRUE
"/post/facilities-management-services-in-lincoln","/office-cleaning",TRUE
"/post/facilities-management-services-in-lincoln","/pressure-washing",TRUE
"/post/facilities-management-services-in-lincoln","/window-cleaning",TRUE
"/post/facilities-management-services-in-lincoln","/soft-services",TRUE
"/post/facilities-management-services-in-lincoln","/security-services",TRUE
"/post/facilities-management-services-in-lincoln","/concierge-services",TRUE
"/post/facilities-management-services-in-lincoln","/washroom-management",TRUE
"/post/facilities-management-services-in-lincoln","/grounds-maintenance",TRUE
"/post/facilities-management-services-in-lincoln","/industrial-facilities-management",TRUE
"/post/facilities-management-services-in-lincoln","/commercial-facilities-management",TRUE
"/post/facilities-management-services-in-lincoln","/logistics-facilities-management",TRUE
"/post/facilities-management-services-in-lincoln","/warehouse-facilities-management",TRUE
"/post/facilities-management-services-in-lincoln","/retail-facilities-management",TRUE
"/post/facilities-management-services-in-lincoln","/healthcare-facilities-management",TRUE
"/post/facilities-management-services-in-lincoln","/education-facilities-management",TRUE
"/post/facilities-management-services-in-lincoln","/public-sector-facilities-management",TRUE
"/post/facilities-management-services-in-lincoln","/residential-facilities-management",TRUE
"/post/facilities-management-services-in-lincoln","/hotel-facilities-management",TRUE
"/post/facilities-management-services-in-lincoln","/sectors",FALSE
"/post/facilities-management-services-in-lincoln","/fm-london",TRUE
"/post/facilities-management-services-in-lincoln","/facilities-management-london",TRUE
"/post/facilities-management-services-in-lincoln","/london-facilities-management",TRUE
"/post/facilities-management-services-in-lincoln","/facilities-management-manchester",TRUE
"/post/facilities-management-services-in-lincoln","/facilities-management-birmingham",TRUE
"/post/facilities-management-services-in-lincoln","/facilities-management-sheffield",TRUE
"/post/facilities-management-services-in-lincoln","/facilities-management-leeds",TRUE
"/post/facilities-management-services-in-lincoln","/facilities-management-lincoln",TRUE
"/post/facilities-management-services-in-lincoln","/facilities-management-liverpool",TRUE
"/post/facilities-management-services-in-lincoln","/facilities-management-nottingham",TRUE
"/post/facilities-management-services-in-lincoln","/locations",FALSE
"/post/facilities-management-services-in-lincoln","/privacy-policy",TRUE
"/post/facilities-management-services-in-lincoln","/terms-and-conditions",TRUE
"/post/facilities-management-services-in-lincoln","/accessibility-statement",TRUE
"/post/facilities-management-services-in-lincoln","/helpdesk",TRUE
"/post/facilities-management-services-in-lincoln","/sitemap.xml",FALSE
"/post/what-are-hard-services-in-facilities-management-1","/client-login",TRUE
"/post/what-are-hard-services-in-facilities-management-1","/",TRUE
"/post/what-are-hard-services-in-facilities-management-1","/case-studies",FALSE
"/post/what-are-hard-services-in-facilities-management-1","/blog",TRUE
"/post/what-are-hard-services-in-facilities-management-1","/about-entire-facilities-management",TRUE
"/post/what-are-hard-services-in-facilities-management-1","/contact-us",TRUE
"/post/what-are-hard-services-in-facilities-management-1","/mechanical-electrical",TRUE
"/post/what-are-hard-services-in-facilities-management-1","/ppm",TRUE
"/post/what-are-hard-services-in-facilities-management-1","/hard-services",TRUE
"/post/what-are-hard-services-in-facilities-management-1","/hvac-contractor",TRUE
"/post/what-are-hard-services-in-facilities-management-1","/plumbing-gas",TRUE
"/post/what-are-hard-services-in-facilities-management-1","/fire-emergency-systems",TRUE
"/post/what-are-hard-services-in-facilities-management-1","/safety-critical-emergency-systems",TRUE
"/post/what-are-hard-services-in-facilities-management-1","/building-maintenance",TRUE
"/post/what-are-hard-services-in-facilities-management-1","/mechanical-electrical/emergency-light-testing",TRUE
"/post/what-are-hard-services-in-facilities-management-1","/mechanical-electrical/access-control",TRUE
"/post/what-are-hard-services-in-facilities-management-1","/aerial-drone-building-inspection",TRUE
"/post/what-are-hard-services-in-facilities-management-1","/industrial-cleaning",TRUE
"/post/what-are-hard-services-in-facilities-management-1","/cleaning-services",TRUE
"/post/what-are-hard-services-in-facilities-management-1","/contract-cleaning",TRUE
"/post/what-are-hard-services-in-facilities-management-1","/office-cleaning",TRUE
"/post/what-are-hard-services-in-facilities-management-1","/pressure-washing",TRUE
"/post/what-are-hard-services-in-facilities-management-1","/window-cleaning",TRUE
"/post/what-are-hard-services-in-facilities-management-1","/soft-services",TRUE
"/post/what-are-hard-services-in-facilities-management-1","/security-services",TRUE
"/post/what-are-hard-services-in-facilities-management-1","/concierge-services",TRUE
"/post/what-are-hard-services-in-facilities-management-1","/washroom-management",TRUE
"/post/what-are-hard-services-in-facilities-management-1","/grounds-maintenance",TRUE
"/post/what-are-hard-services-in-facilities-management-1","/industrial-facilities-management",TRUE
"/post/what-are-hard-services-in-facilities-management-1","/commercial-facilities-management",TRUE
"/post/what-are-hard-services-in-facilities-management-1","/logistics-facilities-management",TRUE
"/post/what-are-hard-services-in-facilities-management-1","/warehouse-facilities-management",TRUE
"/post/what-are-hard-services-in-facilities-management-1","/retail-facilities-management",TRUE
"/post/what-are-hard-services-in-facilities-management-1","/healthcare-facilities-management",TRUE
"/post/what-are-hard-services-in-facilities-management-1","/education-facilities-management",TRUE
"/post/what-are-hard-services-in-facilities-management-1","/public-sector-facilities-management",TRUE
"/post/what-are-hard-services-in-facilities-management-1","/residential-facilities-management",TRUE
"/post/what-are-hard-services-in-facilities-management-1","/hotel-facilities-management",TRUE
"/post/what-are-hard-services-in-facilities-management-1","/sectors",FALSE
"/post/what-are-hard-services-in-facilities-management-1","/fm-london",TRUE
"/post/what-are-hard-services-in-facilities-management-1","/facilities-management-london",TRUE
"/post/what-are-hard-services-in-facilities-management-1","/london-facilities-management",TRUE
"/post/what-are-hard-services-in-facilities-management-1","/facilities-management-manchester",TRUE
"/post/what-are-hard-services-in-facilities-management-1","/facilities-management-birmingham",TRUE
"/post/what-are-hard-services-in-facilities-management-1","/facilities-management-sheffield",TRUE
"/post/what-are-hard-services-in-facilities-management-1","/facilities-management-leeds",TRUE
"/post/what-are-hard-services-in-facilities-management-1","/facilities-management-lincoln",TRUE
"/post/what-are-hard-services-in-facilities-management-1","/facilities-management-liverpool",TRUE
"/post/what-are-hard-services-in-facilities-management-1","/facilities-management-nottingham",TRUE
"/post/what-are-hard-services-in-facilities-management-1","/locations",FALSE
"/post/what-are-hard-services-in-facilities-management-1","/privacy-policy",TRUE
"/post/what-are-hard-services-in-facilities-management-1","/terms-and-conditions",TRUE
"/post/what-are-hard-services-in-facilities-management-1","/accessibility-statement",TRUE
"/post/what-are-hard-services-in-facilities-management-1","/helpdesk",TRUE
"/post/what-are-hard-services-in-facilities-management-1","/sitemap.xml",FALSE
"/post/what-is-facilities-management-1","/client-login",TRUE
"/post/what-is-facilities-management-1","/",TRUE
"/post/what-is-facilities-management-1","/case-studies",FALSE
"/post/what-is-facilities-management-1","/blog",TRUE
"/post/what-is-facilities-management-1","/about-entire-facilities-management",TRUE
"/post/what-is-facilities-management-1","/contact-us",TRUE
"/post/what-is-facilities-management-1","/mechanical-electrical",TRUE
"/post/what-is-facilities-management-1","/ppm",TRUE
"/post/what-is-facilities-management-1","/hard-services",TRUE
"/post/what-is-facilities-management-1","/hvac-contractor",TRUE
"/post/what-is-facilities-management-1","/plumbing-gas",TRUE
"/post/what-is-facilities-management-1","/fire-emergency-systems",TRUE
"/post/what-is-facilities-management-1","/safety-critical-emergency-systems",TRUE
"/post/what-is-facilities-management-1","/building-maintenance",TRUE
"/post/what-is-facilities-management-1","/mechanical-electrical/emergency-light-testing",TRUE
"/post/what-is-facilities-management-1","/mechanical-electrical/access-control",TRUE
"/post/what-is-facilities-management-1","/aerial-drone-building-inspection",TRUE
"/post/what-is-facilities-management-1","/industrial-cleaning",TRUE
"/post/what-is-facilities-management-1","/cleaning-services",TRUE
"/post/what-is-facilities-management-1","/contract-cleaning",TRUE
"/post/what-is-facilities-management-1","/office-cleaning",TRUE
"/post/what-is-facilities-management-1","/pressure-washing",TRUE
"/post/what-is-facilities-management-1","/window-cleaning",TRUE
"/post/what-is-facilities-management-1","/soft-services",TRUE
"/post/what-is-facilities-management-1","/security-services",TRUE
"/post/what-is-facilities-management-1","/concierge-services",TRUE
"/post/what-is-facilities-management-1","/washroom-management",TRUE
"/post/what-is-facilities-management-1","/grounds-maintenance",TRUE
"/post/what-is-facilities-management-1","/industrial-facilities-management",TRUE
"/post/what-is-facilities-management-1","/commercial-facilities-management",TRUE
"/post/what-is-facilities-management-1","/logistics-facilities-management",TRUE
"/post/what-is-facilities-management-1","/warehouse-facilities-management",TRUE
"/post/what-is-facilities-management-1","/retail-facilities-management",TRUE
"/post/what-is-facilities-management-1","/healthcare-facilities-management",TRUE
"/post/what-is-facilities-management-1","/education-facilities-management",TRUE
"/post/what-is-facilities-management-1","/public-sector-facilities-management",TRUE
"/post/what-is-facilities-management-1","/residential-facilities-management",TRUE
"/post/what-is-facilities-management-1","/hotel-facilities-management",TRUE
"/post/what-is-facilities-management-1","/sectors",FALSE
"/post/what-is-facilities-management-1","/fm-london",TRUE
"/post/what-is-facilities-management-1","/facilities-management-london",TRUE
"/post/what-is-facilities-management-1","/london-facilities-management",TRUE
"/post/what-is-facilities-management-1","/facilities-management-manchester",TRUE
"/post/what-is-facilities-management-1","/facilities-management-birmingham",TRUE
"/post/what-is-facilities-management-1","/facilities-management-sheffield",TRUE
"/post/what-is-facilities-management-1","/facilities-management-leeds",TRUE
"/post/what-is-facilities-management-1","/facilities-management-lincoln",TRUE
"/post/what-is-facilities-management-1","/facilities-management-liverpool",TRUE
"/post/what-is-facilities-management-1","/facilities-management-nottingham",TRUE
"/post/what-is-facilities-management-1","/locations",FALSE
"/post/what-is-facilities-management-1","/privacy-policy",TRUE
"/post/what-is-facilities-management-1","/terms-and-conditions",TRUE
"/post/what-is-facilities-management-1","/accessibility-statement",TRUE
"/post/what-is-facilities-management-1","/helpdesk",TRUE
"/post/what-is-facilities-management-1","/sitemap.xml",FALSE
"/post/what-is-facilities-management","/client-login",TRUE
"/post/what-is-facilities-management","/",TRUE
"/post/what-is-facilities-management","/case-studies",FALSE
"/post/what-is-facilities-management","/blog",TRUE
"/post/what-is-facilities-management","/about-entire-facilities-management",TRUE
"/post/what-is-facilities-management","/contact-us",TRUE
"/post/what-is-facilities-management","/mechanical-electrical",TRUE
"/post/what-is-facilities-management","/ppm",TRUE
"/post/what-is-facilities-management","/hard-services",TRUE
"/post/what-is-facilities-management","/hvac-contractor",TRUE
"/post/what-is-facilities-management","/plumbing-gas",TRUE
"/post/what-is-facilities-management","/fire-emergency-systems",TRUE
"/post/what-is-facilities-management","/safety-critical-emergency-systems",TRUE
"/post/what-is-facilities-management","/building-maintenance",TRUE
"/post/what-is-facilities-management","/mechanical-electrical/emergency-light-testing",TRUE
"/post/what-is-facilities-management","/mechanical-electrical/access-control",TRUE
"/post/what-is-facilities-management","/aerial-drone-building-inspection",TRUE
"/post/what-is-facilities-management","/industrial-cleaning",TRUE
"/post/what-is-facilities-management","/cleaning-services",TRUE
"/post/what-is-facilities-management","/contract-cleaning",TRUE
"/post/what-is-facilities-management","/office-cleaning",TRUE
"/post/what-is-facilities-management","/pressure-washing",TRUE
"/post/what-is-facilities-management","/window-cleaning",TRUE
"/post/what-is-facilities-management","/soft-services",TRUE
"/post/what-is-facilities-management","/security-services",TRUE
"/post/what-is-facilities-management","/concierge-services",TRUE
"/post/what-is-facilities-management","/washroom-management",TRUE
"/post/what-is-facilities-management","/grounds-maintenance",TRUE
"/post/what-is-facilities-management","/industrial-facilities-management",TRUE
"/post/what-is-facilities-management","/commercial-facilities-management",TRUE
"/post/what-is-facilities-management","/logistics-facilities-management",TRUE
"/post/what-is-facilities-management","/warehouse-facilities-management",TRUE
"/post/what-is-facilities-management","/retail-facilities-management",TRUE
"/post/what-is-facilities-management","/healthcare-facilities-management",TRUE
"/post/what-is-facilities-management","/education-facilities-management",TRUE
"/post/what-is-facilities-management","/public-sector-facilities-management",TRUE
"/post/what-is-facilities-management","/residential-facilities-management",TRUE
"/post/what-is-facilities-management","/hotel-facilities-management",TRUE
"/post/what-is-facilities-management","/sectors",FALSE
"/post/what-is-facilities-management","/fm-london",TRUE
"/post/what-is-facilities-management","/facilities-management-london",TRUE
"/post/what-is-facilities-management","/london-facilities-management",TRUE
"/post/what-is-facilities-management","/facilities-management-manchester",TRUE
"/post/what-is-facilities-management","/facilities-management-birmingham",TRUE
"/post/what-is-facilities-management","/facilities-management-sheffield",TRUE
"/post/what-is-facilities-management","/facilities-management-leeds",TRUE
"/post/what-is-facilities-management","/facilities-management-lincoln",TRUE
"/post/what-is-facilities-management","/facilities-management-liverpool",TRUE
"/post/what-is-facilities-management","/facilities-management-nottingham",TRUE
"/post/what-is-facilities-management","/locations",FALSE
"/post/what-is-facilities-management","/privacy-policy",TRUE
"/post/what-is-facilities-management","/terms-and-conditions",TRUE
"/post/what-is-facilities-management","/accessibility-statement",TRUE
"/post/what-is-facilities-management","/helpdesk",TRUE
"/post/what-is-facilities-management","/sitemap.xml",FALSE
"/post/what-is-facilities-management-1-1","/client-login",TRUE
"/post/what-is-facilities-management-1-1","/",TRUE
"/post/what-is-facilities-management-1-1","/case-studies",FALSE
"/post/what-is-facilities-management-1-1","/blog",TRUE
"/post/what-is-facilities-management-1-1","/about-entire-facilities-management",TRUE
"/post/what-is-facilities-management-1-1","/contact-us",TRUE
"/post/what-is-facilities-management-1-1","/mechanical-electrical",TRUE
"/post/what-is-facilities-management-1-1","/ppm",TRUE
"/post/what-is-facilities-management-1-1","/hard-services",TRUE
"/post/what-is-facilities-management-1-1","/hvac-contractor",TRUE
"/post/what-is-facilities-management-1-1","/plumbing-gas",TRUE
"/post/what-is-facilities-management-1-1","/fire-emergency-systems",TRUE
"/post/what-is-facilities-management-1-1","/safety-critical-emergency-systems",TRUE
"/post/what-is-facilities-management-1-1","/building-maintenance",TRUE
"/post/what-is-facilities-management-1-1","/mechanical-electrical/emergency-light-testing",TRUE
"/post/what-is-facilities-management-1-1","/mechanical-electrical/access-control",TRUE
"/post/what-is-facilities-management-1-1","/aerial-drone-building-inspection",TRUE
"/post/what-is-facilities-management-1-1","/industrial-cleaning",TRUE
"/post/what-is-facilities-management-1-1","/cleaning-services",TRUE
"/post/what-is-facilities-management-1-1","/contract-cleaning",TRUE
"/post/what-is-facilities-management-1-1","/office-cleaning",TRUE
"/post/what-is-facilities-management-1-1","/pressure-washing",TRUE
"/post/what-is-facilities-management-1-1","/window-cleaning",TRUE
"/post/what-is-facilities-management-1-1","/soft-services",TRUE
"/post/what-is-facilities-management-1-1","/security-services",TRUE
"/post/what-is-facilities-management-1-1","/concierge-services",TRUE
"/post/what-is-facilities-management-1-1","/washroom-management",TRUE
"/post/what-is-facilities-management-1-1","/grounds-maintenance",TRUE
"/post/what-is-facilities-management-1-1","/industrial-facilities-management",TRUE
"/post/what-is-facilities-management-1-1","/commercial-facilities-management",TRUE
"/post/what-is-facilities-management-1-1","/logistics-facilities-management",TRUE
"/post/what-is-facilities-management-1-1","/warehouse-facilities-management",TRUE
"/post/what-is-facilities-management-1-1","/retail-facilities-management",TRUE
"/post/what-is-facilities-management-1-1","/healthcare-facilities-management",TRUE
"/post/what-is-facilities-management-1-1","/education-facilities-management",TRUE
"/post/what-is-facilities-management-1-1","/public-sector-facilities-management",TRUE
"/post/what-is-facilities-management-1-1","/residential-facilities-management",TRUE
"/post/what-is-facilities-management-1-1","/hotel-facilities-management",TRUE
"/post/what-is-facilities-management-1-1","/sectors",FALSE
"/post/what-is-facilities-management-1-1","/fm-london",TRUE
"/post/what-is-facilities-management-1-1","/facilities-management-london",TRUE
"/post/what-is-facilities-management-1-1","/london-facilities-management",TRUE
"/post/what-is-facilities-management-1-1","/facilities-management-manchester",TRUE
"/post/what-is-facilities-management-1-1","/facilities-management-birmingham",TRUE
"/post/what-is-facilities-management-1-1","/facilities-management-sheffield",TRUE
"/post/what-is-facilities-management-1-1","/facilities-management-leeds",TRUE
"/post/what-is-facilities-management-1-1","/facilities-management-lincoln",TRUE
"/post/what-is-facilities-management-1-1","/facilities-management-liverpool",TRUE
"/post/what-is-facilities-management-1-1","/facilities-management-nottingham",TRUE
"/post/what-is-facilities-management-1-1","/locations",FALSE
"/post/what-is-facilities-management-1-1","/privacy-policy",TRUE
"/post/what-is-facilities-management-1-1","/terms-and-conditions",TRUE
"/post/what-is-facilities-management-1-1","/accessibility-statement",TRUE
"/post/what-is-facilities-management-1-1","/helpdesk",TRUE
"/post/what-is-facilities-management-1-1","/sitemap.xml",FALSE
"/post/what-are-hard-services-in-facilities-management","/client-login",TRUE
"/post/what-are-hard-services-in-facilities-management","/",TRUE
"/post/what-are-hard-services-in-facilities-management","/case-studies",FALSE
"/post/what-are-hard-services-in-facilities-management","/blog",TRUE
"/post/what-are-hard-services-in-facilities-management","/about-entire-facilities-management",TRUE
"/post/what-are-hard-services-in-facilities-management","/contact-us",TRUE
"/post/what-are-hard-services-in-facilities-management","/mechanical-electrical",TRUE
"/post/what-are-hard-services-in-facilities-management","/ppm",TRUE
"/post/what-are-hard-services-in-facilities-management","/hard-services",TRUE
"/post/what-are-hard-services-in-facilities-management","/hvac-contractor",TRUE
"/post/what-are-hard-services-in-facilities-management","/plumbing-gas",TRUE
"/post/what-are-hard-services-in-facilities-management","/fire-emergency-systems",TRUE
"/post/what-are-hard-services-in-facilities-management","/safety-critical-emergency-systems",TRUE
"/post/what-are-hard-services-in-facilities-management","/building-maintenance",TRUE
"/post/what-are-hard-services-in-facilities-management","/mechanical-electrical/emergency-light-testing",TRUE
"/post/what-are-hard-services-in-facilities-management","/mechanical-electrical/access-control",TRUE
"/post/what-are-hard-services-in-facilities-management","/aerial-drone-building-inspection",TRUE
"/post/what-are-hard-services-in-facilities-management","/industrial-cleaning",TRUE
"/post/what-are-hard-services-in-facilities-management","/cleaning-services",TRUE
"/post/what-are-hard-services-in-facilities-management","/contract-cleaning",TRUE
"/post/what-are-hard-services-in-facilities-management","/office-cleaning",TRUE
"/post/what-are-hard-services-in-facilities-management","/pressure-washing",TRUE
"/post/what-are-hard-services-in-facilities-management","/window-cleaning",TRUE
"/post/what-are-hard-services-in-facilities-management","/soft-services",TRUE
"/post/what-are-hard-services-in-facilities-management","/security-services",TRUE
"/post/what-are-hard-services-in-facilities-management","/concierge-services",TRUE
"/post/what-are-hard-services-in-facilities-management","/washroom-management",TRUE
"/post/what-are-hard-services-in-facilities-management","/grounds-maintenance",TRUE
"/post/what-are-hard-services-in-facilities-management","/industrial-facilities-management",TRUE
"/post/what-are-hard-services-in-facilities-management","/commercial-facilities-management",TRUE
"/post/what-are-hard-services-in-facilities-management","/logistics-facilities-management",TRUE
"/post/what-are-hard-services-in-facilities-management","/warehouse-facilities-management",TRUE
"/post/what-are-hard-services-in-facilities-management","/retail-facilities-management",TRUE
"/post/what-are-hard-services-in-facilities-management","/healthcare-facilities-management",TRUE
"/post/what-are-hard-services-in-facilities-management","/education-facilities-management",TRUE
"/post/what-are-hard-services-in-facilities-management","/public-sector-facilities-management",TRUE
"/post/what-are-hard-services-in-facilities-management","/residential-facilities-management",TRUE
"/post/what-are-hard-services-in-facilities-management","/hotel-facilities-management",TRUE
"/post/what-are-hard-services-in-facilities-management","/sectors",FALSE
"/post/what-are-hard-services-in-facilities-management","/fm-london",TRUE
"/post/what-are-hard-services-in-facilities-management","/facilities-management-london",TRUE
"/post/what-are-hard-services-in-facilities-management","/london-facilities-management",TRUE
"/post/what-are-hard-services-in-facilities-management","/facilities-management-manchester",TRUE
"/post/what-are-hard-services-in-facilities-management","/facilities-management-birmingham",TRUE
"/post/what-are-hard-services-in-facilities-management","/facilities-management-sheffield",TRUE
"/post/what-are-hard-services-in-facilities-management","/facilities-management-leeds",TRUE
"/post/what-are-hard-services-in-facilities-management","/facilities-management-lincoln",TRUE
"/post/what-are-hard-services-in-facilities-management","/facilities-management-liverpool",TRUE
"/post/what-are-hard-services-in-facilities-management","/facilities-management-nottingham",TRUE
"/post/what-are-hard-services-in-facilities-management","/locations",FALSE
"/post/what-are-hard-services-in-facilities-management","/privacy-policy",TRUE
"/post/what-are-hard-services-in-facilities-management","/terms-and-conditions",TRUE
"/post/what-are-hard-services-in-facilities-management","/accessibility-statement",TRUE
"/post/what-are-hard-services-in-facilities-management","/helpdesk",TRUE
"/post/what-are-hard-services-in-facilities-management","/sitemap.xml",FALSE
"/pressure-washing-lincoln","/client-login",TRUE
"/pressure-washing-lincoln","/",TRUE
"/pressure-washing-lincoln","/case-studies",FALSE
"/pressure-washing-lincoln","/blog",TRUE
"/pressure-washing-lincoln","/about-entire-facilities-management",TRUE
"/pressure-washing-lincoln","/contact-us",TRUE
"/pressure-washing-lincoln","/locations",FALSE
"/pressure-washing-lincoln","/mechanical-electrical",TRUE
"/pressure-washing-lincoln","/ppm",TRUE
"/pressure-washing-lincoln","/hard-services",TRUE
"/pressure-washing-lincoln","/hvac-contractor",TRUE
"/pressure-washing-lincoln","/plumbing-gas",TRUE
"/pressure-washing-lincoln","/fire-emergency-systems",TRUE
"/pressure-washing-lincoln","/safety-critical-emergency-systems",TRUE
"/pressure-washing-lincoln","/building-maintenance",TRUE
"/pressure-washing-lincoln","/mechanical-electrical/emergency-light-testing",TRUE
"/pressure-washing-lincoln","/mechanical-electrical/access-control",TRUE
"/pressure-washing-lincoln","/aerial-drone-building-inspection",TRUE
"/pressure-washing-lincoln","/industrial-cleaning",TRUE
"/pressure-washing-lincoln","/cleaning-services",TRUE
"/pressure-washing-lincoln","/contract-cleaning",TRUE
"/pressure-washing-lincoln","/office-cleaning",TRUE
"/pressure-washing-lincoln","/pressure-washing",TRUE
"/pressure-washing-lincoln","/window-cleaning",TRUE
"/pressure-washing-lincoln","/soft-services",TRUE
"/pressure-washing-lincoln","/security-services",TRUE
"/pressure-washing-lincoln","/concierge-services",TRUE
"/pressure-washing-lincoln","/washroom-management",TRUE
"/pressure-washing-lincoln","/grounds-maintenance",TRUE
"/pressure-washing-lincoln","/industrial-facilities-management",TRUE
"/pressure-washing-lincoln","/commercial-facilities-management",TRUE
"/pressure-washing-lincoln","/logistics-facilities-management",TRUE
"/pressure-washing-lincoln","/warehouse-facilities-management",TRUE
"/pressure-washing-lincoln","/retail-facilities-management",TRUE
"/pressure-washing-lincoln","/healthcare-facilities-management",TRUE
"/pressure-washing-lincoln","/education-facilities-management",TRUE
"/pressure-washing-lincoln","/public-sector-facilities-management",TRUE
"/pressure-washing-lincoln","/residential-facilities-management",TRUE
"/pressure-washing-lincoln","/hotel-facilities-management",TRUE
"/pressure-washing-lincoln","/sectors",FALSE
"/pressure-washing-lincoln","/fm-london",TRUE
"/pressure-washing-lincoln","/facilities-management-london",TRUE
"/pressure-washing-lincoln","/london-facilities-management",TRUE
"/pressure-washing-lincoln","/facilities-management-manchester",TRUE
"/pressure-washing-lincoln","/facilities-management-birmingham",TRUE
"/pressure-washing-lincoln","/facilities-management-sheffield",TRUE
"/pressure-washing-lincoln","/facilities-management-leeds",TRUE
"/pressure-washing-lincoln","/facilities-management-lincoln",TRUE
"/pressure-washing-lincoln","/facilities-management-liverpool",TRUE
"/pressure-washing-lincoln","/facilities-management-nottingham",TRUE
"/pressure-washing-lincoln","/privacy-policy",TRUE
"/pressure-washing-lincoln","/terms-and-conditions",TRUE
"/pressure-washing-lincoln","/accessibility-statement",TRUE
"/pressure-washing-lincoln","/helpdesk",TRUE
"/pressure-washing-lincoln","/sitemap.xml",FALSE
"/pressure-washing-london","/client-login",TRUE
"/pressure-washing-london","/",TRUE
"/pressure-washing-london","/case-studies",FALSE
"/pressure-washing-london","/blog",TRUE
"/pressure-washing-london","/about-entire-facilities-management",TRUE
"/pressure-washing-london","/contact-us",TRUE
"/pressure-washing-london","/locations",FALSE
"/pressure-washing-london","/mechanical-electrical",TRUE
"/pressure-washing-london","/ppm",TRUE
"/pressure-washing-london","/hard-services",TRUE
"/pressure-washing-london","/hvac-contractor",TRUE
"/pressure-washing-london","/plumbing-gas",TRUE
"/pressure-washing-london","/fire-emergency-systems",TRUE
"/pressure-washing-london","/safety-critical-emergency-systems",TRUE
"/pressure-washing-london","/building-maintenance",TRUE
"/pressure-washing-london","/mechanical-electrical/emergency-light-testing",TRUE
"/pressure-washing-london","/mechanical-electrical/access-control",TRUE
"/pressure-washing-london","/aerial-drone-building-inspection",TRUE
"/pressure-washing-london","/industrial-cleaning",TRUE
"/pressure-washing-london","/cleaning-services",TRUE
"/pressure-washing-london","/contract-cleaning",TRUE
"/pressure-washing-london","/office-cleaning",TRUE
"/pressure-washing-london","/pressure-washing",TRUE
"/pressure-washing-london","/window-cleaning",TRUE
"/pressure-washing-london","/soft-services",TRUE
"/pressure-washing-london","/security-services",TRUE
"/pressure-washing-london","/concierge-services",TRUE
"/pressure-washing-london","/washroom-management",TRUE
"/pressure-washing-london","/grounds-maintenance",TRUE
"/pressure-washing-london","/industrial-facilities-management",TRUE
"/pressure-washing-london","/commercial-facilities-management",TRUE
"/pressure-washing-london","/logistics-facilities-management",TRUE
"/pressure-washing-london","/warehouse-facilities-management",TRUE
"/pressure-washing-london","/retail-facilities-management",TRUE
"/pressure-washing-london","/healthcare-facilities-management",TRUE
"/pressure-washing-london","/education-facilities-management",TRUE
"/pressure-washing-london","/public-sector-facilities-management",TRUE
"/pressure-washing-london","/residential-facilities-management",TRUE
"/pressure-washing-london","/hotel-facilities-management",TRUE
"/pressure-washing-london","/sectors",FALSE
"/pressure-washing-london","/fm-london",TRUE
"/pressure-washing-london","/facilities-management-london",TRUE
"/pressure-washing-london","/london-facilities-management",TRUE
"/pressure-washing-london","/facilities-management-manchester",TRUE
"/pressure-washing-london","/facilities-management-birmingham",TRUE
"/pressure-washing-london","/facilities-management-sheffield",TRUE
"/pressure-washing-london","/facilities-management-leeds",TRUE
"/pressure-washing-london","/facilities-management-lincoln",TRUE
"/pressure-washing-london","/facilities-management-liverpool",TRUE
"/pressure-washing-london","/facilities-management-nottingham",TRUE
"/pressure-washing-london","/privacy-policy",TRUE
"/pressure-washing-london","/terms-and-conditions",TRUE
"/pressure-washing-london","/accessibility-statement",TRUE
"/pressure-washing-london","/helpdesk",TRUE
"/pressure-washing-london","/sitemap.xml",FALSE
"/pressure-washing-birmingham","/client-login",TRUE
"/pressure-washing-birmingham","/",TRUE
"/pressure-washing-birmingham","/case-studies",FALSE
"/pressure-washing-birmingham","/blog",TRUE
"/pressure-washing-birmingham","/about-entire-facilities-management",TRUE
"/pressure-washing-birmingham","/contact-us",TRUE
"/pressure-washing-birmingham","/locations",FALSE
"/pressure-washing-birmingham","/mechanical-electrical",TRUE
"/pressure-washing-birmingham","/ppm",TRUE
"/pressure-washing-birmingham","/hard-services",TRUE
"/pressure-washing-birmingham","/hvac-contractor",TRUE
"/pressure-washing-birmingham","/plumbing-gas",TRUE
"/pressure-washing-birmingham","/fire-emergency-systems",TRUE
"/pressure-washing-birmingham","/safety-critical-emergency-systems",TRUE
"/pressure-washing-birmingham","/building-maintenance",TRUE
"/pressure-washing-birmingham","/mechanical-electrical/emergency-light-testing",TRUE
"/pressure-washing-birmingham","/mechanical-electrical/access-control",TRUE
"/pressure-washing-birmingham","/aerial-drone-building-inspection",TRUE
"/pressure-washing-birmingham","/industrial-cleaning",TRUE
"/pressure-washing-birmingham","/cleaning-services",TRUE
"/pressure-washing-birmingham","/contract-cleaning",TRUE
"/pressure-washing-birmingham","/office-cleaning",TRUE
"/pressure-washing-birmingham","/pressure-washing",TRUE
"/pressure-washing-birmingham","/window-cleaning",TRUE
"/pressure-washing-birmingham","/soft-services",TRUE
"/pressure-washing-birmingham","/security-services",TRUE
"/pressure-washing-birmingham","/concierge-services",TRUE
"/pressure-washing-birmingham","/washroom-management",TRUE
"/pressure-washing-birmingham","/grounds-maintenance",TRUE
"/pressure-washing-birmingham","/industrial-facilities-management",TRUE
"/pressure-washing-birmingham","/commercial-facilities-management",TRUE
"/pressure-washing-birmingham","/logistics-facilities-management",TRUE
"/pressure-washing-birmingham","/warehouse-facilities-management",TRUE
"/pressure-washing-birmingham","/retail-facilities-management",TRUE
"/pressure-washing-birmingham","/healthcare-facilities-management",TRUE
"/pressure-washing-birmingham","/education-facilities-management",TRUE
"/pressure-washing-birmingham","/public-sector-facilities-management",TRUE
"/pressure-washing-birmingham","/residential-facilities-management",TRUE
"/pressure-washing-birmingham","/hotel-facilities-management",TRUE
"/pressure-washing-birmingham","/sectors",FALSE
"/pressure-washing-birmingham","/fm-london",TRUE
"/pressure-washing-birmingham","/facilities-management-london",TRUE
"/pressure-washing-birmingham","/london-facilities-management",TRUE
"/pressure-washing-birmingham","/facilities-management-manchester",TRUE
"/pressure-washing-birmingham","/facilities-management-birmingham",TRUE
"/pressure-washing-birmingham","/facilities-management-sheffield",TRUE
"/pressure-washing-birmingham","/facilities-management-leeds",TRUE
"/pressure-washing-birmingham","/facilities-management-lincoln",TRUE
"/pressure-washing-birmingham","/facilities-management-liverpool",TRUE
"/pressure-washing-birmingham","/facilities-management-nottingham",TRUE
"/pressure-washing-birmingham","/privacy-policy",TRUE
"/pressure-washing-birmingham","/terms-and-conditions",TRUE
"/pressure-washing-birmingham","/accessibility-statement",TRUE
"/pressure-washing-birmingham","/helpdesk",TRUE
"/pressure-washing-birmingham","/sitemap.xml",FALSE
"/pressure-washing","/client-login",TRUE
"/pressure-washing","/",TRUE
"/pressure-washing","/case-studies",FALSE
"/pressure-washing","/blog",TRUE
"/pressure-washing","/about-entire-facilities-management",TRUE
"/pressure-washing","/contact-us",TRUE
"/pressure-washing","/services",TRUE
"/pressure-washing","/mechanical-electrical",TRUE
"/pressure-washing","/ppm",TRUE
"/pressure-washing","/hard-services",TRUE
"/pressure-washing","/hvac-contractor",TRUE
"/pressure-washing","/plumbing-gas",TRUE
"/pressure-washing","/fire-emergency-systems",TRUE
"/pressure-washing","/safety-critical-emergency-systems",TRUE
"/pressure-washing","/building-maintenance",TRUE
"/pressure-washing","/mechanical-electrical/emergency-light-testing",TRUE
"/pressure-washing","/mechanical-electrical/access-control",TRUE
"/pressure-washing","/aerial-drone-building-inspection",TRUE
"/pressure-washing","/industrial-cleaning",TRUE
"/pressure-washing","/cleaning-services",TRUE
"/pressure-washing","/contract-cleaning",TRUE
"/pressure-washing","/office-cleaning",TRUE
"/pressure-washing","/pressure-washing",TRUE
"/pressure-washing","/window-cleaning",TRUE
"/pressure-washing","/soft-services",TRUE
"/pressure-washing","/security-services",TRUE
"/pressure-washing","/concierge-services",TRUE
"/pressure-washing","/washroom-management",TRUE
"/pressure-washing","/grounds-maintenance",TRUE
"/pressure-washing","/industrial-facilities-management",TRUE
"/pressure-washing","/commercial-facilities-management",TRUE
"/pressure-washing","/logistics-facilities-management",TRUE
"/pressure-washing","/warehouse-facilities-management",TRUE
"/pressure-washing","/retail-facilities-management",TRUE
"/pressure-washing","/healthcare-facilities-management",TRUE
"/pressure-washing","/education-facilities-management",TRUE
"/pressure-washing","/public-sector-facilities-management",TRUE
"/pressure-washing","/residential-facilities-management",TRUE
"/pressure-washing","/hotel-facilities-management",TRUE
"/pressure-washing","/sectors",FALSE
"/pressure-washing","/fm-london",TRUE
"/pressure-washing","/facilities-management-london",TRUE
"/pressure-washing","/london-facilities-management",TRUE
"/pressure-washing","/facilities-management-manchester",TRUE
"/pressure-washing","/facilities-management-birmingham",TRUE
"/pressure-washing","/facilities-management-sheffield",TRUE
"/pressure-washing","/facilities-management-leeds",TRUE
"/pressure-washing","/facilities-management-lincoln",TRUE
"/pressure-washing","/facilities-management-liverpool",TRUE
"/pressure-washing","/facilities-management-nottingham",TRUE
"/pressure-washing","/locations",FALSE
"/pressure-washing","/privacy-policy",TRUE
"/pressure-washing","/terms-and-conditions",TRUE
"/pressure-washing","/accessibility-statement",TRUE
"/pressure-washing","/helpdesk",TRUE
"/pressure-washing","/sitemap.xml",FALSE
"/ppm","/client-login",TRUE
"/ppm","/",TRUE
"/ppm","/case-studies",FALSE
"/ppm","/blog",TRUE
"/ppm","/about-entire-facilities-management",TRUE
"/ppm","/contact-us",TRUE
"/ppm","/services",TRUE
"/ppm","/mechanical-electrical",TRUE
"/ppm","/ppm",TRUE
"/ppm","/hard-services",TRUE
"/ppm","/hvac-contractor",TRUE
"/ppm","/plumbing-gas",TRUE
"/ppm","/fire-emergency-systems",TRUE
"/ppm","/safety-critical-emergency-systems",TRUE
"/ppm","/building-maintenance",TRUE
"/ppm","/mechanical-electrical/emergency-light-testing",TRUE
"/ppm","/mechanical-electrical/access-control",TRUE
"/ppm","/aerial-drone-building-inspection",TRUE
"/ppm","/industrial-cleaning",TRUE
"/ppm","/cleaning-services",TRUE
"/ppm","/contract-cleaning",TRUE
"/ppm","/office-cleaning",TRUE
"/ppm","/pressure-washing",TRUE
"/ppm","/window-cleaning",TRUE
"/ppm","/soft-services",TRUE
"/ppm","/security-services",TRUE
"/ppm","/concierge-services",TRUE
"/ppm","/washroom-management",TRUE
"/ppm","/grounds-maintenance",TRUE
"/ppm","/industrial-facilities-management",TRUE
"/ppm","/commercial-facilities-management",TRUE
"/ppm","/logistics-facilities-management",TRUE
"/ppm","/warehouse-facilities-management",TRUE
"/ppm","/retail-facilities-management",TRUE
"/ppm","/healthcare-facilities-management",TRUE
"/ppm","/education-facilities-management",TRUE
"/ppm","/public-sector-facilities-management",TRUE
"/ppm","/residential-facilities-management",TRUE
"/ppm","/hotel-facilities-management",TRUE
"/ppm","/sectors",FALSE
"/ppm","/fm-london",TRUE
"/ppm","/facilities-management-london",TRUE
"/ppm","/london-facilities-management",TRUE
"/ppm","/facilities-management-manchester",TRUE
"/ppm","/facilities-management-birmingham",TRUE
"/ppm","/facilities-management-sheffield",TRUE
"/ppm","/facilities-management-leeds",TRUE
"/ppm","/facilities-management-lincoln",TRUE
"/ppm","/facilities-management-liverpool",TRUE
"/ppm","/facilities-management-nottingham",TRUE
"/ppm","/locations",FALSE
"/ppm","/privacy-policy",TRUE
"/ppm","/terms-and-conditions",TRUE
"/ppm","/accessibility-statement",TRUE
"/ppm","/helpdesk",TRUE
"/ppm","/sitemap.xml",FALSE
"/privacy-policy","/client-login",TRUE
"/privacy-policy","/",TRUE
"/privacy-policy","/case-studies",FALSE
"/privacy-policy","/blog",TRUE
"/privacy-policy","/about-entire-facilities-management",TRUE
"/privacy-policy","/contact-us",TRUE
"/privacy-policy","/privacy-policy",TRUE
"/privacy-policy","/mechanical-electrical",TRUE
"/privacy-policy","/hvac-contractor",TRUE
"/privacy-policy","/ppm",TRUE
"/privacy-policy","/hard-services",TRUE
"/privacy-policy","/plumbing-gas",TRUE
"/privacy-policy","/fire-emergency-systems",TRUE
"/privacy-policy","/safety-critical-emergency-systems",TRUE
"/privacy-policy","/building-maintenance",TRUE
"/privacy-policy","/mechanical-electrical/emergency-light-testing",TRUE
"/privacy-policy","/mechanical-electrical/access-control",TRUE
"/privacy-policy","/aerial-drone-building-inspection",TRUE
"/privacy-policy","/industrial-cleaning",TRUE
"/privacy-policy","/cleaning-services",TRUE
"/privacy-policy","/contract-cleaning",TRUE
"/privacy-policy","/office-cleaning",TRUE
"/privacy-policy","/pressure-washing",TRUE
"/privacy-policy","/window-cleaning",TRUE
"/privacy-policy","/soft-services",TRUE
"/privacy-policy","/security-services",TRUE
"/privacy-policy","/concierge-services",TRUE
"/privacy-policy","/washroom-management",TRUE
"/privacy-policy","/grounds-maintenance",TRUE
"/privacy-policy","/industrial-facilities-management",TRUE
"/privacy-policy","/commercial-facilities-management",TRUE
"/privacy-policy","/logistics-facilities-management",TRUE
"/privacy-policy","/warehouse-facilities-management",TRUE
"/privacy-policy","/retail-facilities-management",TRUE
"/privacy-policy","/healthcare-facilities-management",TRUE
"/privacy-policy","/education-facilities-management",TRUE
"/privacy-policy","/public-sector-facilities-management",TRUE
"/privacy-policy","/residential-facilities-management",TRUE
"/privacy-policy","/hotel-facilities-management",TRUE
"/privacy-policy","/sectors",FALSE
"/privacy-policy","/fm-london",TRUE
"/privacy-policy","/facilities-management-london",TRUE
"/privacy-policy","/london-facilities-management",TRUE
"/privacy-policy","/facilities-management-manchester",TRUE
"/privacy-policy","/facilities-management-birmingham",TRUE
"/privacy-policy","/facilities-management-sheffield",TRUE
"/privacy-policy","/facilities-management-leeds",TRUE
"/privacy-policy","/facilities-management-lincoln",TRUE
"/privacy-policy","/facilities-management-liverpool",TRUE
"/privacy-policy","/facilities-management-nottingham",TRUE
"/privacy-policy","/locations",FALSE
"/privacy-policy","/terms-and-conditions",TRUE
"/privacy-policy","/accessibility-statement",TRUE
"/privacy-policy","/helpdesk",TRUE
"/privacy-policy","/sitemap.xml",FALSE
"/preston-facilities-management","/client-login",TRUE
"/preston-facilities-management","/",TRUE
"/preston-facilities-management","/case-studies",FALSE
"/preston-facilities-management","/blog",TRUE
"/preston-facilities-management","/about-entire-facilities-management",TRUE
"/preston-facilities-management","/contact-us",TRUE
"/preston-facilities-management","/locations",FALSE
"/preston-facilities-management","/mechanical-electrical",TRUE
"/preston-facilities-management","/ppm",TRUE
"/preston-facilities-management","/hard-services",TRUE
"/preston-facilities-management","/hvac-contractor",TRUE
"/preston-facilities-management","/plumbing-gas",TRUE
"/preston-facilities-management","/fire-emergency-systems",TRUE
"/preston-facilities-management","/safety-critical-emergency-systems",TRUE
"/preston-facilities-management","/building-maintenance",TRUE
"/preston-facilities-management","/mechanical-electrical/emergency-light-testing",TRUE
"/preston-facilities-management","/mechanical-electrical/access-control",TRUE
"/preston-facilities-management","/aerial-drone-building-inspection",TRUE
"/preston-facilities-management","/industrial-cleaning",TRUE
"/preston-facilities-management","/cleaning-services",TRUE
"/preston-facilities-management","/contract-cleaning",TRUE
"/preston-facilities-management","/office-cleaning",TRUE
"/preston-facilities-management","/pressure-washing",TRUE
"/preston-facilities-management","/window-cleaning",TRUE
"/preston-facilities-management","/soft-services",TRUE
"/preston-facilities-management","/security-services",TRUE
"/preston-facilities-management","/concierge-services",TRUE
"/preston-facilities-management","/washroom-management",TRUE
"/preston-facilities-management","/grounds-maintenance",TRUE
"/preston-facilities-management","/industrial-facilities-management",TRUE
"/preston-facilities-management","/commercial-facilities-management",TRUE
"/preston-facilities-management","/logistics-facilities-management",TRUE
"/preston-facilities-management","/warehouse-facilities-management",TRUE
"/preston-facilities-management","/retail-facilities-management",TRUE
"/preston-facilities-management","/healthcare-facilities-management",TRUE
"/preston-facilities-management","/education-facilities-management",TRUE
"/preston-facilities-management","/public-sector-facilities-management",TRUE
"/preston-facilities-management","/residential-facilities-management",TRUE
"/preston-facilities-management","/hotel-facilities-management",TRUE
"/preston-facilities-management","/sectors",FALSE
"/preston-facilities-management","/fm-london",TRUE
"/preston-facilities-management","/facilities-management-london",TRUE
"/preston-facilities-management","/london-facilities-management",TRUE
"/preston-facilities-management","/facilities-management-manchester",TRUE
"/preston-facilities-management","/facilities-management-birmingham",TRUE
"/preston-facilities-management","/facilities-management-sheffield",TRUE
"/preston-facilities-management","/facilities-management-leeds",TRUE
"/preston-facilities-management","/facilities-management-lincoln",TRUE
"/preston-facilities-management","/facilities-management-liverpool",TRUE
"/preston-facilities-management","/facilities-management-nottingham",TRUE
"/preston-facilities-management","/privacy-policy",TRUE
"/preston-facilities-management","/terms-and-conditions",TRUE
"/preston-facilities-management","/accessibility-statement",TRUE
"/preston-facilities-management","/helpdesk",TRUE
"/preston-facilities-management","/sitemap.xml",FALSE
"/pressure-washing-manchester","/client-login",TRUE
"/pressure-washing-manchester","/",TRUE
"/pressure-washing-manchester","/case-studies",FALSE
"/pressure-washing-manchester","/blog",TRUE
"/pressure-washing-manchester","/about-entire-facilities-management",TRUE
"/pressure-washing-manchester","/contact-us",TRUE
"/pressure-washing-manchester","/locations",FALSE
"/pressure-washing-manchester","/mechanical-electrical",TRUE
"/pressure-washing-manchester","/ppm",TRUE
"/pressure-washing-manchester","/hard-services",TRUE
"/pressure-washing-manchester","/hvac-contractor",TRUE
"/pressure-washing-manchester","/plumbing-gas",TRUE
"/pressure-washing-manchester","/fire-emergency-systems",TRUE
"/pressure-washing-manchester","/safety-critical-emergency-systems",TRUE
"/pressure-washing-manchester","/building-maintenance",TRUE
"/pressure-washing-manchester","/mechanical-electrical/emergency-light-testing",TRUE
"/pressure-washing-manchester","/mechanical-electrical/access-control",TRUE
"/pressure-washing-manchester","/aerial-drone-building-inspection",TRUE
"/pressure-washing-manchester","/industrial-cleaning",TRUE
"/pressure-washing-manchester","/cleaning-services",TRUE
"/pressure-washing-manchester","/contract-cleaning",TRUE
"/pressure-washing-manchester","/office-cleaning",TRUE
"/pressure-washing-manchester","/pressure-washing",TRUE
"/pressure-washing-manchester","/window-cleaning",TRUE
"/pressure-washing-manchester","/soft-services",TRUE
"/pressure-washing-manchester","/security-services",TRUE
"/pressure-washing-manchester","/concierge-services",TRUE
"/pressure-washing-manchester","/washroom-management",TRUE
"/pressure-washing-manchester","/grounds-maintenance",TRUE
"/pressure-washing-manchester","/industrial-facilities-management",TRUE
"/pressure-washing-manchester","/commercial-facilities-management",TRUE
"/pressure-washing-manchester","/logistics-facilities-management",TRUE
"/pressure-washing-manchester","/warehouse-facilities-management",TRUE
"/pressure-washing-manchester","/retail-facilities-management",TRUE
"/pressure-washing-manchester","/healthcare-facilities-management",TRUE
"/pressure-washing-manchester","/education-facilities-management",TRUE
"/pressure-washing-manchester","/public-sector-facilities-management",TRUE
"/pressure-washing-manchester","/residential-facilities-management",TRUE
"/pressure-washing-manchester","/hotel-facilities-management",TRUE
"/pressure-washing-manchester","/sectors",FALSE
"/pressure-washing-manchester","/fm-london",TRUE
"/pressure-washing-manchester","/facilities-management-london",TRUE
"/pressure-washing-manchester","/london-facilities-management",TRUE
"/pressure-washing-manchester","/facilities-management-manchester",TRUE
"/pressure-washing-manchester","/facilities-management-birmingham",TRUE
"/pressure-washing-manchester","/facilities-management-sheffield",TRUE
"/pressure-washing-manchester","/facilities-management-leeds",TRUE
"/pressure-washing-manchester","/facilities-management-lincoln",TRUE
"/pressure-washing-manchester","/facilities-management-liverpool",TRUE
"/pressure-washing-manchester","/facilities-management-nottingham",TRUE
"/pressure-washing-manchester","/privacy-policy",TRUE
"/pressure-washing-manchester","/terms-and-conditions",TRUE
"/pressure-washing-manchester","/accessibility-statement",TRUE
"/pressure-washing-manchester","/helpdesk",TRUE
"/pressure-washing-manchester","/sitemap.xml",FALSE
"/pressure-washing-sheffield","/client-login",TRUE
"/pressure-washing-sheffield","/",TRUE
"/pressure-washing-sheffield","/case-studies",FALSE
"/pressure-washing-sheffield","/blog",TRUE
"/pressure-washing-sheffield","/about-entire-facilities-management",TRUE
"/pressure-washing-sheffield","/contact-us",TRUE
"/pressure-washing-sheffield","/locations",FALSE
"/pressure-washing-sheffield","/mechanical-electrical",TRUE
"/pressure-washing-sheffield","/ppm",TRUE
"/pressure-washing-sheffield","/hard-services",TRUE
"/pressure-washing-sheffield","/hvac-contractor",TRUE
"/pressure-washing-sheffield","/plumbing-gas",TRUE
"/pressure-washing-sheffield","/fire-emergency-systems",TRUE
"/pressure-washing-sheffield","/safety-critical-emergency-systems",TRUE
"/pressure-washing-sheffield","/building-maintenance",TRUE
"/pressure-washing-sheffield","/mechanical-electrical/emergency-light-testing",TRUE
"/pressure-washing-sheffield","/mechanical-electrical/access-control",TRUE
"/pressure-washing-sheffield","/aerial-drone-building-inspection",TRUE
"/pressure-washing-sheffield","/industrial-cleaning",TRUE
"/pressure-washing-sheffield","/cleaning-services",TRUE
"/pressure-washing-sheffield","/contract-cleaning",TRUE
"/pressure-washing-sheffield","/office-cleaning",TRUE
"/pressure-washing-sheffield","/pressure-washing",TRUE
"/pressure-washing-sheffield","/window-cleaning",TRUE
"/pressure-washing-sheffield","/soft-services",TRUE
"/pressure-washing-sheffield","/security-services",TRUE
"/pressure-washing-sheffield","/concierge-services",TRUE
"/pressure-washing-sheffield","/washroom-management",TRUE
"/pressure-washing-sheffield","/grounds-maintenance",TRUE
"/pressure-washing-sheffield","/industrial-facilities-management",TRUE
"/pressure-washing-sheffield","/commercial-facilities-management",TRUE
"/pressure-washing-sheffield","/logistics-facilities-management",TRUE
"/pressure-washing-sheffield","/warehouse-facilities-management",TRUE
"/pressure-washing-sheffield","/retail-facilities-management",TRUE
"/pressure-washing-sheffield","/healthcare-facilities-management",TRUE
"/pressure-washing-sheffield","/education-facilities-management",TRUE
"/pressure-washing-sheffield","/public-sector-facilities-management",TRUE
"/pressure-washing-sheffield","/residential-facilities-management",TRUE
"/pressure-washing-sheffield","/hotel-facilities-management",TRUE
"/pressure-washing-sheffield","/sectors",FALSE
"/pressure-washing-sheffield","/fm-london",TRUE
"/pressure-washing-sheffield","/facilities-management-london",TRUE
"/pressure-washing-sheffield","/london-facilities-management",TRUE
"/pressure-washing-sheffield","/facilities-management-manchester",TRUE
"/pressure-washing-sheffield","/facilities-management-birmingham",TRUE
"/pressure-washing-sheffield","/facilities-management-sheffield",TRUE
"/pressure-washing-sheffield","/facilities-management-leeds",TRUE
"/pressure-washing-sheffield","/facilities-management-lincoln",TRUE
"/pressure-washing-sheffield","/facilities-management-liverpool",TRUE
"/pressure-washing-sheffield","/facilities-management-nottingham",TRUE
"/pressure-washing-sheffield","/privacy-policy",TRUE
"/pressure-washing-sheffield","/terms-and-conditions",TRUE
"/pressure-washing-sheffield","/accessibility-statement",TRUE
"/pressure-washing-sheffield","/helpdesk",TRUE
"/pressure-washing-sheffield","/sitemap.xml",FALSE
"/property-manager-fm-services","/client-login",TRUE
"/property-manager-fm-services","/",TRUE
"/property-manager-fm-services","/case-studies",FALSE
"/property-manager-fm-services","/blog",TRUE
"/property-manager-fm-services","/about-entire-facilities-management",TRUE
"/property-manager-fm-services","/contact-us",TRUE
"/property-manager-fm-services","/sectors",FALSE
"/property-manager-fm-services","/mechanical-electrical",TRUE
"/property-manager-fm-services","/ppm",TRUE
"/property-manager-fm-services","/hard-services",TRUE
"/property-manager-fm-services","/hvac-contractor",TRUE
"/property-manager-fm-services","/plumbing-gas",TRUE
"/property-manager-fm-services","/fire-emergency-systems",TRUE
"/property-manager-fm-services","/safety-critical-emergency-systems",TRUE
"/property-manager-fm-services","/building-maintenance",TRUE
"/property-manager-fm-services","/mechanical-electrical/emergency-light-testing",TRUE
"/property-manager-fm-services","/mechanical-electrical/access-control",TRUE
"/property-manager-fm-services","/aerial-drone-building-inspection",TRUE
"/property-manager-fm-services","/industrial-cleaning",TRUE
"/property-manager-fm-services","/cleaning-services",TRUE
"/property-manager-fm-services","/contract-cleaning",TRUE
"/property-manager-fm-services","/office-cleaning",TRUE
"/property-manager-fm-services","/pressure-washing",TRUE
"/property-manager-fm-services","/window-cleaning",TRUE
"/property-manager-fm-services","/soft-services",TRUE
"/property-manager-fm-services","/security-services",TRUE
"/property-manager-fm-services","/concierge-services",TRUE
"/property-manager-fm-services","/washroom-management",TRUE
"/property-manager-fm-services","/grounds-maintenance",TRUE
"/property-manager-fm-services","/industrial-facilities-management",TRUE
"/property-manager-fm-services","/commercial-facilities-management",TRUE
"/property-manager-fm-services","/logistics-facilities-management",TRUE
"/property-manager-fm-services","/warehouse-facilities-management",TRUE
"/property-manager-fm-services","/retail-facilities-management",TRUE
"/property-manager-fm-services","/healthcare-facilities-management",TRUE
"/property-manager-fm-services","/education-facilities-management",TRUE
"/property-manager-fm-services","/public-sector-facilities-management",TRUE
"/property-manager-fm-services","/residential-facilities-management",TRUE
"/property-manager-fm-services","/hotel-facilities-management",TRUE
"/property-manager-fm-services","/fm-london",TRUE
"/property-manager-fm-services","/facilities-management-london",TRUE
"/property-manager-fm-services","/london-facilities-management",TRUE
"/property-manager-fm-services","/facilities-management-manchester",TRUE
"/property-manager-fm-services","/facilities-management-birmingham",TRUE
"/property-manager-fm-services","/facilities-management-sheffield",TRUE
"/property-manager-fm-services","/facilities-management-leeds",TRUE
"/property-manager-fm-services","/facilities-management-lincoln",TRUE
"/property-manager-fm-services","/facilities-management-liverpool",TRUE
"/property-manager-fm-services","/facilities-management-nottingham",TRUE
"/property-manager-fm-services","/locations",FALSE
"/property-manager-fm-services","/privacy-policy",TRUE
"/property-manager-fm-services","/terms-and-conditions",TRUE
"/property-manager-fm-services","/accessibility-statement",TRUE
"/property-manager-fm-services","/helpdesk",TRUE
"/property-manager-fm-services","/sitemap.xml",FALSE
"/residential-fm-lincoln","/client-login",TRUE
"/residential-fm-lincoln","/",TRUE
"/residential-fm-lincoln","/case-studies",FALSE
"/residential-fm-lincoln","/blog",TRUE
"/residential-fm-lincoln","/about-entire-facilities-management",TRUE
"/residential-fm-lincoln","/contact-us",TRUE
"/residential-fm-lincoln","/locations",FALSE
"/residential-fm-lincoln","/mechanical-electrical",TRUE
"/residential-fm-lincoln","/ppm",TRUE
"/residential-fm-lincoln","/hard-services",TRUE
"/residential-fm-lincoln","/hvac-contractor",TRUE
"/residential-fm-lincoln","/plumbing-gas",TRUE
"/residential-fm-lincoln","/fire-emergency-systems",TRUE
"/residential-fm-lincoln","/safety-critical-emergency-systems",TRUE
"/residential-fm-lincoln","/building-maintenance",TRUE
"/residential-fm-lincoln","/mechanical-electrical/emergency-light-testing",TRUE
"/residential-fm-lincoln","/mechanical-electrical/access-control",TRUE
"/residential-fm-lincoln","/aerial-drone-building-inspection",TRUE
"/residential-fm-lincoln","/industrial-cleaning",TRUE
"/residential-fm-lincoln","/cleaning-services",TRUE
"/residential-fm-lincoln","/contract-cleaning",TRUE
"/residential-fm-lincoln","/office-cleaning",TRUE
"/residential-fm-lincoln","/pressure-washing",TRUE
"/residential-fm-lincoln","/window-cleaning",TRUE
"/residential-fm-lincoln","/soft-services",TRUE
"/residential-fm-lincoln","/security-services",TRUE
"/residential-fm-lincoln","/concierge-services",TRUE
"/residential-fm-lincoln","/washroom-management",TRUE
"/residential-fm-lincoln","/grounds-maintenance",TRUE
"/residential-fm-lincoln","/industrial-facilities-management",TRUE
"/residential-fm-lincoln","/commercial-facilities-management",TRUE
"/residential-fm-lincoln","/logistics-facilities-management",TRUE
"/residential-fm-lincoln","/warehouse-facilities-management",TRUE
"/residential-fm-lincoln","/retail-facilities-management",TRUE
"/residential-fm-lincoln","/healthcare-facilities-management",TRUE
"/residential-fm-lincoln","/education-facilities-management",TRUE
"/residential-fm-lincoln","/public-sector-facilities-management",TRUE
"/residential-fm-lincoln","/residential-facilities-management",TRUE
"/residential-fm-lincoln","/hotel-facilities-management",TRUE
"/residential-fm-lincoln","/sectors",FALSE
"/residential-fm-lincoln","/fm-london",TRUE
"/residential-fm-lincoln","/facilities-management-london",TRUE
"/residential-fm-lincoln","/london-facilities-management",TRUE
"/residential-fm-lincoln","/facilities-management-manchester",TRUE
"/residential-fm-lincoln","/facilities-management-birmingham",TRUE
"/residential-fm-lincoln","/facilities-management-sheffield",TRUE
"/residential-fm-lincoln","/facilities-management-leeds",TRUE
"/residential-fm-lincoln","/facilities-management-lincoln",TRUE
"/residential-fm-lincoln","/facilities-management-liverpool",TRUE
"/residential-fm-lincoln","/facilities-management-nottingham",TRUE
"/residential-fm-lincoln","/privacy-policy",TRUE
"/residential-fm-lincoln","/terms-and-conditions",TRUE
"/residential-fm-lincoln","/accessibility-statement",TRUE
"/residential-fm-lincoln","/helpdesk",TRUE
"/residential-fm-lincoln","/sitemap.xml",FALSE
"/residential-facilities-management","/client-login",TRUE
"/residential-facilities-management","/",TRUE
"/residential-facilities-management","/case-studies",FALSE
"/residential-facilities-management","/blog",TRUE
"/residential-facilities-management","/about-entire-facilities-management",TRUE
"/residential-facilities-management","/contact-us",TRUE
"/residential-facilities-management","/sectors",FALSE
"/residential-facilities-management","/mechanical-electrical",TRUE
"/residential-facilities-management","/ppm",TRUE
"/residential-facilities-management","/hard-services",TRUE
"/residential-facilities-management","/hvac-contractor",TRUE
"/residential-facilities-management","/plumbing-gas",TRUE
"/residential-facilities-management","/fire-emergency-systems",TRUE
"/residential-facilities-management","/safety-critical-emergency-systems",TRUE
"/residential-facilities-management","/building-maintenance",TRUE
"/residential-facilities-management","/mechanical-electrical/emergency-light-testing",TRUE
"/residential-facilities-management","/mechanical-electrical/access-control",TRUE
"/residential-facilities-management","/aerial-drone-building-inspection",TRUE
"/residential-facilities-management","/industrial-cleaning",TRUE
"/residential-facilities-management","/cleaning-services",TRUE
"/residential-facilities-management","/contract-cleaning",TRUE
"/residential-facilities-management","/office-cleaning",TRUE
"/residential-facilities-management","/pressure-washing",TRUE
"/residential-facilities-management","/window-cleaning",TRUE
"/residential-facilities-management","/soft-services",TRUE
"/residential-facilities-management","/security-services",TRUE
"/residential-facilities-management","/concierge-services",TRUE
"/residential-facilities-management","/washroom-management",TRUE
"/residential-facilities-management","/grounds-maintenance",TRUE
"/residential-facilities-management","/industrial-facilities-management",TRUE
"/residential-facilities-management","/commercial-facilities-management",TRUE
"/residential-facilities-management","/logistics-facilities-management",TRUE
"/residential-facilities-management","/warehouse-facilities-management",TRUE
"/residential-facilities-management","/retail-facilities-management",TRUE
"/residential-facilities-management","/healthcare-facilities-management",TRUE
"/residential-facilities-management","/education-facilities-management",TRUE
"/residential-facilities-management","/public-sector-facilities-management",TRUE
"/residential-facilities-management","/residential-facilities-management",TRUE
"/residential-facilities-management","/hotel-facilities-management",TRUE
"/residential-facilities-management","/fm-london",TRUE
"/residential-facilities-management","/facilities-management-london",TRUE
"/residential-facilities-management","/london-facilities-management",TRUE
"/residential-facilities-management","/facilities-management-manchester",TRUE
"/residential-facilities-management","/facilities-management-birmingham",TRUE
"/residential-facilities-management","/facilities-management-sheffield",TRUE
"/residential-facilities-management","/facilities-management-leeds",TRUE
"/residential-facilities-management","/facilities-management-lincoln",TRUE
"/residential-facilities-management","/facilities-management-liverpool",TRUE
"/residential-facilities-management","/facilities-management-nottingham",TRUE
"/residential-facilities-management","/locations",FALSE
"/residential-facilities-management","/privacy-policy",TRUE
"/residential-facilities-management","/terms-and-conditions",TRUE
"/residential-facilities-management","/accessibility-statement",TRUE
"/residential-facilities-management","/helpdesk",TRUE
"/residential-facilities-management","/sitemap.xml",FALSE
"/residential-cleaning","/client-login",TRUE
"/residential-cleaning","/",TRUE
"/residential-cleaning","/case-studies",FALSE
"/residential-cleaning","/blog",TRUE
"/residential-cleaning","/about-entire-facilities-management",TRUE
"/residential-cleaning","/contact-us",TRUE
"/residential-cleaning","/services",TRUE
"/residential-cleaning","/mechanical-electrical",TRUE
"/residential-cleaning","/ppm",TRUE
"/residential-cleaning","/hard-services",TRUE
"/residential-cleaning","/hvac-contractor",TRUE
"/residential-cleaning","/plumbing-gas",TRUE
"/residential-cleaning","/fire-emergency-systems",TRUE
"/residential-cleaning","/safety-critical-emergency-systems",TRUE
"/residential-cleaning","/building-maintenance",TRUE
"/residential-cleaning","/mechanical-electrical/emergency-light-testing",TRUE
"/residential-cleaning","/mechanical-electrical/access-control",TRUE
"/residential-cleaning","/aerial-drone-building-inspection",TRUE
"/residential-cleaning","/industrial-cleaning",TRUE
"/residential-cleaning","/cleaning-services",TRUE
"/residential-cleaning","/contract-cleaning",TRUE
"/residential-cleaning","/office-cleaning",TRUE
"/residential-cleaning","/pressure-washing",TRUE
"/residential-cleaning","/window-cleaning",TRUE
"/residential-cleaning","/soft-services",TRUE
"/residential-cleaning","/security-services",TRUE
"/residential-cleaning","/concierge-services",TRUE
"/residential-cleaning","/washroom-management",TRUE
"/residential-cleaning","/grounds-maintenance",TRUE
"/residential-cleaning","/industrial-facilities-management",TRUE
"/residential-cleaning","/commercial-facilities-management",TRUE
"/residential-cleaning","/logistics-facilities-management",TRUE
"/residential-cleaning","/warehouse-facilities-management",TRUE
"/residential-cleaning","/retail-facilities-management",TRUE
"/residential-cleaning","/healthcare-facilities-management",TRUE
"/residential-cleaning","/education-facilities-management",TRUE
"/residential-cleaning","/public-sector-facilities-management",TRUE
"/residential-cleaning","/residential-facilities-management",TRUE
"/residential-cleaning","/hotel-facilities-management",TRUE
"/residential-cleaning","/sectors",FALSE
"/residential-cleaning","/fm-london",TRUE
"/residential-cleaning","/facilities-management-london",TRUE
"/residential-cleaning","/london-facilities-management",TRUE
"/residential-cleaning","/facilities-management-manchester",TRUE
"/residential-cleaning","/facilities-management-birmingham",TRUE
"/residential-cleaning","/facilities-management-sheffield",TRUE
"/residential-cleaning","/facilities-management-leeds",TRUE
"/residential-cleaning","/facilities-management-lincoln",TRUE
"/residential-cleaning","/facilities-management-liverpool",TRUE
"/residential-cleaning","/facilities-management-nottingham",TRUE
"/residential-cleaning","/locations",FALSE
"/residential-cleaning","/privacy-policy",TRUE
"/residential-cleaning","/terms-and-conditions",TRUE
"/residential-cleaning","/accessibility-statement",TRUE
"/residential-cleaning","/helpdesk",TRUE
"/residential-cleaning","/sitemap.xml",FALSE
"/public-sector-facilities-management","/client-login",TRUE
"/public-sector-facilities-management","/",TRUE
"/public-sector-facilities-management","/case-studies",FALSE
"/public-sector-facilities-management","/blog",TRUE
"/public-sector-facilities-management","/about-entire-facilities-management",TRUE
"/public-sector-facilities-management","/contact-us",TRUE
"/public-sector-facilities-management","/sectors",FALSE
"/public-sector-facilities-management","/mechanical-electrical",TRUE
"/public-sector-facilities-management","/ppm",TRUE
"/public-sector-facilities-management","/hard-services",TRUE
"/public-sector-facilities-management","/hvac-contractor",TRUE
"/public-sector-facilities-management","/plumbing-gas",TRUE
"/public-sector-facilities-management","/fire-emergency-systems",TRUE
"/public-sector-facilities-management","/safety-critical-emergency-systems",TRUE
"/public-sector-facilities-management","/building-maintenance",TRUE
"/public-sector-facilities-management","/mechanical-electrical/emergency-light-testing",TRUE
"/public-sector-facilities-management","/mechanical-electrical/access-control",TRUE
"/public-sector-facilities-management","/aerial-drone-building-inspection",TRUE
"/public-sector-facilities-management","/industrial-cleaning",TRUE
"/public-sector-facilities-management","/cleaning-services",TRUE
"/public-sector-facilities-management","/contract-cleaning",TRUE
"/public-sector-facilities-management","/office-cleaning",TRUE
"/public-sector-facilities-management","/pressure-washing",TRUE
"/public-sector-facilities-management","/window-cleaning",TRUE
"/public-sector-facilities-management","/soft-services",TRUE
"/public-sector-facilities-management","/security-services",TRUE
"/public-sector-facilities-management","/concierge-services",TRUE
"/public-sector-facilities-management","/washroom-management",TRUE
"/public-sector-facilities-management","/grounds-maintenance",TRUE
"/public-sector-facilities-management","/industrial-facilities-management",TRUE
"/public-sector-facilities-management","/commercial-facilities-management",TRUE
"/public-sector-facilities-management","/logistics-facilities-management",TRUE
"/public-sector-facilities-management","/warehouse-facilities-management",TRUE
"/public-sector-facilities-management","/retail-facilities-management",TRUE
"/public-sector-facilities-management","/healthcare-facilities-management",TRUE
"/public-sector-facilities-management","/education-facilities-management",TRUE
"/public-sector-facilities-management","/public-sector-facilities-management",TRUE
"/public-sector-facilities-management","/residential-facilities-management",TRUE
"/public-sector-facilities-management","/hotel-facilities-management",TRUE
"/public-sector-facilities-management","/fm-london",TRUE
"/public-sector-facilities-management","/facilities-management-london",TRUE
"/public-sector-facilities-management","/london-facilities-management",TRUE
"/public-sector-facilities-management","/facilities-management-manchester",TRUE
"/public-sector-facilities-management","/facilities-management-birmingham",TRUE
"/public-sector-facilities-management","/facilities-management-sheffield",TRUE
"/public-sector-facilities-management","/facilities-management-leeds",TRUE
"/public-sector-facilities-management","/facilities-management-lincoln",TRUE
"/public-sector-facilities-management","/facilities-management-liverpool",TRUE
"/public-sector-facilities-management","/facilities-management-nottingham",TRUE
"/public-sector-facilities-management","/locations",FALSE
"/public-sector-facilities-management","/privacy-policy",TRUE
"/public-sector-facilities-management","/terms-and-conditions",TRUE
"/public-sector-facilities-management","/accessibility-statement",TRUE
"/public-sector-facilities-management","/helpdesk",TRUE
"/public-sector-facilities-management","/sitemap.xml",FALSE
"/reactive-cleaning-services","/client-login",TRUE
"/reactive-cleaning-services","/",TRUE
"/reactive-cleaning-services","/case-studies",FALSE
"/reactive-cleaning-services","/blog",TRUE
"/reactive-cleaning-services","/about-entire-facilities-management",TRUE
"/reactive-cleaning-services","/contact-us",TRUE
"/reactive-cleaning-services","/services",TRUE
"/reactive-cleaning-services","/mechanical-electrical",TRUE
"/reactive-cleaning-services","/ppm",TRUE
"/reactive-cleaning-services","/hard-services",TRUE
"/reactive-cleaning-services","/hvac-contractor",TRUE
"/reactive-cleaning-services","/plumbing-gas",TRUE
"/reactive-cleaning-services","/fire-emergency-systems",TRUE
"/reactive-cleaning-services","/safety-critical-emergency-systems",TRUE
"/reactive-cleaning-services","/building-maintenance",TRUE
"/reactive-cleaning-services","/mechanical-electrical/emergency-light-testing",TRUE
"/reactive-cleaning-services","/mechanical-electrical/access-control",TRUE
"/reactive-cleaning-services","/aerial-drone-building-inspection",TRUE
"/reactive-cleaning-services","/industrial-cleaning",TRUE
"/reactive-cleaning-services","/cleaning-services",TRUE
"/reactive-cleaning-services","/contract-cleaning",TRUE
"/reactive-cleaning-services","/office-cleaning",TRUE
"/reactive-cleaning-services","/pressure-washing",TRUE
"/reactive-cleaning-services","/window-cleaning",TRUE
"/reactive-cleaning-services","/soft-services",TRUE
"/reactive-cleaning-services","/security-services",TRUE
"/reactive-cleaning-services","/concierge-services",TRUE
"/reactive-cleaning-services","/washroom-management",TRUE
"/reactive-cleaning-services","/grounds-maintenance",TRUE
"/reactive-cleaning-services","/industrial-facilities-management",TRUE
"/reactive-cleaning-services","/commercial-facilities-management",TRUE
"/reactive-cleaning-services","/logistics-facilities-management",TRUE
"/reactive-cleaning-services","/warehouse-facilities-management",TRUE
"/reactive-cleaning-services","/retail-facilities-management",TRUE
"/reactive-cleaning-services","/healthcare-facilities-management",TRUE
"/reactive-cleaning-services","/education-facilities-management",TRUE
"/reactive-cleaning-services","/public-sector-facilities-management",TRUE
"/reactive-cleaning-services","/residential-facilities-management",TRUE
"/reactive-cleaning-services","/hotel-facilities-management",TRUE
"/reactive-cleaning-services","/sectors",FALSE
"/reactive-cleaning-services","/fm-london",TRUE
"/reactive-cleaning-services","/facilities-management-london",TRUE
"/reactive-cleaning-services","/london-facilities-management",TRUE
"/reactive-cleaning-services","/facilities-management-manchester",TRUE
"/reactive-cleaning-services","/facilities-management-birmingham",TRUE
"/reactive-cleaning-services","/facilities-management-sheffield",TRUE
"/reactive-cleaning-services","/facilities-management-leeds",TRUE
"/reactive-cleaning-services","/facilities-management-lincoln",TRUE
"/reactive-cleaning-services","/facilities-management-liverpool",TRUE
"/reactive-cleaning-services","/facilities-management-nottingham",TRUE
"/reactive-cleaning-services","/locations",FALSE
"/reactive-cleaning-services","/privacy-policy",TRUE
"/reactive-cleaning-services","/terms-and-conditions",TRUE
"/reactive-cleaning-services","/accessibility-statement",TRUE
"/reactive-cleaning-services","/helpdesk",TRUE
"/reactive-cleaning-services","/sitemap.xml",FALSE
"/retail-cleaning","/client-login",TRUE
"/retail-cleaning","/",TRUE
"/retail-cleaning","/case-studies",FALSE
"/retail-cleaning","/blog",TRUE
"/retail-cleaning","/about-entire-facilities-management",TRUE
"/retail-cleaning","/contact-us",TRUE
"/retail-cleaning","/services",TRUE
"/retail-cleaning","/mechanical-electrical",TRUE
"/retail-cleaning","/ppm",TRUE
"/retail-cleaning","/hard-services",TRUE
"/retail-cleaning","/hvac-contractor",TRUE
"/retail-cleaning","/plumbing-gas",TRUE
"/retail-cleaning","/fire-emergency-systems",TRUE
"/retail-cleaning","/safety-critical-emergency-systems",TRUE
"/retail-cleaning","/building-maintenance",TRUE
"/retail-cleaning","/mechanical-electrical/emergency-light-testing",TRUE
"/retail-cleaning","/mechanical-electrical/access-control",TRUE
"/retail-cleaning","/aerial-drone-building-inspection",TRUE
"/retail-cleaning","/industrial-cleaning",TRUE
"/retail-cleaning","/cleaning-services",TRUE
"/retail-cleaning","/contract-cleaning",TRUE
"/retail-cleaning","/office-cleaning",TRUE
"/retail-cleaning","/pressure-washing",TRUE
"/retail-cleaning","/window-cleaning",TRUE
"/retail-cleaning","/soft-services",TRUE
"/retail-cleaning","/security-services",TRUE
"/retail-cleaning","/concierge-services",TRUE
"/retail-cleaning","/washroom-management",TRUE
"/retail-cleaning","/grounds-maintenance",TRUE
"/retail-cleaning","/industrial-facilities-management",TRUE
"/retail-cleaning","/commercial-facilities-management",TRUE
"/retail-cleaning","/logistics-facilities-management",TRUE
"/retail-cleaning","/warehouse-facilities-management",TRUE
"/retail-cleaning","/retail-facilities-management",TRUE
"/retail-cleaning","/healthcare-facilities-management",TRUE
"/retail-cleaning","/education-facilities-management",TRUE
"/retail-cleaning","/public-sector-facilities-management",TRUE
"/retail-cleaning","/residential-facilities-management",TRUE
"/retail-cleaning","/hotel-facilities-management",TRUE
"/retail-cleaning","/sectors",FALSE
"/retail-cleaning","/fm-london",TRUE
"/retail-cleaning","/facilities-management-london",TRUE
"/retail-cleaning","/london-facilities-management",TRUE
"/retail-cleaning","/facilities-management-manchester",TRUE
"/retail-cleaning","/facilities-management-birmingham",TRUE
"/retail-cleaning","/facilities-management-sheffield",TRUE
"/retail-cleaning","/facilities-management-leeds",TRUE
"/retail-cleaning","/facilities-management-lincoln",TRUE
"/retail-cleaning","/facilities-management-liverpool",TRUE
"/retail-cleaning","/facilities-management-nottingham",TRUE
"/retail-cleaning","/locations",FALSE
"/retail-cleaning","/privacy-policy",TRUE
"/retail-cleaning","/terms-and-conditions",TRUE
"/retail-cleaning","/accessibility-statement",TRUE
"/retail-cleaning","/helpdesk",TRUE
"/retail-cleaning","/sitemap.xml",FALSE
"/retail-fm-lincoln","/client-login",TRUE
"/retail-fm-lincoln","/",TRUE
"/retail-fm-lincoln","/case-studies",FALSE
"/retail-fm-lincoln","/blog",TRUE
"/retail-fm-lincoln","/about-entire-facilities-management",TRUE
"/retail-fm-lincoln","/contact-us",TRUE
"/retail-fm-lincoln","/locations",FALSE
"/retail-fm-lincoln","/mechanical-electrical",TRUE
"/retail-fm-lincoln","/ppm",TRUE
"/retail-fm-lincoln","/hard-services",TRUE
"/retail-fm-lincoln","/hvac-contractor",TRUE
"/retail-fm-lincoln","/plumbing-gas",TRUE
"/retail-fm-lincoln","/fire-emergency-systems",TRUE
"/retail-fm-lincoln","/safety-critical-emergency-systems",TRUE
"/retail-fm-lincoln","/building-maintenance",TRUE
"/retail-fm-lincoln","/mechanical-electrical/emergency-light-testing",TRUE
"/retail-fm-lincoln","/mechanical-electrical/access-control",TRUE
"/retail-fm-lincoln","/aerial-drone-building-inspection",TRUE
"/retail-fm-lincoln","/industrial-cleaning",TRUE
"/retail-fm-lincoln","/cleaning-services",TRUE
"/retail-fm-lincoln","/contract-cleaning",TRUE
"/retail-fm-lincoln","/office-cleaning",TRUE
"/retail-fm-lincoln","/pressure-washing",TRUE
"/retail-fm-lincoln","/window-cleaning",TRUE
"/retail-fm-lincoln","/soft-services",TRUE
"/retail-fm-lincoln","/security-services",TRUE
"/retail-fm-lincoln","/concierge-services",TRUE
"/retail-fm-lincoln","/washroom-management",TRUE
"/retail-fm-lincoln","/grounds-maintenance",TRUE
"/retail-fm-lincoln","/industrial-facilities-management",TRUE
"/retail-fm-lincoln","/commercial-facilities-management",TRUE
"/retail-fm-lincoln","/logistics-facilities-management",TRUE
"/retail-fm-lincoln","/warehouse-facilities-management",TRUE
"/retail-fm-lincoln","/retail-facilities-management",TRUE
"/retail-fm-lincoln","/healthcare-facilities-management",TRUE
"/retail-fm-lincoln","/education-facilities-management",TRUE
"/retail-fm-lincoln","/public-sector-facilities-management",TRUE
"/retail-fm-lincoln","/residential-facilities-management",TRUE
"/retail-fm-lincoln","/hotel-facilities-management",TRUE
"/retail-fm-lincoln","/sectors",FALSE
"/retail-fm-lincoln","/fm-london",TRUE
"/retail-fm-lincoln","/facilities-management-london",TRUE
"/retail-fm-lincoln","/london-facilities-management",TRUE
"/retail-fm-lincoln","/facilities-management-manchester",TRUE
"/retail-fm-lincoln","/facilities-management-birmingham",TRUE
"/retail-fm-lincoln","/facilities-management-sheffield",TRUE
"/retail-fm-lincoln","/facilities-management-leeds",TRUE
"/retail-fm-lincoln","/facilities-management-lincoln",TRUE
"/retail-fm-lincoln","/facilities-management-liverpool",TRUE
"/retail-fm-lincoln","/facilities-management-nottingham",TRUE
"/retail-fm-lincoln","/privacy-policy",TRUE
"/retail-fm-lincoln","/terms-and-conditions",TRUE
"/retail-fm-lincoln","/accessibility-statement",TRUE
"/retail-fm-lincoln","/helpdesk",TRUE
"/retail-fm-lincoln","/sitemap.xml",FALSE
"/rotherham-facilities-management","/client-login",TRUE
"/rotherham-facilities-management","/",TRUE
"/rotherham-facilities-management","/case-studies",FALSE
"/rotherham-facilities-management","/blog",TRUE
"/rotherham-facilities-management","/about-entire-facilities-management",TRUE
"/rotherham-facilities-management","/contact-us",TRUE
"/rotherham-facilities-management","/locations",FALSE
"/rotherham-facilities-management","/mechanical-electrical",TRUE
"/rotherham-facilities-management","/ppm",TRUE
"/rotherham-facilities-management","/hard-services",TRUE
"/rotherham-facilities-management","/hvac-contractor",TRUE
"/rotherham-facilities-management","/plumbing-gas",TRUE
"/rotherham-facilities-management","/fire-emergency-systems",TRUE
"/rotherham-facilities-management","/safety-critical-emergency-systems",TRUE
"/rotherham-facilities-management","/building-maintenance",TRUE
"/rotherham-facilities-management","/mechanical-electrical/emergency-light-testing",TRUE
"/rotherham-facilities-management","/mechanical-electrical/access-control",TRUE
"/rotherham-facilities-management","/aerial-drone-building-inspection",TRUE
"/rotherham-facilities-management","/industrial-cleaning",TRUE
"/rotherham-facilities-management","/cleaning-services",TRUE
"/rotherham-facilities-management","/contract-cleaning",TRUE
"/rotherham-facilities-management","/office-cleaning",TRUE
"/rotherham-facilities-management","/pressure-washing",TRUE
"/rotherham-facilities-management","/window-cleaning",TRUE
"/rotherham-facilities-management","/soft-services",TRUE
"/rotherham-facilities-management","/security-services",TRUE
"/rotherham-facilities-management","/concierge-services",TRUE
"/rotherham-facilities-management","/washroom-management",TRUE
"/rotherham-facilities-management","/grounds-maintenance",TRUE
"/rotherham-facilities-management","/industrial-facilities-management",TRUE
"/rotherham-facilities-management","/commercial-facilities-management",TRUE
"/rotherham-facilities-management","/logistics-facilities-management",TRUE
"/rotherham-facilities-management","/warehouse-facilities-management",TRUE
"/rotherham-facilities-management","/retail-facilities-management",TRUE
"/rotherham-facilities-management","/healthcare-facilities-management",TRUE
"/rotherham-facilities-management","/education-facilities-management",TRUE
"/rotherham-facilities-management","/public-sector-facilities-management",TRUE
"/rotherham-facilities-management","/residential-facilities-management",TRUE
"/rotherham-facilities-management","/hotel-facilities-management",TRUE
"/rotherham-facilities-management","/sectors",FALSE
"/rotherham-facilities-management","/fm-london",TRUE
"/rotherham-facilities-management","/facilities-management-london",TRUE
"/rotherham-facilities-management","/london-facilities-management",TRUE
"/rotherham-facilities-management","/facilities-management-manchester",TRUE
"/rotherham-facilities-management","/facilities-management-birmingham",TRUE
"/rotherham-facilities-management","/facilities-management-sheffield",TRUE
"/rotherham-facilities-management","/facilities-management-leeds",TRUE
"/rotherham-facilities-management","/facilities-management-lincoln",TRUE
"/rotherham-facilities-management","/facilities-management-liverpool",TRUE
"/rotherham-facilities-management","/facilities-management-nottingham",TRUE
"/rotherham-facilities-management","/privacy-policy",TRUE
"/rotherham-facilities-management","/terms-and-conditions",TRUE
"/rotherham-facilities-management","/accessibility-statement",TRUE
"/rotherham-facilities-management","/helpdesk",TRUE
"/rotherham-facilities-management","/sitemap.xml",FALSE
"/restaurant-facilities-management","/client-login",TRUE
"/restaurant-facilities-management","/",TRUE
"/restaurant-facilities-management","/case-studies",FALSE
"/restaurant-facilities-management","/blog",TRUE
"/restaurant-facilities-management","/about-entire-facilities-management",TRUE
"/restaurant-facilities-management","/contact-us",TRUE
"/restaurant-facilities-management","/sectors",FALSE
"/restaurant-facilities-management","/mechanical-electrical",TRUE
"/restaurant-facilities-management","/ppm",TRUE
"/restaurant-facilities-management","/hard-services",TRUE
"/restaurant-facilities-management","/hvac-contractor",TRUE
"/restaurant-facilities-management","/plumbing-gas",TRUE
"/restaurant-facilities-management","/fire-emergency-systems",TRUE
"/restaurant-facilities-management","/safety-critical-emergency-systems",TRUE
"/restaurant-facilities-management","/building-maintenance",TRUE
"/restaurant-facilities-management","/mechanical-electrical/emergency-light-testing",TRUE
"/restaurant-facilities-management","/mechanical-electrical/access-control",TRUE
"/restaurant-facilities-management","/aerial-drone-building-inspection",TRUE
"/restaurant-facilities-management","/industrial-cleaning",TRUE
"/restaurant-facilities-management","/cleaning-services",TRUE
"/restaurant-facilities-management","/contract-cleaning",TRUE
"/restaurant-facilities-management","/office-cleaning",TRUE
"/restaurant-facilities-management","/pressure-washing",TRUE
"/restaurant-facilities-management","/window-cleaning",TRUE
"/restaurant-facilities-management","/soft-services",TRUE
"/restaurant-facilities-management","/security-services",TRUE
"/restaurant-facilities-management","/concierge-services",TRUE
"/restaurant-facilities-management","/washroom-management",TRUE
"/restaurant-facilities-management","/grounds-maintenance",TRUE
"/restaurant-facilities-management","/industrial-facilities-management",TRUE
"/restaurant-facilities-management","/commercial-facilities-management",TRUE
"/restaurant-facilities-management","/logistics-facilities-management",TRUE
"/restaurant-facilities-management","/warehouse-facilities-management",TRUE
"/restaurant-facilities-management","/retail-facilities-management",TRUE
"/restaurant-facilities-management","/healthcare-facilities-management",TRUE
"/restaurant-facilities-management","/education-facilities-management",TRUE
"/restaurant-facilities-management","/public-sector-facilities-management",TRUE
"/restaurant-facilities-management","/residential-facilities-management",TRUE
"/restaurant-facilities-management","/hotel-facilities-management",TRUE
"/restaurant-facilities-management","/fm-london",TRUE
"/restaurant-facilities-management","/facilities-management-london",TRUE
"/restaurant-facilities-management","/london-facilities-management",TRUE
"/restaurant-facilities-management","/facilities-management-manchester",TRUE
"/restaurant-facilities-management","/facilities-management-birmingham",TRUE
"/restaurant-facilities-management","/facilities-management-sheffield",TRUE
"/restaurant-facilities-management","/facilities-management-leeds",TRUE
"/restaurant-facilities-management","/facilities-management-lincoln",TRUE
"/restaurant-facilities-management","/facilities-management-liverpool",TRUE
"/restaurant-facilities-management","/facilities-management-nottingham",TRUE
"/restaurant-facilities-management","/locations",FALSE
"/restaurant-facilities-management","/privacy-policy",TRUE
"/restaurant-facilities-management","/terms-and-conditions",TRUE
"/restaurant-facilities-management","/accessibility-statement",TRUE
"/restaurant-facilities-management","/helpdesk",TRUE
"/restaurant-facilities-management","/sitemap.xml",FALSE
"/retail-facilities-management","/client-login",TRUE
"/retail-facilities-management","/",TRUE
"/retail-facilities-management","/case-studies",FALSE
"/retail-facilities-management","/blog",TRUE
"/retail-facilities-management","/about-entire-facilities-management",TRUE
"/retail-facilities-management","/contact-us",TRUE
"/retail-facilities-management","/sectors",FALSE
"/retail-facilities-management","/mechanical-electrical",TRUE
"/retail-facilities-management","/ppm",TRUE
"/retail-facilities-management","/hard-services",TRUE
"/retail-facilities-management","/hvac-contractor",TRUE
"/retail-facilities-management","/plumbing-gas",TRUE
"/retail-facilities-management","/fire-emergency-systems",TRUE
"/retail-facilities-management","/safety-critical-emergency-systems",TRUE
"/retail-facilities-management","/building-maintenance",TRUE
"/retail-facilities-management","/mechanical-electrical/emergency-light-testing",TRUE
"/retail-facilities-management","/mechanical-electrical/access-control",TRUE
"/retail-facilities-management","/aerial-drone-building-inspection",TRUE
"/retail-facilities-management","/industrial-cleaning",TRUE
"/retail-facilities-management","/cleaning-services",TRUE
"/retail-facilities-management","/contract-cleaning",TRUE
"/retail-facilities-management","/office-cleaning",TRUE
"/retail-facilities-management","/pressure-washing",TRUE
"/retail-facilities-management","/window-cleaning",TRUE
"/retail-facilities-management","/soft-services",TRUE
"/retail-facilities-management","/security-services",TRUE
"/retail-facilities-management","/concierge-services",TRUE
"/retail-facilities-management","/washroom-management",TRUE
"/retail-facilities-management","/grounds-maintenance",TRUE
"/retail-facilities-management","/industrial-facilities-management",TRUE
"/retail-facilities-management","/commercial-facilities-management",TRUE
"/retail-facilities-management","/logistics-facilities-management",TRUE
"/retail-facilities-management","/warehouse-facilities-management",TRUE
"/retail-facilities-management","/retail-facilities-management",TRUE
"/retail-facilities-management","/healthcare-facilities-management",TRUE
"/retail-facilities-management","/education-facilities-management",TRUE
"/retail-facilities-management","/public-sector-facilities-management",TRUE
"/retail-facilities-management","/residential-facilities-management",TRUE
"/retail-facilities-management","/hotel-facilities-management",TRUE
"/retail-facilities-management","/fm-london",TRUE
"/retail-facilities-management","/facilities-management-london",TRUE
"/retail-facilities-management","/london-facilities-management",TRUE
"/retail-facilities-management","/facilities-management-manchester",TRUE
"/retail-facilities-management","/facilities-management-birmingham",TRUE
"/retail-facilities-management","/facilities-management-sheffield",TRUE
"/retail-facilities-management","/facilities-management-leeds",TRUE
"/retail-facilities-management","/facilities-management-lincoln",TRUE
"/retail-facilities-management","/facilities-management-liverpool",TRUE
"/retail-facilities-management","/facilities-management-nottingham",TRUE
"/retail-facilities-management","/locations",FALSE
"/retail-facilities-management","/privacy-policy",TRUE
"/retail-facilities-management","/terms-and-conditions",TRUE
"/retail-facilities-management","/accessibility-statement",TRUE
"/retail-facilities-management","/helpdesk",TRUE
"/retail-facilities-management","/sitemap.xml",FALSE
"/service-station-fm","/client-login",TRUE
"/service-station-fm","/",TRUE
"/service-station-fm","/case-studies",FALSE
"/service-station-fm","/blog",TRUE
"/service-station-fm","/about-entire-facilities-management",TRUE
"/service-station-fm","/contact-us",TRUE
"/service-station-fm","/sectors",FALSE
"/service-station-fm","/mechanical-electrical",TRUE
"/service-station-fm","/ppm",TRUE
"/service-station-fm","/hard-services",TRUE
"/service-station-fm","/hvac-contractor",TRUE
"/service-station-fm","/plumbing-gas",TRUE
"/service-station-fm","/fire-emergency-systems",TRUE
"/service-station-fm","/safety-critical-emergency-systems",TRUE
"/service-station-fm","/building-maintenance",TRUE
"/service-station-fm","/mechanical-electrical/emergency-light-testing",TRUE
"/service-station-fm","/mechanical-electrical/access-control",TRUE
"/service-station-fm","/aerial-drone-building-inspection",TRUE
"/service-station-fm","/industrial-cleaning",TRUE
"/service-station-fm","/cleaning-services",TRUE
"/service-station-fm","/contract-cleaning",TRUE
"/service-station-fm","/office-cleaning",TRUE
"/service-station-fm","/pressure-washing",TRUE
"/service-station-fm","/window-cleaning",TRUE
"/service-station-fm","/soft-services",TRUE
"/service-station-fm","/security-services",TRUE
"/service-station-fm","/concierge-services",TRUE
"/service-station-fm","/washroom-management",TRUE
"/service-station-fm","/grounds-maintenance",TRUE
"/service-station-fm","/industrial-facilities-management",TRUE
"/service-station-fm","/commercial-facilities-management",TRUE
"/service-station-fm","/logistics-facilities-management",TRUE
"/service-station-fm","/warehouse-facilities-management",TRUE
"/service-station-fm","/retail-facilities-management",TRUE
"/service-station-fm","/healthcare-facilities-management",TRUE
"/service-station-fm","/education-facilities-management",TRUE
"/service-station-fm","/public-sector-facilities-management",TRUE
"/service-station-fm","/residential-facilities-management",TRUE
"/service-station-fm","/hotel-facilities-management",TRUE
"/service-station-fm","/fm-london",TRUE
"/service-station-fm","/facilities-management-london",TRUE
"/service-station-fm","/london-facilities-management",TRUE
"/service-station-fm","/facilities-management-manchester",TRUE
"/service-station-fm","/facilities-management-birmingham",TRUE
"/service-station-fm","/facilities-management-sheffield",TRUE
"/service-station-fm","/facilities-management-leeds",TRUE
"/service-station-fm","/facilities-management-lincoln",TRUE
"/service-station-fm","/facilities-management-liverpool",TRUE
"/service-station-fm","/facilities-management-nottingham",TRUE
"/service-station-fm","/locations",FALSE
"/service-station-fm","/privacy-policy",TRUE
"/service-station-fm","/terms-and-conditions",TRUE
"/service-station-fm","/accessibility-statement",TRUE
"/service-station-fm","/helpdesk",TRUE
"/service-station-fm","/sitemap.xml",FALSE
"/sheffield-facilities-management","/client-login",TRUE
"/sheffield-facilities-management","/",TRUE
"/sheffield-facilities-management","/case-studies",FALSE
"/sheffield-facilities-management","/blog",TRUE
"/sheffield-facilities-management","/about-entire-facilities-management",TRUE
"/sheffield-facilities-management","/contact-us",TRUE
"/sheffield-facilities-management","/locations",FALSE
"/sheffield-facilities-management","/mechanical-electrical",TRUE
"/sheffield-facilities-management","/ppm",TRUE
"/sheffield-facilities-management","/hard-services",TRUE
"/sheffield-facilities-management","/hvac-contractor",TRUE
"/sheffield-facilities-management","/plumbing-gas",TRUE
"/sheffield-facilities-management","/fire-emergency-systems",TRUE
"/sheffield-facilities-management","/safety-critical-emergency-systems",TRUE
"/sheffield-facilities-management","/building-maintenance",TRUE
"/sheffield-facilities-management","/mechanical-electrical/emergency-light-testing",TRUE
"/sheffield-facilities-management","/mechanical-electrical/access-control",TRUE
"/sheffield-facilities-management","/aerial-drone-building-inspection",TRUE
"/sheffield-facilities-management","/industrial-cleaning",TRUE
"/sheffield-facilities-management","/cleaning-services",TRUE
"/sheffield-facilities-management","/contract-cleaning",TRUE
"/sheffield-facilities-management","/office-cleaning",TRUE
"/sheffield-facilities-management","/pressure-washing",TRUE
"/sheffield-facilities-management","/window-cleaning",TRUE
"/sheffield-facilities-management","/soft-services",TRUE
"/sheffield-facilities-management","/security-services",TRUE
"/sheffield-facilities-management","/concierge-services",TRUE
"/sheffield-facilities-management","/washroom-management",TRUE
"/sheffield-facilities-management","/grounds-maintenance",TRUE
"/sheffield-facilities-management","/industrial-facilities-management",TRUE
"/sheffield-facilities-management","/commercial-facilities-management",TRUE
"/sheffield-facilities-management","/logistics-facilities-management",TRUE
"/sheffield-facilities-management","/warehouse-facilities-management",TRUE
"/sheffield-facilities-management","/retail-facilities-management",TRUE
"/sheffield-facilities-management","/healthcare-facilities-management",TRUE
"/sheffield-facilities-management","/education-facilities-management",TRUE
"/sheffield-facilities-management","/public-sector-facilities-management",TRUE
"/sheffield-facilities-management","/residential-facilities-management",TRUE
"/sheffield-facilities-management","/hotel-facilities-management",TRUE
"/sheffield-facilities-management","/sectors",FALSE
"/sheffield-facilities-management","/fm-london",TRUE
"/sheffield-facilities-management","/facilities-management-london",TRUE
"/sheffield-facilities-management","/london-facilities-management",TRUE
"/sheffield-facilities-management","/facilities-management-manchester",TRUE
"/sheffield-facilities-management","/facilities-management-birmingham",TRUE
"/sheffield-facilities-management","/facilities-management-sheffield",TRUE
"/sheffield-facilities-management","/facilities-management-leeds",TRUE
"/sheffield-facilities-management","/facilities-management-lincoln",TRUE
"/sheffield-facilities-management","/facilities-management-liverpool",TRUE
"/sheffield-facilities-management","/facilities-management-nottingham",TRUE
"/sheffield-facilities-management","/privacy-policy",TRUE
"/sheffield-facilities-management","/terms-and-conditions",TRUE
"/sheffield-facilities-management","/accessibility-statement",TRUE
"/sheffield-facilities-management","/helpdesk",TRUE
"/sheffield-facilities-management","/sitemap.xml",FALSE
"/services","/client-login",TRUE
"/services","/",TRUE
"/services","/case-studies",FALSE
"/services","/blog",TRUE
"/services","/about-entire-facilities-management",TRUE
"/services","/contact-us",TRUE
"/services","/24-7-fm-support",TRUE
"/services","/aerial-drone-building-inspection",TRUE
"/services","/bocker-crane-hire",TRUE
"/services","/building-inspecting-testing",TRUE
"/services","/building-maintenance",TRUE
"/services","/caretaker",TRUE
"/services","/carpark-management",TRUE
"/services","/cleaning-services",TRUE
"/services","/concierge-services",TRUE
"/services","/contract-cleaning",TRUE
"/services","/copy-of-industrial-cleaning",TRUE
"/services","/copy-of-what-is-facilities-manageme",TRUE
"/services","/education-cleaning",TRUE
"/services","/facilities-management-services",TRUE
"/services","/facilities-management-services-lond",TRUE
"/services","/fire-emergency-systems",TRUE
"/services","/fm-technical-services",TRUE
"/services","/gates-barriers",TRUE
"/services","/mechanical-electrical",TRUE
"/services","/hvac-contractor",TRUE
"/services","/ppm",TRUE
"/services","/hard-services",TRUE
"/services","/plumbing-gas",TRUE
"/services","/safety-critical-emergency-systems",TRUE
"/services","/mechanical-electrical/emergency-light-testing",TRUE
"/services","/mechanical-electrical/access-control",TRUE
"/services","/industrial-cleaning",TRUE
"/services","/office-cleaning",TRUE
"/services","/pressure-washing",TRUE
"/services","/window-cleaning",TRUE
"/services","/soft-services",TRUE
"/services","/security-services",TRUE
"/services","/washroom-management",TRUE
"/services","/grounds-maintenance",TRUE
"/services","/industrial-facilities-management",TRUE
"/services","/commercial-facilities-management",TRUE
"/services","/logistics-facilities-management",TRUE
"/services","/warehouse-facilities-management",TRUE
"/services","/retail-facilities-management",TRUE
"/services","/healthcare-facilities-management",TRUE
"/services","/education-facilities-management",TRUE
"/services","/public-sector-facilities-management",TRUE
"/services","/residential-facilities-management",TRUE
"/services","/hotel-facilities-management",TRUE
"/services","/sectors",FALSE
"/services","/fm-london",TRUE
"/services","/facilities-management-london",TRUE
"/services","/london-facilities-management",TRUE
"/services","/facilities-management-manchester",TRUE
"/services","/facilities-management-birmingham",TRUE
"/services","/facilities-management-sheffield",TRUE
"/services","/facilities-management-leeds",TRUE
"/services","/facilities-management-lincoln",TRUE
"/services","/facilities-management-liverpool",TRUE
"/services","/facilities-management-nottingham",TRUE
"/services","/locations",FALSE
"/services","/privacy-policy",TRUE
"/services","/terms-and-conditions",TRUE
"/services","/accessibility-statement",TRUE
"/services","/helpdesk",TRUE
"/services","/sitemap.xml",FALSE
"/safety-critical-emergency-systems","/client-login",TRUE
"/safety-critical-emergency-systems","/",TRUE
"/safety-critical-emergency-systems","/case-studies",FALSE
"/safety-critical-emergency-systems","/blog",TRUE
"/safety-critical-emergency-systems","/about-entire-facilities-management",TRUE
"/safety-critical-emergency-systems","/contact-us",TRUE
"/safety-critical-emergency-systems","/services",TRUE
"/safety-critical-emergency-systems","/mechanical-electrical",TRUE
"/safety-critical-emergency-systems","/ppm",TRUE
"/safety-critical-emergency-systems","/hard-services",TRUE
"/safety-critical-emergency-systems","/hvac-contractor",TRUE
"/safety-critical-emergency-systems","/plumbing-gas",TRUE
"/safety-critical-emergency-systems","/fire-emergency-systems",TRUE
"/safety-critical-emergency-systems","/safety-critical-emergency-systems",TRUE
"/safety-critical-emergency-systems","/building-maintenance",TRUE
"/safety-critical-emergency-systems","/mechanical-electrical/emergency-light-testing",TRUE
"/safety-critical-emergency-systems","/mechanical-electrical/access-control",TRUE
"/safety-critical-emergency-systems","/aerial-drone-building-inspection",TRUE
"/safety-critical-emergency-systems","/industrial-cleaning",TRUE
"/safety-critical-emergency-systems","/cleaning-services",TRUE
"/safety-critical-emergency-systems","/contract-cleaning",TRUE
"/safety-critical-emergency-systems","/office-cleaning",TRUE
"/safety-critical-emergency-systems","/pressure-washing",TRUE
"/safety-critical-emergency-systems","/window-cleaning",TRUE
"/safety-critical-emergency-systems","/soft-services",TRUE
"/safety-critical-emergency-systems","/security-services",TRUE
"/safety-critical-emergency-systems","/concierge-services",TRUE
"/safety-critical-emergency-systems","/washroom-management",TRUE
"/safety-critical-emergency-systems","/grounds-maintenance",TRUE
"/safety-critical-emergency-systems","/industrial-facilities-management",TRUE
"/safety-critical-emergency-systems","/commercial-facilities-management",TRUE
"/safety-critical-emergency-systems","/logistics-facilities-management",TRUE
"/safety-critical-emergency-systems","/warehouse-facilities-management",TRUE
"/safety-critical-emergency-systems","/retail-facilities-management",TRUE
"/safety-critical-emergency-systems","/healthcare-facilities-management",TRUE
"/safety-critical-emergency-systems","/education-facilities-management",TRUE
"/safety-critical-emergency-systems","/public-sector-facilities-management",TRUE
"/safety-critical-emergency-systems","/residential-facilities-management",TRUE
"/safety-critical-emergency-systems","/hotel-facilities-management",TRUE
"/safety-critical-emergency-systems","/sectors",FALSE
"/safety-critical-emergency-systems","/fm-london",TRUE
"/safety-critical-emergency-systems","/facilities-management-london",TRUE
"/safety-critical-emergency-systems","/london-facilities-management",TRUE
"/safety-critical-emergency-systems","/facilities-management-manchester",TRUE
"/safety-critical-emergency-systems","/facilities-management-birmingham",TRUE
"/safety-critical-emergency-systems","/facilities-management-sheffield",TRUE
"/safety-critical-emergency-systems","/facilities-management-leeds",TRUE
"/safety-critical-emergency-systems","/facilities-management-lincoln",TRUE
"/safety-critical-emergency-systems","/facilities-management-liverpool",TRUE
"/safety-critical-emergency-systems","/facilities-management-nottingham",TRUE
"/safety-critical-emergency-systems","/locations",FALSE
"/safety-critical-emergency-systems","/privacy-policy",TRUE
"/safety-critical-emergency-systems","/terms-and-conditions",TRUE
"/safety-critical-emergency-systems","/accessibility-statement",TRUE
"/safety-critical-emergency-systems","/helpdesk",TRUE
"/safety-critical-emergency-systems","/sitemap.xml",FALSE
"/security-services","/client-login",TRUE
"/security-services","/",TRUE
"/security-services","/case-studies",FALSE
"/security-services","/blog",TRUE
"/security-services","/about-entire-facilities-management",TRUE
"/security-services","/contact-us",TRUE
"/security-services","/services",TRUE
"/security-services","/mechanical-electrical",TRUE
"/security-services","/ppm",TRUE
"/security-services","/hard-services",TRUE
"/security-services","/hvac-contractor",TRUE
"/security-services","/plumbing-gas",TRUE
"/security-services","/fire-emergency-systems",TRUE
"/security-services","/safety-critical-emergency-systems",TRUE
"/security-services","/building-maintenance",TRUE
"/security-services","/mechanical-electrical/emergency-light-testing",TRUE
"/security-services","/mechanical-electrical/access-control",TRUE
"/security-services","/aerial-drone-building-inspection",TRUE
"/security-services","/industrial-cleaning",TRUE
"/security-services","/cleaning-services",TRUE
"/security-services","/contract-cleaning",TRUE
"/security-services","/office-cleaning",TRUE
"/security-services","/pressure-washing",TRUE
"/security-services","/window-cleaning",TRUE
"/security-services","/soft-services",TRUE
"/security-services","/security-services",TRUE
"/security-services","/concierge-services",TRUE
"/security-services","/washroom-management",TRUE
"/security-services","/grounds-maintenance",TRUE
"/security-services","/industrial-facilities-management",TRUE
"/security-services","/commercial-facilities-management",TRUE
"/security-services","/logistics-facilities-management",TRUE
"/security-services","/warehouse-facilities-management",TRUE
"/security-services","/retail-facilities-management",TRUE
"/security-services","/healthcare-facilities-management",TRUE
"/security-services","/education-facilities-management",TRUE
"/security-services","/public-sector-facilities-management",TRUE
"/security-services","/residential-facilities-management",TRUE
"/security-services","/hotel-facilities-management",TRUE
"/security-services","/sectors",FALSE
"/security-services","/fm-london",TRUE
"/security-services","/facilities-management-london",TRUE
"/security-services","/london-facilities-management",TRUE
"/security-services","/facilities-management-manchester",TRUE
"/security-services","/facilities-management-birmingham",TRUE
"/security-services","/facilities-management-sheffield",TRUE
"/security-services","/facilities-management-leeds",TRUE
"/security-services","/facilities-management-lincoln",TRUE
"/security-services","/facilities-management-liverpool",TRUE
"/security-services","/facilities-management-nottingham",TRUE
"/security-services","/locations",FALSE
"/security-services","/privacy-policy",TRUE
"/security-services","/terms-and-conditions",TRUE
"/security-services","/accessibility-statement",TRUE
"/security-services","/helpdesk",TRUE
"/security-services","/sitemap.xml",FALSE
"/tier-one-facilities-management","/client-login",TRUE
"/tier-one-facilities-management","/",TRUE
"/tier-one-facilities-management","/case-studies",FALSE
"/tier-one-facilities-management","/blog",TRUE
"/tier-one-facilities-management","/about-entire-facilities-management",TRUE
"/tier-one-facilities-management","/contact-us",TRUE
"/tier-one-facilities-management","/sectors",FALSE
"/tier-one-facilities-management","/mechanical-electrical",TRUE
"/tier-one-facilities-management","/ppm",TRUE
"/tier-one-facilities-management","/hard-services",TRUE
"/tier-one-facilities-management","/hvac-contractor",TRUE
"/tier-one-facilities-management","/plumbing-gas",TRUE
"/tier-one-facilities-management","/fire-emergency-systems",TRUE
"/tier-one-facilities-management","/safety-critical-emergency-systems",TRUE
"/tier-one-facilities-management","/building-maintenance",TRUE
"/tier-one-facilities-management","/mechanical-electrical/emergency-light-testing",TRUE
"/tier-one-facilities-management","/mechanical-electrical/access-control",TRUE
"/tier-one-facilities-management","/aerial-drone-building-inspection",TRUE
"/tier-one-facilities-management","/industrial-cleaning",TRUE
"/tier-one-facilities-management","/cleaning-services",TRUE
"/tier-one-facilities-management","/contract-cleaning",TRUE
"/tier-one-facilities-management","/office-cleaning",TRUE
"/tier-one-facilities-management","/pressure-washing",TRUE
"/tier-one-facilities-management","/window-cleaning",TRUE
"/tier-one-facilities-management","/soft-services",TRUE
"/tier-one-facilities-management","/security-services",TRUE
"/tier-one-facilities-management","/concierge-services",TRUE
"/tier-one-facilities-management","/washroom-management",TRUE
"/tier-one-facilities-management","/grounds-maintenance",TRUE
"/tier-one-facilities-management","/industrial-facilities-management",TRUE
"/tier-one-facilities-management","/commercial-facilities-management",TRUE
"/tier-one-facilities-management","/logistics-facilities-management",TRUE
"/tier-one-facilities-management","/warehouse-facilities-management",TRUE
"/tier-one-facilities-management","/retail-facilities-management",TRUE
"/tier-one-facilities-management","/healthcare-facilities-management",TRUE
"/tier-one-facilities-management","/education-facilities-management",TRUE
"/tier-one-facilities-management","/public-sector-facilities-management",TRUE
"/tier-one-facilities-management","/residential-facilities-management",TRUE
"/tier-one-facilities-management","/hotel-facilities-management",TRUE
"/tier-one-facilities-management","/fm-london",TRUE
"/tier-one-facilities-management","/facilities-management-london",TRUE
"/tier-one-facilities-management","/london-facilities-management",TRUE
"/tier-one-facilities-management","/facilities-management-manchester",TRUE
"/tier-one-facilities-management","/facilities-management-birmingham",TRUE
"/tier-one-facilities-management","/facilities-management-sheffield",TRUE
"/tier-one-facilities-management","/facilities-management-leeds",TRUE
"/tier-one-facilities-management","/facilities-management-lincoln",TRUE
"/tier-one-facilities-management","/facilities-management-liverpool",TRUE
"/tier-one-facilities-management","/facilities-management-nottingham",TRUE
"/tier-one-facilities-management","/locations",FALSE
"/tier-one-facilities-management","/privacy-policy",TRUE
"/tier-one-facilities-management","/terms-and-conditions",TRUE
"/tier-one-facilities-management","/accessibility-statement",TRUE
"/tier-one-facilities-management","/helpdesk",TRUE
"/tier-one-facilities-management","/sitemap.xml",FALSE
"/telford-facilities-management","/client-login",TRUE
"/telford-facilities-management","/",TRUE
"/telford-facilities-management","/case-studies",FALSE
"/telford-facilities-management","/blog",TRUE
"/telford-facilities-management","/about-entire-facilities-management",TRUE
"/telford-facilities-management","/contact-us",TRUE
"/telford-facilities-management","/locations",FALSE
"/telford-facilities-management","/mechanical-electrical",TRUE
"/telford-facilities-management","/ppm",TRUE
"/telford-facilities-management","/hard-services",TRUE
"/telford-facilities-management","/hvac-contractor",TRUE
"/telford-facilities-management","/plumbing-gas",TRUE
"/telford-facilities-management","/fire-emergency-systems",TRUE
"/telford-facilities-management","/safety-critical-emergency-systems",TRUE
"/telford-facilities-management","/building-maintenance",TRUE
"/telford-facilities-management","/mechanical-electrical/emergency-light-testing",TRUE
"/telford-facilities-management","/mechanical-electrical/access-control",TRUE
"/telford-facilities-management","/aerial-drone-building-inspection",TRUE
"/telford-facilities-management","/industrial-cleaning",TRUE
"/telford-facilities-management","/cleaning-services",TRUE
"/telford-facilities-management","/contract-cleaning",TRUE
"/telford-facilities-management","/office-cleaning",TRUE
"/telford-facilities-management","/pressure-washing",TRUE
"/telford-facilities-management","/window-cleaning",TRUE
"/telford-facilities-management","/soft-services",TRUE
"/telford-facilities-management","/security-services",TRUE
"/telford-facilities-management","/concierge-services",TRUE
"/telford-facilities-management","/washroom-management",TRUE
"/telford-facilities-management","/grounds-maintenance",TRUE
"/telford-facilities-management","/industrial-facilities-management",TRUE
"/telford-facilities-management","/commercial-facilities-management",TRUE
"/telford-facilities-management","/logistics-facilities-management",TRUE
"/telford-facilities-management","/warehouse-facilities-management",TRUE
"/telford-facilities-management","/retail-facilities-management",TRUE
"/telford-facilities-management","/healthcare-facilities-management",TRUE
"/telford-facilities-management","/education-facilities-management",TRUE
"/telford-facilities-management","/public-sector-facilities-management",TRUE
"/telford-facilities-management","/residential-facilities-management",TRUE
"/telford-facilities-management","/hotel-facilities-management",TRUE
"/telford-facilities-management","/sectors",FALSE
"/telford-facilities-management","/fm-london",TRUE
"/telford-facilities-management","/facilities-management-london",TRUE
"/telford-facilities-management","/london-facilities-management",TRUE
"/telford-facilities-management","/facilities-management-manchester",TRUE
"/telford-facilities-management","/facilities-management-birmingham",TRUE
"/telford-facilities-management","/facilities-management-sheffield",TRUE
"/telford-facilities-management","/facilities-management-leeds",TRUE
"/telford-facilities-management","/facilities-management-lincoln",TRUE
"/telford-facilities-management","/facilities-management-liverpool",TRUE
"/telford-facilities-management","/facilities-management-nottingham",TRUE
"/telford-facilities-management","/privacy-policy",TRUE
"/telford-facilities-management","/terms-and-conditions",TRUE
"/telford-facilities-management","/accessibility-statement",TRUE
"/telford-facilities-management","/helpdesk",TRUE
"/telford-facilities-management","/sitemap.xml",FALSE
"/sport-centre-facilities-management","/client-login",TRUE
"/sport-centre-facilities-management","/",TRUE
"/sport-centre-facilities-management","/case-studies",FALSE
"/sport-centre-facilities-management","/blog",TRUE
"/sport-centre-facilities-management","/about-entire-facilities-management",TRUE
"/sport-centre-facilities-management","/contact-us",TRUE
"/sport-centre-facilities-management","/sectors",FALSE
"/sport-centre-facilities-management","/mechanical-electrical",TRUE
"/sport-centre-facilities-management","/ppm",TRUE
"/sport-centre-facilities-management","/hard-services",TRUE
"/sport-centre-facilities-management","/hvac-contractor",TRUE
"/sport-centre-facilities-management","/plumbing-gas",TRUE
"/sport-centre-facilities-management","/fire-emergency-systems",TRUE
"/sport-centre-facilities-management","/safety-critical-emergency-systems",TRUE
"/sport-centre-facilities-management","/building-maintenance",TRUE
"/sport-centre-facilities-management","/mechanical-electrical/emergency-light-testing",TRUE
"/sport-centre-facilities-management","/mechanical-electrical/access-control",TRUE
"/sport-centre-facilities-management","/aerial-drone-building-inspection",TRUE
"/sport-centre-facilities-management","/industrial-cleaning",TRUE
"/sport-centre-facilities-management","/cleaning-services",TRUE
"/sport-centre-facilities-management","/contract-cleaning",TRUE
"/sport-centre-facilities-management","/office-cleaning",TRUE
"/sport-centre-facilities-management","/pressure-washing",TRUE
"/sport-centre-facilities-management","/window-cleaning",TRUE
"/sport-centre-facilities-management","/soft-services",TRUE
"/sport-centre-facilities-management","/security-services",TRUE
"/sport-centre-facilities-management","/concierge-services",TRUE
"/sport-centre-facilities-management","/washroom-management",TRUE
"/sport-centre-facilities-management","/grounds-maintenance",TRUE
"/sport-centre-facilities-management","/industrial-facilities-management",TRUE
"/sport-centre-facilities-management","/commercial-facilities-management",TRUE
"/sport-centre-facilities-management","/logistics-facilities-management",TRUE
"/sport-centre-facilities-management","/warehouse-facilities-management",TRUE
"/sport-centre-facilities-management","/retail-facilities-management",TRUE
"/sport-centre-facilities-management","/healthcare-facilities-management",TRUE
"/sport-centre-facilities-management","/education-facilities-management",TRUE
"/sport-centre-facilities-management","/public-sector-facilities-management",TRUE
"/sport-centre-facilities-management","/residential-facilities-management",TRUE
"/sport-centre-facilities-management","/hotel-facilities-management",TRUE
"/sport-centre-facilities-management","/fm-london",TRUE
"/sport-centre-facilities-management","/facilities-management-london",TRUE
"/sport-centre-facilities-management","/london-facilities-management",TRUE
"/sport-centre-facilities-management","/facilities-management-manchester",TRUE
"/sport-centre-facilities-management","/facilities-management-birmingham",TRUE
"/sport-centre-facilities-management","/facilities-management-sheffield",TRUE
"/sport-centre-facilities-management","/facilities-management-leeds",TRUE
"/sport-centre-facilities-management","/facilities-management-lincoln",TRUE
"/sport-centre-facilities-management","/facilities-management-liverpool",TRUE
"/sport-centre-facilities-management","/facilities-management-nottingham",TRUE
"/sport-centre-facilities-management","/locations",FALSE
"/sport-centre-facilities-management","/privacy-policy",TRUE
"/sport-centre-facilities-management","/terms-and-conditions",TRUE
"/sport-centre-facilities-management","/accessibility-statement",TRUE
"/sport-centre-facilities-management","/helpdesk",TRUE
"/sport-centre-facilities-management","/sitemap.xml",FALSE
"/soft-services","/client-login",TRUE
"/soft-services","/",TRUE
"/soft-services","/case-studies",FALSE
"/soft-services","/blog",TRUE
"/soft-services","/about-entire-facilities-management",TRUE
"/soft-services","/contact-us",TRUE
"/soft-services","/services",TRUE
"/soft-services","/mechanical-electrical",TRUE
"/soft-services","/ppm",TRUE
"/soft-services","/hard-services",TRUE
"/soft-services","/hvac-contractor",TRUE
"/soft-services","/plumbing-gas",TRUE
"/soft-services","/fire-emergency-systems",TRUE
"/soft-services","/safety-critical-emergency-systems",TRUE
"/soft-services","/building-maintenance",TRUE
"/soft-services","/mechanical-electrical/emergency-light-testing",TRUE
"/soft-services","/mechanical-electrical/access-control",TRUE
"/soft-services","/aerial-drone-building-inspection",TRUE
"/soft-services","/industrial-cleaning",TRUE
"/soft-services","/cleaning-services",TRUE
"/soft-services","/contract-cleaning",TRUE
"/soft-services","/office-cleaning",TRUE
"/soft-services","/pressure-washing",TRUE
"/soft-services","/window-cleaning",TRUE
"/soft-services","/soft-services",TRUE
"/soft-services","/security-services",TRUE
"/soft-services","/concierge-services",TRUE
"/soft-services","/washroom-management",TRUE
"/soft-services","/grounds-maintenance",TRUE
"/soft-services","/industrial-facilities-management",TRUE
"/soft-services","/commercial-facilities-management",TRUE
"/soft-services","/logistics-facilities-management",TRUE
"/soft-services","/warehouse-facilities-management",TRUE
"/soft-services","/retail-facilities-management",TRUE
"/soft-services","/healthcare-facilities-management",TRUE
"/soft-services","/education-facilities-management",TRUE
"/soft-services","/public-sector-facilities-management",TRUE
"/soft-services","/residential-facilities-management",TRUE
"/soft-services","/hotel-facilities-management",TRUE
"/soft-services","/sectors",FALSE
"/soft-services","/fm-london",TRUE
"/soft-services","/facilities-management-london",TRUE
"/soft-services","/london-facilities-management",TRUE
"/soft-services","/facilities-management-manchester",TRUE
"/soft-services","/facilities-management-birmingham",TRUE
"/soft-services","/facilities-management-sheffield",TRUE
"/soft-services","/facilities-management-leeds",TRUE
"/soft-services","/facilities-management-lincoln",TRUE
"/soft-services","/facilities-management-liverpool",TRUE
"/soft-services","/facilities-management-nottingham",TRUE
"/soft-services","/locations",FALSE
"/soft-services","/privacy-policy",TRUE
"/soft-services","/terms-and-conditions",TRUE
"/soft-services","/accessibility-statement",TRUE
"/soft-services","/helpdesk",TRUE
"/soft-services","/sitemap.xml",FALSE
"/terms-and-conditions","/client-login",TRUE
"/terms-and-conditions","/",TRUE
"/terms-and-conditions","/case-studies",FALSE
"/terms-and-conditions","/blog",TRUE
"/terms-and-conditions","/about-entire-facilities-management",TRUE
"/terms-and-conditions","/contact-us",TRUE
"/terms-and-conditions","/privacy-policy",TRUE
"/terms-and-conditions","/mechanical-electrical",TRUE
"/terms-and-conditions","/hvac-contractor",TRUE
"/terms-and-conditions","/ppm",TRUE
"/terms-and-conditions","/hard-services",TRUE
"/terms-and-conditions","/plumbing-gas",TRUE
"/terms-and-conditions","/fire-emergency-systems",TRUE
"/terms-and-conditions","/safety-critical-emergency-systems",TRUE
"/terms-and-conditions","/building-maintenance",TRUE
"/terms-and-conditions","/mechanical-electrical/emergency-light-testing",TRUE
"/terms-and-conditions","/mechanical-electrical/access-control",TRUE
"/terms-and-conditions","/aerial-drone-building-inspection",TRUE
"/terms-and-conditions","/industrial-cleaning",TRUE
"/terms-and-conditions","/cleaning-services",TRUE
"/terms-and-conditions","/contract-cleaning",TRUE
"/terms-and-conditions","/office-cleaning",TRUE
"/terms-and-conditions","/pressure-washing",TRUE
"/terms-and-conditions","/window-cleaning",TRUE
"/terms-and-conditions","/soft-services",TRUE
"/terms-and-conditions","/security-services",TRUE
"/terms-and-conditions","/concierge-services",TRUE
"/terms-and-conditions","/washroom-management",TRUE
"/terms-and-conditions","/grounds-maintenance",TRUE
"/terms-and-conditions","/industrial-facilities-management",TRUE
"/terms-and-conditions","/commercial-facilities-management",TRUE
"/terms-and-conditions","/logistics-facilities-management",TRUE
"/terms-and-conditions","/warehouse-facilities-management",TRUE
"/terms-and-conditions","/retail-facilities-management",TRUE
"/terms-and-conditions","/healthcare-facilities-management",TRUE
"/terms-and-conditions","/education-facilities-management",TRUE
"/terms-and-conditions","/public-sector-facilities-management",TRUE
"/terms-and-conditions","/residential-facilities-management",TRUE
"/terms-and-conditions","/hotel-facilities-management",TRUE
"/terms-and-conditions","/sectors",FALSE
"/terms-and-conditions","/fm-london",TRUE
"/terms-and-conditions","/facilities-management-london",TRUE
"/terms-and-conditions","/london-facilities-management",TRUE
"/terms-and-conditions","/facilities-management-manchester",TRUE
"/terms-and-conditions","/facilities-management-birmingham",TRUE
"/terms-and-conditions","/facilities-management-sheffield",TRUE
"/terms-and-conditions","/facilities-management-leeds",TRUE
"/terms-and-conditions","/facilities-management-lincoln",TRUE
"/terms-and-conditions","/facilities-management-liverpool",TRUE
"/terms-and-conditions","/facilities-management-nottingham",TRUE
"/terms-and-conditions","/locations",FALSE
"/terms-and-conditions","/terms-and-conditions",TRUE
"/terms-and-conditions","/accessibility-statement",TRUE
"/terms-and-conditions","/helpdesk",TRUE
"/terms-and-conditions","/sitemap.xml",FALSE
"/tierone-facilities-managment","/client-login",TRUE
"/tierone-facilities-managment","/",TRUE
"/tierone-facilities-managment","/case-studies",FALSE
"/tierone-facilities-managment","/blog",TRUE
"/tierone-facilities-managment","/about-entire-facilities-management",TRUE
"/tierone-facilities-managment","/contact-us",TRUE
"/tierone-facilities-managment","/sectors",FALSE
"/tierone-facilities-managment","/mechanical-electrical",TRUE
"/tierone-facilities-managment","/ppm",TRUE
"/tierone-facilities-managment","/hard-services",TRUE
"/tierone-facilities-managment","/hvac-contractor",TRUE
"/tierone-facilities-managment","/plumbing-gas",TRUE
"/tierone-facilities-managment","/fire-emergency-systems",TRUE
"/tierone-facilities-managment","/safety-critical-emergency-systems",TRUE
"/tierone-facilities-managment","/building-maintenance",TRUE
"/tierone-facilities-managment","/mechanical-electrical/emergency-light-testing",TRUE
"/tierone-facilities-managment","/mechanical-electrical/access-control",TRUE
"/tierone-facilities-managment","/aerial-drone-building-inspection",TRUE
"/tierone-facilities-managment","/industrial-cleaning",TRUE
"/tierone-facilities-managment","/cleaning-services",TRUE
"/tierone-facilities-managment","/contract-cleaning",TRUE
"/tierone-facilities-managment","/office-cleaning",TRUE
"/tierone-facilities-managment","/pressure-washing",TRUE
"/tierone-facilities-managment","/window-cleaning",TRUE
"/tierone-facilities-managment","/soft-services",TRUE
"/tierone-facilities-managment","/security-services",TRUE
"/tierone-facilities-managment","/concierge-services",TRUE
"/tierone-facilities-managment","/washroom-management",TRUE
"/tierone-facilities-managment","/grounds-maintenance",TRUE
"/tierone-facilities-managment","/industrial-facilities-management",TRUE
"/tierone-facilities-managment","/commercial-facilities-management",TRUE
"/tierone-facilities-managment","/logistics-facilities-management",TRUE
"/tierone-facilities-managment","/warehouse-facilities-management",TRUE
"/tierone-facilities-managment","/retail-facilities-management",TRUE
"/tierone-facilities-managment","/healthcare-facilities-management",TRUE
"/tierone-facilities-managment","/education-facilities-management",TRUE
"/tierone-facilities-managment","/public-sector-facilities-management",TRUE
"/tierone-facilities-managment","/residential-facilities-management",TRUE
"/tierone-facilities-managment","/hotel-facilities-management",TRUE
"/tierone-facilities-managment","/fm-london",TRUE
"/tierone-facilities-managment","/facilities-management-london",TRUE
"/tierone-facilities-managment","/london-facilities-management",TRUE
"/tierone-facilities-managment","/facilities-management-manchester",TRUE
"/tierone-facilities-managment","/facilities-management-birmingham",TRUE
"/tierone-facilities-managment","/facilities-management-sheffield",TRUE
"/tierone-facilities-managment","/facilities-management-leeds",TRUE
"/tierone-facilities-managment","/facilities-management-lincoln",TRUE
"/tierone-facilities-managment","/facilities-management-liverpool",TRUE
"/tierone-facilities-managment","/facilities-management-nottingham",TRUE
"/tierone-facilities-managment","/locations",FALSE
"/tierone-facilities-managment","/privacy-policy",TRUE
"/tierone-facilities-managment","/terms-and-conditions",TRUE
"/tierone-facilities-managment","/accessibility-statement",TRUE
"/tierone-facilities-managment","/helpdesk",TRUE
"/tierone-facilities-managment","/sitemap.xml",FALSE
"/washroom-management","/client-login",TRUE
"/washroom-management","/",TRUE
"/washroom-management","/case-studies",FALSE
"/washroom-management","/blog",TRUE
"/washroom-management","/about-entire-facilities-management",TRUE
"/washroom-management","/contact-us",TRUE
"/washroom-management","/services",TRUE
"/washroom-management","/mechanical-electrical",TRUE
"/washroom-management","/ppm",TRUE
"/washroom-management","/hard-services",TRUE
"/washroom-management","/hvac-contractor",TRUE
"/washroom-management","/plumbing-gas",TRUE
"/washroom-management","/fire-emergency-systems",TRUE
"/washroom-management","/safety-critical-emergency-systems",TRUE
"/washroom-management","/building-maintenance",TRUE
"/washroom-management","/mechanical-electrical/emergency-light-testing",TRUE
"/washroom-management","/mechanical-electrical/access-control",TRUE
"/washroom-management","/aerial-drone-building-inspection",TRUE
"/washroom-management","/industrial-cleaning",TRUE
"/washroom-management","/cleaning-services",TRUE
"/washroom-management","/contract-cleaning",TRUE
"/washroom-management","/office-cleaning",TRUE
"/washroom-management","/pressure-washing",TRUE
"/washroom-management","/window-cleaning",TRUE
"/washroom-management","/soft-services",TRUE
"/washroom-management","/security-services",TRUE
"/washroom-management","/concierge-services",TRUE
"/washroom-management","/washroom-management",TRUE
"/washroom-management","/grounds-maintenance",TRUE
"/washroom-management","/industrial-facilities-management",TRUE
"/washroom-management","/commercial-facilities-management",TRUE
"/washroom-management","/logistics-facilities-management",TRUE
"/washroom-management","/warehouse-facilities-management",TRUE
"/washroom-management","/retail-facilities-management",TRUE
"/washroom-management","/healthcare-facilities-management",TRUE
"/washroom-management","/education-facilities-management",TRUE
"/washroom-management","/public-sector-facilities-management",TRUE
"/washroom-management","/residential-facilities-management",TRUE
"/washroom-management","/hotel-facilities-management",TRUE
"/washroom-management","/sectors",FALSE
"/washroom-management","/fm-london",TRUE
"/washroom-management","/facilities-management-london",TRUE
"/washroom-management","/london-facilities-management",TRUE
"/washroom-management","/facilities-management-manchester",TRUE
"/washroom-management","/facilities-management-birmingham",TRUE
"/washroom-management","/facilities-management-sheffield",TRUE
"/washroom-management","/facilities-management-leeds",TRUE
"/washroom-management","/facilities-management-lincoln",TRUE
"/washroom-management","/facilities-management-liverpool",TRUE
"/washroom-management","/facilities-management-nottingham",TRUE
"/washroom-management","/locations",FALSE
"/washroom-management","/privacy-policy",TRUE
"/washroom-management","/terms-and-conditions",TRUE
"/washroom-management","/accessibility-statement",TRUE
"/washroom-management","/helpdesk",TRUE
"/washroom-management","/sitemap.xml",FALSE
"/warehouse-facilities-management","/client-login",TRUE
"/warehouse-facilities-management","/",TRUE
"/warehouse-facilities-management","/case-studies",FALSE
"/warehouse-facilities-management","/blog",TRUE
"/warehouse-facilities-management","/about-entire-facilities-management",TRUE
"/warehouse-facilities-management","/contact-us",TRUE
"/warehouse-facilities-management","/sectors",FALSE
"/warehouse-facilities-management","/mechanical-electrical",TRUE
"/warehouse-facilities-management","/ppm",TRUE
"/warehouse-facilities-management","/hard-services",TRUE
"/warehouse-facilities-management","/hvac-contractor",TRUE
"/warehouse-facilities-management","/plumbing-gas",TRUE
"/warehouse-facilities-management","/fire-emergency-systems",TRUE
"/warehouse-facilities-management","/safety-critical-emergency-systems",TRUE
"/warehouse-facilities-management","/building-maintenance",TRUE
"/warehouse-facilities-management","/mechanical-electrical/emergency-light-testing",TRUE
"/warehouse-facilities-management","/mechanical-electrical/access-control",TRUE
"/warehouse-facilities-management","/aerial-drone-building-inspection",TRUE
"/warehouse-facilities-management","/industrial-cleaning",TRUE
"/warehouse-facilities-management","/cleaning-services",TRUE
"/warehouse-facilities-management","/contract-cleaning",TRUE
"/warehouse-facilities-management","/office-cleaning",TRUE
"/warehouse-facilities-management","/pressure-washing",TRUE
"/warehouse-facilities-management","/window-cleaning",TRUE
"/warehouse-facilities-management","/soft-services",TRUE
"/warehouse-facilities-management","/security-services",TRUE
"/warehouse-facilities-management","/concierge-services",TRUE
"/warehouse-facilities-management","/washroom-management",TRUE
"/warehouse-facilities-management","/grounds-maintenance",TRUE
"/warehouse-facilities-management","/industrial-facilities-management",TRUE
"/warehouse-facilities-management","/commercial-facilities-management",TRUE
"/warehouse-facilities-management","/logistics-facilities-management",TRUE
"/warehouse-facilities-management","/warehouse-facilities-management",TRUE
"/warehouse-facilities-management","/retail-facilities-management",TRUE
"/warehouse-facilities-management","/healthcare-facilities-management",TRUE
"/warehouse-facilities-management","/education-facilities-management",TRUE
"/warehouse-facilities-management","/public-sector-facilities-management",TRUE
"/warehouse-facilities-management","/residential-facilities-management",TRUE
"/warehouse-facilities-management","/hotel-facilities-management",TRUE
"/warehouse-facilities-management","/fm-london",TRUE
"/warehouse-facilities-management","/facilities-management-london",TRUE
"/warehouse-facilities-management","/london-facilities-management",TRUE
"/warehouse-facilities-management","/facilities-management-manchester",TRUE
"/warehouse-facilities-management","/facilities-management-birmingham",TRUE
"/warehouse-facilities-management","/facilities-management-sheffield",TRUE
"/warehouse-facilities-management","/facilities-management-leeds",TRUE
"/warehouse-facilities-management","/facilities-management-lincoln",TRUE
"/warehouse-facilities-management","/facilities-management-liverpool",TRUE
"/warehouse-facilities-management","/facilities-management-nottingham",TRUE
"/warehouse-facilities-management","/locations",FALSE
"/warehouse-facilities-management","/privacy-policy",TRUE
"/warehouse-facilities-management","/terms-and-conditions",TRUE
"/warehouse-facilities-management","/accessibility-statement",TRUE
"/warehouse-facilities-management","/helpdesk",TRUE
"/warehouse-facilities-management","/sitemap.xml",FALSE
"/transport-facilities-management","/client-login",TRUE
"/transport-facilities-management","/",TRUE
"/transport-facilities-management","/case-studies",FALSE
"/transport-facilities-management","/blog",TRUE
"/transport-facilities-management","/about-entire-facilities-management",TRUE
"/transport-facilities-management","/contact-us",TRUE
"/transport-facilities-management","/sectors",FALSE
"/transport-facilities-management","/mechanical-electrical",TRUE
"/transport-facilities-management","/ppm",TRUE
"/transport-facilities-management","/hard-services",TRUE
"/transport-facilities-management","/hvac-contractor",TRUE
"/transport-facilities-management","/plumbing-gas",TRUE
"/transport-facilities-management","/fire-emergency-systems",TRUE
"/transport-facilities-management","/safety-critical-emergency-systems",TRUE
"/transport-facilities-management","/building-maintenance",TRUE
"/transport-facilities-management","/mechanical-electrical/emergency-light-testing",TRUE
"/transport-facilities-management","/mechanical-electrical/access-control",TRUE
"/transport-facilities-management","/aerial-drone-building-inspection",TRUE
"/transport-facilities-management","/industrial-cleaning",TRUE
"/transport-facilities-management","/cleaning-services",TRUE
"/transport-facilities-management","/contract-cleaning",TRUE
"/transport-facilities-management","/office-cleaning",TRUE
"/transport-facilities-management","/pressure-washing",TRUE
"/transport-facilities-management","/window-cleaning",TRUE
"/transport-facilities-management","/soft-services",TRUE
"/transport-facilities-management","/security-services",TRUE
"/transport-facilities-management","/concierge-services",TRUE
"/transport-facilities-management","/washroom-management",TRUE
"/transport-facilities-management","/grounds-maintenance",TRUE
"/transport-facilities-management","/industrial-facilities-management",TRUE
"/transport-facilities-management","/commercial-facilities-management",TRUE
"/transport-facilities-management","/logistics-facilities-management",TRUE
"/transport-facilities-management","/warehouse-facilities-management",TRUE
"/transport-facilities-management","/retail-facilities-management",TRUE
"/transport-facilities-management","/healthcare-facilities-management",TRUE
"/transport-facilities-management","/education-facilities-management",TRUE
"/transport-facilities-management","/public-sector-facilities-management",TRUE
"/transport-facilities-management","/residential-facilities-management",TRUE
"/transport-facilities-management","/hotel-facilities-management",TRUE
"/transport-facilities-management","/fm-london",TRUE
"/transport-facilities-management","/facilities-management-london",TRUE
"/transport-facilities-management","/london-facilities-management",TRUE
"/transport-facilities-management","/facilities-management-manchester",TRUE
"/transport-facilities-management","/facilities-management-birmingham",TRUE
"/transport-facilities-management","/facilities-management-sheffield",TRUE
"/transport-facilities-management","/facilities-management-leeds",TRUE
"/transport-facilities-management","/facilities-management-lincoln",TRUE
"/transport-facilities-management","/facilities-management-liverpool",TRUE
"/transport-facilities-management","/facilities-management-nottingham",TRUE
"/transport-facilities-management","/locations",FALSE
"/transport-facilities-management","/privacy-policy",TRUE
"/transport-facilities-management","/terms-and-conditions",TRUE
"/transport-facilities-management","/accessibility-statement",TRUE
"/transport-facilities-management","/helpdesk",TRUE
"/transport-facilities-management","/sitemap.xml",FALSE
"/vending-supplier","/client-login",TRUE
"/vending-supplier","/",TRUE
"/vending-supplier","/case-studies",FALSE
"/vending-supplier","/blog",TRUE
"/vending-supplier","/about-entire-facilities-management",TRUE
"/vending-supplier","/contact-us",TRUE
"/vending-supplier","/services",TRUE
"/vending-supplier","/mechanical-electrical",TRUE
"/vending-supplier","/ppm",TRUE
"/vending-supplier","/hard-services",TRUE
"/vending-supplier","/hvac-contractor",TRUE
"/vending-supplier","/plumbing-gas",TRUE
"/vending-supplier","/fire-emergency-systems",TRUE
"/vending-supplier","/safety-critical-emergency-systems",TRUE
"/vending-supplier","/building-maintenance",TRUE
"/vending-supplier","/mechanical-electrical/emergency-light-testing",TRUE
"/vending-supplier","/mechanical-electrical/access-control",TRUE
"/vending-supplier","/aerial-drone-building-inspection",TRUE
"/vending-supplier","/industrial-cleaning",TRUE
"/vending-supplier","/cleaning-services",TRUE
"/vending-supplier","/contract-cleaning",TRUE
"/vending-supplier","/office-cleaning",TRUE
"/vending-supplier","/pressure-washing",TRUE
"/vending-supplier","/window-cleaning",TRUE
"/vending-supplier","/soft-services",TRUE
"/vending-supplier","/security-services",TRUE
"/vending-supplier","/concierge-services",TRUE
"/vending-supplier","/washroom-management",TRUE
"/vending-supplier","/grounds-maintenance",TRUE
"/vending-supplier","/industrial-facilities-management",TRUE
"/vending-supplier","/commercial-facilities-management",TRUE
"/vending-supplier","/logistics-facilities-management",TRUE
"/vending-supplier","/warehouse-facilities-management",TRUE
"/vending-supplier","/retail-facilities-management",TRUE
"/vending-supplier","/healthcare-facilities-management",TRUE
"/vending-supplier","/education-facilities-management",TRUE
"/vending-supplier","/public-sector-facilities-management",TRUE
"/vending-supplier","/residential-facilities-management",TRUE
"/vending-supplier","/hotel-facilities-management",TRUE
"/vending-supplier","/sectors",FALSE
"/vending-supplier","/fm-london",TRUE
"/vending-supplier","/facilities-management-london",TRUE
"/vending-supplier","/london-facilities-management",TRUE
"/vending-supplier","/facilities-management-manchester",TRUE
"/vending-supplier","/facilities-management-birmingham",TRUE
"/vending-supplier","/facilities-management-sheffield",TRUE
"/vending-supplier","/facilities-management-leeds",TRUE
"/vending-supplier","/facilities-management-lincoln",TRUE
"/vending-supplier","/facilities-management-liverpool",TRUE
"/vending-supplier","/facilities-management-nottingham",TRUE
"/vending-supplier","/locations",FALSE
"/vending-supplier","/privacy-policy",TRUE
"/vending-supplier","/terms-and-conditions",TRUE
"/vending-supplier","/accessibility-statement",TRUE
"/vending-supplier","/helpdesk",TRUE
"/vending-supplier","/sitemap.xml",FALSE
"/working-at-heights","/client-login",TRUE
"/working-at-heights","/",TRUE
"/working-at-heights","/case-studies",FALSE
"/working-at-heights","/blog",TRUE
"/working-at-heights","/about-entire-facilities-management",TRUE
"/working-at-heights","/contact-us",TRUE
"/working-at-heights","/services",TRUE
"/working-at-heights","/mechanical-electrical",TRUE
"/working-at-heights","/ppm",TRUE
"/working-at-heights","/hard-services",TRUE
"/working-at-heights","/hvac-contractor",TRUE
"/working-at-heights","/plumbing-gas",TRUE
"/working-at-heights","/fire-emergency-systems",TRUE
"/working-at-heights","/safety-critical-emergency-systems",TRUE
"/working-at-heights","/building-maintenance",TRUE
"/working-at-heights","/mechanical-electrical/emergency-light-testing",TRUE
"/working-at-heights","/mechanical-electrical/access-control",TRUE
"/working-at-heights","/aerial-drone-building-inspection",TRUE
"/working-at-heights","/industrial-cleaning",TRUE
"/working-at-heights","/cleaning-services",TRUE
"/working-at-heights","/contract-cleaning",TRUE
"/working-at-heights","/office-cleaning",TRUE
"/working-at-heights","/pressure-washing",TRUE
"/working-at-heights","/window-cleaning",TRUE
"/working-at-heights","/soft-services",TRUE
"/working-at-heights","/security-services",TRUE
"/working-at-heights","/concierge-services",TRUE
"/working-at-heights","/washroom-management",TRUE
"/working-at-heights","/grounds-maintenance",TRUE
"/working-at-heights","/industrial-facilities-management",TRUE
"/working-at-heights","/commercial-facilities-management",TRUE
"/working-at-heights","/logistics-facilities-management",TRUE
"/working-at-heights","/warehouse-facilities-management",TRUE
"/working-at-heights","/retail-facilities-management",TRUE
"/working-at-heights","/healthcare-facilities-management",TRUE
"/working-at-heights","/education-facilities-management",TRUE
"/working-at-heights","/public-sector-facilities-management",TRUE
"/working-at-heights","/residential-facilities-management",TRUE
"/working-at-heights","/hotel-facilities-management",TRUE
"/working-at-heights","/sectors",FALSE
"/working-at-heights","/fm-london",TRUE
"/working-at-heights","/facilities-management-london",TRUE
"/working-at-heights","/london-facilities-management",TRUE
"/working-at-heights","/facilities-management-manchester",TRUE
"/working-at-heights","/facilities-management-birmingham",TRUE
"/working-at-heights","/facilities-management-sheffield",TRUE
"/working-at-heights","/facilities-management-leeds",TRUE
"/working-at-heights","/facilities-management-lincoln",TRUE
"/working-at-heights","/facilities-management-liverpool",TRUE
"/working-at-heights","/facilities-management-nottingham",TRUE
"/working-at-heights","/locations",FALSE
"/working-at-heights","/privacy-policy",TRUE
"/working-at-heights","/terms-and-conditions",TRUE
"/working-at-heights","/accessibility-statement",TRUE
"/working-at-heights","/helpdesk",TRUE
"/working-at-heights","/sitemap.xml",FALSE
"/what-is-facilities-management","/client-login",TRUE
"/what-is-facilities-management","/",TRUE
"/what-is-facilities-management","/case-studies",FALSE
"/what-is-facilities-management","/blog",TRUE
"/what-is-facilities-management","/about-entire-facilities-management",TRUE
"/what-is-facilities-management","/contact-us",TRUE
"/what-is-facilities-management","/services",TRUE
"/what-is-facilities-management","/mechanical-electrical",TRUE
"/what-is-facilities-management","/ppm",TRUE
"/what-is-facilities-management","/hard-services",TRUE
"/what-is-facilities-management","/hvac-contractor",TRUE
"/what-is-facilities-management","/plumbing-gas",TRUE
"/what-is-facilities-management","/fire-emergency-systems",TRUE
"/what-is-facilities-management","/safety-critical-emergency-systems",TRUE
"/what-is-facilities-management","/building-maintenance",TRUE
"/what-is-facilities-management","/mechanical-electrical/emergency-light-testing",TRUE
"/what-is-facilities-management","/mechanical-electrical/access-control",TRUE
"/what-is-facilities-management","/aerial-drone-building-inspection",TRUE
"/what-is-facilities-management","/industrial-cleaning",TRUE
"/what-is-facilities-management","/cleaning-services",TRUE
"/what-is-facilities-management","/contract-cleaning",TRUE
"/what-is-facilities-management","/office-cleaning",TRUE
"/what-is-facilities-management","/pressure-washing",TRUE
"/what-is-facilities-management","/window-cleaning",TRUE
"/what-is-facilities-management","/soft-services",TRUE
"/what-is-facilities-management","/security-services",TRUE
"/what-is-facilities-management","/concierge-services",TRUE
"/what-is-facilities-management","/washroom-management",TRUE
"/what-is-facilities-management","/grounds-maintenance",TRUE
"/what-is-facilities-management","/industrial-facilities-management",TRUE
"/what-is-facilities-management","/commercial-facilities-management",TRUE
"/what-is-facilities-management","/logistics-facilities-management",TRUE
"/what-is-facilities-management","/warehouse-facilities-management",TRUE
"/what-is-facilities-management","/retail-facilities-management",TRUE
"/what-is-facilities-management","/healthcare-facilities-management",TRUE
"/what-is-facilities-management","/education-facilities-management",TRUE
"/what-is-facilities-management","/public-sector-facilities-management",TRUE
"/what-is-facilities-management","/residential-facilities-management",TRUE
"/what-is-facilities-management","/hotel-facilities-management",TRUE
"/what-is-facilities-management","/sectors",FALSE
"/what-is-facilities-management","/fm-london",TRUE
"/what-is-facilities-management","/facilities-management-london",TRUE
"/what-is-facilities-management","/london-facilities-management",TRUE
"/what-is-facilities-management","/facilities-management-manchester",TRUE
"/what-is-facilities-management","/facilities-management-birmingham",TRUE
"/what-is-facilities-management","/facilities-management-sheffield",TRUE
"/what-is-facilities-management","/facilities-management-leeds",TRUE
"/what-is-facilities-management","/facilities-management-lincoln",TRUE
"/what-is-facilities-management","/facilities-management-liverpool",TRUE
"/what-is-facilities-management","/facilities-management-nottingham",TRUE
"/what-is-facilities-management","/locations",FALSE
"/what-is-facilities-management","/privacy-policy",TRUE
"/what-is-facilities-management","/terms-and-conditions",TRUE
"/what-is-facilities-management","/accessibility-statement",TRUE
"/what-is-facilities-management","/helpdesk",TRUE
"/what-is-facilities-management","/sitemap.xml",FALSE
"/window-cleaning","/client-login",TRUE
"/window-cleaning","/",TRUE
"/window-cleaning","/case-studies",FALSE
"/window-cleaning","/blog",TRUE
"/window-cleaning","/about-entire-facilities-management",TRUE
"/window-cleaning","/contact-us",TRUE
"/window-cleaning","/services",TRUE
"/window-cleaning","/mechanical-electrical",TRUE
"/window-cleaning","/ppm",TRUE
"/window-cleaning","/hard-services",TRUE
"/window-cleaning","/hvac-contractor",TRUE
"/window-cleaning","/plumbing-gas",TRUE
"/window-cleaning","/fire-emergency-systems",TRUE
"/window-cleaning","/safety-critical-emergency-systems",TRUE
"/window-cleaning","/building-maintenance",TRUE
"/window-cleaning","/mechanical-electrical/emergency-light-testing",TRUE
"/window-cleaning","/mechanical-electrical/access-control",TRUE
"/window-cleaning","/aerial-drone-building-inspection",TRUE
"/window-cleaning","/industrial-cleaning",TRUE
"/window-cleaning","/cleaning-services",TRUE
"/window-cleaning","/contract-cleaning",TRUE
"/window-cleaning","/office-cleaning",TRUE
"/window-cleaning","/pressure-washing",TRUE
"/window-cleaning","/window-cleaning",TRUE
"/window-cleaning","/soft-services",TRUE
"/window-cleaning","/security-services",TRUE
"/window-cleaning","/concierge-services",TRUE
"/window-cleaning","/washroom-management",TRUE
"/window-cleaning","/grounds-maintenance",TRUE
"/window-cleaning","/industrial-facilities-management",TRUE
"/window-cleaning","/commercial-facilities-management",TRUE
"/window-cleaning","/logistics-facilities-management",TRUE
"/window-cleaning","/warehouse-facilities-management",TRUE
"/window-cleaning","/retail-facilities-management",TRUE
"/window-cleaning","/healthcare-facilities-management",TRUE
"/window-cleaning","/education-facilities-management",TRUE
"/window-cleaning","/public-sector-facilities-management",TRUE
"/window-cleaning","/residential-facilities-management",TRUE
"/window-cleaning","/hotel-facilities-management",TRUE
"/window-cleaning","/sectors",FALSE
"/window-cleaning","/fm-london",TRUE
"/window-cleaning","/facilities-management-london",TRUE
"/window-cleaning","/london-facilities-management",TRUE
"/window-cleaning","/facilities-management-manchester",TRUE
"/window-cleaning","/facilities-management-birmingham",TRUE
"/window-cleaning","/facilities-management-sheffield",TRUE
"/window-cleaning","/facilities-management-leeds",TRUE
"/window-cleaning","/facilities-management-lincoln",TRUE
"/window-cleaning","/facilities-management-liverpool",TRUE
"/window-cleaning","/facilities-management-nottingham",TRUE
"/window-cleaning","/locations",FALSE
"/window-cleaning","/privacy-policy",TRUE
"/window-cleaning","/terms-and-conditions",TRUE
"/window-cleaning","/accessibility-statement",TRUE
"/window-cleaning","/helpdesk",TRUE
"/window-cleaning","/sitemap.xml",FALSE
"/wigan-facilities-management","/client-login",TRUE
"/wigan-facilities-management","/",TRUE
"/wigan-facilities-management","/case-studies",FALSE
"/wigan-facilities-management","/blog",TRUE
"/wigan-facilities-management","/about-entire-facilities-management",TRUE
"/wigan-facilities-management","/contact-us",TRUE
"/wigan-facilities-management","/locations",FALSE
"/wigan-facilities-management","/mechanical-electrical",TRUE
"/wigan-facilities-management","/ppm",TRUE
"/wigan-facilities-management","/hard-services",TRUE
"/wigan-facilities-management","/hvac-contractor",TRUE
"/wigan-facilities-management","/plumbing-gas",TRUE
"/wigan-facilities-management","/fire-emergency-systems",TRUE
"/wigan-facilities-management","/safety-critical-emergency-systems",TRUE
"/wigan-facilities-management","/building-maintenance",TRUE
"/wigan-facilities-management","/mechanical-electrical/emergency-light-testing",TRUE
"/wigan-facilities-management","/mechanical-electrical/access-control",TRUE
"/wigan-facilities-management","/aerial-drone-building-inspection",TRUE
"/wigan-facilities-management","/industrial-cleaning",TRUE
"/wigan-facilities-management","/cleaning-services",TRUE
"/wigan-facilities-management","/contract-cleaning",TRUE
"/wigan-facilities-management","/office-cleaning",TRUE
"/wigan-facilities-management","/pressure-washing",TRUE
"/wigan-facilities-management","/window-cleaning",TRUE
"/wigan-facilities-management","/soft-services",TRUE
"/wigan-facilities-management","/security-services",TRUE
"/wigan-facilities-management","/concierge-services",TRUE
"/wigan-facilities-management","/washroom-management",TRUE
"/wigan-facilities-management","/grounds-maintenance",TRUE
"/wigan-facilities-management","/industrial-facilities-management",TRUE
"/wigan-facilities-management","/commercial-facilities-management",TRUE
"/wigan-facilities-management","/logistics-facilities-management",TRUE
"/wigan-facilities-management","/warehouse-facilities-management",TRUE
"/wigan-facilities-management","/retail-facilities-management",TRUE
"/wigan-facilities-management","/healthcare-facilities-management",TRUE
"/wigan-facilities-management","/education-facilities-management",TRUE
"/wigan-facilities-management","/public-sector-facilities-management",TRUE
"/wigan-facilities-management","/residential-facilities-management",TRUE
"/wigan-facilities-management","/hotel-facilities-management",TRUE
"/wigan-facilities-management","/sectors",FALSE
"/wigan-facilities-management","/fm-london",TRUE
"/wigan-facilities-management","/facilities-management-london",TRUE
"/wigan-facilities-management","/london-facilities-management",TRUE
"/wigan-facilities-management","/facilities-management-manchester",TRUE
"/wigan-facilities-management","/facilities-management-birmingham",TRUE
"/wigan-facilities-management","/facilities-management-sheffield",TRUE
"/wigan-facilities-management","/facilities-management-leeds",TRUE
"/wigan-facilities-management","/facilities-management-lincoln",TRUE
"/wigan-facilities-management","/facilities-management-liverpool",TRUE
"/wigan-facilities-management","/facilities-management-nottingham",TRUE
"/wigan-facilities-management","/privacy-policy",TRUE
"/wigan-facilities-management","/terms-and-conditions",TRUE
"/wigan-facilities-management","/accessibility-statement",TRUE
"/wigan-facilities-management","/helpdesk",TRUE
"/wigan-facilities-management","/sitemap.xml",FALSE