requested URL,status,final URL,redirect hops,canonical,robots,title,meta description,H1,main body,sitemap inclusion
"https://www.entirefm.com/","200","https://www.entirefm.com/","0","https://www.entirefm.com","index, follow","Entire FM | Total Facilities Management Services UK","Entire FM provides integrated Hard FM, Soft FM, mechanical &amp; electrical engineering, PPM, and specialist facilities management across London and the UK.","Facilities management,without the friction.","YES","sitemaps/core.xml"
"https://www.entirefm.com/24-7-fm-support","200","https://www.entirefm.com/24-7-fm-support","0","https://www.entirefm.com/24-7-fm-support","noindex, follow","24 7 Fm Support | Facilities Management &amp; Engineering | Entire FM","Specialist commercial 24 7 fm support across the UK. Proactive maintenance, building engineering, statutory compliance, and dedicated client management.","24 7 Fm Support — Facilities Management &amp; Engineering","YES","sitemaps/core.xml"
"https://www.entirefm.com/about-entire-facilities-management","200","https://www.entirefm.com/about-entire-facilities-management","0","https://www.entirefm.com/about-entire-facilities-management","index, follow","About EntireFM | Independent Facilities Management Since 2009","EntireFM is an independently owned facilities management provider. Started in 2009 as a small building maintenance company; now maintaining commercial property nationwide.","Independently owned. Building maintenance since 2009.","YES","sitemaps/company.xml"
"https://www.entirefm.com/access-control","200","https://www.entirefm.com/access-control","0","https://www.entirefm.com/access-control","index, follow","Access Control Systems | Installation &amp; Maintenance | EntireFM","Commercial access control installation, maintenance and fault response — door entry, fobs, readers, barriers and integration with fire and intruder systems.","Commercial Access Control Systems","YES","sitemaps/hard-fm.xml"
"https://www.entirefm.com/accessibility-statement","200","https://www.entirefm.com/accessibility-statement","0","https://www.entirefm.com/accessibility-statement","noindex, follow","Accessibility Statement | Entire FM","Official accessibility statement documentation and legal governance for Entire Facilities Management Ltd.","Accessibility Statement","YES","sitemaps/core.xml"
"https://www.entirefm.com/account-registration","200","https://www.entirefm.com/account-registration","0","https://www.entirefm.com/account-registration","noindex, follow","Client Account Registration | EntireFM","Register for an EntireFM client account to log jobs, track progress, access compliance certificates and view planned maintenance schedules for your sites.","Client Account Registration","YES","sitemaps/company.xml"
"https://www.entirefm.com/aerial-drone-building-inspection","200","https://www.entirefm.com/aerial-drone-building-inspection","0","https://www.entirefm.com/aerial-drone-building-inspection","index, follow","Aerial Drone Building Inspections | High-Level Surveys | Entire FM","Commercial drone building inspections and roof surveys across the UK. High-resolution imaging, thermal anomaly detection, and safe high-reach assessments.","Aerial Drone Building Inspections &amp; Roof Surveys","YES","sitemaps/hard-fm.xml"
"https://www.entirefm.com/airport-facilities-management","200","https://www.entirefm.com/airport-facilities-management","0","https://www.entirefm.com/airport-facilities-management","index, follow","Airport Facilities Management | Terminal &amp; Airside Engineering | Entire FM","Specialist facilities management for airports, train stations, and transport hubs. Security-vetted engineering, passenger flow cleaning, and critical power.","Airport &amp; Aviation Terminal Facilities Management","YES","sitemaps/sectors.xml"
"https://www.entirefm.com/arena-facilities-management","200","https://www.entirefm.com/arena-facilities-management","0","https://www.entirefm.com/arena-facilities-management","index, follow","Arena Facilities Management | Entertainment Complex FM | Entire FM","Total facilities management for sports stadiums, concert arenas, and leisure complexes. High-capacity cleaning, crowd safety systems, turnstiles, and pitch lighting.","Arena &amp; Large Entertainment Complex Facilities Management","YES","sitemaps/sectors.xml"
"https://www.entirefm.com/arena-facilities-management-1","200","https://www.entirefm.com/arena-facilities-management-1","0","https://www.entirefm.com/arena-facilities-management-1","index, follow","Arena &amp; Venue Facilities Management | EntireFM","Facilities management for arenas and live venues — event-day readiness, overnight turnarounds, crowd-load plant, and maintenance that fits an immovable calendar.","Arena and Live Venue Facilities Management","YES","sitemaps/sectors.xml"
"https://www.entirefm.com/best-facilities-management-company","200","https://www.entirefm.com/best-facilities-management-company","0","https://www.entirefm.com/best-facilities-management-company","noindex, follow","Best Facilities Management Company | Facilities Management &amp; Engineering | Entire FM","Specialist commercial best facilities management company across the UK. Proactive maintenance, building engineering, statutory compliance, and dedicated client management.","Best Facilities Management Company — Facilities Management &amp; Engineering","YES","sitemaps/company.xml"
"https://www.entirefm.com/birmingham-facilities-management","200","https://www.entirefm.com/birmingham-facilities-management","0","https://www.entirefm.com/birmingham-facilities-management","index, follow","Birmingham Facilities Management | Multi-Site Estates | EntireFM","Multi-site facilities management across Birmingham and the West Midlands. Consistent standards, one reporting line and coordinated maintenance across every site.","Birmingham Facilities Management for Multi-Site Estates","YES","sitemaps/locations.xml"
"https://www.entirefm.com/blog","200","https://www.entirefm.com/blog","0","https://www.entirefm.com/blog","index, follow","Blog | Facilities Management &amp; Compliance Insight | EntireFM","Articles on facilities management, statutory compliance and building engineering from EntireFM — what the law requires, what standards advise, and what actually happens on site.","Insight","YES","sitemaps/insights.xml"
"https://www.entirefm.com/bocker-crane-hire","200","https://www.entirefm.com/bocker-crane-hire","0","https://www.entirefm.com/bocker-crane-hire","noindex, follow","Bocker Crane Hire | Facilities Management &amp; Engineering | Entire FM","Specialist commercial bocker crane hire across the UK. Proactive maintenance, building engineering, statutory compliance, and dedicated client management.","Bocker Crane Hire — Facilities Management &amp; Engineering","YES","sitemaps/specialist-services.xml"
"https://www.entirefm.com/bolton-facilities-management","200","https://www.entirefm.com/bolton-facilities-management","0","https://www.entirefm.com/bolton-facilities-management","noindex, follow","Bolton Facilities Management | Facilities Management &amp; Engineering | Entire FM","Specialist commercial bolton facilities management across the UK. Proactive maintenance, building engineering, statutory compliance, and dedicated client management.","Bolton Facilities Management — Facilities Management &amp; Engineering","YES","sitemaps/locations.xml"
"https://www.entirefm.com/bradford-facilities-management","200","https://www.entirefm.com/bradford-facilities-management","0","https://www.entirefm.com/bradford-facilities-management","noindex, follow","Bradford Facilities Management | Facilities Management &amp; Engineering | Entire FM","Specialist commercial bradford facilities management across the UK. Proactive maintenance, building engineering, statutory compliance, and dedicated client management.","Bradford Facilities Management — Facilities Management &amp; Engineering","YES","sitemaps/locations.xml"
"https://www.entirefm.com/building-inspecting-testing","200","https://www.entirefm.com/building-inspecting-testing","0","https://www.entirefm.com/building-inspecting-testing","noindex, follow","Building Inspecting Testing | Facilities Management &amp; Engineering | Entire FM","Specialist commercial building inspecting testing across the UK. Proactive maintenance, building engineering, statutory compliance, and dedicated client management.","Building Inspecting Testing — Facilities Management &amp; Engineering","YES","sitemaps/hard-fm.xml"
"https://www.entirefm.com/building-maintenance","200","https://www.entirefm.com/building-maintenance","0","https://www.entirefm.com/building-maintenance","index, follow","Commercial Building Fabric Maintenance | Property Repairs | Entire FM","Comprehensive commercial building fabric maintenance. Internal and external property repairs, roofing, carpentry, glazing, ceilings, and multi-trade works.","Commercial Building Fabric Maintenance &amp; Repairs","YES","sitemaps/hard-fm.xml"
"https://www.entirefm.com/bury-facilities-management","200","https://www.entirefm.com/bury-facilities-management","0","https://www.entirefm.com/bury-facilities-management","noindex, follow","Bury Facilities Management | Facilities Management &amp; Engineering | Entire FM","Specialist commercial bury facilities management across the UK. Proactive maintenance, building engineering, statutory compliance, and dedicated client management.","Bury Facilities Management — Facilities Management &amp; Engineering","YES","sitemaps/locations.xml"
"https://www.entirefm.com/caretaker","200","https://www.entirefm.com/caretaker","0","https://www.entirefm.com/caretaker","index, follow","On-Site Caretaker &amp; Building Warden Services | Entire FM","Professional corporate concierge and dedicated on-site caretakers for commercial offices, residential developments, and business parks.","On-Site Caretaking &amp; Building Warden Services","YES","sitemaps/soft-fm.xml"
"https://www.entirefm.com/carpark-management","200","https://www.entirefm.com/carpark-management","0","https://www.entirefm.com/carpark-management","noindex, follow","Carpark Management | Facilities Management &amp; Engineering | Entire FM","Specialist commercial carpark management across the UK. Proactive maintenance, building engineering, statutory compliance, and dedicated client management.","Carpark Management — Facilities Management &amp; Engineering","YES","sitemaps/soft-fm.xml"
"https://www.entirefm.com/case-studies","200","https://www.entirefm.com/case-studies","0","https://www.entirefm.com/case-studies","index, follow","Case Studies | Facilities Management &amp; Engineering | Entire FM","Specialist commercial case studies across the UK. Proactive maintenance, building engineering, statutory compliance, and dedicated client management.","Case Studies — Facilities Management &amp; Engineering","YES","sitemaps/company.xml"
"https://www.entirefm.com/chesterfield","200","https://www.entirefm.com/chesterfield","0","https://www.entirefm.com/chesterfield","index, follow","Crane Hire Chesterfield | Contract Lifts | EntireFM","Crane hire in Chesterfield and north Derbyshire — contract lifts, rooftop plant replacement, restricted-access lifting, appointed person and lift planning.","Crane Hire in Chesterfield","YES","sitemaps/local-services.xml"
"https://www.entirefm.com/chesterfield-facilities-management","200","https://www.entirefm.com/chesterfield-facilities-management","0","https://www.entirefm.com/chesterfield-facilities-management","noindex, follow","Chesterfield Facilities Management | Facilities Management &amp; Engineering | Entire FM","Specialist commercial chesterfield facilities management across the UK. Proactive maintenance, building engineering, statutory compliance, and dedicated client management.","Chesterfield Facilities Management — Facilities Management &amp; Engineering","YES","sitemaps/locations.xml"
"https://www.entirefm.com/cleaning-services","200","https://www.entirefm.com/cleaning-services","0","https://www.entirefm.com/cleaning-services","noindex, follow","Cleaning Services | Facilities Management &amp; Engineering | Entire FM","Specialist commercial cleaning services across the UK. Proactive maintenance, building engineering, statutory compliance, and dedicated client management.","Cleaning Services — Facilities Management &amp; Engineering","YES","sitemaps/cleaning.xml"
"https://www.entirefm.com/client-login","200","https://www.entirefm.com/client-login","0","https://www.entirefm.com/client-login","noindex, follow","Client Login | Facilities Management &amp; Engineering | Entire FM","Specialist commercial client login across the UK. Proactive maintenance, building engineering, statutory compliance, and dedicated client management.","Client Login — Facilities Management &amp; Engineering","YES","sitemaps/company.xml"
"https://www.entirefm.com/client-login/account-registration","200","https://www.entirefm.com/client-login/account-registration","0","https://www.entirefm.com/client-login/account-registration","noindex, follow","Client Login/Account Registration | Facilities Management &amp; Engineering | Entire FM","Specialist commercial client login/account registration across the UK. Proactive maintenance, building engineering, statutory compliance, and dedicated client management.","Client Login/Account Registration — Facilities Management &amp; Engineering","YES","sitemaps/company.xml"
"https://www.entirefm.com/commercial-cleaning-birmingham","200","https://www.entirefm.com/commercial-cleaning-birmingham","0","https://www.entirefm.com/commercial-cleaning-birmingham","noindex, follow","Commercial Cleaning Birmingham | Commercial Specialist Services | Entire FM","Professional commercial cleaning across Birmingham and surrounding districts. High-standard commercial premises care, scheduled contracts, and trained local teams.","Commercial Cleaning in Birmingham &amp; Surrounding Districts","YES","sitemaps/local-services.xml"
"https://www.entirefm.com/commercial-cleaning-chesterfield","200","https://www.entirefm.com/commercial-cleaning-chesterfield","0","https://www.entirefm.com/commercial-cleaning-chesterfield","noindex, follow","Commercial Cleaning Chesterfield | Commercial Specialist Services | Entire FM","Professional commercial cleaning across Chesterfield and surrounding districts. High-standard commercial premises care, scheduled contracts, and trained local teams.","Commercial Cleaning in Chesterfield &amp; Surrounding Districts","YES","sitemaps/local-services.xml"
"https://www.entirefm.com/commercial-cleaning-leeds","200","https://www.entirefm.com/commercial-cleaning-leeds","0","https://www.entirefm.com/commercial-cleaning-leeds","noindex, follow","Commercial Cleaning Leeds | Commercial Specialist Services | Entire FM","Professional commercial cleaning across Leeds and surrounding districts. High-standard commercial premises care, scheduled contracts, and trained local teams.","Commercial Cleaning in Leeds &amp; Surrounding Districts","YES","sitemaps/local-services.xml"
"https://www.entirefm.com/commercial-cleaning-lincoln","200","https://www.entirefm.com/commercial-cleaning-lincoln","0","https://www.entirefm.com/commercial-cleaning-lincoln","noindex, follow","Commercial Cleaning Lincoln | Commercial Specialist Services | Entire FM","Professional commercial cleaning across Lincoln and surrounding districts. High-standard commercial premises care, scheduled contracts, and trained local teams.","Commercial Cleaning in Lincoln &amp; Surrounding Districts","YES","sitemaps/local-services.xml"
"https://www.entirefm.com/commercial-cleaning-london","200","https://www.entirefm.com/commercial-cleaning-london","0","https://www.entirefm.com/commercial-cleaning-london","noindex, follow","Commercial Cleaning London | Commercial Specialist Services | Entire FM","Professional commercial cleaning across London and surrounding districts. High-standard commercial premises care, scheduled contracts, and trained local teams.","Commercial Cleaning in London &amp; Surrounding Districts","YES","sitemaps/local-services.xml"
"https://www.entirefm.com/commercial-cleaning-manchester","200","https://www.entirefm.com/commercial-cleaning-manchester","0","https://www.entirefm.com/commercial-cleaning-manchester","noindex, follow","Commercial Cleaning Manchester | Commercial Specialist Services | Entire FM","Professional commercial cleaning across Manchester and surrounding districts. High-standard commercial premises care, scheduled contracts, and trained local teams.","Commercial Cleaning in Manchester &amp; Surrounding Districts","YES","sitemaps/local-services.xml"
"https://www.entirefm.com/commercial-cleaning-nottingham","200","https://www.entirefm.com/commercial-cleaning-nottingham","0","https://www.entirefm.com/commercial-cleaning-nottingham","index, follow","Commercial Cleaning Nottingham | Commercial Specialist Services | Entire FM","Professional commercial cleaning across Nottingham and surrounding districts. High-standard commercial premises care, scheduled contracts, and trained local teams.","Commercial Cleaning in Nottingham &amp; Surrounding Districts","YES","sitemaps/local-services.xml"
"https://www.entirefm.com/commercial-cleaning-sheffield","200","https://www.entirefm.com/commercial-cleaning-sheffield","0","https://www.entirefm.com/commercial-cleaning-sheffield","noindex, follow","Commercial Cleaning Sheffield | Commercial Specialist Services | Entire FM","Professional commercial cleaning across Sheffield and surrounding districts. High-standard commercial premises care, scheduled contracts, and trained local teams.","Commercial Cleaning in Sheffield &amp; Surrounding Districts","YES","sitemaps/local-services.xml"
"https://www.entirefm.com/commercial-facilities-management","200","https://www.entirefm.com/commercial-facilities-management","0","https://www.entirefm.com/commercial-facilities-management","index, follow","Commercial Facilities Management | Facilities Management &amp; Engineering | Entire FM","Specialist commercial commercial facilities management across the UK. Proactive maintenance, building engineering, statutory compliance, and dedicated client management.","Commercial Facilities Management — Facilities Management &amp; Engineering","YES","sitemaps/sectors.xml"
"https://www.entirefm.com/commercial-fm-lincoln","200","https://www.entirefm.com/commercial-fm-lincoln","0","https://www.entirefm.com/commercial-fm-lincoln","index, follow","Commercial Fm Lincoln | Facilities Management &amp; Engineering | Entire FM","Specialist commercial commercial fm lincoln across the UK. Proactive maintenance, building engineering, statutory compliance, and dedicated client management.","Commercial Fm Lincoln — Facilities Management &amp; Engineering","YES","sitemaps/locations.xml"
"https://www.entirefm.com/compliance","200","https://www.entirefm.com/compliance","0","https://www.entirefm.com/compliance","index, follow","Compliance Centre | Statutory Obligations Explained | EntireFM","What the law actually requires for commercial property compliance — fire, emergency lighting, EICR, Legionella, LOLER and asbestos, with law separated from guidance.","The Compliance Centre","YES","sitemaps/insights.xml"
"https://www.entirefm.com/compliance/asbestos-management","200","https://www.entirefm.com/compliance/asbestos-management","0","https://www.entirefm.com/compliance/asbestos-management","index, follow","Duty to Manage Asbestos | Surveys &amp; Registers | EntireFM","The duty to manage asbestos in non-domestic premises — surveys, the asbestos register, management plans, re-inspection and who holds the duty.","The duty to manage asbestos, and what it actually involves","YES","sitemaps/insights.xml"
"https://www.entirefm.com/compliance/commercial-gas-safety","200","https://www.entirefm.com/compliance/commercial-gas-safety","0","https://www.entirefm.com/compliance/commercial-gas-safety","index, follow","Commercial Gas Safety Requirements | Duties &amp; Frequency | EntireFM","What the law requires for gas safety in commercial premises — why the annual certificate is a domestic letting duty, and what non-domestic buildings must actually do.","Commercial gas safety: the certificate that is not required","YES","sitemaps/insights.xml"
"https://www.entirefm.com/compliance/emergency-lighting-testing","200","https://www.entirefm.com/compliance/emergency-lighting-testing","0","https://www.entirefm.com/compliance/emergency-lighting-testing","index, follow","Emergency Lighting Testing Frequency | BS 5266 | EntireFM","Emergency lighting testing explained — monthly function tests, annual full-duration tests, what BS 5266 requires and what the law requires.","Emergency lighting testing: monthly, annual, and why both","YES","sitemaps/insights.xml"
"https://www.entirefm.com/compliance/f-gas-regulations","200","https://www.entirefm.com/compliance/f-gas-regulations","0","https://www.entirefm.com/compliance/f-gas-regulations","index, follow","F-Gas Regulations UK | Leak Check Frequency &amp; Duties | EntireFM","F-Gas duties for air conditioning and refrigeration in Great Britain — who counts as the operator, how leak check intervals follow CO2 equivalent, and what records to keep.","F-Gas: an interval that genuinely is the law","YES","sitemaps/insights.xml"
"https://www.entirefm.com/compliance/fire-risk-assessment","200","https://www.entirefm.com/compliance/fire-risk-assessment","0","https://www.entirefm.com/compliance/fire-risk-assessment","index, follow","Fire Risk Assessment Requirements | Frequency &amp; Duties | EntireFM","What the law actually requires for fire risk assessment in commercial buildings — who is responsible, how often to review, what records prove compliance.","Fire risk assessment: what the law requires","YES","sitemaps/insights.xml"
"https://www.entirefm.com/compliance/fixed-wire-testing-eicr","200","https://www.entirefm.com/compliance/fixed-wire-testing-eicr","0","https://www.entirefm.com/compliance/fixed-wire-testing-eicr","index, follow","EICR &amp; Fixed Wire Testing Frequency | Commercial | EntireFM","How often commercial fixed wire testing and EICR are needed, what the law actually requires, and what an EICR report has to show.","Fixed wire testing and EICR: what the interval really depends on","YES","sitemaps/insights.xml"
"https://www.entirefm.com/compliance/legionella-water-hygiene","200","https://www.entirefm.com/compliance/legionella-water-hygiene","0","https://www.entirefm.com/compliance/legionella-water-hygiene","index, follow","Legionella Risk Assessment &amp; Water Hygiene | ACOP L8 | EntireFM","Legionella control explained — what ACOP L8 requires, how often to assess and monitor, who holds the duty and what records prove control.","Legionella control: the duty, the assessment and the records","YES","sitemaps/insights.xml"
"https://www.entirefm.com/compliance/lifting-equipment-loler","200","https://www.entirefm.com/compliance/lifting-equipment-loler","0","https://www.entirefm.com/compliance/lifting-equipment-loler","index, follow","LOLER Thorough Examination Intervals | Lifts &amp; Lifting | EntireFM","LOLER explained — thorough examination intervals for passenger lifts and lifting equipment, who holds the duty, and what a report must contain.","LOLER: thorough examination, and the two intervals that matter","YES","sitemaps/insights.xml"
"https://www.entirefm.com/compliance/pat-testing","200","https://www.entirefm.com/compliance/pat-testing","0","https://www.entirefm.com/compliance/pat-testing","index, follow","Is PAT Testing a Legal Requirement? | What the Law Says | EntireFM","PAT testing is not named in UK legislation and has no legal interval. What the Electricity at Work Regulations actually require, and how intervals should be set by risk.","PAT testing: the requirement that is not in the law","YES","sitemaps/insights.xml"
"https://www.entirefm.com/compliance/work-at-height","200","https://www.entirefm.com/compliance/work-at-height","0","https://www.entirefm.com/compliance/work-at-height","index, follow","Work at Height Regulations | Duties, Myths &amp; Inspection | EntireFM","What the Work at Height Regulations 2005 actually require — there is no two-metre rule, ladders are not banned, and the duty reaches whoever controls the work.","Work at height: there is no two-metre rule","YES","sitemaps/insights.xml"
"https://www.entirefm.com/concierge-services","200","https://www.entirefm.com/concierge-services","0","https://www.entirefm.com/concierge-services","noindex, follow","Corporate Concierge &amp; Front-of-House Reception Services | Entire FM","Professional corporate concierge and dedicated on-site caretakers for commercial offices, residential developments, and business parks.","Corporate Concierge &amp; Front-of-House Reception Services","YES","sitemaps/soft-fm.xml"
"https://www.entirefm.com/construction-facilities-management","200","https://www.entirefm.com/construction-facilities-management","0","https://www.entirefm.com/construction-facilities-management","noindex, follow","Construction Facilities Management | Facilities Management &amp; Engineering | Entire FM","Specialist commercial construction facilities management across the UK. Proactive maintenance, building engineering, statutory compliance, and dedicated client management.","Construction Facilities Management — Facilities Management &amp; Engineering","YES","sitemaps/sectors.xml"
"https://www.entirefm.com/contact-us","200","https://www.entirefm.com/contact-us","0","https://www.entirefm.com/contact-us","index, follow","Contact Us | Facilities Management &amp; Engineering | Entire FM","Specialist commercial contact us across the UK. Proactive maintenance, building engineering, statutory compliance, and dedicated client management.","Contact Entire Facilities Management","YES","sitemaps/company.xml"
"https://www.entirefm.com/contract-cleaning","200","https://www.entirefm.com/contract-cleaning","0","https://www.entirefm.com/contract-cleaning","noindex, follow","Contract Cleaning | Facilities Management &amp; Engineering | Entire FM","Specialist commercial contract cleaning across the UK. Proactive maintenance, building engineering, statutory compliance, and dedicated client management.","Contract Cleaning — Facilities Management &amp; Engineering","YES","sitemaps/cleaning.xml"
"https://www.entirefm.com/contract-cleaning-chesterfield","200","https://www.entirefm.com/contract-cleaning-chesterfield","0","https://www.entirefm.com/contract-cleaning-chesterfield","index, follow","Contract Cleaning Chesterfield | Commercial Specialist Services | Entire FM","Professional contract cleaning across Chesterfield and surrounding districts. High-standard commercial premises care, scheduled contracts, and trained local teams.","Contract Cleaning in Chesterfield &amp; Surrounding Districts","YES","sitemaps/local-services.xml"
"https://www.entirefm.com/contract-cleaning-leeds","200","https://www.entirefm.com/contract-cleaning-leeds","0","https://www.entirefm.com/contract-cleaning-leeds","index, follow","Contract Cleaning Leeds | Commercial Specialist Services | Entire FM","Professional contract cleaning across Leeds and surrounding districts. High-standard commercial premises care, scheduled contracts, and trained local teams.","Contract Cleaning in Leeds &amp; Surrounding Districts","YES","sitemaps/local-services.xml"
"https://www.entirefm.com/contract-cleaning-lincoln","200","https://www.entirefm.com/contract-cleaning-lincoln","0","https://www.entirefm.com/contract-cleaning-lincoln","noindex, follow","Contract Cleaning Lincoln | Commercial Cleaning Contractors | Entire FM","Professional contract cleaning across Lincoln and surrounding districts. High-standard commercial premises care, scheduled contracts, and trained local teams.","Contract Commercial Cleaning in Lincoln","YES","sitemaps/local-services.xml"
"https://www.entirefm.com/contract-cleaning-london","200","https://www.entirefm.com/contract-cleaning-london","0","https://www.entirefm.com/contract-cleaning-london","noindex, follow","Contract Cleaning London | Commercial Office &amp; Estate Cleaning | Entire FM","Professional contract cleaning across London and surrounding districts. High-standard commercial premises care, scheduled contracts, and trained local teams.","Contract Commercial Cleaning in London","YES","sitemaps/local-services.xml"
"https://www.entirefm.com/contract-cleaning-manchester","200","https://www.entirefm.com/contract-cleaning-manchester","0","https://www.entirefm.com/contract-cleaning-manchester","noindex, follow","Contract Cleaning Manchester | Commercial Cleaning Services | Entire FM","Professional contract cleaning across Manchester and surrounding districts. High-standard commercial premises care, scheduled contracts, and trained local teams.","Contract Commercial Cleaning in Manchester","YES","sitemaps/local-services.xml"
"https://www.entirefm.com/contract-cleaning-sheffield","200","https://www.entirefm.com/contract-cleaning-sheffield","0","https://www.entirefm.com/contract-cleaning-sheffield","noindex, follow","Contract Cleaning Sheffield | Commercial Specialist Services | Entire FM","Professional contract cleaning across Sheffield and surrounding districts. High-standard commercial premises care, scheduled contracts, and trained local teams.","Contract Cleaning in Sheffield &amp; Surrounding Districts","YES","sitemaps/local-services.xml"
"https://www.entirefm.com/copy-of-helpdesk-registration","200","https://www.entirefm.com/copy-of-helpdesk-registration","0","https://www.entirefm.com/copy-of-helpdesk-registration","noindex, follow","Copy Of Helpdesk Registration | Facilities Management &amp; Engineering | Entire FM","Specialist commercial copy of helpdesk registration across the UK. Proactive maintenance, building engineering, statutory compliance, and dedicated client management.","Copy Of Helpdesk Registration — Facilities Management &amp; Engineering","YES","sitemaps/company.xml"
"https://www.entirefm.com/copy-of-industrial-cleaning","200","https://www.entirefm.com/copy-of-industrial-cleaning","0","https://www.entirefm.com/copy-of-industrial-cleaning","noindex, follow","Specialist Industrial Cleaning Services | Factory Sanitisation | Entire FM","Specialist industrial facilities management for manufacturing plants, factories, and engineering works. High-bay maintenance, power distribution, and shutdown services.","Specialist Industrial &amp; Heavy Plant Cleaning","YES","sitemaps/core.xml"
"https://www.entirefm.com/copy-of-what-is-facilities-manageme","200","https://www.entirefm.com/copy-of-what-is-facilities-manageme","0","https://www.entirefm.com/copy-of-what-is-facilities-manageme","noindex, follow","Copy Of What Is Facilities Manageme | Facilities Management &amp; Engineering | Entire FM","Specialist commercial copy of what is facilities manageme across the UK. Proactive maintenance, building engineering, statutory compliance, and dedicated client management.","Copy Of What Is Facilities Manageme — Facilities Management &amp; Engineering","YES","sitemaps/core.xml"
"https://www.entirefm.com/derby-facilities-management","200","https://www.entirefm.com/derby-facilities-management","0","https://www.entirefm.com/derby-facilities-management","index, follow","Derby Facilities Management | Multi-Site Estates | EntireFM","Multi-site facilities management across Derby and Derbyshire and the East Midlands. Consistent standards, one reporting line and coordinated maintenance across every site.","Derby Facilities Management for Multi-Site Estates","YES","sitemaps/locations.xml"
"https://www.entirefm.com/doncaster-facilities-management","200","https://www.entirefm.com/doncaster-facilities-management","0","https://www.entirefm.com/doncaster-facilities-management","noindex, follow","Doncaster Facilities Management | Facilities Management &amp; Engineering | Entire FM","Specialist commercial doncaster facilities management across the UK. Proactive maintenance, building engineering, statutory compliance, and dedicated client management.","Doncaster Facilities Management — Facilities Management &amp; Engineering","YES","sitemaps/locations.xml"
"https://www.entirefm.com/education-cleaning","200","https://www.entirefm.com/education-cleaning","0","https://www.entirefm.com/education-cleaning","index, follow","Education Cleaning Services | School &amp; College Contract Cleaning | Entire FM","Specialist facilities management for schools, colleges, and universities across the UK. DBS-vetted staff, term-time compliance, and holiday overhaul works.","Educational Campus &amp; School Term-Time Contract Cleaning","YES","sitemaps/cleaning.xml"
"https://www.entirefm.com/education-facilities-management","200","https://www.entirefm.com/education-facilities-management","0","https://www.entirefm.com/education-facilities-management","index, follow","Education Facilities Management | School &amp; University FM | Entire FM","Specialist facilities management for schools, colleges, and universities across the UK. DBS-vetted staff, term-time compliance, and holiday overhaul works.","Education Facilities Management &amp; Campus Building Services","YES","sitemaps/sectors.xml"
"https://www.entirefm.com/emergency-light-testing","200","https://www.entirefm.com/emergency-light-testing","0","https://www.entirefm.com/emergency-light-testing","index, follow","Emergency Lighting Testing | Monthly &amp; Annual | EntireFM","Emergency lighting testing to BS 5266 — monthly function tests, annual 3-hour duration tests, certification, remedial repairs and a compliant logbook.","Emergency Lighting Testing and Certification","YES","sitemaps/hard-fm.xml"
"https://www.entirefm.com/employment-portal","200","https://www.entirefm.com/employment-portal","0","https://www.entirefm.com/employment-portal","noindex, follow","Employment Portal | Facilities Management &amp; Engineering | Entire FM","Specialist commercial employment portal across the UK. Proactive maintenance, building engineering, statutory compliance, and dedicated client management.","Employment Portal — Facilities Management &amp; Engineering","YES","sitemaps/company.xml"
"https://www.entirefm.com/external-cleaning-birmingham","200","https://www.entirefm.com/external-cleaning-birmingham","0","https://www.entirefm.com/external-cleaning-birmingham","noindex, follow","Contract Cleaning Birmingham | Commercial Specialist Services | Entire FM","Professional contract cleaning across Birmingham and surrounding districts. High-standard commercial premises care, scheduled contracts, and trained local teams.","Contract Cleaning in Birmingham &amp; Surrounding Districts","YES","sitemaps/local-services.xml"
"https://www.entirefm.com/external-cleaning-lincoln","200","https://www.entirefm.com/external-cleaning-lincoln","0","https://www.entirefm.com/external-cleaning-lincoln","noindex, follow","External Cleaning Lincoln | Cladding &amp; Grounds Jet Washing | Entire FM","Professional contract cleaning across Lincoln and surrounding districts. High-standard commercial premises care, scheduled contracts, and trained local teams.","External Grounds, Cladding &amp; Pressure Cleaning in Lincoln","YES","sitemaps/local-services.xml"
"https://www.entirefm.com/external-cleaning-london","200","https://www.entirefm.com/external-cleaning-london","0","https://www.entirefm.com/external-cleaning-london","noindex, follow","External Cleaning London | Facade &amp; Cladding Jet Washing | Entire FM","Professional contract cleaning across London and surrounding districts. High-standard commercial premises care, scheduled contracts, and trained local teams.","External Facade, Cladding &amp; Grounds Cleaning in London","YES","sitemaps/local-services.xml"
"https://www.entirefm.com/external-cleaning-manchester","200","https://www.entirefm.com/external-cleaning-manchester","0","https://www.entirefm.com/external-cleaning-manchester","index, follow","External Cleaning Manchester | Cladding &amp; Grounds Jet Wash | Entire FM","Professional contract cleaning across Manchester and surrounding districts. High-standard commercial premises care, scheduled contracts, and trained local teams.","External Grounds, Cladding &amp; Jet Washing in Manchester","YES","sitemaps/local-services.xml"
"https://www.entirefm.com/facilities-management-birmingham","200","https://www.entirefm.com/facilities-management-birmingham","0","https://www.entirefm.com/facilities-management-birmingham","index, follow","Facilities Management Birmingham | Commercial FM | EntireFM","Commercial facilities management in Birmingham. Planned maintenance, M&amp;E, compliance and reactive cover, planned around how Birmingham buildings actually operate.","Facilities Management in Birmingham","YES","sitemaps/locations.xml"
"https://www.entirefm.com/facilities-management-blog","200","https://www.entirefm.com/facilities-management-blog","0","https://www.entirefm.com/facilities-management-blog","noindex, follow","Facilities Management Blog | Guides &amp; Industry Insight | EntireFM","Articles on facilities management, statutory compliance and building engineering from EntireFM — what the law requires, what standards advise, and what actually happens on site.","The facilities management blog","YES","sitemaps/insights.xml"
"https://www.entirefm.com/facilities-management-bolton","200","https://www.entirefm.com/facilities-management-bolton","0","https://www.entirefm.com/facilities-management-bolton","noindex, follow","Facilities Management Bolton | Facilities Management &amp; Engineering | Entire FM","Specialist commercial facilities management bolton across the UK. Proactive maintenance, building engineering, statutory compliance, and dedicated client management.","Facilities Management Bolton — Facilities Management &amp; Engineering","YES","sitemaps/locations.xml"
"https://www.entirefm.com/facilities-management-bradford","200","https://www.entirefm.com/facilities-management-bradford","0","https://www.entirefm.com/facilities-management-bradford","index, follow","Facilities Management Bradford | Facilities Management &amp; Engineering | Entire FM","Specialist commercial facilities management bradford across the UK. Proactive maintenance, building engineering, statutory compliance, and dedicated client management.","Facilities Management Bradford — Facilities Management &amp; Engineering","YES","sitemaps/locations.xml"
"https://www.entirefm.com/facilities-management-bury","200","https://www.entirefm.com/facilities-management-bury","0","https://www.entirefm.com/facilities-management-bury","noindex, follow","Facilities Management Bury | Facilities Management &amp; Engineering | Entire FM","Specialist commercial facilities management bury across the UK. Proactive maintenance, building engineering, statutory compliance, and dedicated client management.","Facilities Management Bury — Facilities Management &amp; Engineering","YES","sitemaps/locations.xml"
"https://www.entirefm.com/facilities-management-chesterfield","200","https://www.entirefm.com/facilities-management-chesterfield","0","https://www.entirefm.com/facilities-management-chesterfield","noindex, follow","Facilities Management Chesterfield | Facilities Management &amp; Engineering | Entire FM","Specialist commercial facilities management chesterfield across the UK. Proactive maintenance, building engineering, statutory compliance, and dedicated client management.","Facilities Management Chesterfield — Facilities Management &amp; Engineering","YES","sitemaps/locations.xml"
"https://www.entirefm.com/facilities-management-derby","200","https://www.entirefm.com/facilities-management-derby","0","https://www.entirefm.com/facilities-management-derby","index, follow","Facilities Management Derby | Commercial FM | EntireFM","Commercial facilities management in Derby. Planned maintenance, M&amp;E, compliance and reactive cover, planned around how Derby buildings actually operate.","Facilities Management in Derby","YES","sitemaps/locations.xml"
"https://www.entirefm.com/facilities-management-doncaster","200","https://www.entirefm.com/facilities-management-doncaster","0","https://www.entirefm.com/facilities-management-doncaster","noindex, follow","Facilities Management Doncaster | Facilities Management &amp; Engineering | Entire FM","Specialist commercial facilities management doncaster across the UK. Proactive maintenance, building engineering, statutory compliance, and dedicated client management.","Facilities Management Doncaster — Facilities Management &amp; Engineering","YES","sitemaps/locations.xml"
"https://www.entirefm.com/facilities-management-for/construction-facilities-management","200","https://www.entirefm.com/facilities-management-for/construction-facilities-management","0","https://www.entirefm.com/facilities-management-for/construction-facilities-management","noindex, follow","Facilities Management For/Construction Facilities Management | Facilities Management &amp; Engineering | Entire FM","Specialist commercial facilities management for/construction facilities management across the UK. Proactive maintenance, building engineering, statutory compliance, and dedicated client management.","Facilities Management For/Construction Facilities Management — Facilities Management &amp; Engineering","YES","sitemaps/sectors.xml"
"https://www.entirefm.com/facilities-management-for/education-%26-schools-facilities-management","200","https://www.entirefm.com/facilities-management-for/education-%26-schools-facilities-management","0","https://www.entirefm.com/facilities-management-for/education-%26-schools-facilities-management","noindex, follow","Schools Facilities Management | Academy Trust Building Care | Entire FM","Specialist facilities management for schools, colleges, and universities across the UK. DBS-vetted staff, term-time compliance, and holiday overhaul works.","Schools &amp; Multi-Academy Trust Facilities Management","YES","sitemaps/sectors.xml"
"https://www.entirefm.com/facilities-management-for/healthcare-facilities-management","200","https://www.entirefm.com/facilities-management-for/healthcare-facilities-management","0","https://www.entirefm.com/facilities-management-for/healthcare-facilities-management","noindex, follow","Medical Clinic Facilities Management | Healthcare Estate FM | Entire FM","Specialist non-clinical facilities management for medical centres, private clinics, dental practices, and healthcare offices across the UK.","Medical Clinic &amp; Health Centre Facilities Management","YES","sitemaps/sectors.xml"
"https://www.entirefm.com/facilities-management-for/hotels-%26-resort-facilities-management","200","https://www.entirefm.com/facilities-management-for/hotels-%26-resort-facilities-management","0","https://www.entirefm.com/facilities-management-for/hotels-%26-resort-facilities-management","noindex, follow","Hotels &amp; Resort Facilities Management | Luxury Estate FM | Entire FM","Discreet facilities management for hotels, resorts, and hospitality venues. 24/7 guest comfort maintenance, kitchen extraction, HVAC, and front-of-house care.","Resort &amp; Luxury Hotel Facilities Management","YES","sitemaps/sectors.xml"
"https://www.entirefm.com/facilities-management-for/industrial-facilities-management","200","https://www.entirefm.com/facilities-management-for/industrial-facilities-management","0","https://www.entirefm.com/facilities-management-for/industrial-facilities-management","noindex, follow","Industrial Estate Facilities Management | Heavy Plant FM | Entire FM","Specialist industrial facilities management for manufacturing plants, factories, and engineering works. High-bay maintenance, power distribution, and shutdown services.","Industrial Estate &amp; Factory Facilities Management","YES","sitemaps/sectors.xml"
"https://www.entirefm.com/facilities-management-for/leisure-centre-facilities-management","200","https://www.entirefm.com/facilities-management-for/leisure-centre-facilities-management","0","https://www.entirefm.com/facilities-management-for/leisure-centre-facilities-management","noindex, follow","Facilities Management For/Leisure Centre Facilities Management | Facilities Management &amp; Engineering | Entire FM","Specialist commercial facilities management for/leisure centre facilities management across the UK. Proactive maintenance, building engineering, statutory compliance, and dedicated client management.","Facilities Management For/Leisure Centre Facilities Management — Facilities Management &amp; Engineering","YES","sitemaps/sectors.xml"
"https://www.entirefm.com/facilities-management-for/logistics-%26-distribution-facilities-management","200","https://www.entirefm.com/facilities-management-for/logistics-%26-distribution-facilities-management","0","https://www.entirefm.com/facilities-management-for/logistics-%26-distribution-facilities-management","noindex, follow","Logistics &amp; Distribution Facilities Management | Supply Hub FM | Entire FM","Total facilities management for distribution centres, warehouses, and logistics hubs. Dock levellers, high-bay lighting, slab maintenance, and roller shutters.","Distribution Hub &amp; Supply Chain Facilities Management","YES","sitemaps/sectors.xml"
"https://www.entirefm.com/facilities-management-for/managing-agent-facilities-management","200","https://www.entirefm.com/facilities-management-for/managing-agent-facilities-management","0","https://www.entirefm.com/facilities-management-for/managing-agent-facilities-management","noindex, follow","Managing Agent Facilities Management | Portfolio Compliance | Entire FM","Integrated facilities management tailored for commercial managing agents and institutional landlords. Digital compliance dashboards, service charge control, and tenant liaison.","Facilities Management for Commercial Managing Agents","YES","sitemaps/sectors.xml"
"https://www.entirefm.com/facilities-management-for/offices%2C-corporate-%26-co-working","200","https://www.entirefm.com/facilities-management-for/offices%2C-corporate-%26-co-working","0","https://www.entirefm.com/facilities-management-for/offices%2C-corporate-%26-co-working","noindex, follow","Facilities Management For/Offices%2C Corporate %26 Co Working | Facilities Management &amp; Engineering | Entire FM","Specialist commercial facilities management for/offices%2c corporate %26 co working across the UK. Proactive maintenance, building engineering, statutory compliance, and dedicated client management.","Facilities Management For/Offices%2C Corporate %26 Co Working — Facilities Management &amp; Engineering","YES","sitemaps/sectors.xml"
"https://www.entirefm.com/facilities-management-for/residential-facilities-management","200","https://www.entirefm.com/facilities-management-for/residential-facilities-management","0","https://www.entirefm.com/facilities-management-for/residential-facilities-management","noindex, follow","Residential Estate Facilities Management | Gated Community FM | Entire FM","Facilities management for residential apartment blocks, Build-to-Rent (BTR) communities, and gated estates across the UK. Communal M&amp;E, fire doors, and cleaning.","Private Residential Estate &amp; Gated Community Facilities Management","YES","sitemaps/sectors.xml"
"https://www.entirefm.com/facilities-management-for/restaurant-%26-hospitality-facilities-management","200","https://www.entirefm.com/facilities-management-for/restaurant-%26-hospitality-facilities-management","0","https://www.entirefm.com/facilities-management-for/restaurant-%26-hospitality-facilities-management","noindex, follow","Facilities Management For/Restaurant %26 Hospitality Facilities Management | Facilities Management &amp; Engineering | Entire FM","Specialist commercial facilities management for/restaurant %26 hospitality facilities management across the UK. Proactive maintenance, building engineering, statutory compliance, and dedicated client management.","Facilities Management For/Restaurant %26 Hospitality Facilities Management — Facilities Management &amp; Engineering","YES","sitemaps/sectors.xml"
"https://www.entirefm.com/facilities-management-for/retail-%26-shopping-centre-facilities-management","200","https://www.entirefm.com/facilities-management-for/retail-%26-shopping-centre-facilities-management","0","https://www.entirefm.com/facilities-management-for/retail-%26-shopping-centre-facilities-management","noindex, follow","Shopping Centre Facilities Management | Retail Park FM | Entire FM","Specialist retail facilities management for shopping centres, high-street chains, and retail parks. Out-of-hours maintenance, customer hygiene, and HVAC care.","Shopping Centre &amp; Retail Park Facilities Management","YES","sitemaps/sectors.xml"
"https://www.entirefm.com/facilities-management-for/sports-venue-facilities-management","200","https://www.entirefm.com/facilities-management-for/sports-venue-facilities-management","0","https://www.entirefm.com/facilities-management-for/sports-venue-facilities-management","noindex, follow","Sports Venue Facilities Management | Athletics &amp; Stadium FM | Entire FM","Total facilities management for sports stadiums, concert arenas, and leisure complexes. High-capacity cleaning, crowd safety systems, turnstiles, and pitch lighting.","Sports Venue &amp; Athletics Facilities Management","YES","sitemaps/sectors.xml"
"https://www.entirefm.com/facilities-management-for/stadium-%26-arena-facilities-management","200","https://www.entirefm.com/facilities-management-for/stadium-%26-arena-facilities-management","0","https://www.entirefm.com/facilities-management-for/stadium-%26-arena-facilities-management","noindex, follow","Stadium &amp; Arena Facilities Management | High-Capacity Venue FM | Entire FM","Total facilities management for sports stadiums, concert arenas, and leisure complexes. High-capacity cleaning, crowd safety systems, turnstiles, and pitch lighting.","Stadium &amp; Major Arena Facilities Management","YES","sitemaps/sectors.xml"
"https://www.entirefm.com/facilities-management-for/warehouse-%26-distribution","200","https://www.entirefm.com/facilities-management-for/warehouse-%26-distribution","0","https://www.entirefm.com/facilities-management-for/warehouse-%26-distribution","noindex, follow","Warehouse &amp; Distribution Facilities Management | Fulfilment FM | Entire FM","Total facilities management for distribution centres, warehouses, and logistics hubs. Dock levellers, high-bay lighting, slab maintenance, and roller shutters.","High-Bay Warehouse &amp; Fulfilment Centre Facilities Management","YES","sitemaps/sectors.xml"
"https://www.entirefm.com/facilities-management-glossary","200","https://www.entirefm.com/facilities-management-glossary","0","https://www.entirefm.com/facilities-management-glossary","index, follow","Facilities Management Glossary | FM Terms Explained | EntireFM","A plain-English glossary of facilities management terms — PPM, SFG20, L8, LOLER, SLA, NTE, CAFM, hard and soft services, and what each actually means in practice.","Facilities Management Glossary","YES","sitemaps/insights.xml"
"https://www.entirefm.com/facilities-management-grimsby","200","https://www.entirefm.com/facilities-management-grimsby","0","https://www.entirefm.com/facilities-management-grimsby","noindex, follow","Facilities Management Grimsby | Facilities Management &amp; Engineering | Entire FM","Specialist commercial facilities management grimsby across the UK. Proactive maintenance, building engineering, statutory compliance, and dedicated client management.","Facilities Management Grimsby — Facilities Management &amp; Engineering","YES","sitemaps/locations.xml"
"https://www.entirefm.com/facilities-management-in-telford","200","https://www.entirefm.com/facilities-management-in-telford","0","https://www.entirefm.com/facilities-management-in-telford","noindex, follow","Facilities Management In Telford | Facilities Management &amp; Engineering | Entire FM","Specialist commercial facilities management in telford across the UK. Proactive maintenance, building engineering, statutory compliance, and dedicated client management.","Facilities Management In Telford — Facilities Management &amp; Engineering","YES","sitemaps/locations.xml"
"https://www.entirefm.com/facilities-management-in-the-midlands","200","https://www.entirefm.com/facilities-management-in-the-midlands","0","https://www.entirefm.com/facilities-management-in-the-midlands","noindex, follow","Facilities Management In The Midlands | Facilities Management &amp; Engineering | Entire FM","Specialist commercial facilities management in the midlands across the UK. Proactive maintenance, building engineering, statutory compliance, and dedicated client management.","Facilities Management In The Midlands — Facilities Management &amp; Engineering","YES","sitemaps/locations.xml"
"https://www.entirefm.com/facilities-management-industries","200","https://www.entirefm.com/facilities-management-industries","0","https://www.entirefm.com/facilities-management-industries","index, follow","Facilities Management by Industry | Sectors | EntireFM","Facilities management by industry — industrial, logistics, retail, healthcare, education, hospitality, aviation and commercial property, each with its own compliance profile.","Facilities Management by Industry","YES","sitemaps/sectors.xml"
"https://www.entirefm.com/facilities-management-leeds","200","https://www.entirefm.com/facilities-management-leeds","0","https://www.entirefm.com/facilities-management-leeds","index, follow","Facilities Management Leeds | Commercial FM | EntireFM","Commercial facilities management in Leeds. Planned maintenance, M&amp;E, compliance and reactive cover, planned around how Leeds buildings actually operate.","Facilities Management in Leeds","YES","sitemaps/locations.xml"
"https://www.entirefm.com/facilities-management-lincoln","200","https://www.entirefm.com/facilities-management-lincoln","0","https://www.entirefm.com/facilities-management-lincoln","index, follow","Facilities Management Lincoln | Commercial FM | EntireFM","Commercial facilities management in Lincoln. Planned maintenance, M&amp;E, compliance and reactive cover, planned around how Lincoln buildings actually operate.","Facilities Management in Lincoln","YES","sitemaps/locations.xml"
"https://www.entirefm.com/facilities-management-liverpool","200","https://www.entirefm.com/facilities-management-liverpool","0","https://www.entirefm.com/facilities-management-liverpool","index, follow","Facilities Management Liverpool | Commercial FM | EntireFM","Commercial facilities management in Liverpool. Planned maintenance, M&amp;E, compliance and reactive cover, planned around how Liverpool buildings actually operate.","Facilities Management in Liverpool","YES","sitemaps/locations.xml"
"https://www.entirefm.com/facilities-management-london","200","https://www.entirefm.com/facilities-management-london","0","https://www.entirefm.com/facilities-management-london","index, follow","Facilities Management London | Commercial FM | EntireFM","Commercial facilities management in London. Planned maintenance, M&amp;E, compliance and reactive cover, planned around how London buildings actually operate.","Facilities Management in London","YES","sitemaps/locations.xml"
"https://www.entirefm.com/facilities-management-manchester","200","https://www.entirefm.com/facilities-management-manchester","0","https://www.entirefm.com/facilities-management-manchester","index, follow","Facilities Management Manchester | Commercial FM | EntireFM","Commercial facilities management in Manchester. Planned maintenance, M&amp;E, compliance and reactive cover, planned around how Manchester buildings actually operate.","Facilities Management in Manchester","YES","sitemaps/locations.xml"
"https://www.entirefm.com/facilities-management-midlands","200","https://www.entirefm.com/facilities-management-midlands","0","https://www.entirefm.com/facilities-management-midlands","index, follow","Facilities Management Midlands | Facilities Management &amp; Engineering | Entire FM","Specialist commercial facilities management midlands across the UK. Proactive maintenance, building engineering, statutory compliance, and dedicated client management.","Facilities Management Midlands — Facilities Management &amp; Engineering","YES","sitemaps/locations.xml"
"https://www.entirefm.com/facilities-management-nottingham","200","https://www.entirefm.com/facilities-management-nottingham","0","https://www.entirefm.com/facilities-management-nottingham","index, follow","Facilities Management Nottingham | Commercial FM | EntireFM","Commercial facilities management in Nottingham. Planned maintenance, M&amp;E, compliance and reactive cover, planned around how Nottingham buildings actually operate.","Facilities Management in Nottingham","YES","sitemaps/locations.xml"
"https://www.entirefm.com/facilities-management-offices","200","https://www.entirefm.com/facilities-management-offices","0","https://www.entirefm.com/facilities-management-offices","noindex, follow","Facilities Management Offices | Facilities Management &amp; Engineering | Entire FM","Specialist commercial facilities management offices across the UK. Proactive maintenance, building engineering, statutory compliance, and dedicated client management.","Facilities Management Offices — Facilities Management &amp; Engineering","YES","sitemaps/sectors.xml"
"https://www.entirefm.com/facilities-management-oxford","200","https://www.entirefm.com/facilities-management-oxford","0","https://www.entirefm.com/facilities-management-oxford","noindex, follow","Facilities Management Oxford | Facilities Management &amp; Engineering | Entire FM","Specialist commercial facilities management oxford across the UK. Proactive maintenance, building engineering, statutory compliance, and dedicated client management.","Facilities Management Oxford — Facilities Management &amp; Engineering","YES","sitemaps/locations.xml"
"https://www.entirefm.com/facilities-management-preston","200","https://www.entirefm.com/facilities-management-preston","0","https://www.entirefm.com/facilities-management-preston","noindex, follow","Facilities Management Preston | Facilities Management &amp; Engineering | Entire FM","Specialist commercial facilities management preston across the UK. Proactive maintenance, building engineering, statutory compliance, and dedicated client management.","Facilities Management Preston — Facilities Management &amp; Engineering","YES","sitemaps/locations.xml"
"https://www.entirefm.com/facilities-management-rotherham","200","https://www.entirefm.com/facilities-management-rotherham","0","https://www.entirefm.com/facilities-management-rotherham","noindex, follow","Facilities Management Rotherham | Facilities Management &amp; Engineering | Entire FM","Specialist commercial facilities management rotherham across the UK. Proactive maintenance, building engineering, statutory compliance, and dedicated client management.","Facilities Management Rotherham — Facilities Management &amp; Engineering","YES","sitemaps/locations.xml"
"https://www.entirefm.com/facilities-management-services","200","https://www.entirefm.com/facilities-management-services","0","https://www.entirefm.com/facilities-management-services","noindex, follow","Facilities Management Services | Facilities Management &amp; Engineering | Entire FM","Specialist commercial facilities management services across the UK. Proactive maintenance, building engineering, statutory compliance, and dedicated client management.","Facilities Management Services — Facilities Management &amp; Engineering","YES","sitemaps/core.xml"
"https://www.entirefm.com/facilities-management-services-lond","200","https://www.entirefm.com/facilities-management-services-lond","0","https://www.entirefm.com/facilities-management-services-lond","noindex, follow","Facilities Management Services Lond | Facilities Management &amp; Engineering | Entire FM","Specialist commercial facilities management services lond across the UK. Proactive maintenance, building engineering, statutory compliance, and dedicated client management.","Facilities Management Services Lond — Facilities Management &amp; Engineering","YES","sitemaps/core.xml"
"https://www.entirefm.com/facilities-management-sheffield","200","https://www.entirefm.com/facilities-management-sheffield","0","https://www.entirefm.com/facilities-management-sheffield","index, follow","Facilities Management Sheffield | Commercial FM | EntireFM","Commercial facilities management in Sheffield. Planned maintenance, M&amp;E, compliance and reactive cover, planned around how Sheffield buildings actually operate.","Facilities Management in Sheffield","YES","sitemaps/locations.xml"
"https://www.entirefm.com/facilities-management-team","200","https://www.entirefm.com/facilities-management-team","0","https://www.entirefm.com/facilities-management-team","index, follow","Facilities Management Team | Facilities Management &amp; Engineering | Entire FM","Specialist commercial facilities management team across the UK. Proactive maintenance, building engineering, statutory compliance, and dedicated client management.","Facilities Management Team — Facilities Management &amp; Engineering","YES","sitemaps/company.xml"
"https://www.entirefm.com/facilities-management-telford","200","https://www.entirefm.com/facilities-management-telford","0","https://www.entirefm.com/facilities-management-telford","noindex, follow","Facilities Management Telford | Facilities Management &amp; Engineering | Entire FM","Specialist commercial facilities management telford across the UK. Proactive maintenance, building engineering, statutory compliance, and dedicated client management.","Facilities Management Telford — Facilities Management &amp; Engineering","YES","sitemaps/locations.xml"
"https://www.entirefm.com/facilities-management-wigan","200","https://www.entirefm.com/facilities-management-wigan","0","https://www.entirefm.com/facilities-management-wigan","noindex, follow","Facilities Management Wigan | Facilities Management &amp; Engineering | Entire FM","Specialist commercial facilities management wigan across the UK. Proactive maintenance, building engineering, statutory compliance, and dedicated client management.","Facilities Management Wigan — Facilities Management &amp; Engineering","YES","sitemaps/locations.xml"
"https://www.entirefm.com/fire-emergency-systems","200","https://www.entirefm.com/fire-emergency-systems","0","https://www.entirefm.com/fire-emergency-systems","noindex, follow","Fire &amp; Life Safety Emergency Systems | Alarm &amp; Detection FM | Entire FM","Statutory maintenance for commercial fire alarm systems, emergency lighting, smoke vents, and safety-critical infrastructure across UK properties.","Fire Alarm &amp; Emergency Life Safety Systems Maintenance","YES","sitemaps/hard-fm.xml"
"https://www.entirefm.com/fm-birmingham","200","https://www.entirefm.com/fm-birmingham","0","https://www.entirefm.com/fm-birmingham","index, follow","FM Birmingham | Outsourced Facilities Management | EntireFM","Outsourced facilities management in Birmingham under one contract — planned maintenance, reactive repairs, compliance and reporting from a single provider.","FM Birmingham: Outsourced Facilities Management Under One Contract","YES","sitemaps/locations.xml"
"https://www.entirefm.com/fm-bolton","200","https://www.entirefm.com/fm-bolton","0","https://www.entirefm.com/fm-bolton","index, follow","Fm Bolton | Facilities Management &amp; Engineering | Entire FM","Specialist commercial fm bolton across the UK. Proactive maintenance, building engineering, statutory compliance, and dedicated client management.","Fm Bolton — Facilities Management &amp; Engineering","YES","sitemaps/locations.xml"
"https://www.entirefm.com/fm-bradford","200","https://www.entirefm.com/fm-bradford","0","https://www.entirefm.com/fm-bradford","noindex, follow","Fm Bradford | Facilities Management &amp; Engineering | Entire FM","Specialist commercial fm bradford across the UK. Proactive maintenance, building engineering, statutory compliance, and dedicated client management.","Fm Bradford — Facilities Management &amp; Engineering","YES","sitemaps/locations.xml"
"https://www.entirefm.com/fm-bury","200","https://www.entirefm.com/fm-bury","0","https://www.entirefm.com/fm-bury","index, follow","Fm Bury | Facilities Management &amp; Engineering | Entire FM","Specialist commercial fm bury across the UK. Proactive maintenance, building engineering, statutory compliance, and dedicated client management.","Fm Bury — Facilities Management &amp; Engineering","YES","sitemaps/locations.xml"
"https://www.entirefm.com/fm-chesterfield","200","https://www.entirefm.com/fm-chesterfield","0","https://www.entirefm.com/fm-chesterfield","index, follow","Fm Chesterfield | Facilities Management &amp; Engineering | Entire FM","Specialist commercial fm chesterfield across the UK. Proactive maintenance, building engineering, statutory compliance, and dedicated client management.","Fm Chesterfield — Facilities Management &amp; Engineering","YES","sitemaps/locations.xml"
"https://www.entirefm.com/fm-client-info","200","https://www.entirefm.com/fm-client-info","0","https://www.entirefm.com/fm-client-info","noindex, follow","Fm Client Info | Facilities Management &amp; Engineering | Entire FM","Specialist commercial fm client info across the UK. Proactive maintenance, building engineering, statutory compliance, and dedicated client management.","Fm Client Info — Facilities Management &amp; Engineering","YES","sitemaps/company.xml"
"https://www.entirefm.com/fm-derby","200","https://www.entirefm.com/fm-derby","0","https://www.entirefm.com/fm-derby","index, follow","FM Derby | Outsourced Facilities Management | EntireFM","Outsourced facilities management in Derby under one contract — planned maintenance, reactive repairs, compliance and reporting from a single provider.","FM Derby: Outsourced Facilities Management Under One Contract","YES","sitemaps/locations.xml"
"https://www.entirefm.com/fm-doncaster","200","https://www.entirefm.com/fm-doncaster","0","https://www.entirefm.com/fm-doncaster","index, follow","Fm Doncaster | Facilities Management &amp; Engineering | Entire FM","Specialist commercial fm doncaster across the UK. Proactive maintenance, building engineering, statutory compliance, and dedicated client management.","Fm Doncaster — Facilities Management &amp; Engineering","YES","sitemaps/locations.xml"
"https://www.entirefm.com/fm-grimsby","200","https://www.entirefm.com/fm-grimsby","0","https://www.entirefm.com/fm-grimsby","index, follow","Fm Grimsby | Facilities Management &amp; Engineering | Entire FM","Specialist commercial fm grimsby across the UK. Proactive maintenance, building engineering, statutory compliance, and dedicated client management.","Fm Grimsby — Facilities Management &amp; Engineering","YES","sitemaps/locations.xml"
"https://www.entirefm.com/fm-leeds","200","https://www.entirefm.com/fm-leeds","0","https://www.entirefm.com/fm-leeds","index, follow","FM Leeds | Outsourced Facilities Management | EntireFM","Outsourced facilities management in Leeds under one contract — planned maintenance, reactive repairs, compliance and reporting from a single provider.","FM Leeds: Outsourced Facilities Management Under One Contract","YES","sitemaps/locations.xml"
"https://www.entirefm.com/fm-lincoln","200","https://www.entirefm.com/fm-lincoln","0","https://www.entirefm.com/fm-lincoln","index, follow","FM Lincoln | Outsourced Facilities Management | EntireFM","Outsourced facilities management in Lincoln under one contract — planned maintenance, reactive repairs, compliance and reporting from a single provider.","FM Lincoln: Outsourced Facilities Management Under One Contract","YES","sitemaps/locations.xml"
"https://www.entirefm.com/fm-liverpool","200","https://www.entirefm.com/fm-liverpool","0","https://www.entirefm.com/fm-liverpool","index, follow","FM Liverpool | Outsourced Facilities Management | EntireFM","Outsourced facilities management in Liverpool under one contract — planned maintenance, reactive repairs, compliance and reporting from a single provider.","FM Liverpool: Outsourced Facilities Management Under One Contract","YES","sitemaps/locations.xml"
"https://www.entirefm.com/fm-london","200","https://www.entirefm.com/fm-london","0","https://www.entirefm.com/fm-london","index, follow","FM London | Outsourced Facilities Management | EntireFM","Outsourced facilities management in London under one contract — planned maintenance, reactive repairs, compliance and reporting from a single provider.","FM London: Outsourced Facilities Management Under One Contract","YES","sitemaps/locations.xml"
"https://www.entirefm.com/fm-manchester","200","https://www.entirefm.com/fm-manchester","0","https://www.entirefm.com/fm-manchester","index, follow","FM Manchester | Outsourced Facilities Management | EntireFM","Outsourced facilities management in Manchester under one contract — planned maintenance, reactive repairs, compliance and reporting from a single provider.","FM Manchester: Outsourced Facilities Management Under One Contract","YES","sitemaps/locations.xml"
"https://www.entirefm.com/fm-matlock","200","https://www.entirefm.com/fm-matlock","0","https://www.entirefm.com/fm-matlock","index, follow","Fm Matlock | Facilities Management &amp; Engineering | Entire FM","Specialist commercial fm matlock across the UK. Proactive maintenance, building engineering, statutory compliance, and dedicated client management.","Fm Matlock — Facilities Management &amp; Engineering","YES","sitemaps/locations.xml"
"https://www.entirefm.com/fm-nottingham","200","https://www.entirefm.com/fm-nottingham","0","https://www.entirefm.com/fm-nottingham","index, follow","FM Nottingham | Outsourced Facilities Management | EntireFM","Outsourced facilities management in Nottingham under one contract — planned maintenance, reactive repairs, compliance and reporting from a single provider.","FM Nottingham: Outsourced Facilities Management Under One Contract","YES","sitemaps/locations.xml"
"https://www.entirefm.com/fm-oxford","200","https://www.entirefm.com/fm-oxford","0","https://www.entirefm.com/fm-oxford","index, follow","Fm Oxford | Facilities Management &amp; Engineering | Entire FM","Specialist commercial fm oxford across the UK. Proactive maintenance, building engineering, statutory compliance, and dedicated client management.","Fm Oxford — Facilities Management &amp; Engineering","YES","sitemaps/locations.xml"
"https://www.entirefm.com/fm-preston","200","https://www.entirefm.com/fm-preston","0","https://www.entirefm.com/fm-preston","index, follow","Fm Preston | Facilities Management &amp; Engineering | Entire FM","Specialist commercial fm preston across the UK. Proactive maintenance, building engineering, statutory compliance, and dedicated client management.","Fm Preston — Facilities Management &amp; Engineering","YES","sitemaps/locations.xml"
"https://www.entirefm.com/fm-rotherham","200","https://www.entirefm.com/fm-rotherham","0","https://www.entirefm.com/fm-rotherham","index, follow","Fm Rotherham | Facilities Management &amp; Engineering | Entire FM","Specialist commercial fm rotherham across the UK. Proactive maintenance, building engineering, statutory compliance, and dedicated client management.","Fm Rotherham — Facilities Management &amp; Engineering","YES","sitemaps/locations.xml"
"https://www.entirefm.com/fm-services-sheffield","200","https://www.entirefm.com/fm-services-sheffield","0","https://www.entirefm.com/fm-services-sheffield","index, follow","FM Services Sheffield | Hard &amp; Soft Services | EntireFM","The full facilities management service list available in Sheffield — hard services, soft services, statutory compliance and specialist engineering.","FM Services in Sheffield","YES","sitemaps/locations.xml"
"https://www.entirefm.com/fm-sheffield","200","https://www.entirefm.com/fm-sheffield","0","https://www.entirefm.com/fm-sheffield","index, follow","FM Sheffield | Outsourced Facilities Management | EntireFM","Outsourced facilities management in Sheffield under one contract — planned maintenance, reactive repairs, compliance and reporting from a single provider.","FM Sheffield: Outsourced Facilities Management Under One Contract","YES","sitemaps/locations.xml"
"https://www.entirefm.com/fm-supply-chain","200","https://www.entirefm.com/fm-supply-chain","0","https://www.entirefm.com/fm-supply-chain","index, follow","Fm Supply Chain | Facilities Management &amp; Engineering | Entire FM","Specialist commercial fm supply chain across the UK. Proactive maintenance, building engineering, statutory compliance, and dedicated client management.","Fm Supply Chain — Facilities Management &amp; Engineering","YES","sitemaps/company.xml"
"https://www.entirefm.com/fm-supply-form","200","https://www.entirefm.com/fm-supply-form","0","https://www.entirefm.com/fm-supply-form","noindex, follow","Fm Supply Form | Facilities Management &amp; Engineering | Entire FM","Specialist commercial fm supply form across the UK. Proactive maintenance, building engineering, statutory compliance, and dedicated client management.","Fm Supply Form — Facilities Management &amp; Engineering","YES","sitemaps/company.xml"
"https://www.entirefm.com/fm-support-n-contact","200","https://www.entirefm.com/fm-support-n-contact","0","https://www.entirefm.com/fm-support-n-contact","noindex, follow","Fm Support N Contact | Facilities Management &amp; Engineering | Entire FM","Specialist commercial fm support n contact across the UK. Proactive maintenance, building engineering, statutory compliance, and dedicated client management.","Contact Entire Facilities Management","YES","sitemaps/company.xml"
"https://www.entirefm.com/fm-support-n-contact/facilities-management-glossary","200","https://www.entirefm.com/fm-support-n-contact/facilities-management-glossary","0","https://www.entirefm.com/fm-support-n-contact/facilities-management-glossary","index, follow","Fm Support N Contact/Facilities Management Glossary | Facilities Management &amp; Engineering | Entire FM","Specialist commercial fm support n contact/facilities management glossary across the UK. Proactive maintenance, building engineering, statutory compliance, and dedicated client management.","Fm Support N Contact/Facilities Management Glossary — Facilities Management &amp; Engineering","YES","sitemaps/company.xml"
"https://www.entirefm.com/fm-technical-services","200","https://www.entirefm.com/fm-technical-services","0","https://www.entirefm.com/fm-technical-services","noindex, follow","Fm Technical Services | Facilities Management &amp; Engineering | Entire FM","Specialist commercial fm technical services across the UK. Proactive maintenance, building engineering, statutory compliance, and dedicated client management.","Fm Technical Services — Facilities Management &amp; Engineering","YES","sitemaps/hard-fm.xml"
"https://www.entirefm.com/fm-telford","200","https://www.entirefm.com/fm-telford","0","https://www.entirefm.com/fm-telford","index, follow","Fm Telford | Facilities Management &amp; Engineering | Entire FM","Specialist commercial fm telford across the UK. Proactive maintenance, building engineering, statutory compliance, and dedicated client management.","Fm Telford — Facilities Management &amp; Engineering","YES","sitemaps/locations.xml"
"https://www.entirefm.com/fm-wigan","200","https://www.entirefm.com/fm-wigan","0","https://www.entirefm.com/fm-wigan","index, follow","Fm Wigan | Facilities Management &amp; Engineering | Entire FM","Specialist commercial fm wigan across the UK. Proactive maintenance, building engineering, statutory compliance, and dedicated client management.","Fm Wigan — Facilities Management &amp; Engineering","YES","sitemaps/locations.xml"
"https://www.entirefm.com/gates-barriers","200","https://www.entirefm.com/gates-barriers","0","https://www.entirefm.com/gates-barriers","index, follow","Automated Gates &amp; Vehicle Barriers | Perimeter Access | Entire FM","Planned maintenance and force testing for automated gates, rising arm barriers, turnstiles, and bollards. Statutory safety compliance across commercial premises.","Automated Gates, Barriers &amp; Perimeter Access Control","YES","sitemaps/hard-fm.xml"
"https://www.entirefm.com/grimsby-facilities-management","200","https://www.entirefm.com/grimsby-facilities-management","0","https://www.entirefm.com/grimsby-facilities-management","noindex, follow","Grimsby Facilities Management | Facilities Management &amp; Engineering | Entire FM","Specialist commercial grimsby facilities management across the UK. Proactive maintenance, building engineering, statutory compliance, and dedicated client management.","Grimsby Facilities Management — Facilities Management &amp; Engineering","YES","sitemaps/locations.xml"
"https://www.entirefm.com/grounds-maintenance","200","https://www.entirefm.com/grounds-maintenance","0","https://www.entirefm.com/grounds-maintenance","noindex, follow","Grounds Maintenance | Facilities Management &amp; Engineering | Entire FM","Specialist commercial grounds maintenance across the UK. Proactive maintenance, building engineering, statutory compliance, and dedicated client management.","Grounds Maintenance — Facilities Management &amp; Engineering","YES","sitemaps/soft-fm.xml"
"https://www.entirefm.com/hard-services","200","https://www.entirefm.com/hard-services","0","https://www.entirefm.com/hard-services","index, follow","Hard Services | Facilities Management &amp; Engineering | Entire FM","Specialist commercial hard services across the UK. Proactive maintenance, building engineering, statutory compliance, and dedicated client management.","Hard Services — Facilities Management &amp; Engineering","YES","sitemaps/hard-fm.xml"
"https://www.entirefm.com/healthcare-facilities-management","200","https://www.entirefm.com/healthcare-facilities-management","0","https://www.entirefm.com/healthcare-facilities-management","index, follow","Healthcare Facilities Management | Medical &amp; Clinic FM | Entire FM","Specialist non-clinical facilities management for medical centres, private clinics, dental practices, and healthcare offices across the UK.","Healthcare Facilities Management &amp; Clinical Estate Maintenance","YES","sitemaps/sectors.xml"
"https://www.entirefm.com/helpdesk","200","https://www.entirefm.com/helpdesk","0","https://www.entirefm.com/helpdesk","noindex, follow","Helpdesk | Facilities Management &amp; Engineering | Entire FM","Specialist commercial helpdesk across the UK. Proactive maintenance, building engineering, statutory compliance, and dedicated client management.","Helpdesk — Facilities Management &amp; Engineering","YES","sitemaps/company.xml"
"https://www.entirefm.com/helpdesk-registration","200","https://www.entirefm.com/helpdesk-registration","0","https://www.entirefm.com/helpdesk-registration","noindex, follow","Helpdesk Registration | Facilities Management &amp; Engineering | Entire FM","Specialist commercial helpdesk registration across the UK. Proactive maintenance, building engineering, statutory compliance, and dedicated client management.","Helpdesk Registration — Facilities Management &amp; Engineering","YES","sitemaps/company.xml"
"https://www.entirefm.com/home","200","https://www.entirefm.com/home","0","https://www.entirefm.com/home","index, follow","EntireFM | Commercial Facilities Management Across the UK","An entry point carried over from our previous site. EntireFM maintains commercial property across the UK — planned maintenance, mechanical and electrical engi","EntireFM: commercial facilities management","YES","sitemaps/core.xml"
"https://www.entirefm.com/home-1-1","200","https://www.entirefm.com/home-1-1","0","https://www.entirefm.com/home-1-1","noindex, follow","About EntireFM | Independent FM Provider Since 2009","A legacy address from our previous site. EntireFM began in 2009 as a small building maintenance company and now maintains commercial property nationwide throu","About EntireFM","YES","sitemaps/core.xml"
"https://www.entirefm.com/home-1-1-1","200","https://www.entirefm.com/home-1-1-1","0","https://www.entirefm.com/home-1-1-1","noindex, follow","EntireFM Services Overview | Hard and Soft FM","A legacy address from our previous site, summarising the services EntireFM delivers across commercial property in the UK.","EntireFM services overview","YES","sitemaps/core.xml"
"https://www.entirefm.com/homeab","200","https://www.entirefm.com/homeab","0","https://www.entirefm.com/homeab","noindex, follow","EntireFM | Facilities Management Enquiries","A legacy address from our previous site. If you are looking to discuss a maintenance scope, a compliance review or a single-site requirement, this is the righ","Talk to EntireFM","YES","sitemaps/core.xml"
"https://www.entirefm.com/hot-tub-relocation","200","https://www.entirefm.com/hot-tub-relocation","0","https://www.entirefm.com/hot-tub-relocation","index, follow","Commercial Spa &amp; Hot Tub Relocation Services | Entire FM","Specialist commercial hot tub and spa relocation services. Precision crane lifts, transport, disconnection, and reconnection across the UK.","Commercial Spa &amp; Hot Tub Relocation Services","YES","sitemaps/specialist-services.xml"
"https://www.entirefm.com/hotel-facilities-management","200","https://www.entirefm.com/hotel-facilities-management","0","https://www.entirefm.com/hotel-facilities-management","index, follow","Hotel &amp; Hospitality Facilities Management | Guest Experience FM | Entire FM","Discreet facilities management for hotels, resorts, and hospitality venues. 24/7 guest comfort maintenance, kitchen extraction, HVAC, and front-of-house care.","Hotel &amp; Hospitality Facilities Management","YES","sitemaps/sectors.xml"
"https://www.entirefm.com/html-sitemap","200","https://www.entirefm.com/html-sitemap","0","https://www.entirefm.com/html-sitemap","index, follow","Site Index | Every Page on EntireFM","A complete index of every page on the EntireFM site — services, sectors, locations, compliance guidance and articles, organised by section.","EntireFM Website Directory &amp; HTML Sitemap","YES","sitemaps/core.xml"
"https://www.entirefm.com/hvac-contractor","200","https://www.entirefm.com/hvac-contractor","0","https://www.entirefm.com/hvac-contractor","index, follow","Commercial HVAC Contractor | Heating, Ventilation &amp; Air Conditioning | Entire FM","Specialist commercial HVAC contractor providing heating, ventilation, VRV/VRF air conditioning maintenance, F-Gas compliance, and TM44 inspections nationwide.","Commercial HVAC Contractor — Heating, Ventilation &amp; Air Conditioning","YES","sitemaps/hard-fm.xml"
"https://www.entirefm.com/industrial-cleaning","200","https://www.entirefm.com/industrial-cleaning","0","https://www.entirefm.com/industrial-cleaning","index, follow","Industrial Cleaning Contractors | Plant &amp; Warehouse Decontamination | Entire FM","Specialist industrial facilities management for manufacturing plants, factories, and engineering works. High-bay maintenance, power distribution, and shutdown services.","Industrial Cleaning &amp; Factory Decontamination Services","YES","sitemaps/cleaning.xml"
"https://www.entirefm.com/industrial-cleaning-birmingham","200","https://www.entirefm.com/industrial-cleaning-birmingham","0","https://www.entirefm.com/industrial-cleaning-birmingham","index, follow","Industrial Cleaning Birmingham | Factory &amp; Plant Jet Wash | Entire FM","Specialist industrial facilities management for manufacturing plants, factories, and engineering works. High-bay maintenance, power distribution, and shutdown services.","Industrial Cleaning &amp; Plant Decontamination in Birmingham","YES","sitemaps/local-services.xml"
"https://www.entirefm.com/industrial-cleaning-chesterfield","200","https://www.entirefm.com/industrial-cleaning-chesterfield","0","https://www.entirefm.com/industrial-cleaning-chesterfield","index, follow","Industrial Cleaning Chesterfield | Factory &amp; Workshop Cleaning | Entire FM","Specialist industrial facilities management for manufacturing plants, factories, and engineering works. High-bay maintenance, power distribution, and shutdown services.","Industrial Cleaning &amp; Plant Decontamination in Chesterfield","YES","sitemaps/local-services.xml"
"https://www.entirefm.com/industrial-cleaning-derby","200","https://www.entirefm.com/industrial-cleaning-derby","0","https://www.entirefm.com/industrial-cleaning-derby","index, follow","Industrial Cleaning Derby | Manufacturing Plant Cleaning | Entire FM","Specialist industrial facilities management for manufacturing plants, factories, and engineering works. High-bay maintenance, power distribution, and shutdown services.","Industrial Cleaning &amp; Plant Decontamination in Derby","YES","sitemaps/local-services.xml"
"https://www.entirefm.com/industrial-cleaning-leeds","200","https://www.entirefm.com/industrial-cleaning-leeds","0","https://www.entirefm.com/industrial-cleaning-leeds","index, follow","Industrial Cleaning Leeds | Factory &amp; Logistics Cleaning | Entire FM","Specialist industrial facilities management for manufacturing plants, factories, and engineering works. High-bay maintenance, power distribution, and shutdown services.","Industrial Cleaning &amp; Plant Decontamination in Leeds","YES","sitemaps/local-services.xml"
"https://www.entirefm.com/industrial-cleaning-lincoln","200","https://www.entirefm.com/industrial-cleaning-lincoln","0","https://www.entirefm.com/industrial-cleaning-lincoln","index, follow","Industrial Cleaning Lincoln | Engineering &amp; Workshop Cleaning | Entire FM","Specialist industrial facilities management for manufacturing plants, factories, and engineering works. High-bay maintenance, power distribution, and shutdown services.","Industrial Cleaning &amp; Plant Decontamination in Lincoln","YES","sitemaps/local-services.xml"
"https://www.entirefm.com/industrial-cleaning-london","200","https://www.entirefm.com/industrial-cleaning-london","0","https://www.entirefm.com/industrial-cleaning-london","index, follow","Industrial Cleaning London | Industrial Unit &amp; Plant Cleaning | Entire FM","Specialist industrial facilities management for manufacturing plants, factories, and engineering works. High-bay maintenance, power distribution, and shutdown services.","Industrial Cleaning &amp; Plant Decontamination in London","YES","sitemaps/local-services.xml"
"https://www.entirefm.com/industrial-cleaning-manchester","200","https://www.entirefm.com/industrial-cleaning-manchester","0","https://www.entirefm.com/industrial-cleaning-manchester","index, follow","Industrial Cleaning Manchester | Manufacturing &amp; Warehouse Cleaning | Entire FM","Specialist industrial facilities management for manufacturing plants, factories, and engineering works. High-bay maintenance, power distribution, and shutdown services.","Industrial Cleaning &amp; Plant Decontamination in Manchester","YES","sitemaps/local-services.xml"
"https://www.entirefm.com/industrial-cleaning-nottingham","200","https://www.entirefm.com/industrial-cleaning-nottingham","0","https://www.entirefm.com/industrial-cleaning-nottingham","index, follow","Industrial Cleaning Nottingham | Factory &amp; Warehouse Cleaning | Entire FM","Specialist industrial facilities management for manufacturing plants, factories, and engineering works. High-bay maintenance, power distribution, and shutdown services.","Industrial Cleaning &amp; Plant Decontamination in Nottingham","YES","sitemaps/local-services.xml"
"https://www.entirefm.com/industrial-cleaning-sheffield","200","https://www.entirefm.com/industrial-cleaning-sheffield","0","https://www.entirefm.com/industrial-cleaning-sheffield","index, follow","Industrial Cleaning Sheffield | Steelworks &amp; Manufacturing Cleaning | Entire FM","Specialist industrial facilities management for manufacturing plants, factories, and engineering works. High-bay maintenance, power distribution, and shutdown services.","Industrial Cleaning &amp; Plant Decontamination in Sheffield","YES","sitemaps/local-services.xml"
"https://www.entirefm.com/industrial-facilities-management","200","https://www.entirefm.com/industrial-facilities-management","0","https://www.entirefm.com/industrial-facilities-management","index, follow","Industrial Facilities Management | Factory &amp; Plant Maintenance | Entire FM","Specialist industrial facilities management for manufacturing plants, factories, and engineering works. High-bay maintenance, power distribution, and shutdown services.","Industrial Facilities Management &amp; Manufacturing Plant Maintenance","YES","sitemaps/sectors.xml"
"https://www.entirefm.com/industrial-fm-lincoln","200","https://www.entirefm.com/industrial-fm-lincoln","0","https://www.entirefm.com/industrial-fm-lincoln","index, follow","Industrial FM Lincoln | Manufacturing &amp; Plant Maintenance | Entire FM","Specialist industrial facilities management for manufacturing plants, factories, and engineering works. High-bay maintenance, power distribution, and shutdown services.","Industrial Facilities Management &amp; Factory Maintenance in Lincoln","YES","sitemaps/locations.xml"
"https://www.entirefm.com/internal-cleaning","200","https://www.entirefm.com/internal-cleaning","0","https://www.entirefm.com/internal-cleaning","noindex, follow","Internal Cleaning | Facilities Management &amp; Engineering | Entire FM","Specialist commercial internal cleaning across the UK. Proactive maintenance, building engineering, statutory compliance, and dedicated client management.","Internal Cleaning — Facilities Management &amp; Engineering","YES","sitemaps/cleaning.xml"
"https://www.entirefm.com/items","200","https://www.entirefm.com/items","0","https://www.entirefm.com/items","noindex, follow","Items | Facilities Management &amp; Engineering | Entire FM","Specialist commercial items across the UK. Proactive maintenance, building engineering, statutory compliance, and dedicated client management.","Items — Facilities Management &amp; Engineering","YES","sitemaps/company.xml"
"https://www.entirefm.com/job-board","200","https://www.entirefm.com/job-board","0","https://www.entirefm.com/job-board","index, follow","Job Board | Facilities Management &amp; Engineering | Entire FM","Specialist commercial job board across the UK. Proactive maintenance, building engineering, statutory compliance, and dedicated client management.","Job Board — Facilities Management &amp; Engineering","YES","sitemaps/company.xml"
"https://www.entirefm.com/landmark-facilities-management","200","https://www.entirefm.com/landmark-facilities-management","0","https://www.entirefm.com/landmark-facilities-management","noindex, follow","Landmark Facilities Management | Facilities Management &amp; Engineering | Entire FM","Specialist commercial landmark facilities management across the UK. Proactive maintenance, building engineering, statutory compliance, and dedicated client management.","Landmark Facilities Management — Facilities Management &amp; Engineering","YES","sitemaps/sectors.xml"
"https://www.entirefm.com/landscaping","200","https://www.entirefm.com/landscaping","0","https://www.entirefm.com/landscaping","noindex, follow","Landscaping | Facilities Management &amp; Engineering | Entire FM","Specialist commercial landscaping across the UK. Proactive maintenance, building engineering, statutory compliance, and dedicated client management.","Landscaping — Facilities Management &amp; Engineering","YES","sitemaps/soft-fm.xml"
"https://www.entirefm.com/leeds-facilities-management","200","https://www.entirefm.com/leeds-facilities-management","0","https://www.entirefm.com/leeds-facilities-management","index, follow","Leeds Facilities Management | Multi-Site Estates | EntireFM","Multi-site facilities management across Leeds and West Yorkshire. Consistent standards, one reporting line and coordinated maintenance across every site.","Leeds Facilities Management for Multi-Site Estates","YES","sitemaps/locations.xml"
"https://www.entirefm.com/lincoln-facilities-management","200","https://www.entirefm.com/lincoln-facilities-management","0","https://www.entirefm.com/lincoln-facilities-management","index, follow","Lincoln Facilities Management | Multi-Site Estates | EntireFM","Multi-site facilities management across Lincoln and Lincolnshire. Consistent standards, one reporting line and coordinated maintenance across every site.","Lincoln Facilities Management for Multi-Site Estates","YES","sitemaps/locations.xml"
"https://www.entirefm.com/lincoln-facilities-management-areas","200","https://www.entirefm.com/lincoln-facilities-management-areas","0","https://www.entirefm.com/lincoln-facilities-management-areas","index, follow","Lincoln FM Coverage Areas | Districts Served | EntireFM","Where EntireFM delivers facilities management across Lincoln — district by district, with the access and building constraints that apply in each.","Lincoln Facilities Management Coverage Areas","YES","sitemaps/locations.xml"
"https://www.entirefm.com/liverpool-facilities-management","200","https://www.entirefm.com/liverpool-facilities-management","0","https://www.entirefm.com/liverpool-facilities-management","index, follow","Liverpool Facilities Management | Multi-Site Estates | EntireFM","Multi-site facilities management across Liverpool and Merseyside. Consistent standards, one reporting line and coordinated maintenance across every site.","Liverpool Facilities Management for Multi-Site Estates","YES","sitemaps/locations.xml"
"https://www.entirefm.com/locations","200","https://www.entirefm.com/locations","0","https://www.entirefm.com/locations","index, follow","Locations | Facilities Management &amp; Engineering | Entire FM","Specialist commercial locations across the UK. Proactive maintenance, building engineering, statutory compliance, and dedicated client management.","Locations — Facilities Management &amp; Engineering","YES","sitemaps/locations.xml"
"https://www.entirefm.com/logistics-facilities-management","200","https://www.entirefm.com/logistics-facilities-management","0","https://www.entirefm.com/logistics-facilities-management","noindex, follow","Logistics Facilities Management | Distribution Centre FM | Entire FM","Total facilities management for distribution centres, warehouses, and logistics hubs. Dock levellers, high-bay lighting, slab maintenance, and roller shutters.","Logistics Park &amp; Distribution Centre Facilities Management","YES","sitemaps/sectors.xml"
"https://www.entirefm.com/london-facilities-management","200","https://www.entirefm.com/london-facilities-management","0","https://www.entirefm.com/london-facilities-management","index, follow","London Facilities Management | Multi-Site Estates | EntireFM","Multi-site facilities management across London and Greater London and the M25 corridor. Consistent standards, one reporting line and coordinated maintenance across every site.","London Facilities Management for Multi-Site Estates","YES","sitemaps/locations.xml"
"https://www.entirefm.com/london-facilities-management-areas","200","https://www.entirefm.com/london-facilities-management-areas","0","https://www.entirefm.com/london-facilities-management-areas","index, follow","London FM Coverage Areas | Districts Served | EntireFM","Where EntireFM delivers facilities management across London — district by district, with the access and building constraints that apply in each.","London Facilities Management Coverage Areas","YES","sitemaps/locations.xml"
"https://www.entirefm.com/manchester-facilities-management","200","https://www.entirefm.com/manchester-facilities-management","0","https://www.entirefm.com/manchester-facilities-management","index, follow","Manchester Facilities Management | Multi-Site Estates | EntireFM","Multi-site facilities management across Manchester and Greater Manchester and the North West. Consistent standards, one reporting line and coordinated maintenance across every site.","Manchester Facilities Management for Multi-Site Estates","YES","sitemaps/locations.xml"
"https://www.entirefm.com/manchester-facilities-managment","200","https://www.entirefm.com/manchester-facilities-managment","0","https://www.entirefm.com/manchester-facilities-managment","index, follow","Manchester Facilities Managment | Facilities Management &amp; Engineering | Entire FM","Specialist commercial manchester facilities managment across the UK. Proactive maintenance, building engineering, statutory compliance, and dedicated client management.","Manchester Facilities Managment — Facilities Management &amp; Engineering","YES","sitemaps/core.xml"
"https://www.entirefm.com/manchester-office-cleaning","200","https://www.entirefm.com/manchester-office-cleaning","0","https://www.entirefm.com/manchester-office-cleaning","noindex, follow","Office Cleaning Manchester | Commercial Specialist Services | Entire FM","Professional office cleaning across Manchester and surrounding districts. High-standard commercial premises care, scheduled contracts, and trained local teams.","Office Cleaning in Manchester &amp; Surrounding Districts","YES","sitemaps/local-services.xml"
"https://www.entirefm.com/mechanical-electrical","200","https://www.entirefm.com/mechanical-electrical","0","https://www.entirefm.com/mechanical-electrical","index, follow","Mechanical &amp; Electrical Engineering Contractors | M&amp;E Services | Entire FM","Specialist commercial Mechanical &amp; Electrical (M&amp;E) engineering contractors. Power distribution, switchgear, HVAC, lighting compliance, and reactive support.","Mechanical &amp; Electrical (M&amp;E) Engineering Contractors","YES","sitemaps/hard-fm.xml"
"https://www.entirefm.com/mechanical-electrical/access-control","200","https://www.entirefm.com/mechanical-electrical/access-control","0","https://www.entirefm.com/mechanical-electrical/access-control","noindex, follow","Mechanical Electrical/Access Control | Facilities Management &amp; Engineering | Entire FM","Specialist commercial mechanical electrical/access control across the UK. Proactive maintenance, building engineering, statutory compliance, and dedicated client management.","Mechanical Electrical/Access Control — Facilities Management &amp; Engineering","YES","sitemaps/hard-fm.xml"
"https://www.entirefm.com/mechanical-electrical/emergency-light-testing","200","https://www.entirefm.com/mechanical-electrical/emergency-light-testing","0","https://www.entirefm.com/mechanical-electrical/emergency-light-testing","noindex, follow","Mechanical Electrical/Emergency Light Testing | Facilities Management &amp; Engineering | Entire FM","Specialist commercial mechanical electrical/emergency light testing across the UK. Proactive maintenance, building engineering, statutory compliance, and dedicated client management.","Mechanical Electrical/Emergency Light Testing — Facilities Management &amp; Engineering","YES","sitemaps/hard-fm.xml"
"https://www.entirefm.com/media-digital-displays","200","https://www.entirefm.com/media-digital-displays","0","https://www.entirefm.com/media-digital-displays","noindex, follow","Media Digital Displays | Facilities Management &amp; Engineering | Entire FM","Specialist commercial media digital displays across the UK. Proactive maintenance, building engineering, statutory compliance, and dedicated client management.","Media Digital Displays — Facilities Management &amp; Engineering","YES","sitemaps/hard-fm.xml"
"https://www.entirefm.com/medical-cleaning","200","https://www.entirefm.com/medical-cleaning","0","https://www.entirefm.com/medical-cleaning","noindex, follow","Medical Cleaning | Facilities Management &amp; Engineering | Entire FM","Specialist commercial medical cleaning across the UK. Proactive maintenance, building engineering, statutory compliance, and dedicated client management.","Medical Cleaning — Facilities Management &amp; Engineering","YES","sitemaps/cleaning.xml"
"https://www.entirefm.com/mobile-crane-hire","200","https://www.entirefm.com/mobile-crane-hire","0","https://www.entirefm.com/mobile-crane-hire","noindex, follow","Mobile Crane Hire | Facilities Management &amp; Engineering | Entire FM","Specialist commercial mobile crane hire across the UK. Proactive maintenance, building engineering, statutory compliance, and dedicated client management.","Mobile Crane Hire — Facilities Management &amp; Engineering","YES","sitemaps/specialist-services.xml"
"https://www.entirefm.com/mobile-crane-hire/chesterfield","200","https://www.entirefm.com/mobile-crane-hire/chesterfield","0","https://www.entirefm.com/mobile-crane-hire/chesterfield","index, follow","Mobile Crane Hire/Chesterfield | Facilities Management &amp; Engineering | Entire FM","Specialist commercial mobile crane hire/chesterfield across the UK. Proactive maintenance, building engineering, statutory compliance, and dedicated client management.","Mobile Crane Hire/Chesterfield — Facilities Management &amp; Engineering","YES","sitemaps/specialist-services.xml"
"https://www.entirefm.com/mobile-crane-hire/sheffield","200","https://www.entirefm.com/mobile-crane-hire/sheffield","0","https://www.entirefm.com/mobile-crane-hire/sheffield","index, follow","Mobile Crane Hire/Sheffield | Facilities Management &amp; Engineering | Entire FM","Specialist commercial mobile crane hire/sheffield across the UK. Proactive maintenance, building engineering, statutory compliance, and dedicated client management.","Mobile Crane Hire/Sheffield — Facilities Management &amp; Engineering","YES","sitemaps/specialist-services.xml"
"https://www.entirefm.com/mobile-crane-hire/truck-mount-crane-hire","200","https://www.entirefm.com/mobile-crane-hire/truck-mount-crane-hire","0","https://www.entirefm.com/mobile-crane-hire/truck-mount-crane-hire","noindex, follow","Mobile Crane Hire/Truck Mount Crane Hire | Facilities Management &amp; Engineering | Entire FM","Specialist commercial mobile crane hire/truck mount crane hire across the UK. Proactive maintenance, building engineering, statutory compliance, and dedicated client management.","Mobile Crane Hire/Truck Mount Crane Hire — Facilities Management &amp; Engineering","YES","sitemaps/specialist-services.xml"
"https://www.entirefm.com/nottingham-facilities-management","200","https://www.entirefm.com/nottingham-facilities-management","0","https://www.entirefm.com/nottingham-facilities-management","index, follow","Nottingham Facilities Management | Multi-Site Estates | EntireFM","Multi-site facilities management across Nottingham and Nottinghamshire and the East Midlands. Consistent standards, one reporting line and coordinated maintenance across every site.","Nottingham Facilities Management for Multi-Site Estates","YES","sitemaps/locations.xml"
"https://www.entirefm.com/office-cleaning","200","https://www.entirefm.com/office-cleaning","0","https://www.entirefm.com/office-cleaning","noindex, follow","Office Cleaning | Facilities Management &amp; Engineering | Entire FM","Specialist commercial office cleaning across the UK. Proactive maintenance, building engineering, statutory compliance, and dedicated client management.","Office Cleaning — Facilities Management &amp; Engineering","YES","sitemaps/cleaning.xml"
"https://www.entirefm.com/office-cleaning-lincoln","200","https://www.entirefm.com/office-cleaning-lincoln","0","https://www.entirefm.com/office-cleaning-lincoln","index, follow","Office Cleaning Lincoln | Commercial Specialist Services | Entire FM","Professional office cleaning across Lincoln and surrounding districts. High-standard commercial premises care, scheduled contracts, and trained local teams.","Office Cleaning in Lincoln &amp; Surrounding Districts","YES","sitemaps/local-services.xml"
"https://www.entirefm.com/office-cleaning-london","200","https://www.entirefm.com/office-cleaning-london","0","https://www.entirefm.com/office-cleaning-london","index, follow","Office Cleaning London | Commercial Specialist Services | Entire FM","Professional office cleaning across London and surrounding districts. High-standard commercial premises care, scheduled contracts, and trained local teams.","Office Cleaning in London &amp; Surrounding Districts","YES","sitemaps/local-services.xml"
"https://www.entirefm.com/oxford-facilities-management","200","https://www.entirefm.com/oxford-facilities-management","0","https://www.entirefm.com/oxford-facilities-management","noindex, follow","Oxford Facilities Management | Facilities Management &amp; Engineering | Entire FM","Specialist commercial oxford facilities management across the UK. Proactive maintenance, building engineering, statutory compliance, and dedicated client management.","Oxford Facilities Management — Facilities Management &amp; Engineering","YES","sitemaps/locations.xml"
"https://www.entirefm.com/plumbing-gas","200","https://www.entirefm.com/plumbing-gas","0","https://www.entirefm.com/plumbing-gas","index, follow","Commercial Plumbing &amp; Gas Services | Plant Room Maintenance | Entire FM","Commercial plumbing and gas engineering services across the UK. Boiler room maintenance, gas safety certification, water heaters, and pipework distribution.","Commercial Plumbing &amp; Gas Engineering Services","YES","sitemaps/hard-fm.xml"
"https://www.entirefm.com/portal","200","https://www.entirefm.com/portal","0","https://www.entirefm.com/portal","index, follow","Client Portal | Jobs, PPM &amp; Compliance Records | EntireFM","The EntireFM client portal — log and track jobs, view PPM schedules, download compliance certificates and see spend and performance across your sites.","EntireFM Client Portal","YES","sitemaps/company.xml"
"https://www.entirefm.com/portfolio","200","https://www.entirefm.com/portfolio","0","https://www.entirefm.com/portfolio","noindex, follow","Portfolio | Facilities Management &amp; Engineering | Entire FM","Specialist commercial portfolio across the UK. Proactive maintenance, building engineering, statutory compliance, and dedicated client management.","Portfolio — Facilities Management &amp; Engineering","YES","sitemaps/company.xml"
"https://www.entirefm.com/post/facilities-management-in-different-sectors-similarities-differences-and-the-need-for-agility","200","https://www.entirefm.com/post/facilities-management-in-different-sectors-similarities-differences-and-the-need-for-agility","0","https://www.entirefm.com/post/facilities-management-in-different-sectors-similarities-differences-and-the-need-for-agility","index, follow","FM Across Sectors | Similarities, Differences &amp; Agility | EntireFM","The trades barely change between a warehouse and a clinical building. What changes is what failure costs — and that is what should shape the maintenance plan.","Facilities management in different sectors","YES","sitemaps/insights.xml"
"https://www.entirefm.com/post/facilities-management-services-in-lincoln","200","https://www.entirefm.com/post/facilities-management-services-in-lincoln","0","https://www.entirefm.com/post/facilities-management-services-in-lincoln","index, follow","Facilities Management in Lincoln | EntireFM","Facilities management across Lincoln and Lincolnshire — a dispersed county where honest response times matter more than a headline coverage claim.","Facilities management in Lincoln and Lincolnshire","YES","sitemaps/insights.xml"
"https://www.entirefm.com/post/facilities-management-to-birmingham","200","https://www.entirefm.com/post/facilities-management-to-birmingham","0","https://www.entirefm.com/post/facilities-management-to-birmingham","index, follow","Facilities Management in Birmingham | EntireFM","Facilities management across Birmingham and the wider West Midlands — city-centre offices, industrial estates and the logistics corridor around the motorway network.","Keeping Birmingham moving","YES","sitemaps/insights.xml"
"https://www.entirefm.com/post/the-importance-of-regular-maintenance-and-inspections","200","https://www.entirefm.com/post/the-importance-of-regular-maintenance-and-inspections","0","https://www.entirefm.com/post/the-importance-of-regular-maintenance-and-inspections","index, follow","Why Regular Maintenance &amp; Inspections Matter | EntireFM","The commercial case for planned maintenance over reactive repair — what deferring maintenance really costs, and how to tell whether a regime is working.","The importance of regular maintenance and inspections","YES","sitemaps/insights.xml"
"https://www.entirefm.com/post/the-importance-of-regular-maintenance-and-inspections-1","200","https://www.entirefm.com/post/the-importance-of-regular-maintenance-and-inspections-1","0","https://www.entirefm.com/post/the-importance-of-regular-maintenance-and-inspections-1","noindex, follow","Why Regular Maintenance &amp; Inspections Matter (archive) | EntireFM","The commercial case for planned maintenance over reactive repair — what deferring maintenance really costs, and how to tell whether a regime is working.","The importance of regular maintenance and inspections — archived version","YES","sitemaps/insights.xml"
"https://www.entirefm.com/post/what-are-hard-services","200","https://www.entirefm.com/post/what-are-hard-services","0","https://www.entirefm.com/post/what-are-hard-services","index, follow","What are Hard Services? | FM Terminology Explained | EntireFM","A short definition of hard services in facilities management, what they cover, and why the distinction from soft services affects how a contract is priced.","What are &#x27;hard services&#x27;?","YES","sitemaps/insights.xml"
"https://www.entirefm.com/post/what-are-hard-services-in-facilities-management","200","https://www.entirefm.com/post/what-are-hard-services-in-facilities-management","0","https://www.entirefm.com/post/what-are-hard-services-in-facilities-management","index, follow","Hard Services in Facilities Management | Complete Guide | EntireFM","What hard services cover, the statutory regimes attached to each, where managing them goes wrong, and the practices that keep a technical estate compliant.","Hard services in facilities management","YES","sitemaps/insights.xml"
"https://www.entirefm.com/post/what-are-hard-services-in-facilities-management-1","200","https://www.entirefm.com/post/what-are-hard-services-in-facilities-management-1","0","https://www.entirefm.com/post/what-are-hard-services-in-facilities-management-1","noindex, follow","Hard Services in Facilities Management (archive) | EntireFM","What hard services cover, the statutory regimes attached to each, where managing them goes wrong, and the practices that keep a technical estate compliant.","Hard services in facilities management — archived version","YES","sitemaps/insights.xml"
"https://www.entirefm.com/post/what-is-facilities-management","200","https://www.entirefm.com/post/what-is-facilities-management","0","https://www.entirefm.com/post/what-is-facilities-management","index, follow","What is Facilities Management? | Definition &amp; Scope | EntireFM","A plain definition of facilities management, what facilities managers actually do, and where the boundary sits between hard services, soft services and everything else.","What is facilities management?","YES","sitemaps/insights.xml"
"https://www.entirefm.com/post/what-is-facilities-management-1","200","https://www.entirefm.com/post/what-is-facilities-management-1","0","https://www.entirefm.com/post/what-is-facilities-management-1","index, follow","Guide to Facilities Management | Functions &amp; Best Practice | EntireFM","A fuller guide to facilities management — the core functions, why it matters commercially, the standards that govern it, and what good practice looks like.","A guide to facilities management","YES","sitemaps/insights.xml"
"https://www.entirefm.com/post/what-is-facilities-management-1-1","200","https://www.entirefm.com/post/what-is-facilities-management-1-1","0","https://www.entirefm.com/post/what-is-facilities-management-1-1","noindex, follow","Guide to Facilities Management (archive) | EntireFM","A fuller guide to facilities management — the core functions, why it matters commercially, the standards that govern it, and what good practice looks like.","A guide to facilities management — archived version","YES","sitemaps/insights.xml"
"https://www.entirefm.com/ppm","200","https://www.entirefm.com/ppm","0","https://www.entirefm.com/ppm","index, follow","Planned Preventative Maintenance (PPM) | Structured Building Care | Entire FM","Strategic Planned Preventative Maintenance (PPM) contracts. Protect building assets, ensure statutory compliance, and eliminate breakdown costs across UK commercial portfolios.","Planned Preventative Maintenance (PPM) Contracts","YES","sitemaps/maintenance.xml"
"https://www.entirefm.com/pressure-washing","200","https://www.entirefm.com/pressure-washing","0","https://www.entirefm.com/pressure-washing","noindex, follow","Pressure Washing | Facilities Management &amp; Engineering | Entire FM","Specialist commercial pressure washing across the UK. Proactive maintenance, building engineering, statutory compliance, and dedicated client management.","Pressure Washing — Facilities Management &amp; Engineering","YES","sitemaps/cleaning.xml"
"https://www.entirefm.com/pressure-washing-birmingham","200","https://www.entirefm.com/pressure-washing-birmingham","0","https://www.entirefm.com/pressure-washing-birmingham","index, follow","Pressure Washing &amp; External Surface Care Birmingham | Commercial Specialist Services | Entire FM","Professional pressure washing &amp; external surface care across Birmingham and surrounding districts. High-standard commercial premises care, scheduled contracts, and trained local teams.","Pressure Washing &amp; External Surface Care in Birmingham &amp; Surrounding Districts","YES","sitemaps/local-services.xml"
"https://www.entirefm.com/pressure-washing-lincoln","200","https://www.entirefm.com/pressure-washing-lincoln","0","https://www.entirefm.com/pressure-washing-lincoln","noindex, follow","Pressure Washing &amp; External Surface Care Lincoln | Commercial Specialist Services | Entire FM","Professional pressure washing &amp; external surface care across Lincoln and surrounding districts. High-standard commercial premises care, scheduled contracts, and trained local teams.","Pressure Washing &amp; External Surface Care in Lincoln &amp; Surrounding Districts","YES","sitemaps/local-services.xml"
"https://www.entirefm.com/pressure-washing-london","200","https://www.entirefm.com/pressure-washing-london","0","https://www.entirefm.com/pressure-washing-london","noindex, follow","Pressure Washing &amp; External Surface Care London | Commercial Specialist Services | Entire FM","Professional pressure washing &amp; external surface care across London and surrounding districts. High-standard commercial premises care, scheduled contracts, and trained local teams.","Pressure Washing &amp; External Surface Care in London &amp; Surrounding Districts","YES","sitemaps/local-services.xml"
"https://www.entirefm.com/pressure-washing-manchester","200","https://www.entirefm.com/pressure-washing-manchester","0","https://www.entirefm.com/pressure-washing-manchester","noindex, follow","Pressure Washing &amp; External Surface Care Manchester | Commercial Specialist Services | Entire FM","Professional pressure washing &amp; external surface care across Manchester and surrounding districts. High-standard commercial premises care, scheduled contracts, and trained local teams.","Pressure Washing &amp; External Surface Care in Manchester &amp; Surrounding Districts","YES","sitemaps/local-services.xml"
"https://www.entirefm.com/pressure-washing-sheffield","200","https://www.entirefm.com/pressure-washing-sheffield","0","https://www.entirefm.com/pressure-washing-sheffield","index, follow","Pressure Washing &amp; External Surface Care Sheffield | Commercial Specialist Services | Entire FM","Professional pressure washing &amp; external surface care across Sheffield and surrounding districts. High-standard commercial premises care, scheduled contracts, and trained local teams.","Pressure Washing &amp; External Surface Care in Sheffield &amp; Surrounding Districts","YES","sitemaps/local-services.xml"
"https://www.entirefm.com/preston-facilities-management","200","https://www.entirefm.com/preston-facilities-management","0","https://www.entirefm.com/preston-facilities-management","noindex, follow","Preston Facilities Management | Facilities Management &amp; Engineering | Entire FM","Specialist commercial preston facilities management across the UK. Proactive maintenance, building engineering, statutory compliance, and dedicated client management.","Preston Facilities Management — Facilities Management &amp; Engineering","YES","sitemaps/locations.xml"
"https://www.entirefm.com/privacy-policy","200","https://www.entirefm.com/privacy-policy","0","https://www.entirefm.com/privacy-policy","index, follow","Privacy Policy | Entire FM","Official privacy policy documentation and legal governance for Entire Facilities Management Ltd.","Privacy Policy","YES","sitemaps/core.xml"
"https://www.entirefm.com/property-manager-fm-services","200","https://www.entirefm.com/property-manager-fm-services","0","https://www.entirefm.com/property-manager-fm-services","index, follow","Property Manager Facilities Management | Commercial Surveyors FM | Entire FM","Integrated facilities management tailored for commercial managing agents and institutional landlords. Digital compliance dashboards, service charge control, and tenant liaison.","Facilities Management for Property Managers &amp; Surveyors","YES","sitemaps/sectors.xml"
"https://www.entirefm.com/public-sector-facilities-management","200","https://www.entirefm.com/public-sector-facilities-management","0","https://www.entirefm.com/public-sector-facilities-management","noindex, follow","Public Sector Facilities Management | Facilities Management &amp; Engineering | Entire FM","Specialist commercial public sector facilities management across the UK. Proactive maintenance, building engineering, statutory compliance, and dedicated client management.","Public Sector Facilities Management — Facilities Management &amp; Engineering","YES","sitemaps/sectors.xml"
"https://www.entirefm.com/reactive-cleaning-services","200","https://www.entirefm.com/reactive-cleaning-services","0","https://www.entirefm.com/reactive-cleaning-services","noindex, follow","Reactive Cleaning Services | Facilities Management &amp; Engineering | Entire FM","Specialist commercial reactive cleaning services across the UK. Proactive maintenance, building engineering, statutory compliance, and dedicated client management.","Reactive Cleaning Services — Facilities Management &amp; Engineering","YES","sitemaps/cleaning.xml"
"https://www.entirefm.com/residential-cleaning","200","https://www.entirefm.com/residential-cleaning","0","https://www.entirefm.com/residential-cleaning","index, follow","Residential Block Cleaning | Communal Area Contract Cleaning | Entire FM","Facilities management for residential apartment blocks, Build-to-Rent (BTR) communities, and gated estates across the UK. Communal M&amp;E, fire doors, and cleaning.","Residential Block Communal Area Contract Cleaning","YES","sitemaps/cleaning.xml"
"https://www.entirefm.com/residential-facilities-management","200","https://www.entirefm.com/residential-facilities-management","0","https://www.entirefm.com/residential-facilities-management","index, follow","Residential Block Facilities Management | BTR &amp; Estate FM | Entire FM","Facilities management for residential apartment blocks, Build-to-Rent (BTR) communities, and gated estates across the UK. Communal M&amp;E, fire doors, and cleaning.","Residential Block &amp; BTR Estate Facilities Management","YES","sitemaps/sectors.xml"
"https://www.entirefm.com/residential-fm-lincoln","200","https://www.entirefm.com/residential-fm-lincoln","0","https://www.entirefm.com/residential-fm-lincoln","index, follow","Residential FM Lincoln | Apartment &amp; Block Maintenance | Entire FM","Facilities management for residential apartment blocks, Build-to-Rent (BTR) communities, and gated estates across the UK. Communal M&amp;E, fire doors, and cleaning.","Residential Block Facilities Management in Lincoln","YES","sitemaps/locations.xml"
"https://www.entirefm.com/resources","200","https://www.entirefm.com/resources","0","https://www.entirefm.com/resources","noindex, follow","Resources | Facilities Management &amp; Engineering | Entire FM","Specialist commercial resources across the UK. Proactive maintenance, building engineering, statutory compliance, and dedicated client management.","Resources — Facilities Management &amp; Engineering","YES","sitemaps/company.xml"
"https://www.entirefm.com/restaurant-facilities-management","200","https://www.entirefm.com/restaurant-facilities-management","0","https://www.entirefm.com/restaurant-facilities-management","noindex, follow","Restaurant Facilities Management | Facilities Management &amp; Engineering | Entire FM","Specialist commercial restaurant facilities management across the UK. Proactive maintenance, building engineering, statutory compliance, and dedicated client management.","Restaurant Facilities Management — Facilities Management &amp; Engineering","YES","sitemaps/sectors.xml"
"https://www.entirefm.com/retail-cleaning","200","https://www.entirefm.com/retail-cleaning","0","https://www.entirefm.com/retail-cleaning","index, follow","Retail Cleaning Services | High-Footfall Store Cleaning | Entire FM","Specialist retail facilities management for shopping centres, high-street chains, and retail parks. Out-of-hours maintenance, customer hygiene, and HVAC care.","Retail Store &amp; Commercial Shopping Concourse Cleaning","YES","sitemaps/cleaning.xml"
"https://www.entirefm.com/retail-facilities-management","200","https://www.entirefm.com/retail-facilities-management","0","https://www.entirefm.com/retail-facilities-management","index, follow","Retail Facilities Management | High-Footfall FM Services | Entire FM","Specialist retail facilities management for shopping centres, high-street chains, and retail parks. Out-of-hours maintenance, customer hygiene, and HVAC care.","Retail Facilities Management &amp; Store Building Services","YES","sitemaps/sectors.xml"
"https://www.entirefm.com/retail-fm-lincoln","200","https://www.entirefm.com/retail-fm-lincoln","0","https://www.entirefm.com/retail-fm-lincoln","index, follow","Retail FM Lincoln | Store &amp; Shopping Park Maintenance | Entire FM","Specialist retail facilities management for shopping centres, high-street chains, and retail parks. Out-of-hours maintenance, customer hygiene, and HVAC care.","Retail Facilities Management in Lincoln &amp; Surrounding Retail Parks","YES","sitemaps/locations.xml"
"https://www.entirefm.com/rotherham-facilities-management","200","https://www.entirefm.com/rotherham-facilities-management","0","https://www.entirefm.com/rotherham-facilities-management","noindex, follow","Rotherham Facilities Management | Facilities Management &amp; Engineering | Entire FM","Specialist commercial rotherham facilities management across the UK. Proactive maintenance, building engineering, statutory compliance, and dedicated client management.","Rotherham Facilities Management — Facilities Management &amp; Engineering","YES","sitemaps/locations.xml"
"https://www.entirefm.com/safety-critical-emergency-systems","200","https://www.entirefm.com/safety-critical-emergency-systems","0","https://www.entirefm.com/safety-critical-emergency-systems","index, follow","Safety-Critical Emergency Systems | Compliance Engineering | Entire FM","Statutory maintenance for commercial fire alarm systems, emergency lighting, smoke vents, and safety-critical infrastructure across UK properties.","Safety-Critical &amp; Emergency Compliance Engineering","YES","sitemaps/hard-fm.xml"
"https://www.entirefm.com/search","200","https://www.entirefm.com/search","0","https://www.entirefm.com/search","index, follow","Search | EntireFM","Search EntireFM for facilities management services, sectors, locations and compliance guidance across the site.","Search EntireFM","YES","sitemaps/company.xml"
"https://www.entirefm.com/sectors","200","https://www.entirefm.com/sectors","0","https://www.entirefm.com/sectors","index, follow","Sectors | Facilities Management &amp; Engineering | Entire FM","Specialist commercial sectors across the UK. Proactive maintenance, building engineering, statutory compliance, and dedicated client management.","Sectors — Facilities Management &amp; Engineering","YES","sitemaps/sectors.xml"
"https://www.entirefm.com/security-services","200","https://www.entirefm.com/security-services","0","https://www.entirefm.com/security-services","noindex, follow","Security Services | Facilities Management &amp; Engineering | Entire FM","Specialist commercial security services across the UK. Proactive maintenance, building engineering, statutory compliance, and dedicated client management.","Security Services — Facilities Management &amp; Engineering","YES","sitemaps/soft-fm.xml"
"https://www.entirefm.com/service-station-fm","200","https://www.entirefm.com/service-station-fm","0","https://www.entirefm.com/service-station-fm","noindex, follow","Service Station Fm | Facilities Management &amp; Engineering | Entire FM","Specialist commercial service station fm across the UK. Proactive maintenance, building engineering, statutory compliance, and dedicated client management.","Service Station Fm — Facilities Management &amp; Engineering","YES","sitemaps/sectors.xml"
"https://www.entirefm.com/services","200","https://www.entirefm.com/services","0","https://www.entirefm.com/services","index, follow","Services | Facilities Management &amp; Engineering | Entire FM","Specialist commercial services across the UK. Proactive maintenance, building engineering, statutory compliance, and dedicated client management.","Services — Facilities Management &amp; Engineering","YES","sitemaps/company.xml"
"https://www.entirefm.com/sheffield","200","https://www.entirefm.com/sheffield","0","https://www.entirefm.com/sheffield","index, follow","Crane Hire Sheffield | Contract Lifts | EntireFM","Crane hire in Sheffield for rooftop plant replacement and restricted-access lifts — contract lifts, appointed person, lift planning and traffic management.","Crane Hire in Sheffield","YES","sitemaps/local-services.xml"
"https://www.entirefm.com/sheffield-facilities-management","200","https://www.entirefm.com/sheffield-facilities-management","0","https://www.entirefm.com/sheffield-facilities-management","index, follow","Sheffield Facilities Management | Multi-Site Estates | EntireFM","Multi-site facilities management across Sheffield and South Yorkshire. Consistent standards, one reporting line and coordinated maintenance across every site.","Sheffield Facilities Management for Multi-Site Estates","YES","sitemaps/locations.xml"
"https://www.entirefm.com/soft-services","200","https://www.entirefm.com/soft-services","0","https://www.entirefm.com/soft-services","noindex, follow","Soft Services | Facilities Management &amp; Engineering | Entire FM","Specialist commercial soft services across the UK. Proactive maintenance, building engineering, statutory compliance, and dedicated client management.","Soft Services — Facilities Management &amp; Engineering","YES","sitemaps/soft-fm.xml"
"https://www.entirefm.com/sport-centre-facilities-management","200","https://www.entirefm.com/sport-centre-facilities-management","0","https://www.entirefm.com/sport-centre-facilities-management","noindex, follow","Sports Centre &amp; Leisure Facilities Management | Leisure FM | Entire FM","Total facilities management for sports stadiums, concert arenas, and leisure complexes. High-capacity cleaning, crowd safety systems, turnstiles, and pitch lighting.","Sports Centre &amp; Leisure Facilities Management","YES","sitemaps/sectors.xml"
"https://www.entirefm.com/telford-facilities-management","200","https://www.entirefm.com/telford-facilities-management","0","https://www.entirefm.com/telford-facilities-management","noindex, follow","Telford Facilities Management | Facilities Management &amp; Engineering | Entire FM","Specialist commercial telford facilities management across the UK. Proactive maintenance, building engineering, statutory compliance, and dedicated client management.","Telford Facilities Management — Facilities Management &amp; Engineering","YES","sitemaps/locations.xml"
"https://www.entirefm.com/terms-and-conditions","200","https://www.entirefm.com/terms-and-conditions","0","https://www.entirefm.com/terms-and-conditions","noindex, follow","Terms And Conditions | Entire FM","Official terms and conditions documentation and legal governance for Entire Facilities Management Ltd.","Terms And Conditions","YES","sitemaps/core.xml"
"https://www.entirefm.com/tier-one-facilities-management","200","https://www.entirefm.com/tier-one-facilities-management","0","https://www.entirefm.com/tier-one-facilities-management","noindex, follow","Tier One Facilities Management | Facilities Management &amp; Engineering | Entire FM","Specialist commercial tier one facilities management across the UK. Proactive maintenance, building engineering, statutory compliance, and dedicated client management.","Tier One Facilities Management — Facilities Management &amp; Engineering","YES","sitemaps/sectors.xml"
"https://www.entirefm.com/tierone-facilities-managment","200","https://www.entirefm.com/tierone-facilities-managment","0","https://www.entirefm.com/tierone-facilities-managment","noindex, follow","Tierone Facilities Managment | Facilities Management &amp; Engineering | Entire FM","Specialist commercial tierone facilities managment across the UK. Proactive maintenance, building engineering, statutory compliance, and dedicated client management.","Tierone Facilities Managment — Facilities Management &amp; Engineering","YES","sitemaps/sectors.xml"
"https://www.entirefm.com/transport-facilities-management","200","https://www.entirefm.com/transport-facilities-management","0","https://www.entirefm.com/transport-facilities-management","noindex, follow","Transport Facilities Management | Transit Hubs &amp; Rail Terminals | Entire FM","Total facilities management for sports stadiums, concert arenas, and leisure complexes. High-capacity cleaning, crowd safety systems, turnstiles, and pitch lighting.","Transport Network &amp; Interchange Facilities Management","YES","sitemaps/sectors.xml"
"https://www.entirefm.com/truck-mount-crane-hire","200","https://www.entirefm.com/truck-mount-crane-hire","0","https://www.entirefm.com/truck-mount-crane-hire","index, follow","Truck Mount Crane Hire | Contract Lifts | EntireFM","Truck-mounted crane hire for restricted-access and street-side lifts — rooftop plant, contract lifts under BS 7121, appointed person and lift planning.","Truck Mount Crane Hire","YES","sitemaps/specialist-services.xml"
"https://www.entirefm.com/vending-supplier","200","https://www.entirefm.com/vending-supplier","0","https://www.entirefm.com/vending-supplier","noindex, follow","Vending Supplier | Facilities Management &amp; Engineering | Entire FM","Specialist commercial vending supplier across the UK. Proactive maintenance, building engineering, statutory compliance, and dedicated client management.","Vending Supplier — Facilities Management &amp; Engineering","YES","sitemaps/soft-fm.xml"
"https://www.entirefm.com/warehouse-facilities-management","200","https://www.entirefm.com/warehouse-facilities-management","0","https://www.entirefm.com/warehouse-facilities-management","index, follow","Warehouse Facilities Management | Industrial Storage Care | Entire FM","Total facilities management for distribution centres, warehouses, and logistics hubs. Dock levellers, high-bay lighting, slab maintenance, and roller shutters.","Warehouse Facilities Management &amp; Storage Depot Maintenance","YES","sitemaps/sectors.xml"
"https://www.entirefm.com/washroom-management","200","https://www.entirefm.com/washroom-management","0","https://www.entirefm.com/washroom-management","noindex, follow","Washroom Management | Facilities Management &amp; Engineering | Entire FM","Specialist commercial washroom management across the UK. Proactive maintenance, building engineering, statutory compliance, and dedicated client management.","Washroom Management — Facilities Management &amp; Engineering","YES","sitemaps/soft-fm.xml"
"https://www.entirefm.com/what-is-facilities-management","200","https://www.entirefm.com/what-is-facilities-management","0","https://www.entirefm.com/what-is-facilities-management","index, follow","What Is Facilities Management | Facilities Management &amp; Engineering | Entire FM","Specialist commercial what is facilities management across the UK. Proactive maintenance, building engineering, statutory compliance, and dedicated client management.","What Is Facilities Management — Facilities Management &amp; Engineering","YES","sitemaps/core.xml"
"https://www.entirefm.com/wigan-facilities-management","200","https://www.entirefm.com/wigan-facilities-management","0","https://www.entirefm.com/wigan-facilities-management","noindex, follow","Wigan Facilities Management | Facilities Management &amp; Engineering | Entire FM","Specialist commercial wigan facilities management across the UK. Proactive maintenance, building engineering, statutory compliance, and dedicated client management.","Wigan Facilities Management — Facilities Management &amp; Engineering","YES","sitemaps/locations.xml"
"https://www.entirefm.com/window-cleaning","200","https://www.entirefm.com/window-cleaning","0","https://www.entirefm.com/window-cleaning","noindex, follow","Window Cleaning | Facilities Management &amp; Engineering | Entire FM","Specialist commercial window cleaning across the UK. Proactive maintenance, building engineering, statutory compliance, and dedicated client management.","Window Cleaning — Facilities Management &amp; Engineering","YES","sitemaps/cleaning.xml"
"https://www.entirefm.com/working-at-heights","200","https://www.entirefm.com/working-at-heights","0","https://www.entirefm.com/working-at-heights","noindex, follow","Working At Heights | Facilities Management &amp; Engineering | Entire FM","Specialist commercial working at heights across the UK. Proactive maintenance, building engineering, statutory compliance, and dedicated client management.","Working At Heights — Facilities Management &amp; Engineering","YES","sitemaps/hard-fm.xml"