URL,HTTP,Final URL,Title,Meta,H1,Canonical,Robots,Sitemap,Inlinks,Outlinks,Schema,Status
"https://www.entirefm.com/","200","https://www.entirefm.com/","Entire FM | Total Facilities Management Services UK","Entire FM provides integrated Hard FM, Soft FM, mechanical &amp; electrical engineering, PPM, and specialist facilities management across London and the UK.","Facilities management,without the friction.","https://www.entirefm.com","index, follow","sitemaps/core.xml","133","106","Missing","PASS"
"https://www.entirefm.com/24-7-fm-support","200","https://www.entirefm.com/24-7-fm-support","24 7 Fm Support | Facilities Management &amp; Engineering | Entire FM","Specialist commercial 24 7 fm support across the UK. Proactive maintenance, building engineering, statutory compliance, and dedicated client management.","24 7 Fm Support — Facilities Management &amp; Engineering","https://www.entirefm.com/24-7-fm-support","index, follow","sitemaps/core.xml","108","86","Valid JSON-LD","PASS"
"https://www.entirefm.com/about-entire-facilities-management","200","https://www.entirefm.com/about-entire-facilities-management","About EntireFM | Independent Facilities Management Since 2009","EntireFM is an independently owned facilities management provider. Started in 2009 as a small building maintenance company; now maintaining commercial property nationwide.","Independently owned. Building maintenance since 2009.","https://www.entirefm.com/about-entire-facilities-management","index, follow","sitemaps/company.xml","110","88","Valid JSON-LD","PASS"
"https://www.entirefm.com/access-control","200","https://www.entirefm.com/access-control","Access Control Systems | Installation &amp; Maintenance | EntireFM","Commercial access control installation, maintenance and fault response — door entry, fobs, readers, barriers and integration with fire and intruder systems.","Commercial Access Control Systems","https://www.entirefm.com/access-control","index, follow","sitemaps/hard-fm.xml","109","87","Valid JSON-LD","PASS"
"https://www.entirefm.com/accessibility-statement","200","https://www.entirefm.com/accessibility-statement","Accessibility Statement | Entire FM","Official accessibility statement documentation and legal governance for EntireFM.","Accessibility Statement","https://www.entirefm.com/accessibility-statement","index, follow","sitemaps/core.xml","103","82","Valid JSON-LD","PASS"
"https://www.entirefm.com/account-registration","200","https://www.entirefm.com/account-registration","Client Account Registration | EntireFM","Register for an EntireFM client account to log jobs, track progress, access compliance certificates and view planned maintenance schedules for your sites.","Client Account Registration","https://www.entirefm.com/account-registration","index, follow","sitemaps/company.xml","109","87","Valid JSON-LD","PASS"
"https://www.entirefm.com/aerial-drone-building-inspection","200","https://www.entirefm.com/aerial-drone-building-inspection","Aerial Drone Building Inspections | High-Level Surveys | Entire FM","Commercial drone building inspections and roof surveys across the UK. High-resolution imaging, thermal anomaly detection, and safe high-reach assessments.","Aerial Drone Building Inspections &amp; Roof Surveys","https://www.entirefm.com/aerial-drone-building-inspection","index, follow","sitemaps/hard-fm.xml","108","86","Valid JSON-LD","PASS"
"https://www.entirefm.com/airport-facilities-management","200","https://www.entirefm.com/airport-facilities-management","Airport Facilities Management | Terminal &amp; Airside Engineering | Entire FM","Specialist facilities management for airports, train stations, and transport hubs. Security-vetted engineering, passenger flow cleaning, and critical power.","Airport &amp; Aviation Terminal Facilities Management","https://www.entirefm.com/airport-facilities-management","index, follow","sitemaps/sectors.xml","108","86","Valid JSON-LD","PASS"
"https://www.entirefm.com/arena-facilities-management","200","https://www.entirefm.com/arena-facilities-management","Arena Facilities Management | Entertainment Complex FM | Entire FM","Total facilities management for sports stadiums, concert arenas, and leisure complexes. High-capacity cleaning, crowd safety systems, turnstiles, and pitch lighting.","Arena &amp; Large Entertainment Complex Facilities Management","https://www.entirefm.com/arena-facilities-management","index, follow","sitemaps/sectors.xml","108","86","Valid JSON-LD","PASS"
"https://www.entirefm.com/arena-facilities-management-1","200","https://www.entirefm.com/arena-facilities-management-1","Arena &amp; Venue Facilities Management | EntireFM","Facilities management for arenas and live venues — event-day readiness, overnight turnarounds, crowd-load plant, and maintenance that fits an immovable calendar.","Arena and Live Venue Facilities Management","https://www.entirefm.com/arena-facilities-management-1","index, follow","sitemaps/sectors.xml","109","87","Valid JSON-LD","PASS"
"https://www.entirefm.com/best-facilities-management-company","200","https://www.entirefm.com/best-facilities-management-company","Best Facilities Management Company | Facilities Management &amp; Engineering | Entire FM","Specialist commercial best facilities management company across the UK. Proactive maintenance, building engineering, statutory compliance, and dedicated client management.","Best Facilities Management Company — Facilities Management &amp; Engineering","https://www.entirefm.com/best-facilities-management-company","index, follow","sitemaps/company.xml","105","84","Valid JSON-LD","PASS"
"https://www.entirefm.com/birmingham-facilities-management","200","https://www.entirefm.com/birmingham-facilities-management","Birmingham Facilities Management | Multi-Site Estates | EntireFM","Multi-site facilities management across Birmingham and the West Midlands. Consistent standards, one reporting line and coordinated maintenance across every site.","Birmingham Facilities Management for Multi-Site Estates","https://www.entirefm.com/birmingham-facilities-management","index, follow","sitemaps/locations.xml","129","103","Valid JSON-LD","PASS"
"https://www.entirefm.com/blog","200","https://www.entirefm.com/blog","Blog | Facilities Management &amp; Compliance Insight | EntireFM","Articles on facilities management, statutory compliance and building engineering from EntireFM — what the law requires, what standards advise, and what actually happens on site.","Insight","https://www.entirefm.com/blog","index, follow","sitemaps/insights.xml","109","87","Valid JSON-LD","PASS"
"https://www.entirefm.com/bocker-crane-hire","200","https://www.entirefm.com/bocker-crane-hire","Bocker Crane Hire | Facilities Management &amp; Engineering | Entire FM","Specialist commercial bocker crane hire across the UK. Proactive maintenance, building engineering, statutory compliance, and dedicated client management.","Bocker Crane Hire — Facilities Management &amp; Engineering","https://www.entirefm.com/bocker-crane-hire","index, follow","sitemaps/specialist-services.xml","108","86","Valid JSON-LD","PASS"
"https://www.entirefm.com/bolton-facilities-management","200","https://www.entirefm.com/bolton-facilities-management","Bolton Facilities Management | Multi-Site Estates | EntireFM","Multi-site facilities management across Bolton and Greater Manchester North. Consistent standards, one reporting line and coordinated maintenance across every site.","Bolton Facilities Management for Multi-Site Estates","https://www.entirefm.com/bolton-facilities-management","index, follow","sitemaps/locations.xml","129","103","Valid JSON-LD","PASS"
"https://www.entirefm.com/bradford-facilities-management","200","https://www.entirefm.com/bradford-facilities-management","Bradford Facilities Management | Multi-Site Estates | EntireFM","Multi-site facilities management across Bradford and West Yorkshire. Consistent standards, one reporting line and coordinated maintenance across every site.","Bradford Facilities Management for Multi-Site Estates","https://www.entirefm.com/bradford-facilities-management","index, follow","sitemaps/locations.xml","129","103","Valid JSON-LD","PASS"
"https://www.entirefm.com/building-inspecting-testing","200","https://www.entirefm.com/building-inspecting-testing","Building Inspecting Testing | Facilities Management &amp; Engineering | Entire FM","Specialist commercial building inspecting testing across the UK. Proactive maintenance, building engineering, statutory compliance, and dedicated client management.","Building Inspecting Testing — Facilities Management &amp; Engineering","https://www.entirefm.com/building-inspecting-testing","index, follow","sitemaps/hard-fm.xml","108","86","Valid JSON-LD","PASS"
"https://www.entirefm.com/building-maintenance","200","https://www.entirefm.com/building-maintenance","Commercial Building Fabric Maintenance | Property Repairs | Entire FM","Comprehensive commercial building fabric maintenance. Internal and external property repairs, roofing, carpentry, glazing, ceilings, and multi-trade works.","Commercial Building Fabric Maintenance &amp; Repairs","https://www.entirefm.com/building-maintenance","index, follow","sitemaps/hard-fm.xml","108","86","Valid JSON-LD","PASS"
"https://www.entirefm.com/bury-facilities-management","200","https://www.entirefm.com/bury-facilities-management","Bury Facilities Management | Multi-Site Estates | EntireFM","Multi-site facilities management across Bury and Greater Manchester North East. Consistent standards, one reporting line and coordinated maintenance across every site.","Bury Facilities Management for Multi-Site Estates","https://www.entirefm.com/bury-facilities-management","index, follow","sitemaps/locations.xml","129","103","Valid JSON-LD","PASS"
"https://www.entirefm.com/caretaker","200","https://www.entirefm.com/caretaker","On-Site Caretaker &amp; Building Warden Services | Entire FM","Professional corporate concierge and dedicated on-site caretakers for commercial offices, residential developments, and business parks.","On-Site Caretaking &amp; Building Warden Services","https://www.entirefm.com/caretaker","index, follow","sitemaps/soft-fm.xml","108","86","Valid JSON-LD","PASS"
"https://www.entirefm.com/carpark-management","200","https://www.entirefm.com/carpark-management","Carpark Management | Facilities Management &amp; Engineering | Entire FM","Specialist commercial carpark management across the UK. Proactive maintenance, building engineering, statutory compliance, and dedicated client management.","Carpark Management — Facilities Management &amp; Engineering","https://www.entirefm.com/carpark-management","index, follow","sitemaps/soft-fm.xml","108","86","Valid JSON-LD","PASS"
"https://www.entirefm.com/case-studies","200","https://www.entirefm.com/case-studies","Case Studies | Facilities Management &amp; Engineering | Entire FM","Specialist commercial case studies across the UK. Proactive maintenance, building engineering, statutory compliance, and dedicated client management.","Case Studies — Facilities Management &amp; Engineering","https://www.entirefm.com/case-studies","index, follow","sitemaps/company.xml","104","83","Valid JSON-LD","PASS"
"https://www.entirefm.com/chesterfield","200","https://www.entirefm.com/chesterfield","Crane Hire Chesterfield | Contract Lifts | EntireFM","Crane hire in Chesterfield and north Derbyshire — contract lifts, rooftop plant replacement, restricted-access lifting, appointed person and lift planning.","Crane Hire in Chesterfield","https://www.entirefm.com/chesterfield","index, follow","sitemaps/local-services.xml","128","102","Valid JSON-LD","PASS"
"https://www.entirefm.com/chesterfield-facilities-management","200","https://www.entirefm.com/chesterfield-facilities-management","Chesterfield Facilities Management | Multi-Site Estates | EntireFM","Multi-site facilities management across Chesterfield and North Derbyshire and the Peak District fringe. Consistent standards, one reporting line and coordinated maintenance across every site.","Chesterfield Facilities Management for Multi-Site Estates","https://www.entirefm.com/chesterfield-facilities-management","index, follow","sitemaps/locations.xml","129","103","Valid JSON-LD","PASS"
"https://www.entirefm.com/cleaning-services","200","https://www.entirefm.com/cleaning-services","Cleaning Services | Facilities Management &amp; Engineering | Entire FM","Specialist commercial cleaning services across the UK. Proactive maintenance, building engineering, statutory compliance, and dedicated client management.","Cleaning Services — Facilities Management &amp; Engineering","https://www.entirefm.com/cleaning-services","index, follow","sitemaps/cleaning.xml","108","86","Valid JSON-LD","PASS"
"https://www.entirefm.com/client-login","200","https://www.entirefm.com/client-login","Client Login | Facilities Management &amp; Engineering | Entire FM","Specialist commercial client login across the UK. Proactive maintenance, building engineering, statutory compliance, and dedicated client management.","Client Login — Facilities Management &amp; Engineering","https://www.entirefm.com/client-login","index, follow","sitemaps/company.xml","105","84","Valid JSON-LD","PASS"
"https://www.entirefm.com/client-login/account-registration","200","https://www.entirefm.com/client-login/account-registration","Client Login/Account Registration | Facilities Management &amp; Engineering | Entire FM","Specialist commercial client login/account registration across the UK. Proactive maintenance, building engineering, statutory compliance, and dedicated client management.","Client Login/Account Registration — Facilities Management &amp; Engineering","https://www.entirefm.com/client-login/account-registration","index, follow","sitemaps/company.xml","105","84","Valid JSON-LD","PASS"
"https://www.entirefm.com/commercial-cleaning-birmingham","200","https://www.entirefm.com/commercial-cleaning-birmingham","Commercial Cleaning Birmingham | Commercial Specialist Services | Entire FM","Professional commercial cleaning across Birmingham and surrounding districts. High-standard commercial premises care, scheduled contracts, and trained local teams.","Commercial Cleaning in Birmingham &amp; Surrounding Districts","https://www.entirefm.com/commercial-cleaning-birmingham","index, follow","sitemaps/local-services.xml","127","101","Valid JSON-LD","PASS"
"https://www.entirefm.com/commercial-cleaning-chesterfield","200","https://www.entirefm.com/commercial-cleaning-chesterfield","Commercial Cleaning Chesterfield | Commercial Specialist Services | Entire FM","Professional commercial cleaning across Chesterfield and surrounding districts. High-standard commercial premises care, scheduled contracts, and trained local teams.","Commercial Cleaning in Chesterfield &amp; Surrounding Districts","https://www.entirefm.com/commercial-cleaning-chesterfield","index, follow","sitemaps/local-services.xml","127","101","Valid JSON-LD","PASS"
"https://www.entirefm.com/commercial-cleaning-leeds","200","https://www.entirefm.com/commercial-cleaning-leeds","Commercial Cleaning Leeds | Commercial Specialist Services | Entire FM","Professional commercial cleaning across Leeds and surrounding districts. High-standard commercial premises care, scheduled contracts, and trained local teams.","Commercial Cleaning in Leeds &amp; Surrounding Districts","https://www.entirefm.com/commercial-cleaning-leeds","index, follow","sitemaps/local-services.xml","127","101","Valid JSON-LD","PASS"
"https://www.entirefm.com/commercial-cleaning-lincoln","200","https://www.entirefm.com/commercial-cleaning-lincoln","Commercial Cleaning Lincoln | Commercial Specialist Services | Entire FM","Professional commercial cleaning across Lincoln and surrounding districts. High-standard commercial premises care, scheduled contracts, and trained local teams.","Commercial Cleaning in Lincoln &amp; Surrounding Districts","https://www.entirefm.com/commercial-cleaning-lincoln","index, follow","sitemaps/local-services.xml","127","101","Valid JSON-LD","PASS"
"https://www.entirefm.com/commercial-cleaning-london","200","https://www.entirefm.com/commercial-cleaning-london","Commercial Cleaning London | Commercial Specialist Services | Entire FM","Professional commercial cleaning across London and surrounding districts. High-standard commercial premises care, scheduled contracts, and trained local teams.","Commercial Cleaning in London &amp; Surrounding Districts","https://www.entirefm.com/commercial-cleaning-london","index, follow","sitemaps/local-services.xml","127","101","Valid JSON-LD","PASS"
"https://www.entirefm.com/commercial-cleaning-manchester","200","https://www.entirefm.com/commercial-cleaning-manchester","Commercial Cleaning Manchester | Commercial Specialist Services | Entire FM","Professional commercial cleaning across Manchester and surrounding districts. High-standard commercial premises care, scheduled contracts, and trained local teams.","Commercial Cleaning in Manchester &amp; Surrounding Districts","https://www.entirefm.com/commercial-cleaning-manchester","index, follow","sitemaps/local-services.xml","127","101","Valid JSON-LD","PASS"
"https://www.entirefm.com/commercial-cleaning-nottingham","200","https://www.entirefm.com/commercial-cleaning-nottingham","Commercial Cleaning Nottingham | Commercial Specialist Services | Entire FM","Professional commercial cleaning across Nottingham and surrounding districts. High-standard commercial premises care, scheduled contracts, and trained local teams.","Commercial Cleaning in Nottingham &amp; Surrounding Districts","https://www.entirefm.com/commercial-cleaning-nottingham","index, follow","sitemaps/local-services.xml","127","101","Valid JSON-LD","PASS"
"https://www.entirefm.com/commercial-cleaning-sheffield","200","https://www.entirefm.com/commercial-cleaning-sheffield","Commercial Cleaning Sheffield | Commercial Specialist Services | Entire FM","Professional commercial cleaning across Sheffield and surrounding districts. High-standard commercial premises care, scheduled contracts, and trained local teams.","Commercial Cleaning in Sheffield &amp; Surrounding Districts","https://www.entirefm.com/commercial-cleaning-sheffield","index, follow","sitemaps/local-services.xml","127","101","Valid JSON-LD","PASS"
"https://www.entirefm.com/commercial-facilities-management","200","https://www.entirefm.com/commercial-facilities-management","Commercial Facilities Management | Facilities Management &amp; Engineering | Entire FM","Specialist commercial commercial facilities management across the UK. Proactive maintenance, building engineering, statutory compliance, and dedicated client management.","Commercial Facilities Management — Facilities Management &amp; Engineering","https://www.entirefm.com/commercial-facilities-management","index, follow","sitemaps/sectors.xml","108","86","Valid JSON-LD","PASS"
"https://www.entirefm.com/commercial-fm-lincoln","200","https://www.entirefm.com/commercial-fm-lincoln","Commercial Fm Lincoln | Facilities Management &amp; Engineering | Entire FM","Specialist commercial commercial fm lincoln across the UK. Proactive maintenance, building engineering, statutory compliance, and dedicated client management.","Commercial Fm Lincoln — Facilities Management &amp; Engineering","https://www.entirefm.com/commercial-fm-lincoln","index, follow","sitemaps/locations.xml","127","101","Valid JSON-LD","PASS"
"https://www.entirefm.com/compliance","200","https://www.entirefm.com/compliance","Compliance Centre | Statutory Obligations Explained | EntireFM","What the law actually requires for commercial property compliance — fire, emergency lighting, EICR, Legionella, LOLER and asbestos, with law separated from guidance.","The Compliance Centre","https://www.entirefm.com/compliance","index, follow","sitemaps/insights.xml","113","90","Valid JSON-LD","PASS"
"https://www.entirefm.com/compliance/asbestos-management","200","https://www.entirefm.com/compliance/asbestos-management","Duty to Manage Asbestos | Surveys &amp; Registers | EntireFM","The duty to manage asbestos in non-domestic premises — surveys, the asbestos register, management plans, re-inspection and who holds the duty.","The duty to manage asbestos, and what it actually involves","https://www.entirefm.com/compliance/asbestos-management","index, follow","sitemaps/insights.xml","117","93","Valid JSON-LD","PASS"
"https://www.entirefm.com/compliance/commercial-gas-safety","200","https://www.entirefm.com/compliance/commercial-gas-safety","Commercial Gas Safety Requirements | Duties &amp; Frequency | EntireFM","What the law requires for gas safety in commercial premises — why the annual certificate is a domestic letting duty, and what non-domestic buildings must actually do.","Commercial gas safety: the certificate that is not required","https://www.entirefm.com/compliance/commercial-gas-safety","index, follow","sitemaps/insights.xml","117","93","Valid JSON-LD","PASS"
"https://www.entirefm.com/compliance/emergency-lighting-testing","200","https://www.entirefm.com/compliance/emergency-lighting-testing","Emergency Lighting Testing Frequency | BS 5266 | EntireFM","Emergency lighting testing explained — monthly function tests, annual full-duration tests, what BS 5266 requires and what the law requires.","Emergency lighting testing: monthly, annual, and why both","https://www.entirefm.com/compliance/emergency-lighting-testing","index, follow","sitemaps/insights.xml","117","93","Valid JSON-LD","PASS"
"https://www.entirefm.com/compliance/f-gas-regulations","200","https://www.entirefm.com/compliance/f-gas-regulations","F-Gas Regulations UK | Leak Check Frequency &amp; Duties | EntireFM","F-Gas duties for air conditioning and refrigeration in Great Britain — who counts as the operator, how leak check intervals follow CO2 equivalent, and what records to keep.","F-Gas: an interval that genuinely is the law","https://www.entirefm.com/compliance/f-gas-regulations","index, follow","sitemaps/insights.xml","117","93","Valid JSON-LD","PASS"
"https://www.entirefm.com/compliance/fire-risk-assessment","200","https://www.entirefm.com/compliance/fire-risk-assessment","Fire Risk Assessment Requirements | Frequency &amp; Duties | EntireFM","What the law actually requires for fire risk assessment in commercial buildings — who is responsible, how often to review, what records prove compliance.","Fire risk assessment: what the law requires","https://www.entirefm.com/compliance/fire-risk-assessment","index, follow","sitemaps/insights.xml","117","93","Valid JSON-LD","PASS"
"https://www.entirefm.com/compliance/fixed-wire-testing-eicr","200","https://www.entirefm.com/compliance/fixed-wire-testing-eicr","EICR &amp; Fixed Wire Testing Frequency | Commercial | EntireFM","How often commercial fixed wire testing and EICR are needed, what the law actually requires, and what an EICR report has to show.","Fixed wire testing and EICR: what the interval really depends on","https://www.entirefm.com/compliance/fixed-wire-testing-eicr","index, follow","sitemaps/insights.xml","117","93","Valid JSON-LD","PASS"
"https://www.entirefm.com/compliance/legionella-water-hygiene","200","https://www.entirefm.com/compliance/legionella-water-hygiene","Legionella Risk Assessment &amp; Water Hygiene | ACOP L8 | EntireFM","Legionella control explained — what ACOP L8 requires, how often to assess and monitor, who holds the duty and what records prove control.","Legionella control: the duty, the assessment and the records","https://www.entirefm.com/compliance/legionella-water-hygiene","index, follow","sitemaps/insights.xml","117","93","Valid JSON-LD","PASS"
"https://www.entirefm.com/compliance/lifting-equipment-loler","200","https://www.entirefm.com/compliance/lifting-equipment-loler","LOLER Thorough Examination Intervals | Lifts &amp; Lifting | EntireFM","LOLER explained — thorough examination intervals for passenger lifts and lifting equipment, who holds the duty, and what a report must contain.","LOLER: thorough examination, and the two intervals that matter","https://www.entirefm.com/compliance/lifting-equipment-loler","index, follow","sitemaps/insights.xml","117","93","Valid JSON-LD","PASS"
"https://www.entirefm.com/compliance/pat-testing","200","https://www.entirefm.com/compliance/pat-testing","Is PAT Testing a Legal Requirement? | What the Law Says | EntireFM","PAT testing is not named in UK legislation and has no legal interval. What the Electricity at Work Regulations actually require, and how intervals should be set by risk.","PAT testing: the requirement that is not in the law","https://www.entirefm.com/compliance/pat-testing","index, follow","sitemaps/insights.xml","117","93","Valid JSON-LD","PASS"
"https://www.entirefm.com/compliance/work-at-height","200","https://www.entirefm.com/compliance/work-at-height","Work at Height Regulations | Duties, Myths &amp; Inspection | EntireFM","What the Work at Height Regulations 2005 actually require — there is no two-metre rule, ladders are not banned, and the duty reaches whoever controls the work.","Work at height: there is no two-metre rule","https://www.entirefm.com/compliance/work-at-height","index, follow","sitemaps/insights.xml","117","93","Valid JSON-LD","PASS"
"https://www.entirefm.com/concierge-services","200","https://www.entirefm.com/concierge-services","Corporate Concierge &amp; Front-of-House Reception Services | Entire FM","Professional corporate concierge and dedicated on-site caretakers for commercial offices, residential developments, and business parks.","Corporate Concierge &amp; Front-of-House Reception Services","https://www.entirefm.com/concierge-services","index, follow","sitemaps/soft-fm.xml","108","86","Valid JSON-LD","PASS"
"https://www.entirefm.com/construction-facilities-management","200","https://www.entirefm.com/construction-facilities-management","Construction Facilities Management | Facilities Management &amp; Engineering | Entire FM","Specialist commercial construction facilities management across the UK. Proactive maintenance, building engineering, statutory compliance, and dedicated client management.","Construction Facilities Management — Facilities Management &amp; Engineering","https://www.entirefm.com/construction-facilities-management","index, follow","sitemaps/sectors.xml","108","86","Valid JSON-LD","PASS"
"https://www.entirefm.com/contact-us","200","https://www.entirefm.com/contact-us","Contact Us | Facilities Management &amp; Engineering | Entire FM","Specialist commercial contact us across the UK. Proactive maintenance, building engineering, statutory compliance, and dedicated client management.","Let&#x27;s Talk About Your Estate.","https://www.entirefm.com/contact-us","index, follow","sitemaps/company.xml","110","88","Valid JSON-LD","PASS"
"https://www.entirefm.com/contract-cleaning","200","https://www.entirefm.com/contract-cleaning","Contract Cleaning | Facilities Management &amp; Engineering | Entire FM","Specialist commercial contract cleaning across the UK. Proactive maintenance, building engineering, statutory compliance, and dedicated client management.","Contract Cleaning — Facilities Management &amp; Engineering","https://www.entirefm.com/contract-cleaning","index, follow","sitemaps/cleaning.xml","108","86","Valid JSON-LD","PASS"
"https://www.entirefm.com/contract-cleaning-chesterfield","200","https://www.entirefm.com/contract-cleaning-chesterfield","Contract Cleaning Chesterfield | Commercial Specialist Services | Entire FM","Professional contract cleaning across Chesterfield and surrounding districts. High-standard commercial premises care, scheduled contracts, and trained local teams.","Contract Cleaning in Chesterfield &amp; Surrounding Districts","https://www.entirefm.com/contract-cleaning-chesterfield","index, follow","sitemaps/local-services.xml","127","101","Valid JSON-LD","PASS"
"https://www.entirefm.com/contract-cleaning-leeds","200","https://www.entirefm.com/contract-cleaning-leeds","Contract Cleaning Leeds | Commercial Specialist Services | Entire FM","Professional contract cleaning across Leeds and surrounding districts. High-standard commercial premises care, scheduled contracts, and trained local teams.","Contract Cleaning in Leeds &amp; Surrounding Districts","https://www.entirefm.com/contract-cleaning-leeds","index, follow","sitemaps/local-services.xml","127","101","Valid JSON-LD","PASS"
"https://www.entirefm.com/contract-cleaning-lincoln","200","https://www.entirefm.com/contract-cleaning-lincoln","Contract Cleaning Lincoln | Commercial Cleaning Contractors | Entire FM","Professional contract cleaning across Lincoln and surrounding districts. High-standard commercial premises care, scheduled contracts, and trained local teams.","Contract Commercial Cleaning in Lincoln","https://www.entirefm.com/contract-cleaning-lincoln","index, follow","sitemaps/local-services.xml","127","101","Valid JSON-LD","PASS"
"https://www.entirefm.com/contract-cleaning-london","200","https://www.entirefm.com/contract-cleaning-london","Contract Cleaning London | Commercial Office &amp; Estate Cleaning | Entire FM","Professional contract cleaning across London and surrounding districts. High-standard commercial premises care, scheduled contracts, and trained local teams.","Contract Commercial Cleaning in London","https://www.entirefm.com/contract-cleaning-london","index, follow","sitemaps/local-services.xml","127","101","Valid JSON-LD","PASS"
"https://www.entirefm.com/contract-cleaning-manchester","200","https://www.entirefm.com/contract-cleaning-manchester","Contract Cleaning Manchester | Commercial Cleaning Services | Entire FM","Professional contract cleaning across Manchester and surrounding districts. High-standard commercial premises care, scheduled contracts, and trained local teams.","Contract Commercial Cleaning in Manchester","https://www.entirefm.com/contract-cleaning-manchester","index, follow","sitemaps/local-services.xml","127","101","Valid JSON-LD","PASS"
"https://www.entirefm.com/contract-cleaning-sheffield","200","https://www.entirefm.com/contract-cleaning-sheffield","Contract Cleaning Sheffield | Commercial Specialist Services | Entire FM","Professional contract cleaning across Sheffield and surrounding districts. High-standard commercial premises care, scheduled contracts, and trained local teams.","Contract Cleaning in Sheffield &amp; Surrounding Districts","https://www.entirefm.com/contract-cleaning-sheffield","index, follow","sitemaps/local-services.xml","127","101","Valid JSON-LD","PASS"
"https://www.entirefm.com/copy-of-helpdesk-registration","200","https://www.entirefm.com/copy-of-helpdesk-registration","Copy Of Helpdesk Registration | Facilities Management &amp; Engineering | Entire FM","Specialist commercial copy of helpdesk registration across the UK. Proactive maintenance, building engineering, statutory compliance, and dedicated client management.","Copy Of Helpdesk Registration — Facilities Management &amp; Engineering","https://www.entirefm.com/copy-of-helpdesk-registration","index, follow","sitemaps/company.xml","105","84","Valid JSON-LD","PASS"
"https://www.entirefm.com/copy-of-industrial-cleaning","200","https://www.entirefm.com/copy-of-industrial-cleaning","Specialist Industrial Cleaning Services | Factory Sanitisation | Entire FM","Specialist industrial facilities management for manufacturing plants, factories, and engineering works. High-bay maintenance, power distribution, and shutdown services.","Specialist Industrial &amp; Heavy Plant Cleaning","https://www.entirefm.com/copy-of-industrial-cleaning","index, follow","sitemaps/core.xml","108","86","Valid JSON-LD","PASS"
"https://www.entirefm.com/copy-of-what-is-facilities-manageme","200","https://www.entirefm.com/copy-of-what-is-facilities-manageme","Copy Of What Is Facilities Manageme | Facilities Management &amp; Engineering | Entire FM","Specialist commercial copy of what is facilities manageme across the UK. Proactive maintenance, building engineering, statutory compliance, and dedicated client management.","Copy Of What Is Facilities Manageme — Facilities Management &amp; Engineering","https://www.entirefm.com/copy-of-what-is-facilities-manageme","index, follow","sitemaps/core.xml","110","88","Valid JSON-LD","PASS"
"https://www.entirefm.com/derby-facilities-management","200","https://www.entirefm.com/derby-facilities-management","Derby Facilities Management | Multi-Site Estates | EntireFM","Multi-site facilities management across Derby and Derbyshire and the East Midlands. Consistent standards, one reporting line and coordinated maintenance across every site.","Derby Facilities Management for Multi-Site Estates","https://www.entirefm.com/derby-facilities-management","index, follow","sitemaps/locations.xml","129","103","Valid JSON-LD","PASS"
"https://www.entirefm.com/doncaster-facilities-management","200","https://www.entirefm.com/doncaster-facilities-management","Doncaster Facilities Management | Multi-Site Estates | EntireFM","Multi-site facilities management across Doncaster and South Yorkshire and the Humber corridor. Consistent standards, one reporting line and coordinated maintenance across every site.","Doncaster Facilities Management for Multi-Site Estates","https://www.entirefm.com/doncaster-facilities-management","index, follow","sitemaps/locations.xml","129","103","Valid JSON-LD","PASS"
"https://www.entirefm.com/education-cleaning","200","https://www.entirefm.com/education-cleaning","Education Cleaning Services | School &amp; College Contract Cleaning | Entire FM","Specialist facilities management for schools, colleges, and universities across the UK. DBS-vetted staff, term-time compliance, and holiday overhaul works.","Educational Campus &amp; School Term-Time Contract Cleaning","https://www.entirefm.com/education-cleaning","index, follow","sitemaps/cleaning.xml","108","86","Valid JSON-LD","PASS"
"https://www.entirefm.com/education-facilities-management","200","https://www.entirefm.com/education-facilities-management","Education Facilities Management | School &amp; University FM | Entire FM","Specialist facilities management for schools, colleges, and universities across the UK. DBS-vetted staff, term-time compliance, and holiday overhaul works.","Education Facilities Management &amp; Campus Building Services","https://www.entirefm.com/education-facilities-management","index, follow","sitemaps/sectors.xml","108","86","Valid JSON-LD","PASS"
"https://www.entirefm.com/emergency-light-testing","200","https://www.entirefm.com/emergency-light-testing","Emergency Lighting Testing | Monthly &amp; Annual | EntireFM","Emergency lighting testing to BS 5266 — monthly function tests, annual 3-hour duration tests, certification, remedial repairs and a compliant logbook.","Emergency Lighting Testing and Certification","https://www.entirefm.com/emergency-light-testing","index, follow","sitemaps/hard-fm.xml","109","87","Valid JSON-LD","PASS"
"https://www.entirefm.com/employment-portal","200","https://www.entirefm.com/employment-portal","Employment Portal | Facilities Management &amp; Engineering | Entire FM","Specialist commercial employment portal across the UK. Proactive maintenance, building engineering, statutory compliance, and dedicated client management.","Employment Portal — Facilities Management &amp; Engineering","https://www.entirefm.com/employment-portal","index, follow","sitemaps/company.xml","106","84","Valid JSON-LD","PASS"
"https://www.entirefm.com/external-cleaning-birmingham","200","https://www.entirefm.com/external-cleaning-birmingham","Contract Cleaning Birmingham | Commercial Specialist Services | Entire FM","Professional contract cleaning across Birmingham and surrounding districts. High-standard commercial premises care, scheduled contracts, and trained local teams.","Contract Cleaning in Birmingham &amp; Surrounding Districts","https://www.entirefm.com/external-cleaning-birmingham","index, follow","sitemaps/local-services.xml","127","101","Valid JSON-LD","PASS"
"https://www.entirefm.com/external-cleaning-lincoln","200","https://www.entirefm.com/external-cleaning-lincoln","External Cleaning Lincoln | Cladding &amp; Grounds Jet Washing | Entire FM","Professional contract cleaning across Lincoln and surrounding districts. High-standard commercial premises care, scheduled contracts, and trained local teams.","External Grounds, Cladding &amp; Pressure Cleaning in Lincoln","https://www.entirefm.com/external-cleaning-lincoln","index, follow","sitemaps/local-services.xml","127","101","Valid JSON-LD","PASS"
"https://www.entirefm.com/external-cleaning-london","200","https://www.entirefm.com/external-cleaning-london","External Cleaning London | Facade &amp; Cladding Jet Washing | Entire FM","Professional contract cleaning across London and surrounding districts. High-standard commercial premises care, scheduled contracts, and trained local teams.","External Facade, Cladding &amp; Grounds Cleaning in London","https://www.entirefm.com/external-cleaning-london","index, follow","sitemaps/local-services.xml","127","101","Valid JSON-LD","PASS"
"https://www.entirefm.com/external-cleaning-manchester","200","https://www.entirefm.com/external-cleaning-manchester","External Cleaning Manchester | Cladding &amp; Grounds Jet Wash | Entire FM","Professional contract cleaning across Manchester and surrounding districts. High-standard commercial premises care, scheduled contracts, and trained local teams.","External Grounds, Cladding &amp; Jet Washing in Manchester","https://www.entirefm.com/external-cleaning-manchester","index, follow","sitemaps/local-services.xml","127","101","Valid JSON-LD","PASS"
"https://www.entirefm.com/facilities-management-birmingham","200","https://www.entirefm.com/facilities-management-birmingham","Facilities Management Birmingham | Commercial FM | EntireFM","Commercial facilities management in Birmingham. Planned maintenance, M&amp;E, compliance and reactive cover, planned around how Birmingham buildings actually operate.","Facilities Management in Birmingham","https://www.entirefm.com/facilities-management-birmingham","index, follow","sitemaps/locations.xml","129","103","Valid JSON-LD","PASS"
"https://www.entirefm.com/facilities-management-blog","200","https://www.entirefm.com/facilities-management-blog","Facilities Management Blog | Guides &amp; Industry Insight | EntireFM","Articles on facilities management, statutory compliance and building engineering from EntireFM — what the law requires, what standards advise, and what actually happens on site.","The facilities management blog","https://www.entirefm.com/facilities-management-blog","index, follow","sitemaps/insights.xml","109","87","Valid JSON-LD","PASS"
"https://www.entirefm.com/facilities-management-bolton","200","https://www.entirefm.com/facilities-management-bolton","Facilities Management Bolton | Commercial FM | EntireFM","Commercial facilities management in Bolton. Planned maintenance, M&amp;E, compliance and reactive cover, planned around how Bolton buildings actually operate.","Facilities Management in Bolton","https://www.entirefm.com/facilities-management-bolton","index, follow","sitemaps/locations.xml","129","103","Valid JSON-LD","PASS"
"https://www.entirefm.com/facilities-management-bradford","200","https://www.entirefm.com/facilities-management-bradford","Facilities Management Bradford | Commercial FM | EntireFM","Commercial facilities management in Bradford. Planned maintenance, M&amp;E, compliance and reactive cover, planned around how Bradford buildings actually operate.","Facilities Management in Bradford","https://www.entirefm.com/facilities-management-bradford","index, follow","sitemaps/locations.xml","129","103","Valid JSON-LD","PASS"
"https://www.entirefm.com/facilities-management-bury","200","https://www.entirefm.com/facilities-management-bury","Facilities Management Bury | Commercial FM | EntireFM","Commercial facilities management in Bury. Planned maintenance, M&amp;E, compliance and reactive cover, planned around how Bury buildings actually operate.","Facilities Management in Bury","https://www.entirefm.com/facilities-management-bury","index, follow","sitemaps/locations.xml","129","103","Valid JSON-LD","PASS"
"https://www.entirefm.com/facilities-management-chesterfield","200","https://www.entirefm.com/facilities-management-chesterfield","Facilities Management Chesterfield | Commercial FM | EntireFM","Commercial facilities management in Chesterfield. Planned maintenance, M&amp;E, compliance and reactive cover, planned around how Chesterfield buildings actually operate.","Facilities Management in Chesterfield","https://www.entirefm.com/facilities-management-chesterfield","index, follow","sitemaps/locations.xml","129","103","Valid JSON-LD","PASS"
"https://www.entirefm.com/facilities-management-derby","200","https://www.entirefm.com/facilities-management-derby","Facilities Management Derby | Commercial FM | EntireFM","Commercial facilities management in Derby. Planned maintenance, M&amp;E, compliance and reactive cover, planned around how Derby buildings actually operate.","Facilities Management in Derby","https://www.entirefm.com/facilities-management-derby","index, follow","sitemaps/locations.xml","129","103","Valid JSON-LD","PASS"
"https://www.entirefm.com/facilities-management-doncaster","200","https://www.entirefm.com/facilities-management-doncaster","Facilities Management Doncaster | Commercial FM | EntireFM","Commercial facilities management in Doncaster. Planned maintenance, M&amp;E, compliance and reactive cover, planned around how Doncaster buildings actually operate.","Facilities Management in Doncaster","https://www.entirefm.com/facilities-management-doncaster","index, follow","sitemaps/locations.xml","129","103","Valid JSON-LD","PASS"
"https://www.entirefm.com/facilities-management-for/construction-facilities-management","200","https://www.entirefm.com/facilities-management-for/construction-facilities-management","Facilities Management For/Construction Facilities Management | Facilities Management &amp; Engineering | Entire FM","Specialist commercial facilities management for/construction facilities management across the UK. Proactive maintenance, building engineering, statutory compliance, and dedicated client management.","Facilities Management For/Construction Facilities Management — Facilities Management &amp; Engineering","https://www.entirefm.com/facilities-management-for/construction-facilities-management","index, follow","sitemaps/sectors.xml","108","86","Valid JSON-LD","PASS"
"https://www.entirefm.com/facilities-management-for/education-%26-schools-facilities-management","200","https://www.entirefm.com/facilities-management-for/education-%26-schools-facilities-management","Schools Facilities Management | Academy Trust Building Care | Entire FM","Specialist facilities management for schools, colleges, and universities across the UK. DBS-vetted staff, term-time compliance, and holiday overhaul works.","Schools &amp; Multi-Academy Trust Facilities Management","https://www.entirefm.com/facilities-management-for/education-%26-schools-facilities-management","index, follow","sitemaps/sectors.xml","108","86","Valid JSON-LD","PASS"
"https://www.entirefm.com/facilities-management-for/healthcare-facilities-management","200","https://www.entirefm.com/facilities-management-for/healthcare-facilities-management","Medical Clinic Facilities Management | Healthcare Estate FM | Entire FM","Specialist non-clinical facilities management for medical centres, private clinics, dental practices, and healthcare offices across the UK.","Medical Clinic &amp; Health Centre Facilities Management","https://www.entirefm.com/facilities-management-for/healthcare-facilities-management","index, follow","sitemaps/sectors.xml","108","86","Valid JSON-LD","PASS"
"https://www.entirefm.com/facilities-management-for/hotels-%26-resort-facilities-management","200","https://www.entirefm.com/facilities-management-for/hotels-%26-resort-facilities-management","Hotels &amp; Resort Facilities Management | Luxury Estate FM | Entire FM","Discreet facilities management for hotels, resorts, and hospitality venues. 24/7 guest comfort maintenance, kitchen extraction, HVAC, and front-of-house care.","Resort &amp; Luxury Hotel Facilities Management","https://www.entirefm.com/facilities-management-for/hotels-%26-resort-facilities-management","index, follow","sitemaps/sectors.xml","108","86","Valid JSON-LD","PASS"
"https://www.entirefm.com/facilities-management-for/industrial-facilities-management","200","https://www.entirefm.com/facilities-management-for/industrial-facilities-management","Industrial Estate Facilities Management | Heavy Plant FM | Entire FM","Specialist industrial facilities management for manufacturing plants, factories, and engineering works. High-bay maintenance, power distribution, and shutdown services.","Industrial Estate &amp; Factory Facilities Management","https://www.entirefm.com/facilities-management-for/industrial-facilities-management","index, follow","sitemaps/sectors.xml","108","86","Valid JSON-LD","PASS"
"https://www.entirefm.com/facilities-management-for/leisure-centre-facilities-management","200","https://www.entirefm.com/facilities-management-for/leisure-centre-facilities-management","Facilities Management For/Leisure Centre Facilities Management | Facilities Management &amp; Engineering | Entire FM","Specialist commercial facilities management for/leisure centre facilities management across the UK. Proactive maintenance, building engineering, statutory compliance, and dedicated client management.","Facilities Management For/Leisure Centre Facilities Management — Facilities Management &amp; Engineering","https://www.entirefm.com/facilities-management-for/leisure-centre-facilities-management","index, follow","sitemaps/sectors.xml","108","86","Valid JSON-LD","PASS"
"https://www.entirefm.com/facilities-management-for/logistics-%26-distribution-facilities-management","200","https://www.entirefm.com/facilities-management-for/logistics-%26-distribution-facilities-management","Logistics &amp; Distribution Facilities Management | Supply Hub FM | Entire FM","Total facilities management for distribution centres, warehouses, and logistics hubs. Dock levellers, high-bay lighting, slab maintenance, and roller shutters.","Distribution Hub &amp; Supply Chain Facilities Management","https://www.entirefm.com/facilities-management-for/logistics-%26-distribution-facilities-management","index, follow","sitemaps/sectors.xml","108","86","Valid JSON-LD","PASS"
"https://www.entirefm.com/facilities-management-for/managing-agent-facilities-management","200","https://www.entirefm.com/facilities-management-for/managing-agent-facilities-management","Managing Agent Facilities Management | Portfolio Compliance | Entire FM","Integrated facilities management tailored for commercial managing agents and institutional landlords. Digital compliance dashboards, service charge control, and tenant liaison.","Facilities Management for Commercial Managing Agents","https://www.entirefm.com/facilities-management-for/managing-agent-facilities-management","index, follow","sitemaps/sectors.xml","108","86","Valid JSON-LD","PASS"
"https://www.entirefm.com/facilities-management-for/offices%2C-corporate-%26-co-working","200","https://www.entirefm.com/facilities-management-for/offices%2C-corporate-%26-co-working","Facilities Management For/Offices%2C Corporate %26 Co Working | Facilities Management &amp; Engineering | Entire FM","Specialist commercial facilities management for/offices%2c corporate %26 co working across the UK. Proactive maintenance, building engineering, statutory compliance, and dedicated client management.","Facilities Management For/Offices%2C Corporate %26 Co Working — Facilities Management &amp; Engineering","https://www.entirefm.com/facilities-management-for/offices%2C-corporate-%26-co-working","index, follow","sitemaps/sectors.xml","108","86","Valid JSON-LD","PASS"
"https://www.entirefm.com/facilities-management-for/residential-facilities-management","200","https://www.entirefm.com/facilities-management-for/residential-facilities-management","Residential Estate Facilities Management | Gated Community FM | Entire FM","Facilities management for residential apartment blocks, Build-to-Rent (BTR) communities, and gated estates across the UK. Communal M&amp;E, fire doors, and cleaning.","Private Residential Estate &amp; Gated Community Facilities Management","https://www.entirefm.com/facilities-management-for/residential-facilities-management","index, follow","sitemaps/sectors.xml","108","86","Valid JSON-LD","PASS"
"https://www.entirefm.com/facilities-management-for/restaurant-%26-hospitality-facilities-management","200","https://www.entirefm.com/facilities-management-for/restaurant-%26-hospitality-facilities-management","Facilities Management For/Restaurant %26 Hospitality Facilities Management | Facilities Management &amp; Engineering | Entire FM","Specialist commercial facilities management for/restaurant %26 hospitality facilities management across the UK. Proactive maintenance, building engineering, statutory compliance, and dedicated client management.","Facilities Management For/Restaurant %26 Hospitality Facilities Management — Facilities Management &amp; Engineering","https://www.entirefm.com/facilities-management-for/restaurant-%26-hospitality-facilities-management","index, follow","sitemaps/sectors.xml","108","86","Valid JSON-LD","PASS"
"https://www.entirefm.com/facilities-management-for/retail-%26-shopping-centre-facilities-management","200","https://www.entirefm.com/facilities-management-for/retail-%26-shopping-centre-facilities-management","Shopping Centre Facilities Management | Retail Park FM | Entire FM","Specialist retail facilities management for shopping centres, high-street chains, and retail parks. Out-of-hours maintenance, customer hygiene, and HVAC care.","Shopping Centre &amp; Retail Park Facilities Management","https://www.entirefm.com/facilities-management-for/retail-%26-shopping-centre-facilities-management","index, follow","sitemaps/sectors.xml","108","86","Valid JSON-LD","PASS"
"https://www.entirefm.com/facilities-management-for/sports-venue-facilities-management","200","https://www.entirefm.com/facilities-management-for/sports-venue-facilities-management","Sports Venue Facilities Management | Athletics &amp; Stadium FM | Entire FM","Total facilities management for sports stadiums, concert arenas, and leisure complexes. High-capacity cleaning, crowd safety systems, turnstiles, and pitch lighting.","Sports Venue &amp; Athletics Facilities Management","https://www.entirefm.com/facilities-management-for/sports-venue-facilities-management","index, follow","sitemaps/sectors.xml","108","86","Valid JSON-LD","PASS"
"https://www.entirefm.com/facilities-management-for/stadium-%26-arena-facilities-management","200","https://www.entirefm.com/facilities-management-for/stadium-%26-arena-facilities-management","Stadium &amp; Arena Facilities Management | High-Capacity Venue FM | Entire FM","Total facilities management for sports stadiums, concert arenas, and leisure complexes. High-capacity cleaning, crowd safety systems, turnstiles, and pitch lighting.","Stadium &amp; Major Arena Facilities Management","https://www.entirefm.com/facilities-management-for/stadium-%26-arena-facilities-management","index, follow","sitemaps/sectors.xml","108","86","Valid JSON-LD","PASS"
"https://www.entirefm.com/facilities-management-for/warehouse-%26-distribution","200","https://www.entirefm.com/facilities-management-for/warehouse-%26-distribution","Warehouse &amp; Distribution Facilities Management | Fulfilment FM | Entire FM","Total facilities management for distribution centres, warehouses, and logistics hubs. Dock levellers, high-bay lighting, slab maintenance, and roller shutters.","High-Bay Warehouse &amp; Fulfilment Centre Facilities Management","https://www.entirefm.com/facilities-management-for/warehouse-%26-distribution","index, follow","sitemaps/sectors.xml","108","86","Valid JSON-LD","PASS"
"https://www.entirefm.com/facilities-management-glossary","200","https://www.entirefm.com/facilities-management-glossary","Facilities Management Glossary | FM Terms Explained | EntireFM","A plain-English glossary of facilities management terms — PPM, SFG20, L8, LOLER, SLA, NTE, CAFM, hard and soft services, and what each actually means in practice.","Facilities Management Glossary","https://www.entirefm.com/facilities-management-glossary","index, follow","sitemaps/insights.xml","111","88","Valid JSON-LD","PASS"
"https://www.entirefm.com/facilities-management-grimsby","200","https://www.entirefm.com/facilities-management-grimsby","Facilities Management Grimsby | Commercial FM | EntireFM","Commercial facilities management in Grimsby. Planned maintenance, M&amp;E, compliance and reactive cover, planned around how Grimsby buildings actually operate.","Facilities Management in Grimsby","https://www.entirefm.com/facilities-management-grimsby","index, follow","sitemaps/locations.xml","129","103","Valid JSON-LD","PASS"
"https://www.entirefm.com/facilities-management-in-telford","200","https://www.entirefm.com/facilities-management-in-telford","Facilities Management In Telford | Facilities Management &amp; Engineering | Entire FM","Specialist commercial facilities management in telford across the UK. Proactive maintenance, building engineering, statutory compliance, and dedicated client management.","Facilities Management In Telford — Facilities Management &amp; Engineering","https://www.entirefm.com/facilities-management-in-telford","index, follow","sitemaps/locations.xml","127","101","Valid JSON-LD","PASS"
"https://www.entirefm.com/facilities-management-in-the-midlands","200","https://www.entirefm.com/facilities-management-in-the-midlands","Facilities Management In The Midlands | Facilities Management &amp; Engineering | Entire FM","Specialist commercial facilities management in the midlands across the UK. Proactive maintenance, building engineering, statutory compliance, and dedicated client management.","Facilities Management In The Midlands — Facilities Management &amp; Engineering","https://www.entirefm.com/facilities-management-in-the-midlands","index, follow","sitemaps/locations.xml","127","101","Valid JSON-LD","PASS"
"https://www.entirefm.com/facilities-management-industries","200","https://www.entirefm.com/facilities-management-industries","Facilities Management by Industry | Sectors | EntireFM","Facilities management by industry — industrial, logistics, retail, healthcare, education, hospitality, aviation and commercial property, each with its own compliance profile.","Facilities Management by Industry","https://www.entirefm.com/facilities-management-industries","index, follow","sitemaps/sectors.xml","110","88","Valid JSON-LD","PASS"
"https://www.entirefm.com/facilities-management-leeds","200","https://www.entirefm.com/facilities-management-leeds","Facilities Management Leeds | Commercial FM | EntireFM","Commercial facilities management in Leeds. Planned maintenance, M&amp;E, compliance and reactive cover, planned around how Leeds buildings actually operate.","Facilities Management in Leeds","https://www.entirefm.com/facilities-management-leeds","index, follow","sitemaps/locations.xml","129","103","Valid JSON-LD","PASS"
"https://www.entirefm.com/facilities-management-lincoln","200","https://www.entirefm.com/facilities-management-lincoln","Facilities Management Lincoln | Commercial FM | EntireFM","Commercial facilities management in Lincoln. Planned maintenance, M&amp;E, compliance and reactive cover, planned around how Lincoln buildings actually operate.","Facilities Management in Lincoln","https://www.entirefm.com/facilities-management-lincoln","index, follow","sitemaps/locations.xml","129","103","Valid JSON-LD","PASS"
"https://www.entirefm.com/facilities-management-liverpool","200","https://www.entirefm.com/facilities-management-liverpool","Facilities Management Liverpool | Commercial FM | EntireFM","Commercial facilities management in Liverpool. Planned maintenance, M&amp;E, compliance and reactive cover, planned around how Liverpool buildings actually operate.","Facilities Management in Liverpool","https://www.entirefm.com/facilities-management-liverpool","index, follow","sitemaps/locations.xml","129","103","Valid JSON-LD","PASS"
"https://www.entirefm.com/facilities-management-london","200","https://www.entirefm.com/facilities-management-london","Facilities Management London | Commercial FM | EntireFM","Commercial facilities management in London. Planned maintenance, M&amp;E, compliance and reactive cover, planned around how London buildings actually operate.","Facilities Management in London","https://www.entirefm.com/facilities-management-london","index, follow","sitemaps/locations.xml","129","103","Valid JSON-LD","PASS"
"https://www.entirefm.com/facilities-management-manchester","200","https://www.entirefm.com/facilities-management-manchester","Facilities Management Manchester | Commercial FM | EntireFM","Commercial facilities management in Manchester. Planned maintenance, M&amp;E, compliance and reactive cover, planned around how Manchester buildings actually operate.","Facilities Management in Manchester","https://www.entirefm.com/facilities-management-manchester","index, follow","sitemaps/locations.xml","129","103","Valid JSON-LD","PASS"
"https://www.entirefm.com/facilities-management-midlands","200","https://www.entirefm.com/facilities-management-midlands","Facilities Management Midlands | Commercial FM | EntireFM","Commercial facilities management in Midlands. Planned maintenance, M&amp;E, compliance and reactive cover, planned around how Midlands buildings actually operate.","Facilities Management in Midlands","https://www.entirefm.com/facilities-management-midlands","index, follow","sitemaps/locations.xml","128","102","Valid JSON-LD","PASS"
"https://www.entirefm.com/facilities-management-nottingham","200","https://www.entirefm.com/facilities-management-nottingham","Facilities Management Nottingham | Commercial FM | EntireFM","Commercial facilities management in Nottingham. Planned maintenance, M&amp;E, compliance and reactive cover, planned around how Nottingham buildings actually operate.","Facilities Management in Nottingham","https://www.entirefm.com/facilities-management-nottingham","index, follow","sitemaps/locations.xml","129","103","Valid JSON-LD","PASS"
"https://www.entirefm.com/facilities-management-offices","200","https://www.entirefm.com/facilities-management-offices","Facilities Management Offices | Facilities Management &amp; Engineering | Entire FM","Specialist commercial facilities management offices across the UK. Proactive maintenance, building engineering, statutory compliance, and dedicated client management.","Facilities Management Offices — Facilities Management &amp; Engineering","https://www.entirefm.com/facilities-management-offices","index, follow","sitemaps/sectors.xml","108","86","Valid JSON-LD","PASS"
"https://www.entirefm.com/facilities-management-oxford","200","https://www.entirefm.com/facilities-management-oxford","Facilities Management Oxford | Commercial FM | EntireFM","Commercial facilities management in Oxford. Planned maintenance, M&amp;E, compliance and reactive cover, planned around how Oxford buildings actually operate.","Facilities Management in Oxford","https://www.entirefm.com/facilities-management-oxford","index, follow","sitemaps/locations.xml","129","103","Valid JSON-LD","PASS"
"https://www.entirefm.com/facilities-management-preston","200","https://www.entirefm.com/facilities-management-preston","Facilities Management Preston | Commercial FM | EntireFM","Commercial facilities management in Preston. Planned maintenance, M&amp;E, compliance and reactive cover, planned around how Preston buildings actually operate.","Facilities Management in Preston","https://www.entirefm.com/facilities-management-preston","index, follow","sitemaps/locations.xml","129","103","Valid JSON-LD","PASS"
"https://www.entirefm.com/facilities-management-rotherham","200","https://www.entirefm.com/facilities-management-rotherham","Facilities Management Rotherham | Commercial FM | EntireFM","Commercial facilities management in Rotherham. Planned maintenance, M&amp;E, compliance and reactive cover, planned around how Rotherham buildings actually operate.","Facilities Management in Rotherham","https://www.entirefm.com/facilities-management-rotherham","index, follow","sitemaps/locations.xml","129","103","Valid JSON-LD","PASS"
"https://www.entirefm.com/facilities-management-services","200","https://www.entirefm.com/facilities-management-services","Facilities Management Services | Facilities Management &amp; Engineering | Entire FM","Specialist commercial facilities management services across the UK. Proactive maintenance, building engineering, statutory compliance, and dedicated client management.","Facilities Management Services — Facilities Management &amp; Engineering","https://www.entirefm.com/facilities-management-services","index, follow","sitemaps/core.xml","108","86","Valid JSON-LD","PASS"
"https://www.entirefm.com/facilities-management-services-lond","200","https://www.entirefm.com/facilities-management-services-lond","Facilities Management Services Lond | Facilities Management &amp; Engineering | Entire FM","Specialist commercial facilities management services lond across the UK. Proactive maintenance, building engineering, statutory compliance, and dedicated client management.","Facilities Management Services Lond — Facilities Management &amp; Engineering","https://www.entirefm.com/facilities-management-services-lond","index, follow","sitemaps/core.xml","108","86","Valid JSON-LD","PASS"
"https://www.entirefm.com/facilities-management-sheffield","200","https://www.entirefm.com/facilities-management-sheffield","Facilities Management Sheffield | Commercial FM | EntireFM","Commercial facilities management in Sheffield. Planned maintenance, M&amp;E, compliance and reactive cover, planned around how Sheffield buildings actually operate.","Facilities Management in Sheffield","https://www.entirefm.com/facilities-management-sheffield","index, follow","sitemaps/locations.xml","129","103","Valid JSON-LD","PASS"
"https://www.entirefm.com/facilities-management-team","200","https://www.entirefm.com/facilities-management-team","Facilities Management Team | Facilities Management &amp; Engineering | Entire FM","Specialist commercial facilities management team across the UK. Proactive maintenance, building engineering, statutory compliance, and dedicated client management.","Facilities Management Team — Facilities Management &amp; Engineering","https://www.entirefm.com/facilities-management-team","index, follow","sitemaps/company.xml","105","84","Valid JSON-LD","PASS"
"https://www.entirefm.com/facilities-management-telford","200","https://www.entirefm.com/facilities-management-telford","Facilities Management Telford | Commercial FM | EntireFM","Commercial facilities management in Telford. Planned maintenance, M&amp;E, compliance and reactive cover, planned around how Telford buildings actually operate.","Facilities Management in Telford","https://www.entirefm.com/facilities-management-telford","index, follow","sitemaps/locations.xml","129","103","Valid JSON-LD","PASS"
"https://www.entirefm.com/facilities-management-wigan","200","https://www.entirefm.com/facilities-management-wigan","Facilities Management Wigan | Commercial FM | EntireFM","Commercial facilities management in Wigan. Planned maintenance, M&amp;E, compliance and reactive cover, planned around how Wigan buildings actually operate.","Facilities Management in Wigan","https://www.entirefm.com/facilities-management-wigan","index, follow","sitemaps/locations.xml","129","103","Valid JSON-LD","PASS"
"https://www.entirefm.com/fire-emergency-systems","200","https://www.entirefm.com/fire-emergency-systems","Fire &amp; Life Safety Emergency Systems | Alarm &amp; Detection FM | Entire FM","Statutory maintenance for commercial fire alarm systems, emergency lighting, smoke vents, and safety-critical infrastructure across UK properties.","Fire Alarm &amp; Emergency Life Safety Systems Maintenance","https://www.entirefm.com/fire-emergency-systems","index, follow","sitemaps/hard-fm.xml","108","86","Valid JSON-LD","PASS"
"https://www.entirefm.com/fm-birmingham","200","https://www.entirefm.com/fm-birmingham","FM Birmingham | Outsourced Facilities Management | EntireFM","Outsourced facilities management in Birmingham under one contract — planned maintenance, reactive repairs, compliance and reporting from a single provider.","FM Birmingham: Outsourced Facilities Management Under One Contract","https://www.entirefm.com/fm-birmingham","index, follow","sitemaps/locations.xml","129","103","Valid JSON-LD","PASS"
"https://www.entirefm.com/fm-bolton","200","https://www.entirefm.com/fm-bolton","FM Bolton | Outsourced Facilities Management | EntireFM","Outsourced facilities management in Bolton under one contract — planned maintenance, reactive repairs, compliance and reporting from a single provider.","FM Bolton: Outsourced Facilities Management Under One Contract","https://www.entirefm.com/fm-bolton","index, follow","sitemaps/locations.xml","129","103","Valid JSON-LD","PASS"
"https://www.entirefm.com/fm-bradford","200","https://www.entirefm.com/fm-bradford","FM Bradford | Outsourced Facilities Management | EntireFM","Outsourced facilities management in Bradford under one contract — planned maintenance, reactive repairs, compliance and reporting from a single provider.","FM Bradford: Outsourced Facilities Management Under One Contract","https://www.entirefm.com/fm-bradford","index, follow","sitemaps/locations.xml","129","103","Valid JSON-LD","PASS"
"https://www.entirefm.com/fm-bury","200","https://www.entirefm.com/fm-bury","FM Bury | Outsourced Facilities Management | EntireFM","Outsourced facilities management in Bury under one contract — planned maintenance, reactive repairs, compliance and reporting from a single provider.","FM Bury: Outsourced Facilities Management Under One Contract","https://www.entirefm.com/fm-bury","index, follow","sitemaps/locations.xml","129","103","Valid JSON-LD","PASS"
"https://www.entirefm.com/fm-chesterfield","200","https://www.entirefm.com/fm-chesterfield","FM Chesterfield | Outsourced Facilities Management | EntireFM","Outsourced facilities management in Chesterfield under one contract — planned maintenance, reactive repairs, compliance and reporting from a single provider.","FM Chesterfield: Outsourced Facilities Management Under One Contract","https://www.entirefm.com/fm-chesterfield","index, follow","sitemaps/locations.xml","129","103","Valid JSON-LD","PASS"
"https://www.entirefm.com/fm-client-info","200","https://www.entirefm.com/fm-client-info","Fm Client Info | Facilities Management &amp; Engineering | Entire FM","Specialist commercial fm client info across the UK. Proactive maintenance, building engineering, statutory compliance, and dedicated client management.","Fm Client Info — Facilities Management &amp; Engineering","https://www.entirefm.com/fm-client-info","index, follow","sitemaps/company.xml","105","84","Valid JSON-LD","PASS"
"https://www.entirefm.com/fm-derby","200","https://www.entirefm.com/fm-derby","FM Derby | Outsourced Facilities Management | EntireFM","Outsourced facilities management in Derby under one contract — planned maintenance, reactive repairs, compliance and reporting from a single provider.","FM Derby: Outsourced Facilities Management Under One Contract","https://www.entirefm.com/fm-derby","index, follow","sitemaps/locations.xml","129","103","Valid JSON-LD","PASS"
"https://www.entirefm.com/fm-doncaster","200","https://www.entirefm.com/fm-doncaster","FM Doncaster | Outsourced Facilities Management | EntireFM","Outsourced facilities management in Doncaster under one contract — planned maintenance, reactive repairs, compliance and reporting from a single provider.","FM Doncaster: Outsourced Facilities Management Under One Contract","https://www.entirefm.com/fm-doncaster","index, follow","sitemaps/locations.xml","129","103","Valid JSON-LD","PASS"
"https://www.entirefm.com/fm-grimsby","200","https://www.entirefm.com/fm-grimsby","FM Grimsby | Outsourced Facilities Management | EntireFM","Outsourced facilities management in Grimsby under one contract — planned maintenance, reactive repairs, compliance and reporting from a single provider.","FM Grimsby: Outsourced Facilities Management Under One Contract","https://www.entirefm.com/fm-grimsby","index, follow","sitemaps/locations.xml","129","103","Valid JSON-LD","PASS"
"https://www.entirefm.com/fm-leeds","200","https://www.entirefm.com/fm-leeds","FM Leeds | Outsourced Facilities Management | EntireFM","Outsourced facilities management in Leeds under one contract — planned maintenance, reactive repairs, compliance and reporting from a single provider.","FM Leeds: Outsourced Facilities Management Under One Contract","https://www.entirefm.com/fm-leeds","index, follow","sitemaps/locations.xml","129","103","Valid JSON-LD","PASS"
"https://www.entirefm.com/fm-lincoln","200","https://www.entirefm.com/fm-lincoln","FM Lincoln | Outsourced Facilities Management | EntireFM","Outsourced facilities management in Lincoln under one contract — planned maintenance, reactive repairs, compliance and reporting from a single provider.","FM Lincoln: Outsourced Facilities Management Under One Contract","https://www.entirefm.com/fm-lincoln","index, follow","sitemaps/locations.xml","129","103","Valid JSON-LD","PASS"
"https://www.entirefm.com/fm-liverpool","200","https://www.entirefm.com/fm-liverpool","FM Liverpool | Outsourced Facilities Management | EntireFM","Outsourced facilities management in Liverpool under one contract — planned maintenance, reactive repairs, compliance and reporting from a single provider.","FM Liverpool: Outsourced Facilities Management Under One Contract","https://www.entirefm.com/fm-liverpool","index, follow","sitemaps/locations.xml","129","103","Valid JSON-LD","PASS"
"https://www.entirefm.com/fm-london","200","https://www.entirefm.com/fm-london","FM London | Outsourced Facilities Management | EntireFM","Outsourced facilities management in London under one contract — planned maintenance, reactive repairs, compliance and reporting from a single provider.","FM London: Outsourced Facilities Management Under One Contract","https://www.entirefm.com/fm-london","index, follow","sitemaps/locations.xml","129","103","Valid JSON-LD","PASS"
"https://www.entirefm.com/fm-manchester","200","https://www.entirefm.com/fm-manchester","FM Manchester | Outsourced Facilities Management | EntireFM","Outsourced facilities management in Manchester under one contract — planned maintenance, reactive repairs, compliance and reporting from a single provider.","FM Manchester: Outsourced Facilities Management Under One Contract","https://www.entirefm.com/fm-manchester","index, follow","sitemaps/locations.xml","129","103","Valid JSON-LD","PASS"
"https://www.entirefm.com/fm-matlock","200","https://www.entirefm.com/fm-matlock","FM Matlock | Outsourced Facilities Management | EntireFM","Outsourced facilities management in Matlock under one contract — planned maintenance, reactive repairs, compliance and reporting from a single provider.","FM Matlock: Outsourced Facilities Management Under One Contract","https://www.entirefm.com/fm-matlock","index, follow","sitemaps/locations.xml","128","102","Valid JSON-LD","PASS"
"https://www.entirefm.com/fm-nottingham","200","https://www.entirefm.com/fm-nottingham","FM Nottingham | Outsourced Facilities Management | EntireFM","Outsourced facilities management in Nottingham under one contract — planned maintenance, reactive repairs, compliance and reporting from a single provider.","FM Nottingham: Outsourced Facilities Management Under One Contract","https://www.entirefm.com/fm-nottingham","index, follow","sitemaps/locations.xml","129","103","Valid JSON-LD","PASS"
"https://www.entirefm.com/fm-oxford","200","https://www.entirefm.com/fm-oxford","FM Oxford | Outsourced Facilities Management | EntireFM","Outsourced facilities management in Oxford under one contract — planned maintenance, reactive repairs, compliance and reporting from a single provider.","FM Oxford: Outsourced Facilities Management Under One Contract","https://www.entirefm.com/fm-oxford","index, follow","sitemaps/locations.xml","129","103","Valid JSON-LD","PASS"
"https://www.entirefm.com/fm-preston","200","https://www.entirefm.com/fm-preston","FM Preston | Outsourced Facilities Management | EntireFM","Outsourced facilities management in Preston under one contract — planned maintenance, reactive repairs, compliance and reporting from a single provider.","FM Preston: Outsourced Facilities Management Under One Contract","https://www.entirefm.com/fm-preston","index, follow","sitemaps/locations.xml","129","103","Valid JSON-LD","PASS"
"https://www.entirefm.com/fm-rotherham","200","https://www.entirefm.com/fm-rotherham","FM Rotherham | Outsourced Facilities Management | EntireFM","Outsourced facilities management in Rotherham under one contract — planned maintenance, reactive repairs, compliance and reporting from a single provider.","FM Rotherham: Outsourced Facilities Management Under One Contract","https://www.entirefm.com/fm-rotherham","index, follow","sitemaps/locations.xml","129","103","Valid JSON-LD","PASS"
"https://www.entirefm.com/fm-services-sheffield","200","https://www.entirefm.com/fm-services-sheffield","FM Services Sheffield | Hard &amp; Soft Services | EntireFM","The full facilities management service list available in Sheffield — hard services, soft services, statutory compliance and specialist engineering.","FM Services in Sheffield","https://www.entirefm.com/fm-services-sheffield","index, follow","sitemaps/locations.xml","129","103","Valid JSON-LD","PASS"
"https://www.entirefm.com/fm-sheffield","200","https://www.entirefm.com/fm-sheffield","FM Sheffield | Outsourced Facilities Management | EntireFM","Outsourced facilities management in Sheffield under one contract — planned maintenance, reactive repairs, compliance and reporting from a single provider.","FM Sheffield: Outsourced Facilities Management Under One Contract","https://www.entirefm.com/fm-sheffield","index, follow","sitemaps/locations.xml","129","103","Valid JSON-LD","PASS"
"https://www.entirefm.com/fm-supply-chain","200","https://www.entirefm.com/fm-supply-chain","Fm Supply Chain | Facilities Management &amp; Engineering | Entire FM","Specialist commercial fm supply chain across the UK. Proactive maintenance, building engineering, statutory compliance, and dedicated client management.","Fm Supply Chain — Facilities Management &amp; Engineering","https://www.entirefm.com/fm-supply-chain","index, follow","sitemaps/company.xml","102","81","Valid JSON-LD","PASS"
"https://www.entirefm.com/fm-supply-form","200","https://www.entirefm.com/fm-supply-form","Fm Supply Form | Facilities Management &amp; Engineering | Entire FM","Specialist commercial fm supply form across the UK. Proactive maintenance, building engineering, statutory compliance, and dedicated client management.","Fm Supply Form — Facilities Management &amp; Engineering","https://www.entirefm.com/fm-supply-form","index, follow","sitemaps/company.xml","102","81","Valid JSON-LD","PASS"
"https://www.entirefm.com/fm-support-n-contact","200","https://www.entirefm.com/fm-support-n-contact","Fm Support N Contact | Facilities Management &amp; Engineering | Entire FM","Specialist commercial fm support n contact across the UK. Proactive maintenance, building engineering, statutory compliance, and dedicated client management.","Let&#x27;s Talk About Your Estate.","https://www.entirefm.com/fm-support-n-contact","index, follow","sitemaps/company.xml","110","88","Valid JSON-LD","PASS"
"https://www.entirefm.com/fm-support-n-contact/facilities-management-glossary","200","https://www.entirefm.com/fm-support-n-contact/facilities-management-glossary","Fm Support N Contact/Facilities Management Glossary | Facilities Management &amp; Engineering | Entire FM","Specialist commercial fm support n contact/facilities management glossary across the UK. Proactive maintenance, building engineering, statutory compliance, and dedicated client management.","Fm Support N Contact/Facilities Management Glossary — Facilities Management &amp; Engineering","https://www.entirefm.com/fm-support-n-contact/facilities-management-glossary","index, follow","sitemaps/company.xml","110","88","Valid JSON-LD","PASS"
"https://www.entirefm.com/fm-technical-services","200","https://www.entirefm.com/fm-technical-services","Fm Technical Services | Facilities Management &amp; Engineering | Entire FM","Specialist commercial fm technical services across the UK. Proactive maintenance, building engineering, statutory compliance, and dedicated client management.","Fm Technical Services — Facilities Management &amp; Engineering","https://www.entirefm.com/fm-technical-services","index, follow","sitemaps/hard-fm.xml","108","86","Valid JSON-LD","PASS"
"https://www.entirefm.com/fm-telford","200","https://www.entirefm.com/fm-telford","FM Telford | Outsourced Facilities Management | EntireFM","Outsourced facilities management in Telford under one contract — planned maintenance, reactive repairs, compliance and reporting from a single provider.","FM Telford: Outsourced Facilities Management Under One Contract","https://www.entirefm.com/fm-telford","index, follow","sitemaps/locations.xml","129","103","Valid JSON-LD","PASS"
"https://www.entirefm.com/fm-wigan","200","https://www.entirefm.com/fm-wigan","FM Wigan | Outsourced Facilities Management | EntireFM","Outsourced facilities management in Wigan under one contract — planned maintenance, reactive repairs, compliance and reporting from a single provider.","FM Wigan: Outsourced Facilities Management Under One Contract","https://www.entirefm.com/fm-wigan","index, follow","sitemaps/locations.xml","129","103","Valid JSON-LD","PASS"
"https://www.entirefm.com/gates-barriers","200","https://www.entirefm.com/gates-barriers","Automated Gates &amp; Vehicle Barriers | Perimeter Access | Entire FM","Planned maintenance and force testing for automated gates, rising arm barriers, turnstiles, and bollards. Statutory safety compliance across commercial premises.","Automated Gates, Barriers &amp; Perimeter Access Control","https://www.entirefm.com/gates-barriers","index, follow","sitemaps/hard-fm.xml","108","86","Valid JSON-LD","PASS"
"https://www.entirefm.com/grimsby-facilities-management","200","https://www.entirefm.com/grimsby-facilities-management","Grimsby Facilities Management | Multi-Site Estates | EntireFM","Multi-site facilities management across Grimsby and North East Lincolnshire and the Humber. Consistent standards, one reporting line and coordinated maintenance across every site.","Grimsby Facilities Management for Multi-Site Estates","https://www.entirefm.com/grimsby-facilities-management","index, follow","sitemaps/locations.xml","129","103","Valid JSON-LD","PASS"
"https://www.entirefm.com/grounds-maintenance","200","https://www.entirefm.com/grounds-maintenance","Grounds Maintenance | Facilities Management &amp; Engineering | Entire FM","Specialist commercial grounds maintenance across the UK. Proactive maintenance, building engineering, statutory compliance, and dedicated client management.","Grounds Maintenance — Facilities Management &amp; Engineering","https://www.entirefm.com/grounds-maintenance","index, follow","sitemaps/soft-fm.xml","108","86","Valid JSON-LD","PASS"
"https://www.entirefm.com/hard-services","200","https://www.entirefm.com/hard-services","Hard Services | Facilities Management &amp; Engineering | Entire FM","Specialist commercial hard services across the UK. Proactive maintenance, building engineering, statutory compliance, and dedicated client management.","Hard Services — Facilities Management &amp; Engineering","https://www.entirefm.com/hard-services","index, follow","sitemaps/hard-fm.xml","108","86","Valid JSON-LD","PASS"
"https://www.entirefm.com/healthcare-facilities-management","200","https://www.entirefm.com/healthcare-facilities-management","Healthcare Facilities Management | Medical &amp; Clinic FM | Entire FM","Specialist non-clinical facilities management for medical centres, private clinics, dental practices, and healthcare offices across the UK.","Healthcare Facilities Management &amp; Clinical Estate Maintenance","https://www.entirefm.com/healthcare-facilities-management","index, follow","sitemaps/sectors.xml","108","86","Valid JSON-LD","PASS"
"https://www.entirefm.com/helpdesk","200","https://www.entirefm.com/helpdesk","Helpdesk | Facilities Management &amp; Engineering | Entire FM","Specialist commercial helpdesk across the UK. Proactive maintenance, building engineering, statutory compliance, and dedicated client management.","Helpdesk — Facilities Management &amp; Engineering","https://www.entirefm.com/helpdesk","index, follow","sitemaps/company.xml","105","84","Valid JSON-LD","PASS"
"https://www.entirefm.com/helpdesk-registration","200","https://www.entirefm.com/helpdesk-registration","Helpdesk Registration | Facilities Management &amp; Engineering | Entire FM","Specialist commercial helpdesk registration across the UK. Proactive maintenance, building engineering, statutory compliance, and dedicated client management.","Helpdesk Registration — Facilities Management &amp; Engineering","https://www.entirefm.com/helpdesk-registration","index, follow","sitemaps/company.xml","105","84","Valid JSON-LD","PASS"
"https://www.entirefm.com/home","200","https://www.entirefm.com/home","EntireFM | Commercial Facilities Management Across the UK","An entry point carried over from our previous site. EntireFM maintains commercial property across the UK — planned maintenance, mechanical and electrical engi","EntireFM: commercial facilities management","https://www.entirefm.com/home","index, follow","sitemaps/core.xml","108","86","Valid JSON-LD","PASS"
"https://www.entirefm.com/home-1-1","200","https://www.entirefm.com/home-1-1","About EntireFM | Independent FM Provider Since 2009","A legacy address from our previous site. EntireFM began in 2009 as a small building maintenance company and now maintains commercial property nationwide throu","About EntireFM","https://www.entirefm.com/home-1-1","index, follow","sitemaps/core.xml","108","86","Valid JSON-LD","PASS"
"https://www.entirefm.com/home-1-1-1","200","https://www.entirefm.com/home-1-1-1","EntireFM Services Overview | Hard and Soft FM","A legacy address from our previous site, summarising the services EntireFM delivers across commercial property in the UK.","EntireFM services overview","https://www.entirefm.com/home-1-1-1","index, follow","sitemaps/core.xml","108","86","Valid JSON-LD","PASS"
"https://www.entirefm.com/homeab","200","https://www.entirefm.com/homeab","EntireFM | Facilities Management Enquiries","A legacy address from our previous site. If you are looking to discuss a maintenance scope, a compliance review or a single-site requirement, this is the righ","Talk to EntireFM","https://www.entirefm.com/homeab","index, follow","sitemaps/core.xml","108","86","Valid JSON-LD","PASS"
"https://www.entirefm.com/hot-tub-relocation","200","https://www.entirefm.com/hot-tub-relocation","Commercial Spa &amp; Hot Tub Relocation Services | Entire FM","Specialist commercial hot tub and spa relocation services. Precision crane lifts, transport, disconnection, and reconnection across the UK.","Commercial Spa &amp; Hot Tub Relocation Services","https://www.entirefm.com/hot-tub-relocation","index, follow","sitemaps/specialist-services.xml","108","86","Valid JSON-LD","PASS"
"https://www.entirefm.com/hotel-facilities-management","200","https://www.entirefm.com/hotel-facilities-management","Hotel &amp; Hospitality Facilities Management | Guest Experience FM | Entire FM","Discreet facilities management for hotels, resorts, and hospitality venues. 24/7 guest comfort maintenance, kitchen extraction, HVAC, and front-of-house care.","Hotel &amp; Hospitality Facilities Management","https://www.entirefm.com/hotel-facilities-management","index, follow","sitemaps/sectors.xml","108","86","Valid JSON-LD","PASS"
"https://www.entirefm.com/html-sitemap","200","https://www.entirefm.com/html-sitemap","Site Index | Every Page on EntireFM","A complete index of every page on the EntireFM site — services, sectors, locations, compliance guidance and articles, organised by section.","EntireFM Website Directory &amp; HTML Sitemap","https://www.entirefm.com/html-sitemap","index, follow","sitemaps/core.xml","359","287","Valid JSON-LD","PASS"
"https://www.entirefm.com/hvac-contractor","200","https://www.entirefm.com/hvac-contractor","Commercial HVAC Contractor | Heating, Ventilation &amp; Air Conditioning | Entire FM","Specialist commercial HVAC contractor providing heating, ventilation, VRV/VRF air conditioning maintenance, F-Gas compliance, and TM44 inspections nationwide.","Commercial HVAC Contractor — Heating, Ventilation &amp; Air Conditioning","https://www.entirefm.com/hvac-contractor","index, follow","sitemaps/hard-fm.xml","108","86","Valid JSON-LD","PASS"
"https://www.entirefm.com/industrial-cleaning","200","https://www.entirefm.com/industrial-cleaning","Industrial Cleaning Contractors | Plant &amp; Warehouse Decontamination | Entire FM","Specialist industrial facilities management for manufacturing plants, factories, and engineering works. High-bay maintenance, power distribution, and shutdown services.","Industrial Cleaning &amp; Factory Decontamination Services","https://www.entirefm.com/industrial-cleaning","index, follow","sitemaps/cleaning.xml","108","86","Valid JSON-LD","PASS"
"https://www.entirefm.com/industrial-cleaning-birmingham","200","https://www.entirefm.com/industrial-cleaning-birmingham","Industrial Cleaning Birmingham | Factory &amp; Plant Jet Wash | Entire FM","Specialist industrial facilities management for manufacturing plants, factories, and engineering works. High-bay maintenance, power distribution, and shutdown services.","Industrial Cleaning &amp; Plant Decontamination in Birmingham","https://www.entirefm.com/industrial-cleaning-birmingham","index, follow","sitemaps/local-services.xml","127","101","Valid JSON-LD","PASS"
"https://www.entirefm.com/industrial-cleaning-chesterfield","200","https://www.entirefm.com/industrial-cleaning-chesterfield","Industrial Cleaning Chesterfield | Factory &amp; Workshop Cleaning | Entire FM","Specialist industrial facilities management for manufacturing plants, factories, and engineering works. High-bay maintenance, power distribution, and shutdown services.","Industrial Cleaning &amp; Plant Decontamination in Chesterfield","https://www.entirefm.com/industrial-cleaning-chesterfield","index, follow","sitemaps/local-services.xml","127","101","Valid JSON-LD","PASS"
"https://www.entirefm.com/industrial-cleaning-derby","200","https://www.entirefm.com/industrial-cleaning-derby","Industrial Cleaning Derby | Manufacturing Plant Cleaning | Entire FM","Specialist industrial facilities management for manufacturing plants, factories, and engineering works. High-bay maintenance, power distribution, and shutdown services.","Industrial Cleaning &amp; Plant Decontamination in Derby","https://www.entirefm.com/industrial-cleaning-derby","index, follow","sitemaps/local-services.xml","127","101","Valid JSON-LD","PASS"
"https://www.entirefm.com/industrial-cleaning-leeds","200","https://www.entirefm.com/industrial-cleaning-leeds","Industrial Cleaning Leeds | Factory &amp; Logistics Cleaning | Entire FM","Specialist industrial facilities management for manufacturing plants, factories, and engineering works. High-bay maintenance, power distribution, and shutdown services.","Industrial Cleaning &amp; Plant Decontamination in Leeds","https://www.entirefm.com/industrial-cleaning-leeds","index, follow","sitemaps/local-services.xml","127","101","Valid JSON-LD","PASS"
"https://www.entirefm.com/industrial-cleaning-lincoln","200","https://www.entirefm.com/industrial-cleaning-lincoln","Industrial Cleaning Lincoln | Engineering &amp; Workshop Cleaning | Entire FM","Specialist industrial facilities management for manufacturing plants, factories, and engineering works. High-bay maintenance, power distribution, and shutdown services.","Industrial Cleaning &amp; Plant Decontamination in Lincoln","https://www.entirefm.com/industrial-cleaning-lincoln","index, follow","sitemaps/local-services.xml","127","101","Valid JSON-LD","PASS"
"https://www.entirefm.com/industrial-cleaning-london","200","https://www.entirefm.com/industrial-cleaning-london","Industrial Cleaning London | Industrial Unit &amp; Plant Cleaning | Entire FM","Specialist industrial facilities management for manufacturing plants, factories, and engineering works. High-bay maintenance, power distribution, and shutdown services.","Industrial Cleaning &amp; Plant Decontamination in London","https://www.entirefm.com/industrial-cleaning-london","index, follow","sitemaps/local-services.xml","127","101","Valid JSON-LD","PASS"
"https://www.entirefm.com/industrial-cleaning-manchester","200","https://www.entirefm.com/industrial-cleaning-manchester","Industrial Cleaning Manchester | Manufacturing &amp; Warehouse Cleaning | Entire FM","Specialist industrial facilities management for manufacturing plants, factories, and engineering works. High-bay maintenance, power distribution, and shutdown services.","Industrial Cleaning &amp; Plant Decontamination in Manchester","https://www.entirefm.com/industrial-cleaning-manchester","index, follow","sitemaps/local-services.xml","127","101","Valid JSON-LD","PASS"
"https://www.entirefm.com/industrial-cleaning-nottingham","200","https://www.entirefm.com/industrial-cleaning-nottingham","Industrial Cleaning Nottingham | Factory &amp; Warehouse Cleaning | Entire FM","Specialist industrial facilities management for manufacturing plants, factories, and engineering works. High-bay maintenance, power distribution, and shutdown services.","Industrial Cleaning &amp; Plant Decontamination in Nottingham","https://www.entirefm.com/industrial-cleaning-nottingham","index, follow","sitemaps/local-services.xml","127","101","Valid JSON-LD","PASS"
"https://www.entirefm.com/industrial-cleaning-sheffield","200","https://www.entirefm.com/industrial-cleaning-sheffield","Industrial Cleaning Sheffield | Steelworks &amp; Manufacturing Cleaning | Entire FM","Specialist industrial facilities management for manufacturing plants, factories, and engineering works. High-bay maintenance, power distribution, and shutdown services.","Industrial Cleaning &amp; Plant Decontamination in Sheffield","https://www.entirefm.com/industrial-cleaning-sheffield","index, follow","sitemaps/local-services.xml","127","101","Valid JSON-LD","PASS"
"https://www.entirefm.com/industrial-facilities-management","200","https://www.entirefm.com/industrial-facilities-management","Industrial Facilities Management | Factory &amp; Plant Maintenance | Entire FM","Specialist industrial facilities management for manufacturing plants, factories, and engineering works. High-bay maintenance, power distribution, and shutdown services.","Industrial Facilities Management &amp; Manufacturing Plant Maintenance","https://www.entirefm.com/industrial-facilities-management","index, follow","sitemaps/sectors.xml","108","86","Valid JSON-LD","PASS"
"https://www.entirefm.com/industrial-fm-lincoln","200","https://www.entirefm.com/industrial-fm-lincoln","Industrial FM Lincoln | Manufacturing &amp; Plant Maintenance | Entire FM","Specialist industrial facilities management for manufacturing plants, factories, and engineering works. High-bay maintenance, power distribution, and shutdown services.","Industrial Facilities Management &amp; Factory Maintenance in Lincoln","https://www.entirefm.com/industrial-fm-lincoln","index, follow","sitemaps/locations.xml","127","101","Valid JSON-LD","PASS"
"https://www.entirefm.com/internal-cleaning","200","https://www.entirefm.com/internal-cleaning","Internal Cleaning | Facilities Management &amp; Engineering | Entire FM","Specialist commercial internal cleaning across the UK. Proactive maintenance, building engineering, statutory compliance, and dedicated client management.","Internal Cleaning — Facilities Management &amp; Engineering","https://www.entirefm.com/internal-cleaning","index, follow","sitemaps/cleaning.xml","108","86","Valid JSON-LD","PASS"
"https://www.entirefm.com/items","200","https://www.entirefm.com/items","Items | Facilities Management &amp; Engineering | Entire FM","Specialist commercial items across the UK. Proactive maintenance, building engineering, statutory compliance, and dedicated client management.","Items — Facilities Management &amp; Engineering","https://www.entirefm.com/items","index, follow","sitemaps/company.xml","128","102","Valid JSON-LD","PASS"
"https://www.entirefm.com/job-board","200","https://www.entirefm.com/job-board","Job Board | Facilities Management &amp; Engineering | Entire FM","Specialist commercial job board across the UK. Proactive maintenance, building engineering, statutory compliance, and dedicated client management.","Job Board — Facilities Management &amp; Engineering","https://www.entirefm.com/job-board","index, follow","sitemaps/company.xml","106","84","Valid JSON-LD","PASS"
"https://www.entirefm.com/landmark-facilities-management","200","https://www.entirefm.com/landmark-facilities-management","Landmark Facilities Management | Facilities Management &amp; Engineering | Entire FM","Specialist commercial landmark facilities management across the UK. Proactive maintenance, building engineering, statutory compliance, and dedicated client management.","Landmark Facilities Management — Facilities Management &amp; Engineering","https://www.entirefm.com/landmark-facilities-management","index, follow","sitemaps/sectors.xml","108","86","Valid JSON-LD","PASS"
"https://www.entirefm.com/landscaping","200","https://www.entirefm.com/landscaping","Landscaping | Facilities Management &amp; Engineering | Entire FM","Specialist commercial landscaping across the UK. Proactive maintenance, building engineering, statutory compliance, and dedicated client management.","Landscaping — Facilities Management &amp; Engineering","https://www.entirefm.com/landscaping","index, follow","sitemaps/soft-fm.xml","108","86","Valid JSON-LD","PASS"
"https://www.entirefm.com/leeds-facilities-management","200","https://www.entirefm.com/leeds-facilities-management","Leeds Facilities Management | Multi-Site Estates | EntireFM","Multi-site facilities management across Leeds and West Yorkshire. Consistent standards, one reporting line and coordinated maintenance across every site.","Leeds Facilities Management for Multi-Site Estates","https://www.entirefm.com/leeds-facilities-management","index, follow","sitemaps/locations.xml","129","103","Valid JSON-LD","PASS"
"https://www.entirefm.com/lincoln-facilities-management","200","https://www.entirefm.com/lincoln-facilities-management","Lincoln Facilities Management | Multi-Site Estates | EntireFM","Multi-site facilities management across Lincoln and Lincolnshire. Consistent standards, one reporting line and coordinated maintenance across every site.","Lincoln Facilities Management for Multi-Site Estates","https://www.entirefm.com/lincoln-facilities-management","index, follow","sitemaps/locations.xml","129","103","Valid JSON-LD","PASS"
"https://www.entirefm.com/lincoln-facilities-management-areas","200","https://www.entirefm.com/lincoln-facilities-management-areas","Lincoln FM Coverage Areas | Districts Served | EntireFM","Where EntireFM delivers facilities management across Lincoln — district by district, with the access and building constraints that apply in each.","Lincoln Facilities Management Coverage Areas","https://www.entirefm.com/lincoln-facilities-management-areas","index, follow","sitemaps/locations.xml","129","103","Valid JSON-LD","PASS"
"https://www.entirefm.com/liverpool-facilities-management","200","https://www.entirefm.com/liverpool-facilities-management","Liverpool Facilities Management | Multi-Site Estates | EntireFM","Multi-site facilities management across Liverpool and Merseyside. Consistent standards, one reporting line and coordinated maintenance across every site.","Liverpool Facilities Management for Multi-Site Estates","https://www.entirefm.com/liverpool-facilities-management","index, follow","sitemaps/locations.xml","129","103","Valid JSON-LD","PASS"
"https://www.entirefm.com/locations","200","https://www.entirefm.com/locations","Locations | Facilities Management &amp; Engineering | Entire FM","Specialist commercial locations across the UK. Proactive maintenance, building engineering, statutory compliance, and dedicated client management.","Locations — Facilities Management &amp; Engineering","https://www.entirefm.com/locations","index, follow","sitemaps/locations.xml","178","142","Valid JSON-LD","PASS"
"https://www.entirefm.com/logistics-facilities-management","200","https://www.entirefm.com/logistics-facilities-management","Logistics Facilities Management | Distribution Centre FM | Entire FM","Total facilities management for distribution centres, warehouses, and logistics hubs. Dock levellers, high-bay lighting, slab maintenance, and roller shutters.","Logistics Park &amp; Distribution Centre Facilities Management","https://www.entirefm.com/logistics-facilities-management","index, follow","sitemaps/sectors.xml","108","86","Valid JSON-LD","PASS"
"https://www.entirefm.com/london-facilities-management","200","https://www.entirefm.com/london-facilities-management","London Facilities Management | Multi-Site Estates | EntireFM","Multi-site facilities management across London and Greater London and the M25 corridor. Consistent standards, one reporting line and coordinated maintenance across every site.","London Facilities Management for Multi-Site Estates","https://www.entirefm.com/london-facilities-management","index, follow","sitemaps/locations.xml","129","103","Valid JSON-LD","PASS"
"https://www.entirefm.com/london-facilities-management-areas","200","https://www.entirefm.com/london-facilities-management-areas","London FM Coverage Areas | Districts Served | EntireFM","Where EntireFM delivers facilities management across London — district by district, with the access and building constraints that apply in each.","London Facilities Management Coverage Areas","https://www.entirefm.com/london-facilities-management-areas","index, follow","sitemaps/locations.xml","129","103","Valid JSON-LD","PASS"
"https://www.entirefm.com/manchester-facilities-management","200","https://www.entirefm.com/manchester-facilities-management","Manchester Facilities Management | Multi-Site Estates | EntireFM","Multi-site facilities management across Manchester and Greater Manchester and the North West. Consistent standards, one reporting line and coordinated maintenance across every site.","Manchester Facilities Management for Multi-Site Estates","https://www.entirefm.com/manchester-facilities-management","index, follow","sitemaps/locations.xml","129","103","Valid JSON-LD","PASS"
"https://www.entirefm.com/manchester-facilities-managment","200","https://www.entirefm.com/manchester-facilities-managment","Manchester Facilities Managment | Facilities Management &amp; Engineering | Entire FM","Specialist commercial manchester facilities managment across the UK. Proactive maintenance, building engineering, statutory compliance, and dedicated client management.","Manchester Facilities Managment — Facilities Management &amp; Engineering","https://www.entirefm.com/manchester-facilities-managment","index, follow","sitemaps/core.xml","108","86","Valid JSON-LD","PASS"
"https://www.entirefm.com/manchester-office-cleaning","200","https://www.entirefm.com/manchester-office-cleaning","Office Cleaning Manchester | Commercial Specialist Services | Entire FM","Professional office cleaning across Manchester and surrounding districts. High-standard commercial premises care, scheduled contracts, and trained local teams.","Office Cleaning in Manchester &amp; Surrounding Districts","https://www.entirefm.com/manchester-office-cleaning","index, follow","sitemaps/local-services.xml","127","101","Valid JSON-LD","PASS"
"https://www.entirefm.com/mechanical-electrical","200","https://www.entirefm.com/mechanical-electrical","Mechanical &amp; Electrical Engineering Contractors | M&amp;E Services | Entire FM","Specialist commercial Mechanical &amp; Electrical (M&amp;E) engineering contractors. Power distribution, switchgear, HVAC, lighting compliance, and reactive support.","Mechanical &amp; Electrical (M&amp;E) Engineering Contractors","https://www.entirefm.com/mechanical-electrical","index, follow","sitemaps/hard-fm.xml","108","86","Valid JSON-LD","PASS"
"https://www.entirefm.com/mechanical-electrical/access-control","200","https://www.entirefm.com/mechanical-electrical/access-control","Mechanical Electrical/Access Control | Facilities Management &amp; Engineering | Entire FM","Specialist commercial mechanical electrical/access control across the UK. Proactive maintenance, building engineering, statutory compliance, and dedicated client management.","Mechanical Electrical/Access Control — Facilities Management &amp; Engineering","https://www.entirefm.com/mechanical-electrical/access-control","index, follow","sitemaps/hard-fm.xml","108","86","Valid JSON-LD","PASS"
"https://www.entirefm.com/mechanical-electrical/emergency-light-testing","200","https://www.entirefm.com/mechanical-electrical/emergency-light-testing","Mechanical Electrical/Emergency Light Testing | Facilities Management &amp; Engineering | Entire FM","Specialist commercial mechanical electrical/emergency light testing across the UK. Proactive maintenance, building engineering, statutory compliance, and dedicated client management.","Mechanical Electrical/Emergency Light Testing — Facilities Management &amp; Engineering","https://www.entirefm.com/mechanical-electrical/emergency-light-testing","index, follow","sitemaps/hard-fm.xml","108","86","Valid JSON-LD","PASS"
"https://www.entirefm.com/media-digital-displays","200","https://www.entirefm.com/media-digital-displays","Media Digital Displays | Facilities Management &amp; Engineering | Entire FM","Specialist commercial media digital displays across the UK. Proactive maintenance, building engineering, statutory compliance, and dedicated client management.","Media Digital Displays — Facilities Management &amp; Engineering","https://www.entirefm.com/media-digital-displays","index, follow","sitemaps/hard-fm.xml","108","86","Valid JSON-LD","PASS"
"https://www.entirefm.com/medical-cleaning","200","https://www.entirefm.com/medical-cleaning","Medical Cleaning | Facilities Management &amp; Engineering | Entire FM","Specialist commercial medical cleaning across the UK. Proactive maintenance, building engineering, statutory compliance, and dedicated client management.","Medical Cleaning — Facilities Management &amp; Engineering","https://www.entirefm.com/medical-cleaning","index, follow","sitemaps/cleaning.xml","108","86","Valid JSON-LD","PASS"
"https://www.entirefm.com/mobile-crane-hire","200","https://www.entirefm.com/mobile-crane-hire","Mobile Crane Hire | Facilities Management &amp; Engineering | Entire FM","Specialist commercial mobile crane hire across the UK. Proactive maintenance, building engineering, statutory compliance, and dedicated client management.","Mobile Crane Hire — Facilities Management &amp; Engineering","https://www.entirefm.com/mobile-crane-hire","index, follow","sitemaps/specialist-services.xml","108","86","Valid JSON-LD","PASS"
"https://www.entirefm.com/mobile-crane-hire/chesterfield","200","https://www.entirefm.com/mobile-crane-hire/chesterfield","Mobile Crane Hire/Chesterfield | Facilities Management &amp; Engineering | Entire FM","Specialist commercial mobile crane hire/chesterfield across the UK. Proactive maintenance, building engineering, statutory compliance, and dedicated client management.","Mobile Crane Hire/Chesterfield — Facilities Management &amp; Engineering","https://www.entirefm.com/mobile-crane-hire/chesterfield","index, follow","sitemaps/specialist-services.xml","108","86","Valid JSON-LD","PASS"
"https://www.entirefm.com/mobile-crane-hire/sheffield","200","https://www.entirefm.com/mobile-crane-hire/sheffield","Mobile Crane Hire/Sheffield | Facilities Management &amp; Engineering | Entire FM","Specialist commercial mobile crane hire/sheffield across the UK. Proactive maintenance, building engineering, statutory compliance, and dedicated client management.","Mobile Crane Hire/Sheffield — Facilities Management &amp; Engineering","https://www.entirefm.com/mobile-crane-hire/sheffield","index, follow","sitemaps/specialist-services.xml","108","86","Valid JSON-LD","PASS"
"https://www.entirefm.com/mobile-crane-hire/truck-mount-crane-hire","200","https://www.entirefm.com/mobile-crane-hire/truck-mount-crane-hire","Mobile Crane Hire/Truck Mount Crane Hire | Facilities Management &amp; Engineering | Entire FM","Specialist commercial mobile crane hire/truck mount crane hire across the UK. Proactive maintenance, building engineering, statutory compliance, and dedicated client management.","Mobile Crane Hire/Truck Mount Crane Hire — Facilities Management &amp; Engineering","https://www.entirefm.com/mobile-crane-hire/truck-mount-crane-hire","index, follow","sitemaps/specialist-services.xml","108","86","Valid JSON-LD","PASS"
"https://www.entirefm.com/nottingham-facilities-management","200","https://www.entirefm.com/nottingham-facilities-management","Nottingham Facilities Management | Multi-Site Estates | EntireFM","Multi-site facilities management across Nottingham and Nottinghamshire and the East Midlands. Consistent standards, one reporting line and coordinated maintenance across every site.","Nottingham Facilities Management for Multi-Site Estates","https://www.entirefm.com/nottingham-facilities-management","index, follow","sitemaps/locations.xml","129","103","Valid JSON-LD","PASS"
"https://www.entirefm.com/office-cleaning","200","https://www.entirefm.com/office-cleaning","Office Cleaning | Facilities Management &amp; Engineering | Entire FM","Specialist commercial office cleaning across the UK. Proactive maintenance, building engineering, statutory compliance, and dedicated client management.","Office Cleaning — Facilities Management &amp; Engineering","https://www.entirefm.com/office-cleaning","index, follow","sitemaps/cleaning.xml","108","86","Valid JSON-LD","PASS"
"https://www.entirefm.com/office-cleaning-lincoln","200","https://www.entirefm.com/office-cleaning-lincoln","Office Cleaning Lincoln | Commercial Specialist Services | Entire FM","Professional office cleaning across Lincoln and surrounding districts. High-standard commercial premises care, scheduled contracts, and trained local teams.","Office Cleaning in Lincoln &amp; Surrounding Districts","https://www.entirefm.com/office-cleaning-lincoln","index, follow","sitemaps/local-services.xml","127","101","Valid JSON-LD","PASS"
"https://www.entirefm.com/office-cleaning-london","200","https://www.entirefm.com/office-cleaning-london","Office Cleaning London | Commercial Specialist Services | Entire FM","Professional office cleaning across London and surrounding districts. High-standard commercial premises care, scheduled contracts, and trained local teams.","Office Cleaning in London &amp; Surrounding Districts","https://www.entirefm.com/office-cleaning-london","index, follow","sitemaps/local-services.xml","127","101","Valid JSON-LD","PASS"
"https://www.entirefm.com/oxford-facilities-management","200","https://www.entirefm.com/oxford-facilities-management","Oxford Facilities Management | Multi-Site Estates | EntireFM","Multi-site facilities management across Oxford and Oxfordshire and the Thames Valley. Consistent standards, one reporting line and coordinated maintenance across every site.","Oxford Facilities Management for Multi-Site Estates","https://www.entirefm.com/oxford-facilities-management","index, follow","sitemaps/locations.xml","129","103","Valid JSON-LD","PASS"
"https://www.entirefm.com/plumbing-gas","200","https://www.entirefm.com/plumbing-gas","Commercial Plumbing &amp; Gas Services | Plant Room Maintenance | Entire FM","Commercial plumbing and gas engineering services across the UK. Boiler room maintenance, gas safety certification, water heaters, and pipework distribution.","Commercial Plumbing &amp; Gas Engineering Services","https://www.entirefm.com/plumbing-gas","index, follow","sitemaps/hard-fm.xml","108","86","Valid JSON-LD","PASS"
"https://www.entirefm.com/portal","200","https://www.entirefm.com/portal","Client Portal | Jobs, PPM &amp; Compliance Records | EntireFM","The EntireFM client portal — log and track jobs, view PPM schedules, download compliance certificates and see spend and performance across your sites.","EntireFM Client Portal","https://www.entirefm.com/portal","index, follow","sitemaps/company.xml","109","87","Valid JSON-LD","PASS"
"https://www.entirefm.com/portfolio","200","https://www.entirefm.com/portfolio","Portfolio | Facilities Management &amp; Engineering | Entire FM","Specialist commercial portfolio across the UK. Proactive maintenance, building engineering, statutory compliance, and dedicated client management.","Portfolio — Facilities Management &amp; Engineering","https://www.entirefm.com/portfolio","index, follow","sitemaps/company.xml","104","83","Valid JSON-LD","PASS"
"https://www.entirefm.com/post/facilities-management-in-different-sectors-similarities-differences-and-the-need-for-agility","200","https://www.entirefm.com/post/facilities-management-in-different-sectors-similarities-differences-and-the-need-for-agility","FM Across Sectors | Similarities, Differences &amp; Agility | EntireFM","The trades barely change between a warehouse and a clinical building. What changes is what failure costs — and that is what should shape the maintenance plan.","Facilities management in different sectors","https://www.entirefm.com/post/facilities-management-in-different-sectors-similarities-differences-and-the-need-for-agility","index, follow","sitemaps/insights.xml","110","88","Valid JSON-LD","PASS"
"https://www.entirefm.com/post/facilities-management-services-in-lincoln","200","https://www.entirefm.com/post/facilities-management-services-in-lincoln","Facilities Management in Lincoln | EntireFM","Facilities management across Lincoln and Lincolnshire — a dispersed county where honest response times matter more than a headline coverage claim.","Facilities management in Lincoln and Lincolnshire","https://www.entirefm.com/post/facilities-management-services-in-lincoln","index, follow","sitemaps/insights.xml","109","87","Valid JSON-LD","PASS"
"https://www.entirefm.com/post/facilities-management-to-birmingham","200","https://www.entirefm.com/post/facilities-management-to-birmingham","Facilities Management in Birmingham | EntireFM","Facilities management across Birmingham and the wider West Midlands — city-centre offices, industrial estates and the logistics corridor around the motorway network.","Keeping Birmingham moving","https://www.entirefm.com/post/facilities-management-to-birmingham","index, follow","sitemaps/insights.xml","109","87","Valid JSON-LD","PASS"
"https://www.entirefm.com/post/the-importance-of-regular-maintenance-and-inspections","200","https://www.entirefm.com/post/the-importance-of-regular-maintenance-and-inspections","Why Regular Maintenance &amp; Inspections Matter | EntireFM","The commercial case for planned maintenance over reactive repair — what deferring maintenance really costs, and how to tell whether a regime is working.","The importance of regular maintenance and inspections","https://www.entirefm.com/post/the-importance-of-regular-maintenance-and-inspections","index, follow","sitemaps/insights.xml","110","88","Valid JSON-LD","PASS"
"https://www.entirefm.com/post/the-importance-of-regular-maintenance-and-inspections-1","200","https://www.entirefm.com/post/the-importance-of-regular-maintenance-and-inspections-1","Why Regular Maintenance &amp; Inspections Matter (archive) | EntireFM","The commercial case for planned maintenance over reactive repair — what deferring maintenance really costs, and how to tell whether a regime is working.","The importance of regular maintenance and inspections — archived version","https://www.entirefm.com/post/the-importance-of-regular-maintenance-and-inspections-1","index, follow","sitemaps/insights.xml","110","88","Valid JSON-LD","PASS"
"https://www.entirefm.com/post/what-are-hard-services","200","https://www.entirefm.com/post/what-are-hard-services","What are Hard Services? | FM Terminology Explained | EntireFM","A short definition of hard services in facilities management, what they cover, and why the distinction from soft services affects how a contract is priced.","What are &#x27;hard services&#x27;?","https://www.entirefm.com/post/what-are-hard-services","index, follow","sitemaps/insights.xml","109","87","Valid JSON-LD","PASS"
"https://www.entirefm.com/post/what-are-hard-services-in-facilities-management","200","https://www.entirefm.com/post/what-are-hard-services-in-facilities-management","Hard Services in Facilities Management | Complete Guide | EntireFM","What hard services cover, the statutory regimes attached to each, where managing them goes wrong, and the practices that keep a technical estate compliant.","Hard services in facilities management","https://www.entirefm.com/post/what-are-hard-services-in-facilities-management","index, follow","sitemaps/insights.xml","111","88","Valid JSON-LD","PASS"
"https://www.entirefm.com/post/what-are-hard-services-in-facilities-management-1","200","https://www.entirefm.com/post/what-are-hard-services-in-facilities-management-1","Hard Services in Facilities Management (archive) | EntireFM","What hard services cover, the statutory regimes attached to each, where managing them goes wrong, and the practices that keep a technical estate compliant.","Hard services in facilities management — archived version","https://www.entirefm.com/post/what-are-hard-services-in-facilities-management-1","index, follow","sitemaps/insights.xml","111","88","Valid JSON-LD","PASS"
"https://www.entirefm.com/post/what-is-facilities-management","200","https://www.entirefm.com/post/what-is-facilities-management","What is Facilities Management? | Definition &amp; Scope | EntireFM","A plain definition of facilities management, what facilities managers actually do, and where the boundary sits between hard services, soft services and everything else.","What is facilities management?","https://www.entirefm.com/post/what-is-facilities-management","index, follow","sitemaps/insights.xml","110","88","Valid JSON-LD","PASS"
"https://www.entirefm.com/post/what-is-facilities-management-1","200","https://www.entirefm.com/post/what-is-facilities-management-1","Guide to Facilities Management | Functions &amp; Best Practice | EntireFM","A fuller guide to facilities management — the core functions, why it matters commercially, the standards that govern it, and what good practice looks like.","A guide to facilities management","https://www.entirefm.com/post/what-is-facilities-management-1","index, follow","sitemaps/insights.xml","110","88","Valid JSON-LD","PASS"
"https://www.entirefm.com/post/what-is-facilities-management-1-1","200","https://www.entirefm.com/post/what-is-facilities-management-1-1","Guide to Facilities Management (archive) | EntireFM","A fuller guide to facilities management — the core functions, why it matters commercially, the standards that govern it, and what good practice looks like.","A guide to facilities management — archived version","https://www.entirefm.com/post/what-is-facilities-management-1-1","index, follow","sitemaps/insights.xml","110","88","Valid JSON-LD","PASS"
"https://www.entirefm.com/ppm","200","https://www.entirefm.com/ppm","Planned Preventative Maintenance (PPM) | Structured Building Care | Entire FM","Strategic Planned Preventative Maintenance (PPM) contracts. Protect building assets, ensure statutory compliance, and eliminate breakdown costs across UK commercial portfolios.","Planned Preventative Maintenance (PPM) Contracts","https://www.entirefm.com/ppm","index, follow","sitemaps/maintenance.xml","108","86","Valid JSON-LD","PASS"
"https://www.entirefm.com/pressure-washing","200","https://www.entirefm.com/pressure-washing","Pressure Washing | Facilities Management &amp; Engineering | Entire FM","Specialist commercial pressure washing across the UK. Proactive maintenance, building engineering, statutory compliance, and dedicated client management.","Pressure Washing — Facilities Management &amp; Engineering","https://www.entirefm.com/pressure-washing","index, follow","sitemaps/cleaning.xml","108","86","Valid JSON-LD","PASS"
"https://www.entirefm.com/pressure-washing-birmingham","200","https://www.entirefm.com/pressure-washing-birmingham","Pressure Washing &amp; External Surface Care Birmingham | Commercial Specialist Services | Entire FM","Professional pressure washing &amp; external surface care across Birmingham and surrounding districts. High-standard commercial premises care, scheduled contracts, and trained local teams.","Pressure Washing &amp; External Surface Care in Birmingham &amp; Surrounding Districts","https://www.entirefm.com/pressure-washing-birmingham","index, follow","sitemaps/local-services.xml","127","101","Valid JSON-LD","PASS"
"https://www.entirefm.com/pressure-washing-lincoln","200","https://www.entirefm.com/pressure-washing-lincoln","Pressure Washing &amp; External Surface Care Lincoln | Commercial Specialist Services | Entire FM","Professional pressure washing &amp; external surface care across Lincoln and surrounding districts. High-standard commercial premises care, scheduled contracts, and trained local teams.","Pressure Washing &amp; External Surface Care in Lincoln &amp; Surrounding Districts","https://www.entirefm.com/pressure-washing-lincoln","index, follow","sitemaps/local-services.xml","127","101","Valid JSON-LD","PASS"
"https://www.entirefm.com/pressure-washing-london","200","https://www.entirefm.com/pressure-washing-london","Pressure Washing &amp; External Surface Care London | Commercial Specialist Services | Entire FM","Professional pressure washing &amp; external surface care across London and surrounding districts. High-standard commercial premises care, scheduled contracts, and trained local teams.","Pressure Washing &amp; External Surface Care in London &amp; Surrounding Districts","https://www.entirefm.com/pressure-washing-london","index, follow","sitemaps/local-services.xml","127","101","Valid JSON-LD","PASS"
"https://www.entirefm.com/pressure-washing-manchester","200","https://www.entirefm.com/pressure-washing-manchester","Pressure Washing &amp; External Surface Care Manchester | Commercial Specialist Services | Entire FM","Professional pressure washing &amp; external surface care across Manchester and surrounding districts. High-standard commercial premises care, scheduled contracts, and trained local teams.","Pressure Washing &amp; External Surface Care in Manchester &amp; Surrounding Districts","https://www.entirefm.com/pressure-washing-manchester","index, follow","sitemaps/local-services.xml","127","101","Valid JSON-LD","PASS"
"https://www.entirefm.com/pressure-washing-sheffield","200","https://www.entirefm.com/pressure-washing-sheffield","Pressure Washing &amp; External Surface Care Sheffield | Commercial Specialist Services | Entire FM","Professional pressure washing &amp; external surface care across Sheffield and surrounding districts. High-standard commercial premises care, scheduled contracts, and trained local teams.","Pressure Washing &amp; External Surface Care in Sheffield &amp; Surrounding Districts","https://www.entirefm.com/pressure-washing-sheffield","index, follow","sitemaps/local-services.xml","127","101","Valid JSON-LD","PASS"
"https://www.entirefm.com/preston-facilities-management","200","https://www.entirefm.com/preston-facilities-management","Preston Facilities Management | Multi-Site Estates | EntireFM","Multi-site facilities management across Preston and Central Lancashire. Consistent standards, one reporting line and coordinated maintenance across every site.","Preston Facilities Management for Multi-Site Estates","https://www.entirefm.com/preston-facilities-management","index, follow","sitemaps/locations.xml","129","103","Valid JSON-LD","PASS"
"https://www.entirefm.com/privacy-policy","200","https://www.entirefm.com/privacy-policy","Privacy Policy | Entire FM","Official privacy policy documentation and legal governance for EntireFM.","Privacy Policy","https://www.entirefm.com/privacy-policy","index, follow","sitemaps/core.xml","103","82","Valid JSON-LD","PASS"
"https://www.entirefm.com/property-manager-fm-services","200","https://www.entirefm.com/property-manager-fm-services","Property Manager Facilities Management | Commercial Surveyors FM | Entire FM","Integrated facilities management tailored for commercial managing agents and institutional landlords. Digital compliance dashboards, service charge control, and tenant liaison.","Facilities Management for Property Managers &amp; Surveyors","https://www.entirefm.com/property-manager-fm-services","index, follow","sitemaps/sectors.xml","108","86","Valid JSON-LD","PASS"
"https://www.entirefm.com/public-sector-facilities-management","200","https://www.entirefm.com/public-sector-facilities-management","Public Sector Facilities Management | Facilities Management &amp; Engineering | Entire FM","Specialist commercial public sector facilities management across the UK. Proactive maintenance, building engineering, statutory compliance, and dedicated client management.","Public Sector Facilities Management — Facilities Management &amp; Engineering","https://www.entirefm.com/public-sector-facilities-management","index, follow","sitemaps/sectors.xml","108","86","Valid JSON-LD","PASS"
"https://www.entirefm.com/reactive-cleaning-services","200","https://www.entirefm.com/reactive-cleaning-services","Reactive Cleaning Services | Facilities Management &amp; Engineering | Entire FM","Specialist commercial reactive cleaning services across the UK. Proactive maintenance, building engineering, statutory compliance, and dedicated client management.","Reactive Cleaning Services — Facilities Management &amp; Engineering","https://www.entirefm.com/reactive-cleaning-services","index, follow","sitemaps/cleaning.xml","127","101","Valid JSON-LD","PASS"
"https://www.entirefm.com/residential-cleaning","200","https://www.entirefm.com/residential-cleaning","Residential Block Cleaning | Communal Area Contract Cleaning | Entire FM","Facilities management for residential apartment blocks, Build-to-Rent (BTR) communities, and gated estates across the UK. Communal M&amp;E, fire doors, and cleaning.","Residential Block Communal Area Contract Cleaning","https://www.entirefm.com/residential-cleaning","index, follow","sitemaps/cleaning.xml","108","86","Valid JSON-LD","PASS"
"https://www.entirefm.com/residential-facilities-management","200","https://www.entirefm.com/residential-facilities-management","Residential Block Facilities Management | BTR &amp; Estate FM | Entire FM","Facilities management for residential apartment blocks, Build-to-Rent (BTR) communities, and gated estates across the UK. Communal M&amp;E, fire doors, and cleaning.","Residential Block &amp; BTR Estate Facilities Management","https://www.entirefm.com/residential-facilities-management","index, follow","sitemaps/sectors.xml","108","86","Valid JSON-LD","PASS"
"https://www.entirefm.com/residential-fm-lincoln","200","https://www.entirefm.com/residential-fm-lincoln","Residential FM Lincoln | Apartment &amp; Block Maintenance | Entire FM","Facilities management for residential apartment blocks, Build-to-Rent (BTR) communities, and gated estates across the UK. Communal M&amp;E, fire doors, and cleaning.","Residential Block Facilities Management in Lincoln","https://www.entirefm.com/residential-fm-lincoln","index, follow","sitemaps/locations.xml","127","101","Valid JSON-LD","PASS"
"https://www.entirefm.com/resources","200","https://www.entirefm.com/resources","Resources | Facilities Management &amp; Engineering | Entire FM","Specialist commercial resources across the UK. Proactive maintenance, building engineering, statutory compliance, and dedicated client management.","Resources — Facilities Management &amp; Engineering","https://www.entirefm.com/resources","index, follow","sitemaps/company.xml","128","102","Valid JSON-LD","PASS"
"https://www.entirefm.com/restaurant-facilities-management","200","https://www.entirefm.com/restaurant-facilities-management","Restaurant Facilities Management | Facilities Management &amp; Engineering | Entire FM","Specialist commercial restaurant facilities management across the UK. Proactive maintenance, building engineering, statutory compliance, and dedicated client management.","Restaurant Facilities Management — Facilities Management &amp; Engineering","https://www.entirefm.com/restaurant-facilities-management","index, follow","sitemaps/sectors.xml","108","86","Valid JSON-LD","PASS"
"https://www.entirefm.com/retail-cleaning","200","https://www.entirefm.com/retail-cleaning","Retail Cleaning Services | High-Footfall Store Cleaning | Entire FM","Specialist retail facilities management for shopping centres, high-street chains, and retail parks. Out-of-hours maintenance, customer hygiene, and HVAC care.","Retail Store &amp; Commercial Shopping Concourse Cleaning","https://www.entirefm.com/retail-cleaning","index, follow","sitemaps/cleaning.xml","108","86","Valid JSON-LD","PASS"
"https://www.entirefm.com/retail-facilities-management","200","https://www.entirefm.com/retail-facilities-management","Retail Facilities Management | High-Footfall FM Services | Entire FM","Specialist retail facilities management for shopping centres, high-street chains, and retail parks. Out-of-hours maintenance, customer hygiene, and HVAC care.","Retail Facilities Management &amp; Store Building Services","https://www.entirefm.com/retail-facilities-management","index, follow","sitemaps/sectors.xml","108","86","Valid JSON-LD","PASS"
"https://www.entirefm.com/retail-fm-lincoln","200","https://www.entirefm.com/retail-fm-lincoln","Retail FM Lincoln | Store &amp; Shopping Park Maintenance | Entire FM","Specialist retail facilities management for shopping centres, high-street chains, and retail parks. Out-of-hours maintenance, customer hygiene, and HVAC care.","Retail Facilities Management in Lincoln &amp; Surrounding Retail Parks","https://www.entirefm.com/retail-fm-lincoln","index, follow","sitemaps/locations.xml","127","101","Valid JSON-LD","PASS"
"https://www.entirefm.com/rotherham-facilities-management","200","https://www.entirefm.com/rotherham-facilities-management","Rotherham Facilities Management | Multi-Site Estates | EntireFM","Multi-site facilities management across Rotherham and South Yorkshire. Consistent standards, one reporting line and coordinated maintenance across every site.","Rotherham Facilities Management for Multi-Site Estates","https://www.entirefm.com/rotherham-facilities-management","index, follow","sitemaps/locations.xml","129","103","Valid JSON-LD","PASS"
"https://www.entirefm.com/safety-critical-emergency-systems","200","https://www.entirefm.com/safety-critical-emergency-systems","Safety-Critical Emergency Systems | Compliance Engineering | Entire FM","Statutory maintenance for commercial fire alarm systems, emergency lighting, smoke vents, and safety-critical infrastructure across UK properties.","Safety-Critical &amp; Emergency Compliance Engineering","https://www.entirefm.com/safety-critical-emergency-systems","index, follow","sitemaps/hard-fm.xml","108","86","Valid JSON-LD","PASS"
"https://www.entirefm.com/search","200","https://www.entirefm.com/search","Search | EntireFM","Search EntireFM for facilities management services, sectors, locations and compliance guidance across the site.","Search EntireFM","https://www.entirefm.com/search","index, follow","sitemaps/company.xml","109","87","Valid JSON-LD","PASS"
"https://www.entirefm.com/sectors","200","https://www.entirefm.com/sectors","Sectors | Facilities Management &amp; Engineering | Entire FM","Specialist commercial sectors across the UK. Proactive maintenance, building engineering, statutory compliance, and dedicated client management.","Sectors — Facilities Management &amp; Engineering","https://www.entirefm.com/sectors","index, follow","sitemaps/sectors.xml","128","102","Valid JSON-LD","PASS"
"https://www.entirefm.com/security-services","200","https://www.entirefm.com/security-services","Security Services | Facilities Management &amp; Engineering | Entire FM","Specialist commercial security services across the UK. Proactive maintenance, building engineering, statutory compliance, and dedicated client management.","Security Services — Facilities Management &amp; Engineering","https://www.entirefm.com/security-services","index, follow","sitemaps/soft-fm.xml","108","86","Valid JSON-LD","PASS"
"https://www.entirefm.com/service-station-fm","200","https://www.entirefm.com/service-station-fm","Service Station Fm | Facilities Management &amp; Engineering | Entire FM","Specialist commercial service station fm across the UK. Proactive maintenance, building engineering, statutory compliance, and dedicated client management.","Service Station Fm — Facilities Management &amp; Engineering","https://www.entirefm.com/service-station-fm","index, follow","sitemaps/sectors.xml","108","86","Valid JSON-LD","PASS"
"https://www.entirefm.com/services","200","https://www.entirefm.com/services","Services | Facilities Management &amp; Engineering | Entire FM","Specialist commercial services across the UK. Proactive maintenance, building engineering, statutory compliance, and dedicated client management.","Services — Facilities Management &amp; Engineering","https://www.entirefm.com/services","index, follow","sitemaps/company.xml","128","102","Valid JSON-LD","PASS"
"https://www.entirefm.com/sheffield","200","https://www.entirefm.com/sheffield","Crane Hire Sheffield | Contract Lifts | EntireFM","Crane hire in Sheffield for rooftop plant replacement and restricted-access lifts — contract lifts, appointed person, lift planning and traffic management.","Crane Hire in Sheffield","https://www.entirefm.com/sheffield","index, follow","sitemaps/local-services.xml","128","102","Valid JSON-LD","PASS"
"https://www.entirefm.com/sheffield-facilities-management","200","https://www.entirefm.com/sheffield-facilities-management","Sheffield Facilities Management | Multi-Site Estates | EntireFM","Multi-site facilities management across Sheffield and South Yorkshire. Consistent standards, one reporting line and coordinated maintenance across every site.","Sheffield Facilities Management for Multi-Site Estates","https://www.entirefm.com/sheffield-facilities-management","index, follow","sitemaps/locations.xml","129","103","Valid JSON-LD","PASS"
"https://www.entirefm.com/soft-services","200","https://www.entirefm.com/soft-services","Soft Services | Facilities Management &amp; Engineering | Entire FM","Specialist commercial soft services across the UK. Proactive maintenance, building engineering, statutory compliance, and dedicated client management.","Soft Services — Facilities Management &amp; Engineering","https://www.entirefm.com/soft-services","index, follow","sitemaps/soft-fm.xml","108","86","Valid JSON-LD","PASS"
"https://www.entirefm.com/sport-centre-facilities-management","200","https://www.entirefm.com/sport-centre-facilities-management","Sports Centre &amp; Leisure Facilities Management | Leisure FM | Entire FM","Total facilities management for sports stadiums, concert arenas, and leisure complexes. High-capacity cleaning, crowd safety systems, turnstiles, and pitch lighting.","Sports Centre &amp; Leisure Facilities Management","https://www.entirefm.com/sport-centre-facilities-management","index, follow","sitemaps/sectors.xml","108","86","Valid JSON-LD","PASS"
"https://www.entirefm.com/telford-facilities-management","200","https://www.entirefm.com/telford-facilities-management","Telford Facilities Management | Multi-Site Estates | EntireFM","Multi-site facilities management across Telford and Shropshire and the West Midlands West. Consistent standards, one reporting line and coordinated maintenance across every site.","Telford Facilities Management for Multi-Site Estates","https://www.entirefm.com/telford-facilities-management","index, follow","sitemaps/locations.xml","129","103","Valid JSON-LD","PASS"
"https://www.entirefm.com/terms-and-conditions","200","https://www.entirefm.com/terms-and-conditions","Terms And Conditions | Entire FM","Official terms and conditions documentation and legal governance for EntireFM.","Terms And Conditions","https://www.entirefm.com/terms-and-conditions","index, follow","sitemaps/core.xml","103","82","Valid JSON-LD","PASS"
"https://www.entirefm.com/tier-one-facilities-management","200","https://www.entirefm.com/tier-one-facilities-management","Tier One Facilities Management | Facilities Management &amp; Engineering | Entire FM","Specialist commercial tier one facilities management across the UK. Proactive maintenance, building engineering, statutory compliance, and dedicated client management.","Tier One Facilities Management — Facilities Management &amp; Engineering","https://www.entirefm.com/tier-one-facilities-management","index, follow","sitemaps/sectors.xml","108","86","Valid JSON-LD","PASS"
"https://www.entirefm.com/tierone-facilities-managment","200","https://www.entirefm.com/tierone-facilities-managment","Tierone Facilities Managment | Facilities Management &amp; Engineering | Entire FM","Specialist commercial tierone facilities managment across the UK. Proactive maintenance, building engineering, statutory compliance, and dedicated client management.","Tierone Facilities Managment — Facilities Management &amp; Engineering","https://www.entirefm.com/tierone-facilities-managment","index, follow","sitemaps/sectors.xml","108","86","Valid JSON-LD","PASS"
"https://www.entirefm.com/transport-facilities-management","200","https://www.entirefm.com/transport-facilities-management","Transport Facilities Management | Transit Hubs &amp; Rail Terminals | Entire FM","Total facilities management for sports stadiums, concert arenas, and leisure complexes. High-capacity cleaning, crowd safety systems, turnstiles, and pitch lighting.","Transport Network &amp; Interchange Facilities Management","https://www.entirefm.com/transport-facilities-management","index, follow","sitemaps/sectors.xml","108","86","Valid JSON-LD","PASS"
"https://www.entirefm.com/truck-mount-crane-hire","200","https://www.entirefm.com/truck-mount-crane-hire","Truck Mount Crane Hire | Contract Lifts | EntireFM","Truck-mounted crane hire for restricted-access and street-side lifts — rooftop plant, contract lifts under BS 7121, appointed person and lift planning.","Truck Mount Crane Hire","https://www.entirefm.com/truck-mount-crane-hire","index, follow","sitemaps/specialist-services.xml","109","87","Valid JSON-LD","PASS"
"https://www.entirefm.com/vending-supplier","200","https://www.entirefm.com/vending-supplier","Vending Supplier | Facilities Management &amp; Engineering | Entire FM","Specialist commercial vending supplier across the UK. Proactive maintenance, building engineering, statutory compliance, and dedicated client management.","Vending Supplier — Facilities Management &amp; Engineering","https://www.entirefm.com/vending-supplier","index, follow","sitemaps/soft-fm.xml","108","86","Valid JSON-LD","PASS"
"https://www.entirefm.com/warehouse-facilities-management","200","https://www.entirefm.com/warehouse-facilities-management","Warehouse Facilities Management | Industrial Storage Care | Entire FM","Total facilities management for distribution centres, warehouses, and logistics hubs. Dock levellers, high-bay lighting, slab maintenance, and roller shutters.","Warehouse Facilities Management &amp; Storage Depot Maintenance","https://www.entirefm.com/warehouse-facilities-management","index, follow","sitemaps/sectors.xml","108","86","Valid JSON-LD","PASS"
"https://www.entirefm.com/washroom-management","200","https://www.entirefm.com/washroom-management","Washroom Management | Facilities Management &amp; Engineering | Entire FM","Specialist commercial washroom management across the UK. Proactive maintenance, building engineering, statutory compliance, and dedicated client management.","Washroom Management — Facilities Management &amp; Engineering","https://www.entirefm.com/washroom-management","index, follow","sitemaps/soft-fm.xml","108","86","Valid JSON-LD","PASS"
"https://www.entirefm.com/what-is-facilities-management","200","https://www.entirefm.com/what-is-facilities-management","What Is Facilities Management | Facilities Management &amp; Engineering | Entire FM","Specialist commercial what is facilities management across the UK. Proactive maintenance, building engineering, statutory compliance, and dedicated client management.","What Is Facilities Management — Facilities Management &amp; Engineering","https://www.entirefm.com/what-is-facilities-management","index, follow","sitemaps/core.xml","110","88","Valid JSON-LD","PASS"
"https://www.entirefm.com/wigan-facilities-management","200","https://www.entirefm.com/wigan-facilities-management","Wigan Facilities Management | Multi-Site Estates | EntireFM","Multi-site facilities management across Wigan and Greater Manchester West. Consistent standards, one reporting line and coordinated maintenance across every site.","Wigan Facilities Management for Multi-Site Estates","https://www.entirefm.com/wigan-facilities-management","index, follow","sitemaps/locations.xml","129","103","Valid JSON-LD","PASS"
"https://www.entirefm.com/window-cleaning","200","https://www.entirefm.com/window-cleaning","Window Cleaning | Facilities Management &amp; Engineering | Entire FM","Specialist commercial window cleaning across the UK. Proactive maintenance, building engineering, statutory compliance, and dedicated client management.","Window Cleaning — Facilities Management &amp; Engineering","https://www.entirefm.com/window-cleaning","index, follow","sitemaps/cleaning.xml","108","86","Valid JSON-LD","PASS"
"https://www.entirefm.com/working-at-heights","200","https://www.entirefm.com/working-at-heights","Working At Heights | Facilities Management &amp; Engineering | Entire FM","Specialist commercial working at heights across the UK. Proactive maintenance, building engineering, statutory compliance, and dedicated client management.","Working At Heights — Facilities Management &amp; Engineering","https://www.entirefm.com/working-at-heights","index, follow","sitemaps/hard-fm.xml","108","86","Valid JSON-LD","PASS"