path,url,httpStatus,finalUrl,redirectHops,h1,title,metaDescription,canonical,metaRobots,verifiedByHttp,error
"/","https://www.entirefm.com/",200,"https://www.entirefm.com/",0,"Facilities Management &amp; FM Support Services","Facilities Management Company | Nationwide UK Coverage | EntireFM","EntireFM — expert facilities management services across the UK. Hard FM, PPM, industrial cleaning and 24/7 support for commercial, residential, and industrial clients since 2009.","https://www.entirefm.com","index, follow",TRUE,""
"/about","https://www.entirefm.com/about",200,"https://www.entirefm.com/about",0,"We didn&#x27;t come from FM.We came from fixing FM.","About EntireFM | UK FM Company Founded 2009 | Our Story | EntireFM","Learn about EntireFM — founded by Peter Currey in 2009 and grown into a nationwide FM provider serving residential, commercial, retail, and industrial sectors with 24/7 helpdesk support.","https://www.entirefm.com/about","index, follow",TRUE,""
"/academy","https://www.entirefm.com/academy",200,"https://www.entirefm.com/academy",0,"EntireFM Academy","EntireFM Academy — Free FM Courses &amp; Certificates | EntireFM","Free short courses for facilities managers and building operators — PPM, fire safety, compliance, multi-site FM, and more. Learn from FM professionals. Earn a certificate.","https://www.entirefm.com/academy","index, follow",TRUE,""
"/academy/drone-inspection-guide","https://www.entirefm.com/academy/drone-inspection-guide",200,"https://www.entirefm.com/academy/drone-inspection-guide",0,"Drone Technology in Facilities Management","Drone Technology in Facilities Management | EntireFM Academy | EntireFM","An introduction to drone inspection technology for FM professionals — what it can inspect, the regulatory framework, and what a good inspection report looks like.","https://www.entirefm.com/academy/drone-inspection-guide","index, follow",TRUE,""
"/academy/fire-safety-compliance","https://www.entirefm.com/academy/fire-safety-compliance",200,"https://www.entirefm.com/academy/fire-safety-compliance",0,"Fire Safety Compliance for Building Managers","Fire Safety Compliance for Building Managers | EntireFM Academy | EntireFM","A comprehensive guide to fire safety compliance for anyone responsible for a building. Covers the Regulatory Reform (Fire Safety) Order, fire risk assessments, statutory testing requirements, and record keeping.","https://www.entirefm.com/academy/fire-safety-compliance","index, follow",TRUE,""
"/academy/legionella-water-safety","https://www.entirefm.com/academy/legionella-water-safety",200,"https://www.entirefm.com/academy/legionella-water-safety",0,"Legionella and Water Safety for Building Managers","Legionella and Water Safety for Building Managers | EntireFM Academy | EntireFM","A clear, practical guide to Legionella risk and water safety compliance. Covers the legislation, your duties, and the practical monitoring requirements you need to meet.","https://www.entirefm.com/academy/legionella-water-safety","index, follow",TRUE,""
"/academy/multi-site-fm-management","https://www.entirefm.com/academy/multi-site-fm-management",200,"https://www.entirefm.com/academy/multi-site-fm-management",0,"Managing FM Across Multiple Sites","Managing FM Across Multiple Sites | EntireFM Academy | EntireFM","An intermediate-level strategic guide for portfolio managers, estate directors, and FM procurement professionals. Covers the hidden costs of multi-supplier models, building consistent standards, TFM, and FM procurement.","https://www.entirefm.com/academy/multi-site-fm-management","index, follow",TRUE,""
"/academy/understanding-ppm","https://www.entirefm.com/academy/understanding-ppm",200,"https://www.entirefm.com/academy/understanding-ppm",0,"Understanding Planned Preventative Maintenance","Understanding Planned Preventative Maintenance | EntireFM Academy | EntireFM","This course covers everything you need to know about planned preventative maintenance — from the fundamentals of what PPM is, to building your first schedule using SFG20-aligned frequencies. By the end, you&#x27;ll have the knowledge to transform your building&#x27;s maintenance approach.","https://www.entirefm.com/academy/understanding-ppm","index, follow",TRUE,""
"/aerial-drone-building-inspection","https://www.entirefm.com/aerial-drone-building-inspection",200,"https://www.entirefm.com/aerial-drone-building-inspection",0,"Aerial Drone Inspections — High-Level Building Fabric Audits Without the Cost of Scaffolding","Aerial Drone Inspections | Professional FM Services UK | EntireFM | EntireFM","Inspecting high-level assets like roofs, gutters, and chimneys is traditionally expensive and high-risk. EntireFM&#x27;s drone inspection service provides high-resolution visual audits, identifying defects safely and cost-effectively.","https://www.entirefm.com/aerial-drone-building-inspection","index, follow",TRUE,""
"/airport-facilities-management","https://www.entirefm.com/airport-facilities-management",200,"https://www.entirefm.com/airport-facilities-management",0,"Airport Facilities Management — Critical Infrastructure FM for High-Security Aviation Hubs","Airport Facilities Management | Professional FM Services UK | EntireFM | EntireFM","Aviation environments operate under ferocious pressure. EntireFM delivers facilities management for airports and travel hubs, focusing on 24/7 system uptime, security clearance compliance, and audience area maintenance.","https://www.entirefm.com/airport-facilities-management","index, follow",TRUE,""
"/arena-facilities-management","https://www.entirefm.com/arena-facilities-management",200,"https://www.entirefm.com/arena-facilities-management",0,"Arena / Stadium Facilities Management — Event-Ready, Every Time","Arena / Stadium Facilities Management UK | EntireFM | EntireFM","Bespoke arena / stadium FM services from EntireFM — High footfall environments demand resilience. Rapid turnaround between major events, critical system...","https://www.entirefm.com/arena-facilities-management","index, follow",TRUE,""
"/awards","https://www.entirefm.com/awards",200,"https://www.entirefm.com/awards",0,"Awards &amp; Recognition","Awards &amp; Recognition | EntireFM Excellence | EntireFM","Our commitment to excellence in facilities management has been recognized across the industry through prestigious awards and certifications.","https://www.entirefm.com","index, follow",TRUE,""
"/blog","https://www.entirefm.com/blog",200,"https://www.entirefm.com/resources",1,"The EntireFM Knowledge Hub","Facilities Management Resources &amp; Guides | EntireFM | EntireFM","Expert FM guides, compliance checklists, and industry insight from EntireFM — everything you need to understand PPM, hard FM, soft FM, and building compliance.","https://www.entirefm.com/resources","index, follow",TRUE,""
"/building-walk","https://www.entirefm.com/building-walk",200,"https://www.entirefm.com/building-walk",0,"The Building Walk","The Building Walk — FM Video Series | EntireFM | EntireFM","Watch EntireFM&#x27;s Building Walk video series — FM professionals walk real buildings identifying compliance risks, maintenance issues, and FM best practice. New episodes monthly.","https://www.entirefm.com/building-walk","index, follow",TRUE,""
"/building-walk/hotel-fm-guest-experience","https://www.entirefm.com/building-walk/hotel-fm-guest-experience",200,"https://www.entirefm.com/building-walk/hotel-fm-guest-experience",0,"Hotel FM — How Building Systems Directly Impact Guest Reviews","Hotel FM — How Building Systems Directly Impact Guest Reviews | The Building Walk | EntireFM | EntireFM","An FM walkthrough of a 4-star hotel property — identifying the building maintenance issues that show up directly in guest reviews, and the PPM approach tha","https://www.entirefm.com/building-walk/hotel-fm-guest-experience","index, follow",TRUE,""
"/building-walk/industrial-cleaning-before-after","https://www.entirefm.com/building-walk/industrial-cleaning-before-after",200,"https://www.entirefm.com/building-walk/industrial-cleaning-before-after",0,"Before and After — Industrial Cleaning at a 120,000 sq ft Warehouse","Before and After — Industrial Cleaning at a 120,000 sq ft Warehouse | The Building Walk | EntireFM | EntireFM","We document a full industrial cleaning project from first survey to completion — cladding restoration, concrete floor deep clean, and yard pressure washing","https://www.entirefm.com/building-walk/industrial-cleaning-before-after","index, follow",TRUE,""
"/building-walk/office-building-fm-walkthrough","https://www.entirefm.com/building-walk/office-building-fm-walkthrough",200,"https://www.entirefm.com/building-walk/office-building-fm-walkthrough",0,"What Good Office FM Looks Like — A Floor by Floor Walkthrough","What Good Office FM Looks Like — A Floor by Floor Walkthrough | The Building Walk | EntireFM | EntireFM","Rather than a list of problems — this episode shows what excellent FM looks like in a commercial office. From the plant room to the car park, here&#x27;s the st","https://www.entirefm.com/building-walk/office-building-fm-walkthrough","index, follow",TRUE,""
"/building-walk/residential-block-fm-issues","https://www.entirefm.com/building-walk/residential-block-fm-issues",200,"https://www.entirefm.com/building-walk/residential-block-fm-issues",0,"Residential Block FM — The 6 Things Residents Always Complain About","Residential Block FM — The 6 Things Residents Always Complain About | The Building Walk | EntireFM | EntireFM","We walk a managed residential development and identify the six most common FM failures that drive resident complaints — and show exactly what good block ma","https://www.entirefm.com/building-walk/residential-block-fm-issues","index, follow",TRUE,""
"/building-walk/retail-unit-compliance-walkthrough","https://www.entirefm.com/building-walk/retail-unit-compliance-walkthrough",200,"https://www.entirefm.com/building-walk/retail-unit-compliance-walkthrough",0,"5 Compliance Issues We Found on a Retail FM Audit","5 Compliance Issues We Found on a Retail FM Audit | The Building Walk | EntireFM | EntireFM","Our FM team walks through a 3,000 sq ft retail unit and identifies five compliance issues that would result in enforcement action. From fire door gaps to e","https://www.entirefm.com/building-walk/retail-unit-compliance-walkthrough","index, follow",TRUE,""
"/careers","https://www.entirefm.com/careers",200,"https://www.entirefm.com/careers",0,"Join an FM company that actually invests in its team.","FM Careers | Join the EntireFM Team | EntireFM","Join a facilities management company that invests in its team. Explore open roles for engineers, helpdesk, and management.","https://www.entirefm.com","index, follow",TRUE,""
"/case-studies","https://www.entirefm.com/case-studies",200,"https://www.entirefm.com/case-studies",0,"Proof in action.","FM Case Studies | Client Success Stories | EntireFM | EntireFM","Explore EntireFM&#x27;s facilities management case studies — real results delivered for retail, residential, industrial, hotel, and commercial clients across the UK.","https://www.entirefm.com/case-studies","index, follow",TRUE,""
"/case-studies/aviation","https://www.entirefm.com/case-studies/aviation",200,"https://www.entirefm.com/case-studies",1,"Proof in action.","FM Case Studies | Client Success Stories | EntireFM | EntireFM","Explore EntireFM&#x27;s facilities management case studies — real results delivered for retail, residential, industrial, hotel, and commercial clients across the UK.","https://www.entirefm.com/case-studies","index, follow",TRUE,""
"/case-studies/corporate","https://www.entirefm.com/case-studies/corporate",200,"https://www.entirefm.com/case-studies",1,"Proof in action.","FM Case Studies | Client Success Stories | EntireFM | EntireFM","Explore EntireFM&#x27;s facilities management case studies — real results delivered for retail, residential, industrial, hotel, and commercial clients across the UK.","https://www.entirefm.com/case-studies","index, follow",TRUE,""
"/case-studies/corporate-office-campus-fm","https://www.entirefm.com/case-studies/corporate-office-campus-fm",200,"https://www.entirefm.com/case-studies/corporate-office-campus-fm",0,"Multi-Building Campus FM — Seamlessly Integrated","Multi-Building Campus FM — Seamlessly Integrated | FM Case Study | EntireFM | EntireFM","A business park operator managing a campus of 8 commercial buildings across two sites needed to replace a failing incumbent FM supplier mid-contract. ...","https://www.entirefm.com/case-studies/corporate-office-campus-fm","index, follow",TRUE,""
"/case-studies/corporate-office-london","https://www.entirefm.com/case-studies/corporate-office-london",200,"https://www.entirefm.com/case-studies",1,"Proof in action.","FM Case Studies | Client Success Stories | EntireFM | EntireFM","Explore EntireFM&#x27;s facilities management case studies — real results delivered for retail, residential, industrial, hotel, and commercial clients across the UK.","https://www.entirefm.com/case-studies","index, follow",TRUE,""
"/case-studies/engineering","https://www.entirefm.com/case-studies/engineering",200,"https://www.entirefm.com/case-studies",1,"Proof in action.","FM Case Studies | Client Success Stories | EntireFM | EntireFM","Explore EntireFM&#x27;s facilities management case studies — real results delivered for retail, residential, industrial, hotel, and commercial clients across the UK.","https://www.entirefm.com/case-studies","index, follow",TRUE,""
"/case-studies/healthcare","https://www.entirefm.com/case-studies/healthcare",200,"https://www.entirefm.com/case-studies",1,"Proof in action.","FM Case Studies | Client Success Stories | EntireFM | EntireFM","Explore EntireFM&#x27;s facilities management case studies — real results delivered for retail, residential, industrial, hotel, and commercial clients across the UK.","https://www.entirefm.com/case-studies","index, follow",TRUE,""
"/case-studies/hospitality","https://www.entirefm.com/case-studies/hospitality",200,"https://www.entirefm.com/case-studies",1,"Proof in action.","FM Case Studies | Client Success Stories | EntireFM | EntireFM","Explore EntireFM&#x27;s facilities management case studies — real results delivered for retail, residential, industrial, hotel, and commercial clients across the UK.","https://www.entirefm.com/case-studies","index, follow",TRUE,""
"/case-studies/hotel-fm-transformation","https://www.entirefm.com/case-studies/hotel-fm-transformation",200,"https://www.entirefm.com/case-studies/hotel-fm-transformation",0,"Three Hotels. One FM Partner. 99.2% Guest-Facing Uptime.","Three Hotels. One FM Partner. 99.2% Guest-Facing Uptime. | FM Case Study | EntireFM | EntireFM","A hotel group with three properties was experiencing repeated guest complaints related to M&amp;E failures — faulty HVAC in rooms, heating outages, and li...","https://www.entirefm.com/case-studies/hotel-fm-transformation","index, follow",TRUE,""
"/case-studies/industrial-cleaning-restoration","https://www.entirefm.com/case-studies/industrial-cleaning-restoration",200,"https://www.entirefm.com/case-studies/industrial-cleaning-restoration",0,"200,000 sq ft of Warehouse. Spotless in 6 Weeks.","200,000 sq ft of Warehouse. Spotless in 6 Weeks. | FM Case Study | EntireFM | EntireFM","A logistics company acquiring a 200,000 sq ft warehouse facility needed deep industrial cleaning and external restoration of heavily stained cladding ...","https://www.entirefm.com/case-studies/industrial-cleaning-restoration","index, follow",TRUE,""
"/case-studies/industrial-warehouse-sheffield","https://www.entirefm.com/case-studies/industrial-warehouse-sheffield",404,"https://www.entirefm.com/case-studies/industrial-warehouse-sheffield",0,"","EntireFM | Facilities Management Company | Nationwide UK","EntireFM delivers expert facilities management services across the UK — hard FM, planned preventative maintenance, industrial cleaning, and 24/7 helpdesk support for commercial and residential clients. Founded 2009.","https://www.entirefm.com","noindex",TRUE,""
"/case-studies/logistics","https://www.entirefm.com/case-studies/logistics",200,"https://www.entirefm.com/case-studies",1,"Proof in action.","FM Case Studies | Client Success Stories | EntireFM | EntireFM","Explore EntireFM&#x27;s facilities management case studies — real results delivered for retail, residential, industrial, hotel, and commercial clients across the UK.","https://www.entirefm.com/case-studies","index, follow",TRUE,""
"/case-studies/motorway-services-fm-contract","https://www.entirefm.com/case-studies/motorway-services-fm-contract",200,"https://www.entirefm.com/case-studies/motorway-services-fm-contract",0,"24/7/365 FM Across High-Traffic Commercial Sites","24/7/365 FM Across High-Traffic Commercial Sites | FM Case Study | EntireFM | EntireFM","Motorway services sites operate around the clock with zero tolerance for downtime on critical systems. The client needed a single integrated FM provid...","https://www.entirefm.com/case-studies/motorway-services-fm-contract","index, follow",TRUE,""
"/case-studies/pbsa","https://www.entirefm.com/case-studies/pbsa",404,"https://www.entirefm.com/case-studies/pbsa",0,"","EntireFM | Facilities Management Company | Nationwide UK","EntireFM delivers expert facilities management services across the UK — hard FM, planned preventative maintenance, industrial cleaning, and 24/7 helpdesk support for commercial and residential clients. Founded 2009.","https://www.entirefm.com","noindex",TRUE,""
"/case-studies/pbsa-estate-manchester","https://www.entirefm.com/case-studies/pbsa-estate-manchester",404,"https://www.entirefm.com/case-studies/pbsa-estate-manchester",0,"","EntireFM | Facilities Management Company | Nationwide UK","EntireFM delivers expert facilities management services across the UK — hard FM, planned preventative maintenance, industrial cleaning, and 24/7 helpdesk support for commercial and residential clients. Founded 2009.","https://www.entirefm.com","noindex",TRUE,""
"/case-studies/residential-estate-management","https://www.entirefm.com/case-studies/residential-estate-management",200,"https://www.entirefm.com/case-studies/residential-estate-management",0,"From Complaints to Compliments — 600 Homes, One FM Team","From Complaints to Compliments — 600 Homes, One FM Team | FM Case Study | EntireFM | EntireFM","A property management company managing a 650-unit residential development was receiving escalating resident complaints about communal area maintenance...","https://www.entirefm.com/case-studies/residential-estate-management","index, follow",TRUE,""
"/case-studies/retail","https://www.entirefm.com/case-studies/retail",404,"https://www.entirefm.com/case-studies/retail",0,"","EntireFM | Facilities Management Company | Nationwide UK","EntireFM delivers expert facilities management services across the UK — hard FM, planned preventative maintenance, industrial cleaning, and 24/7 helpdesk support for commercial and residential clients. Founded 2009.","https://www.entirefm.com","noindex",TRUE,""
"/case-studies/retail-complex-birmingham","https://www.entirefm.com/case-studies/retail-complex-birmingham",404,"https://www.entirefm.com/case-studies/retail-complex-birmingham",0,"","EntireFM | Facilities Management Company | Nationwide UK","EntireFM delivers expert facilities management services across the UK — hard FM, planned preventative maintenance, industrial cleaning, and 24/7 helpdesk support for commercial and residential clients. Founded 2009.","https://www.entirefm.com","noindex",TRUE,""
"/case-studies/retail-estate-ppm-rollout","https://www.entirefm.com/case-studies/retail-estate-ppm-rollout",200,"https://www.entirefm.com/case-studies/retail-estate-ppm-rollout",0,"40 Sites. One Provider. Zero Compliance Failures.","40 Sites. One Provider. Zero Compliance Failures. | FM Case Study | EntireFM | EntireFM","The client had fragmented FM contracts across multiple suppliers, leading to inconsistent compliance documentation, missed PPM visits, and reactive sp...","https://www.entirefm.com/case-studies/retail-estate-ppm-rollout","index, follow",TRUE,""
"/case-studies/service-stations","https://www.entirefm.com/case-studies/service-stations",200,"https://www.entirefm.com/case-studies",1,"Proof in action.","FM Case Studies | Client Success Stories | EntireFM | EntireFM","Explore EntireFM&#x27;s facilities management case studies — real results delivered for retail, residential, industrial, hotel, and commercial clients across the UK.","https://www.entirefm.com/case-studies","index, follow",TRUE,""
"/commercial-facilities-management","https://www.entirefm.com/commercial-facilities-management",200,"https://www.entirefm.com/commercial-facilities-management",0,"Commercial Facilities Management — Professional Property Support for Offices, Retail and Multi-Site Portfolios","Commercial Facilities Management | Professional FM Services UK | EntireFM | EntireFM","Commercial property management requires a balanced approach to planned maintenance, reactive repairs, and statutory compliance. EntireFM builds maintenance programmes around your building&#x27;s occupancy, asset condition, and operating hours, ensuring a safe and professional environment for tenants and staff alike.","https://www.entirefm.com/commercial-facilities-management","index, follow",TRUE,""
"/compare","https://www.entirefm.com/compare",200,"https://www.entirefm.com/compare",0,"Compare EntireFM With Other FM Providers","Compare FM Providers | EntireFM vs The Market | EntireFM","Compare EntireFM with traditional, large-scale, and in-house FM models. Focus on decision speed, accountability, and cost transparency.","https://www.entirefm.com","index, follow",TRUE,""
"/compare/entirefm-vs-call-out-only","https://www.entirefm.com/compare/entirefm-vs-call-out-only",200,"https://www.entirefm.com/compare/entirefm-vs-call-out-only",0,"EntireFM vs Call-Out-Only: Planned Maintenance or Reactive Fixes?","EntireFM vs Call-Out-Only Providers | Planned vs Reactive Maintenance | EntireFM","Compare planned maintenance with reactive-only services. Evaluate long-term costs, asset protection, and compliance management.","https://www.entirefm.com","index, follow",TRUE,""
"/compare/entirefm-vs-cbre","https://www.entirefm.com/compare/entirefm-vs-cbre",200,"https://www.entirefm.com/compare/entirefm-vs-cbre",0,"EntireFM vs CBRE: Global Scale or Local Accountability?","EntireFM vs CBRE | FM Provider Comparison 2025 | EntireFM","Compare EntireFM and CBRE facilities management. Independent UK delivery versus global property services.","https://www.entirefm.com","index, follow",TRUE,""
"/compare/entirefm-vs-freelance","https://www.entirefm.com/compare/entirefm-vs-freelance",200,"https://www.entirefm.com/compare/entirefm-vs-freelance",0,"EntireFM vs Freelance Engineers: Managed Service or Direct Contractors?","EntireFM vs Freelance Engineers | Managed Service or Direct Contractors? | EntireFM","Compare managed FM services with freelance engineer relationships. Examine coverage, compliance burden, and continuity of service.","https://www.entirefm.com","index, follow",TRUE,""
"/compare/entirefm-vs-in-house","https://www.entirefm.com/compare/entirefm-vs-in-house",200,"https://www.entirefm.com/compare/entirefm-vs-in-house",0,"EntireFM vs In-House FM: Outsource or Build Internally?","EntireFM vs In-House FM | Outsource or Build Internal Team? | EntireFM","Compare outsourced FM with building an in-house team. Evaluate cost structures, risk transfer, and access to specialist capabilities.","https://www.entirefm.com","index, follow",TRUE,""
"/compare/entirefm-vs-jll","https://www.entirefm.com/compare/entirefm-vs-jll",200,"https://www.entirefm.com/compare/entirefm-vs-jll",0,"EntireFM vs JLL","EntireFM vs JLL | Independent FM vs Global Property Management | EntireFM","Compare independent facilities management with global property management. Understand the differences in governance, escalation, and day-to-day operations between EntireFM and multinational providers.","https://www.entirefm.com","index, follow",TRUE,""
"/compare/entirefm-vs-mitie","https://www.entirefm.com/compare/entirefm-vs-mitie",200,"https://www.entirefm.com/compare/entirefm-vs-mitie",0,"EntireFM vs Mitie","EntireFM vs Mitie | Independent FM vs Enterprise FM | EntireFM","Compare independent facilities management with enterprise FM. Understand the differences in accountability, responsiveness, and control between EntireFM and large-scale providers.","https://www.entirefm.com","index, follow",TRUE,""
"/compare/entirefm-vs-sodexo","https://www.entirefm.com/compare/entirefm-vs-sodexo",200,"https://www.entirefm.com/compare/entirefm-vs-sodexo",0,"EntireFM vs Sodexo: Specialist Hard FM or Integrated Services?","EntireFM vs Sodexo | FM Provider Comparison 2025 | EntireFM","Compare EntireFM and Sodexo facilities management. Specialist hard FM versus integrated services.","https://www.entirefm.com","index, follow",TRUE,""
"/compliance-diagnostic","https://www.entirefm.com/compliance-diagnostic",200,"https://www.entirefm.com/tools/fm-health-check",1,"How Compliant Is Your Building?","FM Building Health Check — Free Quiz | EntireFM | EntireFM","How compliant is your building? Answer 12 questions in 2 minutes and get a personalised FM compliance score — with a breakdown of your gaps and recommended next steps.","https://www.entirefm.com/tools/fm-health-check","index, follow",TRUE,""
"/compliance-pack","https://www.entirefm.com/compliance-pack",200,"https://www.entirefm.com/compliance-pack",0,"Sample Compliance Pack","Sample Compliance Pack | EntireFM | EntireFM","Request our sample compliance pack to see how EntireFM manages statutory obligations, PPM planning, and audit documentation.","https://www.entirefm.com","index, follow",TRUE,""
"/compliance-risk-diagnostic","https://www.entirefm.com/compliance-risk-diagnostic",200,"https://www.entirefm.com/tools/compliance-checker",1,"FM Compliance Checker","FM Compliance Checker — Free Tool | EntireFM | EntireFM","Check your building&#x27;s compliance position in under 2 minutes. Answer 8 questions and receive a free personalised FM compliance report covering fire safety, PPM, electrical, water safety, and more.","https://www.entirefm.com/tools/compliance-checker","index, follow",TRUE,""
"/contact","https://www.entirefm.com/contact",200,"https://www.entirefm.com/contact",0,"Get in Touch","Contact EntireFM | 24/7 Facilities Management Support | EntireFM","Get in touch with EntireFM. 24/7 helpdesk, Nationwide engine coverage, and expert FM support for your estate.","https://www.entirefm.com","index, follow",TRUE,""
"/coverage","https://www.entirefm.com/coverage",200,"https://www.entirefm.com/coverage",0,"Our Coverage","Nationwide FM Coverage Map | EntireFM | EntireFM","Check EntireFM&#x27;s service coverage and nearest regional office using our interactive map. View response times and local services available in your area.","https://www.entirefm.com/coverage","index, follow",TRUE,""
"/education-facilities-management","https://www.entirefm.com/education-facilities-management",200,"https://www.entirefm.com/education-facilities-management",0,"Education Facilities Management — Safe Learning Environments, Expertly Maintained","Education Facilities Management UK | EntireFM | EntireFM","Bespoke education FM services from EntireFM — Safeguarding compliance is paramount. Managing massive estates with restricted seasonal maintenance ...","https://www.entirefm.com/education-facilities-management","index, follow",TRUE,""
"/entirecafm","https://www.entirefm.com/entirecafm",200,"https://www.entirefm.com/entirecafm",0,"We Built Our OwnCAFM Platform.","EntireCAFM — Our Proprietary FM Technology Platform | EntireFM","EntireFM operates EntireCAFM — a bespoke AI-powered facilities management platform built in-house. Real-time engineer tracking, automated compliance, predictive maintenance, and live client dashboards. Technology that sets us apart.","https://www.entirefm.com/entirecafm","index, follow",TRUE,""
"/esg","https://www.entirefm.com/esg",200,"https://www.entirefm.com/esg",0,"We reduce carbon because we reduce waste.Efficiency is sustainability.","ESG &amp; Sustainability | EntireFM | EntireFM","Our commitment to Environmental, Social, and Governance excellence. Sustainable FM solutions for forward-thinking organisations.","https://www.entirefm.com","index, follow",TRUE,""
"/facilities-management-birmingham","https://www.entirefm.com/facilities-management-birmingham",200,"https://www.entirefm.com/fm-birmingham",1,"Facilities Management in Birmingham — Bespoke FM Services Across The West Midlands","Facilities Management Birmingham | FM Services The West Midlands | EntireFM | EntireFM","EntireFM delivers bespoke facilities management in Birmingham — hard FM, PPM, commercial cleaning, and 24/7 reactive support for Birmingham and The West Midlands clients.","https://www.entirefm.com/fm-birmingham","index, follow",TRUE,""
"/facilities-management-bradford","https://www.entirefm.com/facilities-management-bradford",200,"https://www.entirefm.com/facilities-management-bradford",0,"Facilities Management in Bradford — Bespoke FM Services Across West Yorkshire","Facilities Management Bradford | FM Services West Yorkshire | EntireFM | EntireFM","EntireFM delivers bespoke facilities management in Bradford — hard FM, PPM, commercial cleaning, and 24/7 reactive support for Bradford and West Yorkshire clients.","https://www.entirefm.com/facilities-management-bradford","index, follow",TRUE,""
"/facilities-management-chesterfield","https://www.entirefm.com/facilities-management-chesterfield",200,"https://www.entirefm.com/fm-chesterfield",1,"Facilities Management in Chesterfield — Bespoke FM Services Across Derbyshire","Facilities Management Chesterfield | FM Services Derbyshire | EntireFM | EntireFM","EntireFM delivers bespoke facilities management in Chesterfield — hard FM, PPM, commercial cleaning, and 24/7 reactive support for Chesterfield and Derbyshire clients.","https://www.entirefm.com/fm-chesterfield","index, follow",TRUE,""
"/facilities-management-derby","https://www.entirefm.com/facilities-management-derby",200,"https://www.entirefm.com/fm-derby",1,"Facilities Management in Derby — Bespoke FM Services Across Derbyshire","Facilities Management Derby | FM Services Derbyshire | EntireFM | EntireFM","EntireFM delivers bespoke facilities management in Derby — hard FM, PPM, commercial cleaning, and 24/7 reactive support for Derby and Derbyshire clients.","https://www.entirefm.com/fm-derby","index, follow",TRUE,""
"/facilities-management-doncaster","https://www.entirefm.com/facilities-management-doncaster",200,"https://www.entirefm.com/contact",1,"Get in Touch","Contact EntireFM | 24/7 Facilities Management Support | EntireFM","Get in touch with EntireFM. 24/7 helpdesk, Nationwide engine coverage, and expert FM support for your estate.","https://www.entirefm.com","index, follow",TRUE,""
"/facilities-management-in-telford","https://www.entirefm.com/facilities-management-in-telford",200,"https://www.entirefm.com/facilities-management-in-telford",0,"Facilities Management in Telford — Bespoke FM Services Across Shropshire","Facilities Management Telford | FM Services Shropshire | EntireFM | EntireFM","EntireFM delivers bespoke facilities management in Telford — hard FM, PPM, commercial cleaning, and 24/7 reactive support for Telford and Shropshire clients.","https://www.entirefm.com/facilities-management-in-telford","index, follow",TRUE,""
"/facilities-management-in-the-midlands","https://www.entirefm.com/facilities-management-in-the-midlands",200,"https://www.entirefm.com/facilities-management-in-the-midlands",0,"Facilities Management in The Midlands — Bespoke FM Services Across UK Heartlands","Facilities Management The Midlands | FM Services UK Heartlands | EntireFM | EntireFM","EntireFM delivers bespoke facilities management in The Midlands — hard FM, PPM, commercial cleaning, and 24/7 reactive support for The Midlands and UK Heartlands clients.","https://www.entirefm.com/facilities-management-in-the-midlands","index, follow",TRUE,""
"/facilities-management-leeds","https://www.entirefm.com/facilities-management-leeds",200,"https://www.entirefm.com/fm-leeds",1,"Facilities Management in Leeds — Bespoke FM Services Across West Yorkshire","Facilities Management Leeds | FM Services West Yorkshire | EntireFM | EntireFM","EntireFM delivers bespoke facilities management in Leeds — hard FM, PPM, commercial cleaning, and 24/7 reactive support for Leeds and West Yorkshire clients.","https://www.entirefm.com/fm-leeds","index, follow",TRUE,""
"/facilities-management-lincoln","https://www.entirefm.com/facilities-management-lincoln",200,"https://www.entirefm.com/fm-lincoln",1,"Facilities Management in Lincoln — Bespoke FM Services Across Lincolnshire","Facilities Management Lincoln | FM Services Lincolnshire | EntireFM | EntireFM","EntireFM delivers bespoke facilities management in Lincoln — hard FM, PPM, commercial cleaning, and 24/7 reactive support for Lincoln and Lincolnshire clients.","https://www.entirefm.com/fm-lincoln","index, follow",TRUE,""
"/facilities-management-liverpool","https://www.entirefm.com/facilities-management-liverpool",200,"https://www.entirefm.com/fm-liverpool",1,"Facilities Management in Liverpool — Bespoke FM Services Across Merseyside","Facilities Management Liverpool | FM Services Merseyside | EntireFM | EntireFM","EntireFM delivers bespoke facilities management in Liverpool — hard FM, PPM, commercial cleaning, and 24/7 reactive support for Liverpool and Merseyside clients.","https://www.entirefm.com/fm-liverpool","index, follow",TRUE,""
"/facilities-management-london","https://www.entirefm.com/facilities-management-london",200,"https://www.entirefm.com/fm-london",1,"Facilities Management in London — Bespoke FM Services Across Greater London","Facilities Management London | FM Services Greater London | EntireFM | EntireFM","EntireFM delivers bespoke facilities management in London — hard FM, PPM, commercial cleaning, and 24/7 reactive support for London and Greater London clients.","https://www.entirefm.com/fm-london","index, follow",TRUE,""
"/facilities-management-manchester","https://www.entirefm.com/facilities-management-manchester",200,"https://www.entirefm.com/facilities-management-manchester",0,"Facilities Management in Manchester — Bespoke FM Services Across Greater Manchester","Facilities Management Manchester | FM Services Greater Manchester | EntireFM | EntireFM","EntireFM delivers bespoke facilities management in Manchester — hard FM, PPM, commercial cleaning, and 24/7 reactive support for Manchester and Greater Manchester clients.","https://www.entirefm.com/facilities-management-manchester","index, follow",TRUE,""
"/facilities-management-midlands","https://www.entirefm.com/facilities-management-midlands",200,"https://www.entirefm.com/facilities-management-in-the-midlands",1,"Facilities Management in The Midlands — Bespoke FM Services Across UK Heartlands","Facilities Management The Midlands | FM Services UK Heartlands | EntireFM | EntireFM","EntireFM delivers bespoke facilities management in The Midlands — hard FM, PPM, commercial cleaning, and 24/7 reactive support for The Midlands and UK Heartlands clients.","https://www.entirefm.com/facilities-management-in-the-midlands","index, follow",TRUE,""
"/facilities-management-nottingham","https://www.entirefm.com/facilities-management-nottingham",200,"https://www.entirefm.com/fm-nottingham",1,"Facilities Management in Nottingham — Bespoke FM Services Across The East Midlands","Facilities Management Nottingham | FM Services The East Midlands | EntireFM | EntireFM","EntireFM delivers bespoke facilities management in Nottingham — hard FM, PPM, commercial cleaning, and 24/7 reactive support for Nottingham and The East Midlands clients.","https://www.entirefm.com/fm-nottingham","index, follow",TRUE,""
"/facilities-management-oxford","https://www.entirefm.com/facilities-management-oxford",200,"https://www.entirefm.com/contact",1,"Get in Touch","Contact EntireFM | 24/7 Facilities Management Support | EntireFM","Get in touch with EntireFM. 24/7 helpdesk, Nationwide engine coverage, and expert FM support for your estate.","https://www.entirefm.com","index, follow",TRUE,""
"/facilities-management-rotherham","https://www.entirefm.com/facilities-management-rotherham",404,"https://www.entirefm.com/facilities-management-rotherham",0,"404","404: This page could not be found.","EntireFM delivers expert facilities management services across the UK — hard FM, planned preventative maintenance, industrial cleaning, and 24/7 helpdesk support for commercial and residential clients. Founded 2009.","https://www.entirefm.com","noindex",TRUE,""
"/facilities-management-sheffield","https://www.entirefm.com/facilities-management-sheffield",200,"https://www.entirefm.com/fm-sheffield",1,"Facilities Management in Sheffield — Bespoke FM Services Across South Yorkshire","Facilities Management Sheffield | FM Services South Yorkshire | EntireFM | EntireFM","EntireFM delivers bespoke facilities management in Sheffield — hard FM, PPM, commercial cleaning, and 24/7 reactive support for Sheffield and South Yorkshire clients.","https://www.entirefm.com/fm-sheffield","index, follow",TRUE,""
"/facilities-management-telford","https://www.entirefm.com/facilities-management-telford",200,"https://www.entirefm.com/facilities-management-in-telford",1,"Facilities Management in Telford — Bespoke FM Services Across Shropshire","Facilities Management Telford | FM Services Shropshire | EntireFM | EntireFM","EntireFM delivers bespoke facilities management in Telford — hard FM, PPM, commercial cleaning, and 24/7 reactive support for Telford and Shropshire clients.","https://www.entirefm.com/facilities-management-in-telford","index, follow",TRUE,""
"/fm-birmingham","https://www.entirefm.com/fm-birmingham",200,"https://www.entirefm.com/fm-birmingham",0,"Facilities Management in Birmingham — Bespoke FM Services Across The West Midlands","Facilities Management Birmingham | FM Services The West Midlands | EntireFM | EntireFM","EntireFM delivers bespoke facilities management in Birmingham — hard FM, PPM, commercial cleaning, and 24/7 reactive support for Birmingham and The West Midlands clients.","https://www.entirefm.com/fm-birmingham","index, follow",TRUE,""
"/fm-chesterfield","https://www.entirefm.com/fm-chesterfield",200,"https://www.entirefm.com/fm-chesterfield",0,"Facilities Management in Chesterfield — Bespoke FM Services Across Derbyshire","Facilities Management Chesterfield | FM Services Derbyshire | EntireFM | EntireFM","EntireFM delivers bespoke facilities management in Chesterfield — hard FM, PPM, commercial cleaning, and 24/7 reactive support for Chesterfield and Derbyshire clients.","https://www.entirefm.com/fm-chesterfield","index, follow",TRUE,""
"/fm-derby","https://www.entirefm.com/fm-derby",200,"https://www.entirefm.com/fm-derby",0,"Facilities Management in Derby — Bespoke FM Services Across Derbyshire","Facilities Management Derby | FM Services Derbyshire | EntireFM | EntireFM","EntireFM delivers bespoke facilities management in Derby — hard FM, PPM, commercial cleaning, and 24/7 reactive support for Derby and Derbyshire clients.","https://www.entirefm.com/fm-derby","index, follow",TRUE,""
"/fm-doncaster","https://www.entirefm.com/fm-doncaster",200,"https://www.entirefm.com/contact",1,"Get in Touch","Contact EntireFM | 24/7 Facilities Management Support | EntireFM","Get in touch with EntireFM. 24/7 helpdesk, Nationwide engine coverage, and expert FM support for your estate.","https://www.entirefm.com","index, follow",TRUE,""
"/fm-insights","https://www.entirefm.com/fm-insights",200,"https://www.entirefm.com/fm-insights",0,"FM Insights","FM Insights &amp; Resources | Facilities Management Guidance | EntireFM","Expert guidance, compliance updates, and best practice resources for facilities management professionals from the EntireFM team.","https://www.entirefm.com","index, follow",TRUE,""
"/fm-insights/hard-fm-vs-soft-fm","https://www.entirefm.com/fm-insights/hard-fm-vs-soft-fm",404,"https://www.entirefm.com/resources/hard-fm-vs-soft-fm",1,"","EntireFM | Facilities Management Company | Nationwide UK","EntireFM delivers expert facilities management services across the UK — hard FM, planned preventative maintenance, industrial cleaning, and 24/7 helpdesk support for commercial and residential clients. Founded 2009.","https://www.entirefm.com","noindex",TRUE,""
"/fm-insights/how-often-emergency-lighting-tested","https://www.entirefm.com/fm-insights/how-often-emergency-lighting-tested",404,"https://www.entirefm.com/resources/how-often-emergency-lighting-tested",1,"","EntireFM | Facilities Management Company | Nationwide UK","EntireFM delivers expert facilities management services across the UK — hard FM, planned preventative maintenance, industrial cleaning, and 24/7 helpdesk support for commercial and residential clients. Founded 2009.","https://www.entirefm.com","noindex",TRUE,""
"/fm-insights/how-often-fire-alarms-tested","https://www.entirefm.com/fm-insights/how-often-fire-alarms-tested",404,"https://www.entirefm.com/resources/how-often-fire-alarms-tested",1,"","EntireFM | Facilities Management Company | Nationwide UK","EntireFM delivers expert facilities management services across the UK — hard FM, planned preventative maintenance, industrial cleaning, and 24/7 helpdesk support for commercial and residential clients. Founded 2009.","https://www.entirefm.com","noindex",TRUE,""
"/fm-insights/what-are-rams","https://www.entirefm.com/fm-insights/what-are-rams",404,"https://www.entirefm.com/resources/what-are-rams",1,"","EntireFM | Facilities Management Company | Nationwide UK","EntireFM delivers expert facilities management services across the UK — hard FM, planned preventative maintenance, industrial cleaning, and 24/7 helpdesk support for commercial and residential clients. Founded 2009.","https://www.entirefm.com","noindex",TRUE,""
"/fm-insights/what-is-a-compliance-calendar","https://www.entirefm.com/fm-insights/what-is-a-compliance-calendar",200,"https://www.entirefm.com/resources/what-is-a-compliance-calendar",1,"What Is a Compliance Calendar?","What Is a Compliance Calendar? | EntireFM Resources | EntireFM","Track statutory maintenance deadlines and ensure nothing falls through the cracks.","https://www.entirefm.com/resources/what-is-a-compliance-calendar","index, follow",TRUE,""
"/fm-insights/what-is-a-fire-risk-assessment","https://www.entirefm.com/fm-insights/what-is-a-fire-risk-assessment",404,"https://www.entirefm.com/resources/what-is-a-fire-risk-assessment",1,"","EntireFM | Facilities Management Company | Nationwide UK","EntireFM delivers expert facilities management services across the UK — hard FM, planned preventative maintenance, industrial cleaning, and 24/7 helpdesk support for commercial and residential clients. Founded 2009.","https://www.entirefm.com","noindex",TRUE,""
"/fm-insights/what-is-a-ppm-planner","https://www.entirefm.com/fm-insights/what-is-a-ppm-planner",200,"https://www.entirefm.com/resources/what-is-a-ppm-planner",1,"What Is a PPM Planner?","What Is a PPM Planner? | EntireFM Resources | EntireFM","How PPM planners underpin maintenance strategy, compliance tracking, and lifecycle cost control.","https://www.entirefm.com/resources/what-is-a-ppm-planner","index, follow",TRUE,""
"/fm-insights/what-is-a-tm44","https://www.entirefm.com/fm-insights/what-is-a-tm44",404,"https://www.entirefm.com/resources/what-is-a-tm44",1,"","EntireFM | Facilities Management Company | Nationwide UK","EntireFM delivers expert facilities management services across the UK — hard FM, planned preventative maintenance, industrial cleaning, and 24/7 helpdesk support for commercial and residential clients. Founded 2009.","https://www.entirefm.com","noindex",TRUE,""
"/fm-insights/what-is-acop-l8","https://www.entirefm.com/fm-insights/what-is-acop-l8",404,"https://www.entirefm.com/resources/what-is-acop-l8",1,"","EntireFM | Facilities Management Company | Nationwide UK","EntireFM delivers expert facilities management services across the UK — hard FM, planned preventative maintenance, industrial cleaning, and 24/7 helpdesk support for commercial and residential clients. Founded 2009.","https://www.entirefm.com","noindex",TRUE,""
"/fm-insights/what-is-an-asset-register","https://www.entirefm.com/fm-insights/what-is-an-asset-register",200,"https://www.entirefm.com/resources/what-is-an-asset-register",1,"What Is an Asset Register?","What Is an Asset Register? | EntireFM Resources | EntireFM","The foundation of effective facilities management — cataloguing every maintainable item.","https://www.entirefm.com/resources/what-is-an-asset-register","index, follow",TRUE,""
"/fm-insights/what-is-an-eicr","https://www.entirefm.com/fm-insights/what-is-an-eicr",404,"https://www.entirefm.com/resources/what-is-an-eicr",1,"","EntireFM | Facilities Management Company | Nationwide UK","EntireFM delivers expert facilities management services across the UK — hard FM, planned preventative maintenance, industrial cleaning, and 24/7 helpdesk support for commercial and residential clients. Founded 2009.","https://www.entirefm.com","noindex",TRUE,""
"/fm-insights/what-is-f-gas-compliance","https://www.entirefm.com/fm-insights/what-is-f-gas-compliance",404,"https://www.entirefm.com/resources/what-is-f-gas-compliance",1,"","EntireFM | Facilities Management Company | Nationwide UK","EntireFM delivers expert facilities management services across the UK — hard FM, planned preventative maintenance, industrial cleaning, and 24/7 helpdesk support for commercial and residential clients. Founded 2009.","https://www.entirefm.com","noindex",TRUE,""
"/fm-insights/what-is-facilities-management","https://www.entirefm.com/fm-insights/what-is-facilities-management",404,"https://www.entirefm.com/resources/what-is-facilities-management",1,"","EntireFM | Facilities Management Company | Nationwide UK","EntireFM delivers expert facilities management services across the UK — hard FM, planned preventative maintenance, industrial cleaning, and 24/7 helpdesk support for commercial and residential clients. Founded 2009.","https://www.entirefm.com","noindex",TRUE,""
"/fm-insights/what-is-hard-fm","https://www.entirefm.com/fm-insights/what-is-hard-fm",404,"https://www.entirefm.com/resources/what-is-hard-fm",1,"","EntireFM | Facilities Management Company | Nationwide UK","EntireFM delivers expert facilities management services across the UK — hard FM, planned preventative maintenance, industrial cleaning, and 24/7 helpdesk support for commercial and residential clients. Founded 2009.","https://www.entirefm.com","noindex",TRUE,""
"/fm-insights/what-is-ifm","https://www.entirefm.com/fm-insights/what-is-ifm",404,"https://www.entirefm.com/resources/what-is-ifm",1,"","EntireFM | Facilities Management Company | Nationwide UK","EntireFM delivers expert facilities management services across the UK — hard FM, planned preventative maintenance, industrial cleaning, and 24/7 helpdesk support for commercial and residential clients. Founded 2009.","https://www.entirefm.com","noindex",TRUE,""
"/fm-insights/what-is-lock-out-tag-out","https://www.entirefm.com/fm-insights/what-is-lock-out-tag-out",404,"https://www.entirefm.com/resources/what-is-lock-out-tag-out",1,"","EntireFM | Facilities Management Company | Nationwide UK","EntireFM delivers expert facilities management services across the UK — hard FM, planned preventative maintenance, industrial cleaning, and 24/7 helpdesk support for commercial and residential clients. Founded 2009.","https://www.entirefm.com","noindex",TRUE,""
"/fm-insights/what-is-ppm","https://www.entirefm.com/fm-insights/what-is-ppm",404,"https://www.entirefm.com/resources/what-is-ppm",1,"","EntireFM | Facilities Management Company | Nationwide UK","EntireFM delivers expert facilities management services across the UK — hard FM, planned preventative maintenance, industrial cleaning, and 24/7 helpdesk support for commercial and residential clients. Founded 2009.","https://www.entirefm.com","noindex",TRUE,""
"/fm-insights/what-is-soft-fm","https://www.entirefm.com/fm-insights/what-is-soft-fm",404,"https://www.entirefm.com/resources/what-is-soft-fm",1,"","EntireFM | Facilities Management Company | Nationwide UK","EntireFM delivers expert facilities management services across the UK — hard FM, planned preventative maintenance, industrial cleaning, and 24/7 helpdesk support for commercial and residential clients. Founded 2009.","https://www.entirefm.com","noindex",TRUE,""
"/fm-insights/what-is-statutory-maintenance","https://www.entirefm.com/fm-insights/what-is-statutory-maintenance",404,"https://www.entirefm.com/resources/what-is-statutory-maintenance",1,"","EntireFM | Facilities Management Company | Nationwide UK","EntireFM delivers expert facilities management services across the UK — hard FM, planned preventative maintenance, industrial cleaning, and 24/7 helpdesk support for commercial and residential clients. Founded 2009.","https://www.entirefm.com","noindex",TRUE,""
"/fm-insights/what-is-tfm","https://www.entirefm.com/fm-insights/what-is-tfm",404,"https://www.entirefm.com/resources/what-is-tfm",1,"","EntireFM | Facilities Management Company | Nationwide UK","EntireFM delivers expert facilities management services across the UK — hard FM, planned preventative maintenance, industrial cleaning, and 24/7 helpdesk support for commercial and residential clients. Founded 2009.","https://www.entirefm.com","noindex",TRUE,""
"/fm-insights/who-is-the-responsible-person","https://www.entirefm.com/fm-insights/who-is-the-responsible-person",404,"https://www.entirefm.com/resources/who-is-the-responsible-person",1,"","EntireFM | Facilities Management Company | Nationwide UK","EntireFM delivers expert facilities management services across the UK — hard FM, planned preventative maintenance, industrial cleaning, and 24/7 helpdesk support for commercial and residential clients. Founded 2009.","https://www.entirefm.com","noindex",TRUE,""
"/fm-intelligence","https://www.entirefm.com/fm-intelligence",200,"https://www.entirefm.com/fm-intelligence",0,"UK FM Intelligence Dashboard","UK FM Intelligence Dashboard — Market Data &amp; Benchmarks | EntireFM | EntireFM","Live UK facilities management market data — outsourcing rates, compliance failure statistics, cost benchmarks, and seasonal FM alerts. Updated quarterly by EntireFM.","https://www.entirefm.com/fm-intelligence","index, follow",TRUE,""
"/fm-leeds","https://www.entirefm.com/fm-leeds",200,"https://www.entirefm.com/fm-leeds",0,"Facilities Management in Leeds — Bespoke FM Services Across West Yorkshire","Facilities Management Leeds | FM Services West Yorkshire | EntireFM | EntireFM","EntireFM delivers bespoke facilities management in Leeds — hard FM, PPM, commercial cleaning, and 24/7 reactive support for Leeds and West Yorkshire clients.","https://www.entirefm.com/fm-leeds","index, follow",TRUE,""
"/fm-lincoln","https://www.entirefm.com/fm-lincoln",200,"https://www.entirefm.com/fm-lincoln",0,"Facilities Management in Lincoln — Bespoke FM Services Across Lincolnshire","Facilities Management Lincoln | FM Services Lincolnshire | EntireFM | EntireFM","EntireFM delivers bespoke facilities management in Lincoln — hard FM, PPM, commercial cleaning, and 24/7 reactive support for Lincoln and Lincolnshire clients.","https://www.entirefm.com/fm-lincoln","index, follow",TRUE,""
"/fm-liverpool","https://www.entirefm.com/fm-liverpool",200,"https://www.entirefm.com/fm-liverpool",0,"Facilities Management in Liverpool — Bespoke FM Services Across Merseyside","Facilities Management Liverpool | FM Services Merseyside | EntireFM | EntireFM","EntireFM delivers bespoke facilities management in Liverpool — hard FM, PPM, commercial cleaning, and 24/7 reactive support for Liverpool and Merseyside clients.","https://www.entirefm.com/fm-liverpool","index, follow",TRUE,""
"/fm-london","https://www.entirefm.com/fm-london",200,"https://www.entirefm.com/fm-london",0,"Facilities Management in London — Bespoke FM Services Across Greater London","Facilities Management London | FM Services Greater London | EntireFM | EntireFM","EntireFM delivers bespoke facilities management in London — hard FM, PPM, commercial cleaning, and 24/7 reactive support for London and Greater London clients.","https://www.entirefm.com/fm-london","index, follow",TRUE,""
"/fm-manchester","https://www.entirefm.com/fm-manchester",200,"https://www.entirefm.com/facilities-management-manchester",1,"Facilities Management in Manchester — Bespoke FM Services Across Greater Manchester","Facilities Management Manchester | FM Services Greater Manchester | EntireFM | EntireFM","EntireFM delivers bespoke facilities management in Manchester — hard FM, PPM, commercial cleaning, and 24/7 reactive support for Manchester and Greater Manchester clients.","https://www.entirefm.com/facilities-management-manchester","index, follow",TRUE,""
"/fm-market-report","https://www.entirefm.com/fm-market-report",200,"https://www.entirefm.com/fm-market-report",0,"UK FM Market Report 2025","EntireFM | Facilities Management Company | Nationwide UK","EntireFM delivers expert facilities management services across the UK — hard FM, planned preventative maintenance, industrial cleaning, and 24/7 helpdesk support for commercial and residential clients. Founded 2009.","https://www.entirefm.com","index, follow",TRUE,""
"/fm-nottingham","https://www.entirefm.com/fm-nottingham",200,"https://www.entirefm.com/fm-nottingham",0,"Facilities Management in Nottingham — Bespoke FM Services Across The East Midlands","Facilities Management Nottingham | FM Services The East Midlands | EntireFM | EntireFM","EntireFM delivers bespoke facilities management in Nottingham — hard FM, PPM, commercial cleaning, and 24/7 reactive support for Nottingham and The East Midlands clients.","https://www.entirefm.com/fm-nottingham","index, follow",TRUE,""
"/fm-operations","https://www.entirefm.com/fm-operations",200,"https://www.entirefm.com/fm-operations",0,"FM Operations &amp; Service Delivery Excellence","FM Operations &amp; Service Delivery Excellence | EntireFM | EntireFM","Strategic planning and day-to-day FM operations. Reliable, compliant, and value-driven service delivery across your entire property portfolio.","https://www.entirefm.com","index, follow",TRUE,""
"/fm-operations/asset-lifecycle","https://www.entirefm.com/fm-operations/asset-lifecycle",200,"https://www.entirefm.com/fm-operations",1,"FM Operations &amp; Service Delivery Excellence","FM Operations &amp; Service Delivery Excellence | EntireFM | EntireFM","Strategic planning and day-to-day FM operations. Reliable, compliant, and value-driven service delivery across your entire property portfolio.","https://www.entirefm.com","index, follow",TRUE,""
"/fm-operations/business-continuity","https://www.entirefm.com/fm-operations/business-continuity",404,"https://www.entirefm.com/fm-operations/business-continuity",0,"404","404: This page could not be found.","EntireFM delivers expert facilities management services across the UK — hard FM, planned preventative maintenance, industrial cleaning, and 24/7 helpdesk support for commercial and residential clients. Founded 2009.","https://www.entirefm.com","noindex",TRUE,""
"/fm-operations/fm-strategy","https://www.entirefm.com/fm-operations/fm-strategy",200,"https://www.entirefm.com/fm-operations",1,"FM Operations &amp; Service Delivery Excellence","FM Operations &amp; Service Delivery Excellence | EntireFM | EntireFM","Strategic planning and day-to-day FM operations. Reliable, compliant, and value-driven service delivery across your entire property portfolio.","https://www.entirefm.com","index, follow",TRUE,""
"/fm-operations/helpdesk","https://www.entirefm.com/fm-operations/helpdesk",404,"https://www.entirefm.com/fm-operations/helpdesk",0,"404","404: This page could not be found.","EntireFM delivers expert facilities management services across the UK — hard FM, planned preventative maintenance, industrial cleaning, and 24/7 helpdesk support for commercial and residential clients. Founded 2009.","https://www.entirefm.com","noindex",TRUE,""
"/fm-operations/knowledge-base","https://www.entirefm.com/fm-operations/knowledge-base",200,"https://www.entirefm.com/fm-insights",1,"FM Insights","FM Insights &amp; Resources | Facilities Management Guidance | EntireFM","Expert guidance, compliance updates, and best practice resources for facilities management professionals from the EntireFM team.","https://www.entirefm.com","index, follow",TRUE,""
"/fm-operations/leads","https://www.entirefm.com/fm-operations/leads",200,"https://www.entirefm.com/fm-operations",1,"FM Operations &amp; Service Delivery Excellence","FM Operations &amp; Service Delivery Excellence | EntireFM | EntireFM","Strategic planning and day-to-day FM operations. Reliable, compliant, and value-driven service delivery across your entire property portfolio.","https://www.entirefm.com","index, follow",TRUE,""
"/fm-operations/mobilisation","https://www.entirefm.com/fm-operations/mobilisation",404,"https://www.entirefm.com/fm-operations/mobilisation",0,"404","404: This page could not be found.","EntireFM delivers expert facilities management services across the UK — hard FM, planned preventative maintenance, industrial cleaning, and 24/7 helpdesk support for commercial and residential clients. Founded 2009.","https://www.entirefm.com","noindex",TRUE,""
"/fm-operations/occupier-experience","https://www.entirefm.com/fm-operations/occupier-experience",200,"https://www.entirefm.com/fm-operations",1,"FM Operations &amp; Service Delivery Excellence","FM Operations &amp; Service Delivery Excellence | EntireFM | EntireFM","Strategic planning and day-to-day FM operations. Reliable, compliant, and value-driven service delivery across your entire property portfolio.","https://www.entirefm.com","index, follow",TRUE,""
"/fm-operations/platform","https://www.entirefm.com/fm-operations/platform",404,"https://www.entirefm.com/fm-operations/platform",0,"404","404: This page could not be found.","EntireFM delivers expert facilities management services across the UK — hard FM, planned preventative maintenance, industrial cleaning, and 24/7 helpdesk support for commercial and residential clients. Founded 2009.","https://www.entirefm.com","noindex",TRUE,""
"/fm-operations/ppm-delivery","https://www.entirefm.com/fm-operations/ppm-delivery",200,"https://www.entirefm.com/fm-operations",1,"FM Operations &amp; Service Delivery Excellence","FM Operations &amp; Service Delivery Excellence | EntireFM | EntireFM","Strategic planning and day-to-day FM operations. Reliable, compliant, and value-driven service delivery across your entire property portfolio.","https://www.entirefm.com","index, follow",TRUE,""
"/fm-operations/reactive-maintenance","https://www.entirefm.com/fm-operations/reactive-maintenance",404,"https://www.entirefm.com/fm-operations/reactive-maintenance",0,"404","404: This page could not be found.","EntireFM delivers expert facilities management services across the UK — hard FM, planned preventative maintenance, industrial cleaning, and 24/7 helpdesk support for commercial and residential clients. Founded 2009.","https://www.entirefm.com","noindex",TRUE,""
"/fm-operations/report-issue","https://www.entirefm.com/fm-operations/report-issue",404,"https://www.entirefm.com/fm-operations/report-issue",0,"404","404: This page could not be found.","EntireFM delivers expert facilities management services across the UK — hard FM, planned preventative maintenance, industrial cleaning, and 24/7 helpdesk support for commercial and residential clients. Founded 2009.","https://www.entirefm.com","noindex",TRUE,""
"/fm-operations/tender-support","https://www.entirefm.com/fm-operations/tender-support",404,"https://www.entirefm.com/fm-operations/tender-support",0,"404","404: This page could not be found.","EntireFM delivers expert facilities management services across the UK — hard FM, planned preventative maintenance, industrial cleaning, and 24/7 helpdesk support for commercial and residential clients. Founded 2009.","https://www.entirefm.com","noindex",TRUE,""
"/fm-oxford","https://www.entirefm.com/fm-oxford",404,"https://www.entirefm.com/fm-oxford",0,"404","404: This page could not be found.","EntireFM delivers expert facilities management services across the UK — hard FM, planned preventative maintenance, industrial cleaning, and 24/7 helpdesk support for commercial and residential clients. Founded 2009.","https://www.entirefm.com","noindex",TRUE,""
"/fm-rotherham","https://www.entirefm.com/fm-rotherham",404,"https://www.entirefm.com/fm-rotherham",0,"404","404: This page could not be found.","EntireFM delivers expert facilities management services across the UK — hard FM, planned preventative maintenance, industrial cleaning, and 24/7 helpdesk support for commercial and residential clients. Founded 2009.","https://www.entirefm.com","noindex",TRUE,""
"/fm-sheffield","https://www.entirefm.com/fm-sheffield",200,"https://www.entirefm.com/fm-sheffield",0,"Facilities Management in Sheffield — Bespoke FM Services Across South Yorkshire","Facilities Management Sheffield | FM Services South Yorkshire | EntireFM | EntireFM","EntireFM delivers bespoke facilities management in Sheffield — hard FM, PPM, commercial cleaning, and 24/7 reactive support for Sheffield and South Yorkshire clients.","https://www.entirefm.com/fm-sheffield","index, follow",TRUE,""
"/fm-telford","https://www.entirefm.com/fm-telford",200,"https://www.entirefm.com/facilities-management-in-telford",1,"Facilities Management in Telford — Bespoke FM Services Across Shropshire","Facilities Management Telford | FM Services Shropshire | EntireFM | EntireFM","EntireFM delivers bespoke facilities management in Telford — hard FM, PPM, commercial cleaning, and 24/7 reactive support for Telford and Shropshire clients.","https://www.entirefm.com/facilities-management-in-telford","index, follow",TRUE,""
"/hard-services","https://www.entirefm.com/hard-services",200,"https://www.entirefm.com/hard-services",0,"Hard FM Services — Engineering-Led Building Maintenance and Statutory Compliance","Hard FM Services | Professional FM Services UK | EntireFM | EntireFM","Hard FM covers the physical fabric and systems of your property. EntireFM delivers a comprehensive hard services model, focusing on engineering excellence, statutory compliance, and asset performance.","https://www.entirefm.com/hard-services","index, follow",TRUE,""
"/health-safety","https://www.entirefm.com/health-safety",200,"https://www.entirefm.com/health-safety",0,"Zero shortcuts. Zero compromise.Every site. Every shift. Every asset.","Health &amp; Safety | EntireFM Standards | EntireFM","Safety is our priority. Learn about EntireFM&#x27;s rigorous health and safety standards and compliance frameworks.","https://www.entirefm.com","index, follow",TRUE,""
"/healthcare-facilities-management","https://www.entirefm.com/healthcare-facilities-management",200,"https://www.entirefm.com/healthcare-facilities-management",0,"Healthcare Facilities Management — Compliance and Cleanliness Where It Matters Most","Healthcare Facilities Management UK | EntireFM | EntireFM","Bespoke healthcare FM services from EntireFM — CQC compliance and profound infection control are critical. Stringent cleaning standards intersect w...","https://www.entirefm.com/healthcare-facilities-management","index, follow",TRUE,""
"/hotel-facilities-management","https://www.entirefm.com/hotel-facilities-management",200,"https://www.entirefm.com/hotel-facilities-management",0,"Hotel Facilities Management — Guest Experience Starts with a Well-Managed Building","Hotel Facilities Management UK | EntireFM | EntireFM","Bespoke hotel FM services from EntireFM — There is zero tolerance for HVAC and heating failures in hospitality. Guest-facing system uptime is ...","https://www.entirefm.com/hotel-facilities-management","index, follow",TRUE,""
"/hvac-contractor","https://www.entirefm.com/hvac-contractor",200,"https://www.entirefm.com/hvac-contractor",0,"HVAC &amp; Air Conditioning — Precision Climate Control and F-Gas Compliance","HVAC &amp; Air Conditioning | Professional FM Services UK | EntireFM | EntireFM","HVAC systems are often the largest energy consumer in a commercial building. EntireFM provides expert HVAC maintenance and installation, ensuring your heating, cooling, and ventilation systems operate at peak efficiency and meet all F-Gas regulations.","https://www.entirefm.com/hvac-contractor","index, follow",TRUE,""
"/industrial-cleaning","https://www.entirefm.com/industrial-cleaning",200,"https://www.entirefm.com/industrial-cleaning",0,"Industrial Cleaning Services — Heavy-Duty Sanitation for Manufacturing and Logistics Environments","Industrial Cleaning Services | Professional FM Services UK | EntireFM | EntireFM","Industrial cleaning requires more than just standard janitorial support. EntireFM delivers specialist cleaning for factories, warehouses, and production lines, utilizing high-pressure systems and industrial-grade degreasers.","https://www.entirefm.com/industrial-cleaning","index, follow",TRUE,""
"/industrial-facilities-management","https://www.entirefm.com/industrial-facilities-management",200,"https://www.entirefm.com/industrial-facilities-management",0,"Industrial Facilities Management — Keeping Complex Operations Running Without Interruption","Industrial Facilities Management UK | EntireFM | EntireFM","Bespoke industrial FM services from EntireFM — Heavy-duty manufacturing environments require specialist cleaning and profound compliance for indust...","https://www.entirefm.com/industrial-facilities-management","index, follow",TRUE,""
"/innovation","https://www.entirefm.com/innovation",200,"https://www.entirefm.com/innovation",0,"Innovation &amp; Technology","Innovation in FM | Technology-Led Service Delivery | EntireFM","How EntireFM uses technology, IoT, and data to drive efficiency and transparency in facilities management.","https://www.entirefm.com","index, follow",TRUE,""
"/integrations","https://www.entirefm.com/integrations",200,"https://www.entirefm.com/integrations",0,"Systems We Integrate With","Integration Hub &amp; System Compatibility Suite | EntireFM | EntireFM","Seamless FM delivery into your existing compliance and job management platforms including eLogbooks, Dwellant, Verisae, MRI/Qube, Planon and more.","https://www.entirefm.com","index, follow",TRUE,""
"/integrations/concept-evolution","https://www.entirefm.com/integrations/concept-evolution",200,"https://www.entirefm.com/integrations",1,"Systems We Integrate With","Integration Hub &amp; System Compatibility Suite | EntireFM | EntireFM","Seamless FM delivery into your existing compliance and job management platforms including eLogbooks, Dwellant, Verisae, MRI/Qube, Planon and more.","https://www.entirefm.com","index, follow",TRUE,""
"/integrations/dwellant","https://www.entirefm.com/integrations/dwellant",404,"https://www.entirefm.com/integrations/dwellant",0,"404","404: This page could not be found.","EntireFM delivers expert facilities management services across the UK — hard FM, planned preventative maintenance, industrial cleaning, and 24/7 helpdesk support for commercial and residential clients. Founded 2009.","https://www.entirefm.com","noindex",TRUE,""
"/integrations/elogbooks","https://www.entirefm.com/integrations/elogbooks",404,"https://www.entirefm.com/integrations/elogbooks",0,"404","404: This page could not be found.","EntireFM delivers expert facilities management services across the UK — hard FM, planned preventative maintenance, industrial cleaning, and 24/7 helpdesk support for commercial and residential clients. Founded 2009.","https://www.entirefm.com","noindex",TRUE,""
"/integrations/mri-qube","https://www.entirefm.com/integrations/mri-qube",200,"https://www.entirefm.com/integrations",1,"Systems We Integrate With","Integration Hub &amp; System Compatibility Suite | EntireFM | EntireFM","Seamless FM delivery into your existing compliance and job management platforms including eLogbooks, Dwellant, Verisae, MRI/Qube, Planon and more.","https://www.entirefm.com","index, follow",TRUE,""
"/integrations/mycompliance","https://www.entirefm.com/integrations/mycompliance",200,"https://www.entirefm.com/integrations",1,"Systems We Integrate With","Integration Hub &amp; System Compatibility Suite | EntireFM | EntireFM","Seamless FM delivery into your existing compliance and job management platforms including eLogbooks, Dwellant, Verisae, MRI/Qube, Planon and more.","https://www.entirefm.com","index, follow",TRUE,""
"/integrations/planon","https://www.entirefm.com/integrations/planon",404,"https://www.entirefm.com/integrations/planon",0,"404","404: This page could not be found.","EntireFM delivers expert facilities management services across the UK — hard FM, planned preventative maintenance, industrial cleaning, and 24/7 helpdesk support for commercial and residential clients. Founded 2009.","https://www.entirefm.com","noindex",TRUE,""
"/integrations/verisae","https://www.entirefm.com/integrations/verisae",404,"https://www.entirefm.com/integrations/verisae",0,"404","404: This page could not be found.","EntireFM delivers expert facilities management services across the UK — hard FM, planned preventative maintenance, industrial cleaning, and 24/7 helpdesk support for commercial and residential clients. Founded 2009.","https://www.entirefm.com","noindex",TRUE,""
"/landmark-facilities-management","https://www.entirefm.com/landmark-facilities-management",200,"https://www.entirefm.com/landmark-facilities-management",0,"Landmark &amp; Heritage Facilities Management — Preserving the Past, Managing the Future","Landmark &amp; Heritage Facilities Management UK | EntireFM | EntireFM","Bespoke landmark &amp; heritage FM services from EntireFM — Heritage buildings require delicate, expert-led hard FM. Managing iconic structures involves balanci...","https://www.entirefm.com/landmark-facilities-management","index, follow",TRUE,""
"/leadership","https://www.entirefm.com/leadership",200,"https://www.entirefm.com/leadership",0,"FM accountability starts at the top.","FM Leadership &amp; Governance | EntireFM | EntireFM","Meet the EntireFM leadership team. Directors who answer the phone and own performance. FM accountability that starts at the top.","https://www.entirefm.com","index, follow",TRUE,""
"/link-health","https://www.entirefm.com/link-health",200,"https://www.entirefm.com/link-health",0,"","Link Health Dashboard | SEO Governance | EntireFM | EntireFM","EntireFM delivers expert facilities management services across the UK — hard FM, planned preventative maintenance, industrial cleaning, and 24/7 helpdesk support for commercial and residential clients. Founded 2009.","https://www.entirefm.com","noindex, nofollow",TRUE,""
"/locations","https://www.entirefm.com/locations",200,"https://www.entirefm.com/locations",0,"National FM coverage. Local accountability.","Our Locations | Nationwide FM Coverage Across the UK | EntireFM","EntireFM provides nationwide facilities management from our regional hubs. Local expertise with national scale.","https://www.entirefm.com","index, follow",TRUE,""
"/locations/birmingham","https://www.entirefm.com/locations/birmingham",200,"https://www.entirefm.com/fm-birmingham",1,"Facilities Management in Birmingham — Bespoke FM Services Across The West Midlands","Facilities Management Birmingham | FM Services The West Midlands | EntireFM | EntireFM","EntireFM delivers bespoke facilities management in Birmingham — hard FM, PPM, commercial cleaning, and 24/7 reactive support for Birmingham and The West Midlands clients.","https://www.entirefm.com/fm-birmingham","index, follow",TRUE,""
"/locations/chesterfield","https://www.entirefm.com/locations/chesterfield",200,"https://www.entirefm.com/fm-chesterfield",1,"Facilities Management in Chesterfield — Bespoke FM Services Across Derbyshire","Facilities Management Chesterfield | FM Services Derbyshire | EntireFM | EntireFM","EntireFM delivers bespoke facilities management in Chesterfield — hard FM, PPM, commercial cleaning, and 24/7 reactive support for Chesterfield and Derbyshire clients.","https://www.entirefm.com/fm-chesterfield","index, follow",TRUE,""
"/locations/derby","https://www.entirefm.com/locations/derby",200,"https://www.entirefm.com/fm-derby",1,"Facilities Management in Derby — Bespoke FM Services Across Derbyshire","Facilities Management Derby | FM Services Derbyshire | EntireFM | EntireFM","EntireFM delivers bespoke facilities management in Derby — hard FM, PPM, commercial cleaning, and 24/7 reactive support for Derby and Derbyshire clients.","https://www.entirefm.com/fm-derby","index, follow",TRUE,""
"/locations/leeds","https://www.entirefm.com/locations/leeds",200,"https://www.entirefm.com/fm-leeds",1,"Facilities Management in Leeds — Bespoke FM Services Across West Yorkshire","Facilities Management Leeds | FM Services West Yorkshire | EntireFM | EntireFM","EntireFM delivers bespoke facilities management in Leeds — hard FM, PPM, commercial cleaning, and 24/7 reactive support for Leeds and West Yorkshire clients.","https://www.entirefm.com/fm-leeds","index, follow",TRUE,""
"/locations/leicester","https://www.entirefm.com/locations/leicester",404,"https://www.entirefm.com/locations/leicester",0,"404","404: This page could not be found.","EntireFM delivers expert facilities management services across the UK — hard FM, planned preventative maintenance, industrial cleaning, and 24/7 helpdesk support for commercial and residential clients. Founded 2009.","https://www.entirefm.com","noindex",TRUE,""
"/locations/lincoln","https://www.entirefm.com/locations/lincoln",200,"https://www.entirefm.com/fm-lincoln",1,"Facilities Management in Lincoln — Bespoke FM Services Across Lincolnshire","Facilities Management Lincoln | FM Services Lincolnshire | EntireFM | EntireFM","EntireFM delivers bespoke facilities management in Lincoln — hard FM, PPM, commercial cleaning, and 24/7 reactive support for Lincoln and Lincolnshire clients.","https://www.entirefm.com/fm-lincoln","index, follow",TRUE,""
"/locations/liverpool","https://www.entirefm.com/locations/liverpool",200,"https://www.entirefm.com/fm-liverpool",1,"Facilities Management in Liverpool — Bespoke FM Services Across Merseyside","Facilities Management Liverpool | FM Services Merseyside | EntireFM | EntireFM","EntireFM delivers bespoke facilities management in Liverpool — hard FM, PPM, commercial cleaning, and 24/7 reactive support for Liverpool and Merseyside clients.","https://www.entirefm.com/fm-liverpool","index, follow",TRUE,""
"/locations/london","https://www.entirefm.com/locations/london",200,"https://www.entirefm.com/fm-london",1,"Facilities Management in London — Bespoke FM Services Across Greater London","Facilities Management London | FM Services Greater London | EntireFM | EntireFM","EntireFM delivers bespoke facilities management in London — hard FM, PPM, commercial cleaning, and 24/7 reactive support for London and Greater London clients.","https://www.entirefm.com/fm-london","index, follow",TRUE,""
"/locations/manchester","https://www.entirefm.com/locations/manchester",200,"https://www.entirefm.com/facilities-management-manchester",1,"Facilities Management in Manchester — Bespoke FM Services Across Greater Manchester","Facilities Management Manchester | FM Services Greater Manchester | EntireFM | EntireFM","EntireFM delivers bespoke facilities management in Manchester — hard FM, PPM, commercial cleaning, and 24/7 reactive support for Manchester and Greater Manchester clients.","https://www.entirefm.com/facilities-management-manchester","index, follow",TRUE,""
"/locations/nottingham","https://www.entirefm.com/locations/nottingham",200,"https://www.entirefm.com/fm-nottingham",1,"Facilities Management in Nottingham — Bespoke FM Services Across The East Midlands","Facilities Management Nottingham | FM Services The East Midlands | EntireFM | EntireFM","EntireFM delivers bespoke facilities management in Nottingham — hard FM, PPM, commercial cleaning, and 24/7 reactive support for Nottingham and The East Midlands clients.","https://www.entirefm.com/fm-nottingham","index, follow",TRUE,""
"/locations/sheffield","https://www.entirefm.com/locations/sheffield",200,"https://www.entirefm.com/fm-sheffield",1,"Facilities Management in Sheffield — Bespoke FM Services Across South Yorkshire","Facilities Management Sheffield | FM Services South Yorkshire | EntireFM | EntireFM","EntireFM delivers bespoke facilities management in Sheffield — hard FM, PPM, commercial cleaning, and 24/7 reactive support for Sheffield and South Yorkshire clients.","https://www.entirefm.com/fm-sheffield","index, follow",TRUE,""
"/london-facilities-management","https://www.entirefm.com/london-facilities-management",404,"https://www.entirefm.com/london-facilities-management",0,"404","404: This page could not be found.","EntireFM delivers expert facilities management services across the UK — hard FM, planned preventative maintenance, industrial cleaning, and 24/7 helpdesk support for commercial and residential clients. Founded 2009.","https://www.entirefm.com","noindex",TRUE,""
"/marketplace","https://www.entirefm.com/marketplace",200,"https://www.entirefm.com/marketplace",0,"The Future of FM Contracting","Contractor Marketplace — Join the Network | EntireFM | EntireFM","The future of FM contracting. Join the EntireFM partner network to access high-value maintenance contracts, automated invoicing, and rapid payment terms. Join the waitlist today.","https://www.entirefm.com/marketplace","index, follow",TRUE,""
"/mechanical-electrical","https://www.entirefm.com/mechanical-electrical",200,"https://www.entirefm.com/mechanical-electrical",0,"Mechanical &amp; Electrical (M&amp;E) Services — Technical Hard FM for Complex Commercial and Industrial Infrastructure","Mechanical &amp; Electrical (M&amp;E) Services | Professional FM Services UK | EntireFM | EntireFM","Your building&#x27;s mechanical and electrical systems are its lifeblood. EntireFM provides specialist M&amp;E support, covering everything from power distribution and lighting to heating, ventilation, and plumbing systems.","https://www.entirefm.com/mechanical-electrical","index, follow",TRUE,""
"/partners","https://www.entirefm.com/partners",200,"https://www.entirefm.com/partners",0,"The EntireFM Partner Network","FM Partner Programme | Earn Referral Fees | EntireFM | EntireFM","Join the EntireFM Partner Network — earn referral fees by connecting your clients with expert UK FM services. Property managers, surveyors, developers, and insurance brokers welcome.","https://www.entirefm.com/partners","index, follow",TRUE,""
"/partners/commercial-surveyors","https://www.entirefm.com/partners/commercial-surveyors",200,"https://www.entirefm.com/partners/commercial-surveyors",0,"Commercial Surveyors &amp; Consultancies","Commercial Surveyors &amp; Consultancies Partners | EntireFM Partner Programme | EntireFM","Commercial surveyors, building consultancies, and RICS professionals regularly advise clients on FM. Partner with EntireFM and turn that advice into revenu","https://www.entirefm.com/partners/commercial-surveyors","index, follow",TRUE,""
"/partners/construction-developers","https://www.entirefm.com/partners/construction-developers",200,"https://www.entirefm.com/partners/construction-developers",0,"Construction Firms &amp; Developers","Construction Firms &amp; Developers Partners | EntireFM Partner Programme | EntireFM","Construction firms and developers face the FM handover challenge on every project. Partner with EntireFM to offer your clients a seamless transition from c","https://www.entirefm.com/partners/construction-developers","index, follow",TRUE,""
"/partners/insurance-brokers","https://www.entirefm.com/partners/insurance-brokers",200,"https://www.entirefm.com/partners/insurance-brokers",0,"Insurance Brokers","Insurance Brokers Partners | EntireFM Partner Programme | EntireFM","Insurance brokers with commercial property clients regularly see FM compliance failures driving claims. Partner with EntireFM to offer your clients a proac","https://www.entirefm.com/partners/insurance-brokers","index, follow",TRUE,""
"/partners/property-management","https://www.entirefm.com/partners/property-management",200,"https://www.entirefm.com/partners/property-management",0,"Property Management Agents","Property Management Agents Partners | EntireFM Partner Programme | EntireFM","If you manage residential or commercial blocks, your clients need FM services. Partner with EntireFM and refer with confidence — we&#x27;ll handle everything, a","https://www.entirefm.com/partners/property-management","index, follow",TRUE,""
"/partnerships","https://www.entirefm.com/partnerships",200,"https://www.entirefm.com/partnerships",0,"Partnerships &amp; Collaboration","Partnerships &amp; Collaboration | EntireFM Ecosystem | EntireFM","Join the EntireFM partner ecosystem. Partnership opportunities for specialist suppliers, technology providers, and channel partners.","https://www.entirefm.com","index, follow",TRUE,""
"/plumbing-gas","https://www.entirefm.com/plumbing-gas",200,"https://www.entirefm.com/plumbing-gas",0,"Commercial Plumbing &amp; Gas — Gas Safe Registered Engineers for Large-Scale Property Portfolios","Commercial Plumbing &amp; Gas | Professional FM Services UK | EntireFM | EntireFM","From commercial boiler rooms to sanitary distribution, EntireFM manages the full water and gas lifecycle of your property. Our Gas Safe engineers ensure your heating and hot water systems are safe, efficient, and fully compliant.","https://www.entirefm.com/plumbing-gas","index, follow",TRUE,""
"/ppm","https://www.entirefm.com/ppm",200,"https://www.entirefm.com/ppm",0,"Planned Preventative Maintenance (PPM) — SFG20-Aligned Scheduled Maintenance That Eliminates Operational Downtime","Planned Preventative Maintenance (PPM) | Professional FM Services UK | EntireFM | EntireFM","Proactive maintenance is the cornerstone of building resilience. EntireFM delivers meticulously scheduled PPM programmes that align with SFG20 standards, ensuring your critical assets—from HVAC to fire safety—are serviced, calibrated, and inspected before they fail.","https://www.entirefm.com/ppm","index, follow",TRUE,""
"/privacy","https://www.entirefm.com/privacy",200,"https://www.entirefm.com/privacy",0,"Privacy Policy","EntireFM | Facilities Management Company | Nationwide UK","EntireFM delivers expert facilities management services across the UK — hard FM, planned preventative maintenance, industrial cleaning, and 24/7 helpdesk support for commercial and residential clients. Founded 2009.","https://www.entirefm.com","index, follow",TRUE,""
"/request-proposal","https://www.entirefm.com/request-proposal",200,"https://www.entirefm.com/request-proposal",0,"Request Proposal / Tender Pack","Request a Proposal | EntireFM | EntireFM","Get a tailored facilities management proposal for your estate. Hard FM, Soft FM, and Integrated solutions.","https://www.entirefm.com","index, follow",TRUE,""
"/residential-facilities-management","https://www.entirefm.com/residential-facilities-management",200,"https://www.entirefm.com/residential-facilities-management",0,"Residential Facilities Management — Safe, Comfortable, and Well-Maintained Homes for Every Resident","Residential Facilities Management UK | EntireFM | EntireFM","Bespoke residential FM services from EntireFM — Resident satisfaction dictates success. Maintaining communal area upkeep, rigid compliance for HMOs ...","https://www.entirefm.com/residential-facilities-management","index, follow",TRUE,""
"/resources","https://www.entirefm.com/resources",200,"https://www.entirefm.com/resources",0,"The EntireFM Knowledge Hub","Facilities Management Resources &amp; Guides | EntireFM | EntireFM","Expert FM guides, compliance checklists, and industry insight from EntireFM — everything you need to understand PPM, hard FM, soft FM, and building compliance.","https://www.entirefm.com/resources","index, follow",TRUE,""
"/resources/audit-framework","https://www.entirefm.com/resources/audit-framework",200,"https://www.entirefm.com/resources/audit-framework",0,"The EntireFM Statutory Audit Framework","The EntireFM Statutory Audit Framework | EntireFM | EntireFM","Learn how the EntireFM 4-stage Statutory Audit Framework brings absolute compliance control to your commercial property estate.","https://www.entirefm.com/resources/audit-framework","index, follow",TRUE,""
"/resources/compliance-calendar","https://www.entirefm.com/resources/compliance-calendar",200,"https://www.entirefm.com/resources/compliance-calendar",0,"The FM Statutory Compliance Calendar — What to Check and When","FM Compliance Calendar — Statutory Maintenance Guide | EntireFM | EntireFM","The complete guide to statutory FM compliance requirements by frequency — monthly, quarterly, six-monthly, and annual checks for UK commercial buildings.","https://www.entirefm.com/resources/compliance-calendar","index, follow",TRUE,""
"/resources/compliance-calendar-2025","https://www.entirefm.com/resources/compliance-calendar-2025",200,"https://www.entirefm.com/resources/compliance-calendar-2025",0,"Compliance Calendar 2025","Compliance Calendar 2025 | EntireFM Resources | EntireFM","Complete calendar of mandatory inspections and certification requirements.","https://www.entirefm.com/resources/compliance-calendar-2025","index, follow",TRUE,""
"/resources/document-vault","https://www.entirefm.com/resources/document-vault",200,"https://www.entirefm.com/resources/document-vault",0,"FM Document Vault","FM Document Vault — Free Templates &amp; Resources | EntireFM | EntireFM","A gated library of free, downloadable FM document templates — PPM schedules, fire safety logs, tender briefs, and site audit checklists. Professional, EntireFM-branded resources.","https://www.entirefm.com/resources/document-vault","index, follow",TRUE,""
"/resources/eicr-manual","https://www.entirefm.com/resources/eicr-manual",200,"https://www.entirefm.com/resources/eicr-manual",0,"EICR Manual: Fixed Wire Testing for Commercial Estates","EICR Manual: Fixed Wire Testing for Commercial Estates | EntireFM | EntireFM","Understand the requirements, codes, and frequencies of an Electrical Installation Condition Report (EICR) for your commercial property.","https://www.entirefm.com/resources/eicr-manual","index, follow",TRUE,""
"/resources/electrical-eicr-survival-manual","https://www.entirefm.com/resources/electrical-eicr-survival-manual",200,"https://www.entirefm.com/resources/eicr-manual",1,"EICR Manual: Fixed Wire Testing for Commercial Estates","EICR Manual: Fixed Wire Testing for Commercial Estates | EntireFM | EntireFM","Understand the requirements, codes, and frequencies of an Electrical Installation Condition Report (EICR) for your commercial property.","https://www.entirefm.com/resources/eicr-manual","index, follow",TRUE,""
"/resources/emergency-lighting-checklist","https://www.entirefm.com/resources/emergency-lighting-checklist",200,"https://www.entirefm.com/resources/emergency-lighting-checklist",0,"The Emergency Lighting Testing Checklist","The Emergency Lighting Testing Checklist | EntireFM | EntireFM","Step-by-step interactive monthly and annual checks required to maintain BS 5266 emergency lighting compliance.","https://www.entirefm.com/resources/emergency-lighting-checklist","index, follow",TRUE,""
"/resources/emergency-lighting-testing","https://www.entirefm.com/resources/emergency-lighting-testing",200,"https://www.entirefm.com/resources/emergency-lighting-checklist",1,"The Emergency Lighting Testing Checklist","The Emergency Lighting Testing Checklist | EntireFM | EntireFM","Step-by-step interactive monthly and annual checks required to maintain BS 5266 emergency lighting compliance.","https://www.entirefm.com/resources/emergency-lighting-checklist","index, follow",TRUE,""
"/resources/energy-esg","https://www.entirefm.com/resources/energy-esg",404,"https://www.entirefm.com/resources/energy-esg",0,"","EntireFM | Facilities Management Company | Nationwide UK","EntireFM delivers expert facilities management services across the UK — hard FM, planned preventative maintenance, industrial cleaning, and 24/7 helpdesk support for commercial and residential clients. Founded 2009.","https://www.entirefm.com","noindex",TRUE,""
"/resources/engineer-standards","https://www.entirefm.com/resources/engineer-standards",404,"https://www.entirefm.com/resources/engineer-standards",0,"","EntireFM | Facilities Management Company | Nationwide UK","EntireFM delivers expert facilities management services across the UK — hard FM, planned preventative maintenance, industrial cleaning, and 24/7 helpdesk support for commercial and residential clients. Founded 2009.","https://www.entirefm.com","noindex",TRUE,""
"/resources/facilities-management-checklist-2025","https://www.entirefm.com/resources/facilities-management-checklist-2025",200,"https://www.entirefm.com/resources/facilities-management-checklist-2025",0,"The Ultimate FM Checklist [2025]","The Ultimate FM Checklist [2025] | EntireFM Resources | EntireFM","Our comprehensive 2025 FM checklist covers fire safety, HVAC, electrical, and water hygiene.","https://www.entirefm.com/resources/facilities-management-checklist-2025","index, follow",TRUE,""
"/resources/fgas-tracker","https://www.entirefm.com/resources/fgas-tracker",404,"https://www.entirefm.com/resources/fgas-tracker",0,"","EntireFM | Facilities Management Company | Nationwide UK","EntireFM delivers expert facilities management services across the UK — hard FM, planned preventative maintenance, industrial cleaning, and 24/7 helpdesk support for commercial and residential clients. Founded 2009.","https://www.entirefm.com","noindex",TRUE,""
"/resources/fire-alarm-testing-frequency","https://www.entirefm.com/resources/fire-alarm-testing-frequency",404,"https://www.entirefm.com/resources/fire-alarm-testing-frequency",0,"","EntireFM | Facilities Management Company | Nationwide UK","EntireFM delivers expert facilities management services across the UK — hard FM, planned preventative maintenance, industrial cleaning, and 24/7 helpdesk support for commercial and residential clients. Founded 2009.","https://www.entirefm.com","noindex",TRUE,""
"/resources/fire-risk-assessment-guide","https://www.entirefm.com/resources/fire-risk-assessment-guide",200,"https://www.entirefm.com/resources/fire-risk-guide",1,"The Essential Guide to Fire Risk Assessments in Commercial Buildings","The Essential Guide to Fire Risk Assessments | EntireFM | EntireFM","A comprehensive guide to understanding your legal duties under the Regulatory Reform (Fire Safety) Order 2005 for commercial buildings.","https://www.entirefm.com/resources/fire-risk-guide","index, follow",TRUE,""
"/resources/fire-risk-guide","https://www.entirefm.com/resources/fire-risk-guide",200,"https://www.entirefm.com/resources/fire-risk-guide",0,"The Essential Guide to Fire Risk Assessments in Commercial Buildings","The Essential Guide to Fire Risk Assessments | EntireFM | EntireFM","A comprehensive guide to understanding your legal duties under the Regulatory Reform (Fire Safety) Order 2005 for commercial buildings.","https://www.entirefm.com/resources/fire-risk-guide","index, follow",TRUE,""
"/resources/hard-fm-vs-soft-fm-vs-specialist-engineering","https://www.entirefm.com/resources/hard-fm-vs-soft-fm-vs-specialist-engineering",200,"https://www.entirefm.com/resources/hard-fm-vs-soft-fm-vs-specialist-engineering",0,"Hard FM vs Soft FM vs Specialist Engineering","Hard FM vs Soft FM vs Specialist Engineering | EntireFM Resources | EntireFM","Understanding the differences between FM service categories and why estates need a combined model.","https://www.entirefm.com/resources/hard-fm-vs-soft-fm-vs-specialist-engineering","index, follow",TRUE,""
"/resources/legionella-governance-guide","https://www.entirefm.com/resources/legionella-governance-guide",200,"https://www.entirefm.com/resources/legionella-guide",1,"Legionella Control in Commercial Properties: The L8 ACoP Guide","Legionella Control in Commercial Properties | EntireFM | EntireFM","The L8 ACoP Guide. Understanding Legionella bacteria in water systems and the statutory maintenance required to demonstrate control.","https://www.entirefm.com/resources/legionella-guide","index, follow",TRUE,""
"/resources/legionella-guide","https://www.entirefm.com/resources/legionella-guide",200,"https://www.entirefm.com/resources/legionella-guide",0,"Legionella Control in Commercial Properties: The L8 ACoP Guide","Legionella Control in Commercial Properties | EntireFM | EntireFM","The L8 ACoP Guide. Understanding Legionella bacteria in water systems and the statutory maintenance required to demonstrate control.","https://www.entirefm.com/resources/legionella-guide","index, follow",TRUE,""
"/resources/ppm-vs-reactive-maintenance","https://www.entirefm.com/resources/ppm-vs-reactive-maintenance",200,"https://www.entirefm.com/resources/ppm-vs-reactive-maintenance",0,"PPM vs Reactive Maintenance","PPM vs Reactive Maintenance | EntireFM Resources | EntireFM","Data-driven analysis of preventative vs reactive maintenance costs across 100+ UK sites.","https://www.entirefm.com/resources/ppm-vs-reactive-maintenance","index, follow",TRUE,""
"/resources/switch-playbook","https://www.entirefm.com/resources/switch-playbook",404,"https://www.entirefm.com/resources/switch-playbook",0,"","EntireFM | Facilities Management Company | Nationwide UK","EntireFM delivers expert facilities management services across the UK — hard FM, planned preventative maintenance, industrial cleaning, and 24/7 helpdesk support for commercial and residential clients. Founded 2009.","https://www.entirefm.com","noindex",TRUE,""
"/resources/tender-support","https://www.entirefm.com/resources/tender-support",404,"https://www.entirefm.com/resources/tender-support",0,"","EntireFM | Facilities Management Company | Nationwide UK","EntireFM delivers expert facilities management services across the UK — hard FM, planned preventative maintenance, industrial cleaning, and 24/7 helpdesk support for commercial and residential clients. Founded 2009.","https://www.entirefm.com","noindex",TRUE,""
"/resources/top-fm-providers-uk","https://www.entirefm.com/resources/top-fm-providers-uk",200,"https://www.entirefm.com/resources/top-fm-providers-uk",0,"Top FM Providers in the UK","Top FM Providers in the UK | EntireFM Resources | EntireFM","How to choose between corporate giants and specialist independents for your FM partner.","https://www.entirefm.com/resources/top-fm-providers-uk","index, follow",TRUE,""
"/resources/what-is-a-compliance-calendar","https://www.entirefm.com/resources/what-is-a-compliance-calendar",200,"https://www.entirefm.com/resources/what-is-a-compliance-calendar",0,"What Is a Compliance Calendar?","What Is a Compliance Calendar? | EntireFM Resources | EntireFM","Track statutory maintenance deadlines and ensure nothing falls through the cracks.","https://www.entirefm.com/resources/what-is-a-compliance-calendar","index, follow",TRUE,""
"/resources/what-is-a-ppm-planner","https://www.entirefm.com/resources/what-is-a-ppm-planner",200,"https://www.entirefm.com/resources/what-is-a-ppm-planner",0,"What Is a PPM Planner?","What Is a PPM Planner? | EntireFM Resources | EntireFM","How PPM planners underpin maintenance strategy, compliance tracking, and lifecycle cost control.","https://www.entirefm.com/resources/what-is-a-ppm-planner","index, follow",TRUE,""
"/resources/what-is-an-asset-register","https://www.entirefm.com/resources/what-is-an-asset-register",200,"https://www.entirefm.com/resources/what-is-an-asset-register",0,"What Is an Asset Register?","What Is an Asset Register? | EntireFM Resources | EntireFM","The foundation of effective facilities management — cataloguing every maintainable item.","https://www.entirefm.com/resources/what-is-an-asset-register","index, follow",TRUE,""
"/resources/what-is-integrated-facilities-management","https://www.entirefm.com/resources/what-is-integrated-facilities-management",200,"https://www.entirefm.com/resources/what-is-integrated-facilities-management",0,"What Is Integrated Facilities Management (IFM)?","What Is Integrated Facilities Management (IFM)? | EntireFM Resources | EntireFM","Bundled service delivery combining selected FM services under unified management for coordinated operations.","https://www.entirefm.com/resources/what-is-integrated-facilities-management","index, follow",TRUE,""
"/resources/what-is-total-facilities-management","https://www.entirefm.com/resources/what-is-total-facilities-management",200,"https://www.entirefm.com/resources/what-is-total-facilities-management",0,"What Is Total Facilities Management (TFM)?","What Is Total Facilities Management (TFM)? | EntireFM Resources | EntireFM","Complete FM outsourcing under single-point accountability — integrating all services under unified governance.","https://www.entirefm.com/resources/what-is-total-facilities-management","index, follow",TRUE,""
"/retail-facilities-management","https://www.entirefm.com/retail-facilities-management",200,"https://www.entirefm.com/retail-facilities-management",0,"Retail Facilities Management — Consistent Standards Across Every Site, Every Day","Retail Facilities Management UK | EntireFM | EntireFM","Bespoke retail FM services from EntireFM — Retail demands multi-site management with flawless brand consistency. Customer-facing cleanliness, v...","https://www.entirefm.com/retail-facilities-management","index, follow",TRUE,""
"/safety-critical-emergency-systems","https://www.entirefm.com/safety-critical-emergency-systems",200,"https://www.entirefm.com/safety-critical-emergency-systems",0,"Safety Critical &amp; Emergency Systems — Zero-Tolerance Compliance for Life Safety Infrastructure","Safety Critical &amp; Emergency Systems | Professional FM Services UK | EntireFM | EntireFM","When systems fail, lives are at risk. EntireFM manages the critical maintenance of fire alarms, emergency lighting, and evacuation systems, ensuring 100% statutory compliance and operational readiness.","https://www.entirefm.com/safety-critical-emergency-systems","index, follow",TRUE,""
"/search","https://www.entirefm.com/search",200,"https://www.entirefm.com/search",0,"","Search Results | EntireFM | EntireFM","Search services, sectors, and resources across EntireFM.","https://www.entirefm.com","noindex, follow",TRUE,""
"/sectors","https://www.entirefm.com/sectors",200,"https://www.entirefm.com/sectors",0,"Different environments. Same reliability.","Different environments. Same reliability. | EntireFM Sectors | EntireFM","Sector-specific understanding meets consistent delivery standards. We adapt our approach to your environment without compromising on quality.","https://www.entirefm.com","index, follow",TRUE,""
"/sectors/airports","https://www.entirefm.com/sectors/airports",200,"https://www.entirefm.com/sectors/airports",0,"AirportFacilitiesManagement","Airports &amp; Aviation FM | Regional &amp; International | EntireFM | EntireFM","Specialist facilities management for airports, hangars &amp; aviation hubs. HVAC, electrical, fire safety &amp; security compliance for mission-critical infrastructure.","https://www.entirefm.com","index, follow",TRUE,""
"/sectors/aviation","https://www.entirefm.com/sectors/aviation",200,"https://www.entirefm.com/sectors/aviation-travel-hub",1,"Aviation&amp;TravelHubFM","Aviation &amp; Travel Hub FM | Terminal &amp; Airside Services | EntireFM","Specialist facilities management for aviation hubs, travel terminals, and mission-criticial transport infrastructure. CAA-compliant delivery.","https://www.entirefm.com","index, follow",TRUE,""
"/sectors/construction-developments","https://www.entirefm.com/sectors/construction-developments",200,"https://www.entirefm.com/sectors",1,"Different environments. Same reliability.","Different environments. Same reliability. | EntireFM Sectors | EntireFM","Sector-specific understanding meets consistent delivery standards. We adapt our approach to your environment without compromising on quality.","https://www.entirefm.com","index, follow",TRUE,""
"/sectors/education","https://www.entirefm.com/sectors/education",200,"https://www.entirefm.com/sectors/education",0,"Universities&amp;EducationFM","Education &amp; University FM | Campus Compliance &amp; Safety | EntireFM","Safe learning environments — full compliance across complex, multi-building campus estates with digital governance and asset lifecycle management.","https://www.entirefm.com","index, follow",TRUE,""
"/sectors/healthcare-public","https://www.entirefm.com/sectors/healthcare-public",200,"https://www.entirefm.com/sectors/healthcare-public",0,"Healthcare&amp;PublicSectorFacilitiesManagement","Healthcare &amp; Public Sector FM | Zero Tolerance Compliance | EntireFM","Zero tolerance on compliance — risk removed, governance proven. Healthcare and public sector FM with CQC and HSE accountability.","https://www.entirefm.com","index, follow",TRUE,""
"/sectors/hospitality-leisure","https://www.entirefm.com/sectors/hospitality-leisure",200,"https://www.entirefm.com/sectors/hospitality-leisure",0,"WhentheExperienceFails,theGuestDoesn&#x27;tReturn","Hospitality &amp; Leisure FM | Guest Experience Protection | EntireFM","Seamless FM that protects service continuity, brand perception, hygiene standards, and guest satisfaction.","https://www.entirefm.com","index, follow",TRUE,""
"/sectors/hotels-leisure","https://www.entirefm.com/sectors/hotels-leisure",200,"https://www.entirefm.com/sectors/hotels-leisure",0,"FacilitiesManagementforHotels&amp;Leisure","Hotels &amp; Leisure FM | Guest Experience Protection | EntireFM","Seamless FM that protects service continuity, brand perception, hygiene standards, and guest satisfaction.","https://www.entirefm.com","index, follow",TRUE,""
"/sectors/industrial-logistics","https://www.entirefm.com/sectors/industrial-logistics",200,"https://www.entirefm.com/sectors/industrial-logistics",0,"Industrial&amp;LogisticsFM","Industrial &amp; Logistics FM | Operational Continuity | EntireFM","FM for industrial, logistics &amp; manufacturing. Fire, electrical, HVAC &amp; water hygiene — fully compliant, audit-ready.","https://www.entirefm.com","index, follow",TRUE,""
"/sectors/logistics-parks","https://www.entirefm.com/sectors/logistics-parks",200,"https://www.entirefm.com/sectors/logistics-parks",0,"LogisticsParks&amp;DistributionCentres","Logistics Parks FM | Distribution &amp; Warehouse Services | EntireFM","FM for logistics parks and distribution centres. Large-scale compliance across widespread estates.","https://www.entirefm.com","index, follow",TRUE,""
"/sectors/offices","https://www.entirefm.com/sectors/offices",200,"https://www.entirefm.com/sectors/offices",0,"FacilitiesManagementforCorporateWorkplaces","Office Facilities Management | Business Parks &amp; Corporate FM | EntireFM","Commercial office FM services including planned maintenance, reactive repairs, and statutory compliance. Keeping workplaces safe, productive, and audit-ready.","https://www.entirefm.com","index, follow",TRUE,""
"/sectors/offices-corporate","https://www.entirefm.com/sectors/offices-corporate",200,"https://www.entirefm.com/sectors/offices-corporate",0,"Offices&amp;CorporateFM","Corporate Office FM | Facilities Management Services | EntireFM","Compliance-driven FM for corporate offices. Fire, electrical, HVAC, and water hygiene — fully compliant, audit-ready.","https://www.entirefm.com","index, follow",TRUE,""
"/sectors/pbsa","https://www.entirefm.com/sectors/pbsa",404,"https://www.entirefm.com/sectors/pbsa",0,"404","404: This page could not be found.","EntireFM delivers expert facilities management services across the UK — hard FM, planned preventative maintenance, industrial cleaning, and 24/7 helpdesk support for commercial and residential clients. Founded 2009.","https://www.entirefm.com","noindex",TRUE,""
"/sectors/residential","https://www.entirefm.com/sectors/residential",200,"https://www.entirefm.com/sectors/residential-pbsa",1,"ResidentialBlocks&amp;PBSAFM","Residential &amp; PBSA FM | Student Accommodation &amp; Block Management | EntireFM","Combined FM services for residential blocks and student accommodation. High-density compliance management.","https://www.entirefm.com","index, follow",TRUE,""
"/sectors/residential-pbsa","https://www.entirefm.com/sectors/residential-pbsa",200,"https://www.entirefm.com/sectors/residential-pbsa",0,"ResidentialBlocks&amp;PBSAFM","Residential &amp; PBSA FM | Student Accommodation &amp; Block Management | EntireFM","Combined FM services for residential blocks and student accommodation. High-density compliance management.","https://www.entirefm.com","index, follow",TRUE,""
"/sectors/retail-hospitality","https://www.entirefm.com/sectors/retail-hospitality",200,"https://www.entirefm.com/sectors/retail-hospitality",0,"FacilitiesManagementforRetail&amp;Hospitality","Retail &amp; Hospitality FM | Service Stations &amp; Retail Hubs | EntireFM","FM for high-footfall retail and hospitality sectors. Protecting brand standards and operational uptime.","https://www.entirefm.com","index, follow",TRUE,""
"/sectors/retail-service-stations","https://www.entirefm.com/sectors/retail-service-stations",200,"https://www.entirefm.com/sectors/retail-service-stations",0,"Retail&amp;ServiceStationsFM","Retail &amp; Service Station FM | Forecourt &amp; Retail Hubs | EntireFM","Specialist FM for service stations, forecourts, and retail hubs. Fire, electrical, and environment compliance.","https://www.entirefm.com","index, follow",TRUE,""
"/sectors/venues","https://www.entirefm.com/sectors/venues",200,"https://www.entirefm.com/sectors/venues",0,"Venue,Arena&amp;StadiumFacilitiesManagement","Leisure &amp; Event Venue FM | High-Footfall Compliance | EntireFM","FM for stadiums, arenas, and large-scale event venues. Crowd safety and mission-critical system reliability.","https://www.entirefm.com","index, follow",TRUE,""
"/service-station-fm","https://www.entirefm.com/service-station-fm",200,"https://www.entirefm.com/service-station-fm",0,"Service Station Facilities Management — 24/7 Support for the UK&#x27;s Transport Network","Service Station Facilities Management UK | EntireFM | EntireFM","Bespoke service station FM services from EntireFM — Motorway services are ultra-high footfall environments. Maintaining 24/7 toilet hygiene, fuel-safe d...","https://www.entirefm.com/service-station-fm","index, follow",TRUE,""
"/services","https://www.entirefm.com/services",200,"https://www.entirefm.com/services",0,"Integrated facilities management – built around your sites.","Integrated FM Services | Hard, Soft &amp; Compliance | EntireFM","Single-provider FM with the option of standalone services. Hard, soft, compliance, and projects – all coordinated under one accountable partner.","https://www.entirefm.com","index, follow",TRUE,""
"/services/abseil-rail-certification","https://www.entirefm.com/services/abseil-rail-certification",200,"https://www.entirefm.com/services/abseil-rail-certification",0,"Abseil Rail Certification","Abseil Rail Certification | Façade Access System Inspection | EntireFM","Inspection and certification of abseil tracks and anchors used for façade access. Expert rope access system compliance testing.","https://www.entirefm.com","index, follow",TRUE,""
"/services/access-control","https://www.entirefm.com/services/access-control",200,"https://www.entirefm.com/services/access-control",0,"AccessControlSystems","AccessControl | EntireFM | EntireFM","Professional AccessControl services by EntireFM.","https://www.entirefm.com","index, follow",TRUE,""
"/services/access-control-advanced","https://www.entirefm.com/services/access-control-advanced",200,"https://www.entirefm.com/services/access-control-advanced",0,"Advanced Access Control Systems","Advanced Access Control Systems | Card, Biometric &amp; Integrated Solutions | EntireFM","Card, fob, biometric and integrated building access solutions for controlled environments. Expert access control installation and maintenance.","https://www.entirefm.com","index, follow",TRUE,""
"/services/air-filtration-hepa","https://www.entirefm.com/services/air-filtration-hepa",200,"https://www.entirefm.com/services/air-filtration-hepa",0,"Air Filtration &amp; HEPA System Compliance","Air Filtration &amp; HEPA System Compliance | ISO 14644 | Cleanroom Validation | EntireFM | EntireFM","Air filtration and HEPA system compliance for cleanrooms, healthcare, and critical environments. ISO 14644 validation, filter performance testing, and IAQ improvement.","https://www.entirefm.com","index, follow",TRUE,""
"/services/anpr-systems","https://www.entirefm.com/services/anpr-systems",200,"https://www.entirefm.com/services/anpr-systems",0,"ANPRSystemInstallation&amp;Maintenance","ANPRSystems | EntireFM | EntireFM","Professional ANPRSystems services by EntireFM.","https://www.entirefm.com","index, follow",TRUE,""
"/services/bms-integration-testing","https://www.entirefm.com/services/bms-integration-testing",200,"https://www.entirefm.com/services/bms-integration-testing",0,"BMS Integration Testing","BMS Integration Testing | Fire Safety System Testing | Entire FM | EntireFM","Critical BMS integration testing ensuring fire safety compliance. AHU shut-down verification, damper control, fire alarm integration, and BMS logic sequencing tests.","https://www.entirefm.com","index, follow",TRUE,""
"/services/bmu-cradle-servicing","https://www.entirefm.com/services/bmu-cradle-servicing",200,"https://www.entirefm.com/services/bmu-cradle-servicing",0,"BMU Cradle Servicing &amp; Testing","BMU Cradle Servicing &amp; Testing | LOLER &amp; PUWER Compliance | EntireFM","LOLER, PUWER and manufacturer-recommended servicing for façade access systems. Expert BMU testing and statutory compliance.","https://www.entirefm.com","index, follow",TRUE,""
"/services/building-fabric","https://www.entirefm.com/services/building-fabric",200,"https://www.entirefm.com/services/building-fabric",0,"If the Building Looks Broken, Trust is Broken.","Building Fabric Repairs &amp; Maintenance UK | EntireFM | EntireFM","Commercial building fabric maintenance, repairs, and refurbishment. Internal repairs, fire doors, joinery, decoration, and accessibility works across the UK.","https://www.entirefm.com","index, follow",TRUE,""
"/services/building-inspections","https://www.entirefm.com/services/building-inspections",200,"https://www.entirefm.com/services/building-inspections",0,"Building Testing &amp; Inspection","Building Testing &amp; Inspection Services | Compliance Testing | EntireFM | EntireFM","Comprehensive building testing and inspection services. Fire, electrical, water, gas, HVAC, and structural compliance testing for commercial properties.","https://www.entirefm.com","index, follow",TRUE,""
"/services/car-park-co-monitoring","https://www.entirefm.com/services/car-park-co-monitoring",200,"https://www.entirefm.com/services/car-park-co-monitoring",0,"Car Park CO Monitoring","Car Park CO Monitoring | Carbon Monoxide Sensors &amp; Ventilation | Entire FM | EntireFM","Critical car park CO monitoring systems. Sensor calibration, BMS integration, ventilation override functions, and fire event integration for enclosed parking safety.","https://www.entirefm.com","index, follow",TRUE,""
"/services/car-park-fume-extraction","https://www.entirefm.com/services/car-park-fume-extraction",200,"https://www.entirefm.com/services/car-park-fume-extraction",0,"Car Park &amp; Loading Bay Fume Extraction","Car Park &amp; Loading Bay Fume Extraction | CO Monitoring Compliance | EntireFM","CO/NOx ventilation systems for enclosed car parks and loading bays. Expert fume extraction and workplace safety compliance.","https://www.entirefm.com","index, follow",TRUE,""
"/services/cctv-maintenance","https://www.entirefm.com/services/cctv-maintenance",200,"https://www.entirefm.com/services/cctv-maintenance",0,"CCTVSystemMaintenance&amp;Compliance","CCTVMaintenance | EntireFM | EntireFM","Professional CCTVMaintenance services by EntireFM.","https://www.entirefm.com","index, follow",TRUE,""
"/services/commercial-plumbing","https://www.entirefm.com/services/commercial-plumbing",200,"https://www.entirefm.com/services/commercial-plumbing",0,"Commercial Plumbing Services","Commercial Plumbing Services | Pipework &amp; Water Systems | EntireFM | EntireFM","Commercial plumbing services for offices, industrial, and commercial buildings. Pipework, pumps, hot water systems, drainage, and water hygiene compliance.","https://www.entirefm.com","index, follow",TRUE,""
"/services/compressor-maintenance","https://www.entirefm.com/services/compressor-maintenance",200,"https://www.entirefm.com/services/compressor-maintenance",0,"Compressor Maintenance","Compressor Maintenance | Industrial Air Compressor Servicing | EntireFM","Servicing and compliance for air compressor systems used across industrial environments. Expert compressor maintenance and PSSR compliance.","https://www.entirefm.com","index, follow",TRUE,""
"/services/critical-infrastructure","https://www.entirefm.com/services/critical-infrastructure",200,"https://www.entirefm.com/services/critical-infrastructure",0,"Critical Infrastructure Services","Critical Infrastructure Services | EntireFM | EntireFM","Mission-critical engineering compliance for data centres, manufacturing, high-rise assets, and corporate estates. Lightning protection, UPS maintenance, generator servicing, power quality, and thermal imaging.","https://www.entirefm.com","index, follow",TRUE,""
"/services/critical/arc-flash-assessment","https://www.entirefm.com/services/critical/arc-flash-assessment",200,"https://www.entirefm.com/services/critical/arc-flash-assessment",0,"Arc Flash Risk Assessment (High Voltage &amp; LV Systems)","Arc Flash Risk Assessment (High Voltage &amp; LV Systems) | EntireFM","Arc flash risk assessment for high-voltage and low-voltage systems. System modelling, PPE recommendations, safety labelling, and insurance risk reduction through engineered controls.","https://www.entirefm.com","index, follow",TRUE,""
"/services/critical/arc-flash-assessment/Birmingham","https://www.entirefm.com/services/critical/arc-flash-assessment/Birmingham",404,"https://www.entirefm.com/services/critical/arc-flash-assessment/Birmingham",0,"404","404: This page could not be found.","EntireFM delivers expert facilities management services across the UK — hard FM, planned preventative maintenance, industrial cleaning, and 24/7 helpdesk support for commercial and residential clients. Founded 2009.","https://www.entirefm.com","noindex",TRUE,""
"/services/critical/arc-flash-assessment/Chesterfield","https://www.entirefm.com/services/critical/arc-flash-assessment/Chesterfield",404,"https://www.entirefm.com/services/critical/arc-flash-assessment/Chesterfield",0,"404","404: This page could not be found.","EntireFM delivers expert facilities management services across the UK — hard FM, planned preventative maintenance, industrial cleaning, and 24/7 helpdesk support for commercial and residential clients. Founded 2009.","https://www.entirefm.com","noindex",TRUE,""
"/services/critical/arc-flash-assessment/Derby","https://www.entirefm.com/services/critical/arc-flash-assessment/Derby",404,"https://www.entirefm.com/services/critical/arc-flash-assessment/Derby",0,"404","404: This page could not be found.","EntireFM delivers expert facilities management services across the UK — hard FM, planned preventative maintenance, industrial cleaning, and 24/7 helpdesk support for commercial and residential clients. Founded 2009.","https://www.entirefm.com","noindex",TRUE,""
"/services/critical/arc-flash-assessment/Leeds","https://www.entirefm.com/services/critical/arc-flash-assessment/Leeds",404,"https://www.entirefm.com/services/critical/arc-flash-assessment/Leeds",0,"404","404: This page could not be found.","EntireFM delivers expert facilities management services across the UK — hard FM, planned preventative maintenance, industrial cleaning, and 24/7 helpdesk support for commercial and residential clients. Founded 2009.","https://www.entirefm.com","noindex",TRUE,""
"/services/critical/arc-flash-assessment/Lincoln","https://www.entirefm.com/services/critical/arc-flash-assessment/Lincoln",404,"https://www.entirefm.com/services/critical/arc-flash-assessment/Lincoln",0,"404","404: This page could not be found.","EntireFM delivers expert facilities management services across the UK — hard FM, planned preventative maintenance, industrial cleaning, and 24/7 helpdesk support for commercial and residential clients. Founded 2009.","https://www.entirefm.com","noindex",TRUE,""
"/services/critical/arc-flash-assessment/London","https://www.entirefm.com/services/critical/arc-flash-assessment/London",404,"https://www.entirefm.com/services/critical/arc-flash-assessment/London",0,"404","404: This page could not be found.","EntireFM delivers expert facilities management services across the UK — hard FM, planned preventative maintenance, industrial cleaning, and 24/7 helpdesk support for commercial and residential clients. Founded 2009.","https://www.entirefm.com","noindex",TRUE,""
"/services/critical/arc-flash-assessment/Manchester","https://www.entirefm.com/services/critical/arc-flash-assessment/Manchester",404,"https://www.entirefm.com/services/critical/arc-flash-assessment/Manchester",0,"404","404: This page could not be found.","EntireFM delivers expert facilities management services across the UK — hard FM, planned preventative maintenance, industrial cleaning, and 24/7 helpdesk support for commercial and residential clients. Founded 2009.","https://www.entirefm.com","noindex",TRUE,""
"/services/critical/arc-flash-assessment/Nottingham","https://www.entirefm.com/services/critical/arc-flash-assessment/Nottingham",404,"https://www.entirefm.com/services/critical/arc-flash-assessment/Nottingham",0,"404","404: This page could not be found.","EntireFM delivers expert facilities management services across the UK — hard FM, planned preventative maintenance, industrial cleaning, and 24/7 helpdesk support for commercial and residential clients. Founded 2009.","https://www.entirefm.com","noindex",TRUE,""
"/services/critical/arc-flash-assessment/Sheffield","https://www.entirefm.com/services/critical/arc-flash-assessment/Sheffield",404,"https://www.entirefm.com/services/critical/arc-flash-assessment/Sheffield",0,"404","404: This page could not be found.","EntireFM delivers expert facilities management services across the UK — hard FM, planned preventative maintenance, industrial cleaning, and 24/7 helpdesk support for commercial and residential clients. Founded 2009.","https://www.entirefm.com","noindex",TRUE,""
"/services/critical/data-room-audits","https://www.entirefm.com/services/critical/data-room-audits",200,"https://www.entirefm.com/services/critical/data-room-audits",0,"Data Room Compliance Audits &amp; Power Resilience","Data Room Compliance Audits &amp; Power Resilience | EntireFM","Comprehensive data room and server room infrastructure audits covering power resilience, cooling adequacy, fire suppression, and environmental monitoring compliance.","https://www.entirefm.com","index, follow",TRUE,""
"/services/critical/data-room-audits/Birmingham","https://www.entirefm.com/services/critical/data-room-audits/Birmingham",404,"https://www.entirefm.com/services/critical/data-room-audits/Birmingham",0,"404","404: This page could not be found.","EntireFM delivers expert facilities management services across the UK — hard FM, planned preventative maintenance, industrial cleaning, and 24/7 helpdesk support for commercial and residential clients. Founded 2009.","https://www.entirefm.com","noindex",TRUE,""
"/services/critical/data-room-audits/Chesterfield","https://www.entirefm.com/services/critical/data-room-audits/Chesterfield",404,"https://www.entirefm.com/services/critical/data-room-audits/Chesterfield",0,"404","404: This page could not be found.","EntireFM delivers expert facilities management services across the UK — hard FM, planned preventative maintenance, industrial cleaning, and 24/7 helpdesk support for commercial and residential clients. Founded 2009.","https://www.entirefm.com","noindex",TRUE,""
"/services/critical/data-room-audits/Derby","https://www.entirefm.com/services/critical/data-room-audits/Derby",404,"https://www.entirefm.com/services/critical/data-room-audits/Derby",0,"404","404: This page could not be found.","EntireFM delivers expert facilities management services across the UK — hard FM, planned preventative maintenance, industrial cleaning, and 24/7 helpdesk support for commercial and residential clients. Founded 2009.","https://www.entirefm.com","noindex",TRUE,""
"/services/critical/data-room-audits/Leeds","https://www.entirefm.com/services/critical/data-room-audits/Leeds",404,"https://www.entirefm.com/services/critical/data-room-audits/Leeds",0,"404","404: This page could not be found.","EntireFM delivers expert facilities management services across the UK — hard FM, planned preventative maintenance, industrial cleaning, and 24/7 helpdesk support for commercial and residential clients. Founded 2009.","https://www.entirefm.com","noindex",TRUE,""
"/services/critical/data-room-audits/Lincoln","https://www.entirefm.com/services/critical/data-room-audits/Lincoln",404,"https://www.entirefm.com/services/critical/data-room-audits/Lincoln",0,"404","404: This page could not be found.","EntireFM delivers expert facilities management services across the UK — hard FM, planned preventative maintenance, industrial cleaning, and 24/7 helpdesk support for commercial and residential clients. Founded 2009.","https://www.entirefm.com","noindex",TRUE,""
"/services/critical/data-room-audits/London","https://www.entirefm.com/services/critical/data-room-audits/London",404,"https://www.entirefm.com/services/critical/data-room-audits/London",0,"404","404: This page could not be found.","EntireFM delivers expert facilities management services across the UK — hard FM, planned preventative maintenance, industrial cleaning, and 24/7 helpdesk support for commercial and residential clients. Founded 2009.","https://www.entirefm.com","noindex",TRUE,""
"/services/critical/data-room-audits/Manchester","https://www.entirefm.com/services/critical/data-room-audits/Manchester",404,"https://www.entirefm.com/services/critical/data-room-audits/Manchester",0,"404","404: This page could not be found.","EntireFM delivers expert facilities management services across the UK — hard FM, planned preventative maintenance, industrial cleaning, and 24/7 helpdesk support for commercial and residential clients. Founded 2009.","https://www.entirefm.com","noindex",TRUE,""
"/services/critical/data-room-audits/Nottingham","https://www.entirefm.com/services/critical/data-room-audits/Nottingham",404,"https://www.entirefm.com/services/critical/data-room-audits/Nottingham",0,"404","404: This page could not be found.","EntireFM delivers expert facilities management services across the UK — hard FM, planned preventative maintenance, industrial cleaning, and 24/7 helpdesk support for commercial and residential clients. Founded 2009.","https://www.entirefm.com","noindex",TRUE,""
"/services/critical/data-room-audits/Sheffield","https://www.entirefm.com/services/critical/data-room-audits/Sheffield",404,"https://www.entirefm.com/services/critical/data-room-audits/Sheffield",0,"404","404: This page could not be found.","EntireFM delivers expert facilities management services across the UK — hard FM, planned preventative maintenance, industrial cleaning, and 24/7 helpdesk support for commercial and residential clients. Founded 2009.","https://www.entirefm.com","noindex",TRUE,""
"/services/critical/generator-maintenance","https://www.entirefm.com/services/critical/generator-maintenance",200,"https://www.entirefm.com/services/critical/generator-maintenance",0,"Generator Servicing, ATS Testing &amp; Backup Power","Generator Servicing, ATS Testing &amp; Backup Power | EntireFM","Generator maintenance including planned servicing, fuel polishing, load testing, and emergency callout. ATS testing and fire compliance for generator rooms ensuring reliable backup power.","https://www.entirefm.com","index, follow",TRUE,""
"/services/critical/generator-maintenance/Birmingham","https://www.entirefm.com/services/critical/generator-maintenance/Birmingham",404,"https://www.entirefm.com/services/critical/generator-maintenance/Birmingham",0,"404","404: This page could not be found.","EntireFM delivers expert facilities management services across the UK — hard FM, planned preventative maintenance, industrial cleaning, and 24/7 helpdesk support for commercial and residential clients. Founded 2009.","https://www.entirefm.com","noindex",TRUE,""
"/services/critical/generator-maintenance/Chesterfield","https://www.entirefm.com/services/critical/generator-maintenance/Chesterfield",404,"https://www.entirefm.com/services/critical/generator-maintenance/Chesterfield",0,"404","404: This page could not be found.","EntireFM delivers expert facilities management services across the UK — hard FM, planned preventative maintenance, industrial cleaning, and 24/7 helpdesk support for commercial and residential clients. Founded 2009.","https://www.entirefm.com","noindex",TRUE,""
"/services/critical/generator-maintenance/Derby","https://www.entirefm.com/services/critical/generator-maintenance/Derby",404,"https://www.entirefm.com/services/critical/generator-maintenance/Derby",0,"404","404: This page could not be found.","EntireFM delivers expert facilities management services across the UK — hard FM, planned preventative maintenance, industrial cleaning, and 24/7 helpdesk support for commercial and residential clients. Founded 2009.","https://www.entirefm.com","noindex",TRUE,""
"/services/critical/generator-maintenance/Leeds","https://www.entirefm.com/services/critical/generator-maintenance/Leeds",404,"https://www.entirefm.com/services/critical/generator-maintenance/Leeds",0,"404","404: This page could not be found.","EntireFM delivers expert facilities management services across the UK — hard FM, planned preventative maintenance, industrial cleaning, and 24/7 helpdesk support for commercial and residential clients. Founded 2009.","https://www.entirefm.com","noindex",TRUE,""
"/services/critical/generator-maintenance/Lincoln","https://www.entirefm.com/services/critical/generator-maintenance/Lincoln",404,"https://www.entirefm.com/services/critical/generator-maintenance/Lincoln",0,"404","404: This page could not be found.","EntireFM delivers expert facilities management services across the UK — hard FM, planned preventative maintenance, industrial cleaning, and 24/7 helpdesk support for commercial and residential clients. Founded 2009.","https://www.entirefm.com","noindex",TRUE,""
"/services/critical/generator-maintenance/London","https://www.entirefm.com/services/critical/generator-maintenance/London",404,"https://www.entirefm.com/services/critical/generator-maintenance/London",0,"404","404: This page could not be found.","EntireFM delivers expert facilities management services across the UK — hard FM, planned preventative maintenance, industrial cleaning, and 24/7 helpdesk support for commercial and residential clients. Founded 2009.","https://www.entirefm.com","noindex",TRUE,""
"/services/critical/generator-maintenance/Manchester","https://www.entirefm.com/services/critical/generator-maintenance/Manchester",404,"https://www.entirefm.com/services/critical/generator-maintenance/Manchester",0,"404","404: This page could not be found.","EntireFM delivers expert facilities management services across the UK — hard FM, planned preventative maintenance, industrial cleaning, and 24/7 helpdesk support for commercial and residential clients. Founded 2009.","https://www.entirefm.com","noindex",TRUE,""
"/services/critical/generator-maintenance/Nottingham","https://www.entirefm.com/services/critical/generator-maintenance/Nottingham",404,"https://www.entirefm.com/services/critical/generator-maintenance/Nottingham",0,"404","404: This page could not be found.","EntireFM delivers expert facilities management services across the UK — hard FM, planned preventative maintenance, industrial cleaning, and 24/7 helpdesk support for commercial and residential clients. Founded 2009.","https://www.entirefm.com","noindex",TRUE,""
"/services/critical/generator-maintenance/Sheffield","https://www.entirefm.com/services/critical/generator-maintenance/Sheffield",404,"https://www.entirefm.com/services/critical/generator-maintenance/Sheffield",0,"404","404: This page could not be found.","EntireFM delivers expert facilities management services across the UK — hard FM, planned preventative maintenance, industrial cleaning, and 24/7 helpdesk support for commercial and residential clients. Founded 2009.","https://www.entirefm.com","noindex",TRUE,""
"/services/critical/hv-switching","https://www.entirefm.com/services/critical/hv-switching",200,"https://www.entirefm.com/services/critical/hv-switching",0,"HV Switching &amp; Authorised Personnel Services","HV Switching &amp; Authorised Personnel Services | EntireFM","High-voltage switching operations by qualified Authorised Persons. Planned maintenance, emergency response, load transfers, and isolation procedures for critical infrastructure.","https://www.entirefm.com","index, follow",TRUE,""
"/services/critical/hv-switching/Birmingham","https://www.entirefm.com/services/critical/hv-switching/Birmingham",404,"https://www.entirefm.com/services/critical/hv-switching/Birmingham",0,"404","404: This page could not be found.","EntireFM delivers expert facilities management services across the UK — hard FM, planned preventative maintenance, industrial cleaning, and 24/7 helpdesk support for commercial and residential clients. Founded 2009.","https://www.entirefm.com","noindex",TRUE,""
"/services/critical/hv-switching/Chesterfield","https://www.entirefm.com/services/critical/hv-switching/Chesterfield",404,"https://www.entirefm.com/services/critical/hv-switching/Chesterfield",0,"404","404: This page could not be found.","EntireFM delivers expert facilities management services across the UK — hard FM, planned preventative maintenance, industrial cleaning, and 24/7 helpdesk support for commercial and residential clients. Founded 2009.","https://www.entirefm.com","noindex",TRUE,""
"/services/critical/hv-switching/Derby","https://www.entirefm.com/services/critical/hv-switching/Derby",404,"https://www.entirefm.com/services/critical/hv-switching/Derby",0,"404","404: This page could not be found.","EntireFM delivers expert facilities management services across the UK — hard FM, planned preventative maintenance, industrial cleaning, and 24/7 helpdesk support for commercial and residential clients. Founded 2009.","https://www.entirefm.com","noindex",TRUE,""
"/services/critical/hv-switching/Leeds","https://www.entirefm.com/services/critical/hv-switching/Leeds",404,"https://www.entirefm.com/services/critical/hv-switching/Leeds",0,"404","404: This page could not be found.","EntireFM delivers expert facilities management services across the UK — hard FM, planned preventative maintenance, industrial cleaning, and 24/7 helpdesk support for commercial and residential clients. Founded 2009.","https://www.entirefm.com","noindex",TRUE,""
"/services/critical/hv-switching/Lincoln","https://www.entirefm.com/services/critical/hv-switching/Lincoln",404,"https://www.entirefm.com/services/critical/hv-switching/Lincoln",0,"404","404: This page could not be found.","EntireFM delivers expert facilities management services across the UK — hard FM, planned preventative maintenance, industrial cleaning, and 24/7 helpdesk support for commercial and residential clients. Founded 2009.","https://www.entirefm.com","noindex",TRUE,""
"/services/critical/hv-switching/London","https://www.entirefm.com/services/critical/hv-switching/London",404,"https://www.entirefm.com/services/critical/hv-switching/London",0,"404","404: This page could not be found.","EntireFM delivers expert facilities management services across the UK — hard FM, planned preventative maintenance, industrial cleaning, and 24/7 helpdesk support for commercial and residential clients. Founded 2009.","https://www.entirefm.com","noindex",TRUE,""
"/services/critical/hv-switching/Manchester","https://www.entirefm.com/services/critical/hv-switching/Manchester",404,"https://www.entirefm.com/services/critical/hv-switching/Manchester",0,"404","404: This page could not be found.","EntireFM delivers expert facilities management services across the UK — hard FM, planned preventative maintenance, industrial cleaning, and 24/7 helpdesk support for commercial and residential clients. Founded 2009.","https://www.entirefm.com","noindex",TRUE,""
"/services/critical/hv-switching/Nottingham","https://www.entirefm.com/services/critical/hv-switching/Nottingham",404,"https://www.entirefm.com/services/critical/hv-switching/Nottingham",0,"404","404: This page could not be found.","EntireFM delivers expert facilities management services across the UK — hard FM, planned preventative maintenance, industrial cleaning, and 24/7 helpdesk support for commercial and residential clients. Founded 2009.","https://www.entirefm.com","noindex",TRUE,""
"/services/critical/hv-switching/Sheffield","https://www.entirefm.com/services/critical/hv-switching/Sheffield",404,"https://www.entirefm.com/services/critical/hv-switching/Sheffield",0,"404","404: This page could not be found.","EntireFM delivers expert facilities management services across the UK — hard FM, planned preventative maintenance, industrial cleaning, and 24/7 helpdesk support for commercial and residential clients. Founded 2009.","https://www.entirefm.com","noindex",TRUE,""
"/services/critical/lightning-protection","https://www.entirefm.com/services/critical/lightning-protection",200,"https://www.entirefm.com/services/critical/lightning-protection",0,"Lightning Protection Testing &amp; Earthing Compliance","Lightning Protection Testing &amp; Earthing Compliance | EntireFM | EntireFM","Lightning protection testing for critical infrastructure. Annual testing, earth resistance measurement, continuity testing and BS EN 62305 compliance for commercial buildings.","https://www.entirefm.com","index, follow",TRUE,""
"/services/critical/lightning-protection/Birmingham","https://www.entirefm.com/services/critical/lightning-protection/Birmingham",404,"https://www.entirefm.com/services/critical/lightning-protection/Birmingham",0,"404","404: This page could not be found.","EntireFM delivers expert facilities management services across the UK — hard FM, planned preventative maintenance, industrial cleaning, and 24/7 helpdesk support for commercial and residential clients. Founded 2009.","https://www.entirefm.com","noindex",TRUE,""
"/services/critical/lightning-protection/Chesterfield","https://www.entirefm.com/services/critical/lightning-protection/Chesterfield",404,"https://www.entirefm.com/services/critical/lightning-protection/Chesterfield",0,"404","404: This page could not be found.","EntireFM delivers expert facilities management services across the UK — hard FM, planned preventative maintenance, industrial cleaning, and 24/7 helpdesk support for commercial and residential clients. Founded 2009.","https://www.entirefm.com","noindex",TRUE,""
"/services/critical/lightning-protection/Derby","https://www.entirefm.com/services/critical/lightning-protection/Derby",404,"https://www.entirefm.com/services/critical/lightning-protection/Derby",0,"404","404: This page could not be found.","EntireFM delivers expert facilities management services across the UK — hard FM, planned preventative maintenance, industrial cleaning, and 24/7 helpdesk support for commercial and residential clients. Founded 2009.","https://www.entirefm.com","noindex",TRUE,""
"/services/critical/lightning-protection/Leeds","https://www.entirefm.com/services/critical/lightning-protection/Leeds",404,"https://www.entirefm.com/services/critical/lightning-protection/Leeds",0,"404","404: This page could not be found.","EntireFM delivers expert facilities management services across the UK — hard FM, planned preventative maintenance, industrial cleaning, and 24/7 helpdesk support for commercial and residential clients. Founded 2009.","https://www.entirefm.com","noindex",TRUE,""
"/services/critical/lightning-protection/Lincoln","https://www.entirefm.com/services/critical/lightning-protection/Lincoln",404,"https://www.entirefm.com/services/critical/lightning-protection/Lincoln",0,"404","404: This page could not be found.","EntireFM delivers expert facilities management services across the UK — hard FM, planned preventative maintenance, industrial cleaning, and 24/7 helpdesk support for commercial and residential clients. Founded 2009.","https://www.entirefm.com","noindex",TRUE,""
"/services/critical/lightning-protection/London","https://www.entirefm.com/services/critical/lightning-protection/London",404,"https://www.entirefm.com/services/critical/lightning-protection/London",0,"404","404: This page could not be found.","EntireFM delivers expert facilities management services across the UK — hard FM, planned preventative maintenance, industrial cleaning, and 24/7 helpdesk support for commercial and residential clients. Founded 2009.","https://www.entirefm.com","noindex",TRUE,""
"/services/critical/lightning-protection/Manchester","https://www.entirefm.com/services/critical/lightning-protection/Manchester",404,"https://www.entirefm.com/services/critical/lightning-protection/Manchester",0,"404","404: This page could not be found.","EntireFM delivers expert facilities management services across the UK — hard FM, planned preventative maintenance, industrial cleaning, and 24/7 helpdesk support for commercial and residential clients. Founded 2009.","https://www.entirefm.com","noindex",TRUE,""
"/services/critical/lightning-protection/Nottingham","https://www.entirefm.com/services/critical/lightning-protection/Nottingham",404,"https://www.entirefm.com/services/critical/lightning-protection/Nottingham",0,"404","404: This page could not be found.","EntireFM delivers expert facilities management services across the UK — hard FM, planned preventative maintenance, industrial cleaning, and 24/7 helpdesk support for commercial and residential clients. Founded 2009.","https://www.entirefm.com","noindex",TRUE,""
"/services/critical/lightning-protection/Sheffield","https://www.entirefm.com/services/critical/lightning-protection/Sheffield",404,"https://www.entirefm.com/services/critical/lightning-protection/Sheffield",0,"404","404: This page could not be found.","EntireFM delivers expert facilities management services across the UK — hard FM, planned preventative maintenance, industrial cleaning, and 24/7 helpdesk support for commercial and residential clients. Founded 2009.","https://www.entirefm.com","noindex",TRUE,""
"/services/critical/power-quality","https://www.entirefm.com/services/critical/power-quality",200,"https://www.entirefm.com/services/critical/power-quality",0,"Power Quality Analysis (PF, THD &amp; Voltage Stability)","Power Quality Analysis (PF, THD &amp; Voltage Stability) | EntireFM","Power quality surveys identifying harmonic distortion, voltage sags, transients, and power factor issues. Corrective engineering to protect critical IT and electrical infrastructure.","https://www.entirefm.com","index, follow",TRUE,""
"/services/critical/power-quality/Birmingham","https://www.entirefm.com/services/critical/power-quality/Birmingham",404,"https://www.entirefm.com/services/critical/power-quality/Birmingham",0,"404","404: This page could not be found.","EntireFM delivers expert facilities management services across the UK — hard FM, planned preventative maintenance, industrial cleaning, and 24/7 helpdesk support for commercial and residential clients. Founded 2009.","https://www.entirefm.com","noindex",TRUE,""
"/services/critical/power-quality/Chesterfield","https://www.entirefm.com/services/critical/power-quality/Chesterfield",404,"https://www.entirefm.com/services/critical/power-quality/Chesterfield",0,"404","404: This page could not be found.","EntireFM delivers expert facilities management services across the UK — hard FM, planned preventative maintenance, industrial cleaning, and 24/7 helpdesk support for commercial and residential clients. Founded 2009.","https://www.entirefm.com","noindex",TRUE,""
"/services/critical/power-quality/Derby","https://www.entirefm.com/services/critical/power-quality/Derby",404,"https://www.entirefm.com/services/critical/power-quality/Derby",0,"404","404: This page could not be found.","EntireFM delivers expert facilities management services across the UK — hard FM, planned preventative maintenance, industrial cleaning, and 24/7 helpdesk support for commercial and residential clients. Founded 2009.","https://www.entirefm.com","noindex",TRUE,""
"/services/critical/power-quality/Leeds","https://www.entirefm.com/services/critical/power-quality/Leeds",404,"https://www.entirefm.com/services/critical/power-quality/Leeds",0,"404","404: This page could not be found.","EntireFM delivers expert facilities management services across the UK — hard FM, planned preventative maintenance, industrial cleaning, and 24/7 helpdesk support for commercial and residential clients. Founded 2009.","https://www.entirefm.com","noindex",TRUE,""
"/services/critical/power-quality/Lincoln","https://www.entirefm.com/services/critical/power-quality/Lincoln",404,"https://www.entirefm.com/services/critical/power-quality/Lincoln",0,"404","404: This page could not be found.","EntireFM delivers expert facilities management services across the UK — hard FM, planned preventative maintenance, industrial cleaning, and 24/7 helpdesk support for commercial and residential clients. Founded 2009.","https://www.entirefm.com","noindex",TRUE,""
"/services/critical/power-quality/London","https://www.entirefm.com/services/critical/power-quality/London",404,"https://www.entirefm.com/services/critical/power-quality/London",0,"404","404: This page could not be found.","EntireFM delivers expert facilities management services across the UK — hard FM, planned preventative maintenance, industrial cleaning, and 24/7 helpdesk support for commercial and residential clients. Founded 2009.","https://www.entirefm.com","noindex",TRUE,""
"/services/critical/power-quality/Manchester","https://www.entirefm.com/services/critical/power-quality/Manchester",404,"https://www.entirefm.com/services/critical/power-quality/Manchester",0,"404","404: This page could not be found.","EntireFM delivers expert facilities management services across the UK — hard FM, planned preventative maintenance, industrial cleaning, and 24/7 helpdesk support for commercial and residential clients. Founded 2009.","https://www.entirefm.com","noindex",TRUE,""
"/services/critical/power-quality/Nottingham","https://www.entirefm.com/services/critical/power-quality/Nottingham",404,"https://www.entirefm.com/services/critical/power-quality/Nottingham",0,"404","404: This page could not be found.","EntireFM delivers expert facilities management services across the UK — hard FM, planned preventative maintenance, industrial cleaning, and 24/7 helpdesk support for commercial and residential clients. Founded 2009.","https://www.entirefm.com","noindex",TRUE,""
"/services/critical/power-quality/Sheffield","https://www.entirefm.com/services/critical/power-quality/Sheffield",404,"https://www.entirefm.com/services/critical/power-quality/Sheffield",0,"404","404: This page could not be found.","EntireFM delivers expert facilities management services across the UK — hard FM, planned preventative maintenance, industrial cleaning, and 24/7 helpdesk support for commercial and residential clients. Founded 2009.","https://www.entirefm.com","noindex",TRUE,""
"/services/critical/power-redundancy","https://www.entirefm.com/services/critical/power-redundancy",200,"https://www.entirefm.com/services/critical/power-redundancy",0,"Power Redundancy Testing (Load Banks &amp; N+1)","Power Redundancy Testing (Load Banks &amp; N+1) | EntireFM","N+1 and N+2 power redundancy design, load bank testing, Black Building Tests, and backup power validation for mission-critical infrastructure.","https://www.entirefm.com","index, follow",TRUE,""
"/services/critical/power-redundancy/Birmingham","https://www.entirefm.com/services/critical/power-redundancy/Birmingham",404,"https://www.entirefm.com/services/critical/power-redundancy/Birmingham",0,"404","404: This page could not be found.","EntireFM delivers expert facilities management services across the UK — hard FM, planned preventative maintenance, industrial cleaning, and 24/7 helpdesk support for commercial and residential clients. Founded 2009.","https://www.entirefm.com","noindex",TRUE,""
"/services/critical/power-redundancy/Chesterfield","https://www.entirefm.com/services/critical/power-redundancy/Chesterfield",404,"https://www.entirefm.com/services/critical/power-redundancy/Chesterfield",0,"404","404: This page could not be found.","EntireFM delivers expert facilities management services across the UK — hard FM, planned preventative maintenance, industrial cleaning, and 24/7 helpdesk support for commercial and residential clients. Founded 2009.","https://www.entirefm.com","noindex",TRUE,""
"/services/critical/power-redundancy/Derby","https://www.entirefm.com/services/critical/power-redundancy/Derby",404,"https://www.entirefm.com/services/critical/power-redundancy/Derby",0,"404","404: This page could not be found.","EntireFM delivers expert facilities management services across the UK — hard FM, planned preventative maintenance, industrial cleaning, and 24/7 helpdesk support for commercial and residential clients. Founded 2009.","https://www.entirefm.com","noindex",TRUE,""
"/services/critical/power-redundancy/Leeds","https://www.entirefm.com/services/critical/power-redundancy/Leeds",404,"https://www.entirefm.com/services/critical/power-redundancy/Leeds",0,"404","404: This page could not be found.","EntireFM delivers expert facilities management services across the UK — hard FM, planned preventative maintenance, industrial cleaning, and 24/7 helpdesk support for commercial and residential clients. Founded 2009.","https://www.entirefm.com","noindex",TRUE,""
"/services/critical/power-redundancy/Lincoln","https://www.entirefm.com/services/critical/power-redundancy/Lincoln",404,"https://www.entirefm.com/services/critical/power-redundancy/Lincoln",0,"404","404: This page could not be found.","EntireFM delivers expert facilities management services across the UK — hard FM, planned preventative maintenance, industrial cleaning, and 24/7 helpdesk support for commercial and residential clients. Founded 2009.","https://www.entirefm.com","noindex",TRUE,""
"/services/critical/power-redundancy/London","https://www.entirefm.com/services/critical/power-redundancy/London",404,"https://www.entirefm.com/services/critical/power-redundancy/London",0,"404","404: This page could not be found.","EntireFM delivers expert facilities management services across the UK — hard FM, planned preventative maintenance, industrial cleaning, and 24/7 helpdesk support for commercial and residential clients. Founded 2009.","https://www.entirefm.com","noindex",TRUE,""
"/services/critical/power-redundancy/Manchester","https://www.entirefm.com/services/critical/power-redundancy/Manchester",404,"https://www.entirefm.com/services/critical/power-redundancy/Manchester",0,"404","404: This page could not be found.","EntireFM delivers expert facilities management services across the UK — hard FM, planned preventative maintenance, industrial cleaning, and 24/7 helpdesk support for commercial and residential clients. Founded 2009.","https://www.entirefm.com","noindex",TRUE,""
"/services/critical/power-redundancy/Nottingham","https://www.entirefm.com/services/critical/power-redundancy/Nottingham",404,"https://www.entirefm.com/services/critical/power-redundancy/Nottingham",0,"404","404: This page could not be found.","EntireFM delivers expert facilities management services across the UK — hard FM, planned preventative maintenance, industrial cleaning, and 24/7 helpdesk support for commercial and residential clients. Founded 2009.","https://www.entirefm.com","noindex",TRUE,""
"/services/critical/power-redundancy/Sheffield","https://www.entirefm.com/services/critical/power-redundancy/Sheffield",404,"https://www.entirefm.com/services/critical/power-redundancy/Sheffield",0,"404","404: This page could not be found.","EntireFM delivers expert facilities management services across the UK — hard FM, planned preventative maintenance, industrial cleaning, and 24/7 helpdesk support for commercial and residential clients. Founded 2009.","https://www.entirefm.com","noindex",TRUE,""
"/services/critical/thermal-imaging","https://www.entirefm.com/services/critical/thermal-imaging",200,"https://www.entirefm.com/services/critical/thermal-imaging",0,"Thermal Imaging for Electrical Systems &amp; Data Rooms","Thermal Imaging for Electrical Systems &amp; Data Rooms | EntireFM","Non-invasive thermal imaging surveys identifying electrical hotspots, overheating components, and fire risks. BS 7671 compliant infrared inspections for critical infrastructure.","https://www.entirefm.com","index, follow",TRUE,""
"/services/critical/thermal-imaging/Birmingham","https://www.entirefm.com/services/critical/thermal-imaging/Birmingham",404,"https://www.entirefm.com/services/critical/thermal-imaging/Birmingham",0,"404","404: This page could not be found.","EntireFM delivers expert facilities management services across the UK — hard FM, planned preventative maintenance, industrial cleaning, and 24/7 helpdesk support for commercial and residential clients. Founded 2009.","https://www.entirefm.com","noindex",TRUE,""
"/services/critical/thermal-imaging/Chesterfield","https://www.entirefm.com/services/critical/thermal-imaging/Chesterfield",404,"https://www.entirefm.com/services/critical/thermal-imaging/Chesterfield",0,"404","404: This page could not be found.","EntireFM delivers expert facilities management services across the UK — hard FM, planned preventative maintenance, industrial cleaning, and 24/7 helpdesk support for commercial and residential clients. Founded 2009.","https://www.entirefm.com","noindex",TRUE,""
"/services/critical/thermal-imaging/Derby","https://www.entirefm.com/services/critical/thermal-imaging/Derby",404,"https://www.entirefm.com/services/critical/thermal-imaging/Derby",0,"404","404: This page could not be found.","EntireFM delivers expert facilities management services across the UK — hard FM, planned preventative maintenance, industrial cleaning, and 24/7 helpdesk support for commercial and residential clients. Founded 2009.","https://www.entirefm.com","noindex",TRUE,""
"/services/critical/thermal-imaging/Leeds","https://www.entirefm.com/services/critical/thermal-imaging/Leeds",404,"https://www.entirefm.com/services/critical/thermal-imaging/Leeds",0,"404","404: This page could not be found.","EntireFM delivers expert facilities management services across the UK — hard FM, planned preventative maintenance, industrial cleaning, and 24/7 helpdesk support for commercial and residential clients. Founded 2009.","https://www.entirefm.com","noindex",TRUE,""
"/services/critical/thermal-imaging/Lincoln","https://www.entirefm.com/services/critical/thermal-imaging/Lincoln",404,"https://www.entirefm.com/services/critical/thermal-imaging/Lincoln",0,"404","404: This page could not be found.","EntireFM delivers expert facilities management services across the UK — hard FM, planned preventative maintenance, industrial cleaning, and 24/7 helpdesk support for commercial and residential clients. Founded 2009.","https://www.entirefm.com","noindex",TRUE,""
"/services/critical/thermal-imaging/London","https://www.entirefm.com/services/critical/thermal-imaging/London",404,"https://www.entirefm.com/services/critical/thermal-imaging/London",0,"404","404: This page could not be found.","EntireFM delivers expert facilities management services across the UK — hard FM, planned preventative maintenance, industrial cleaning, and 24/7 helpdesk support for commercial and residential clients. Founded 2009.","https://www.entirefm.com","noindex",TRUE,""
"/services/critical/thermal-imaging/Manchester","https://www.entirefm.com/services/critical/thermal-imaging/Manchester",404,"https://www.entirefm.com/services/critical/thermal-imaging/Manchester",0,"404","404: This page could not be found.","EntireFM delivers expert facilities management services across the UK — hard FM, planned preventative maintenance, industrial cleaning, and 24/7 helpdesk support for commercial and residential clients. Founded 2009.","https://www.entirefm.com","noindex",TRUE,""
"/services/critical/thermal-imaging/Nottingham","https://www.entirefm.com/services/critical/thermal-imaging/Nottingham",404,"https://www.entirefm.com/services/critical/thermal-imaging/Nottingham",0,"404","404: This page could not be found.","EntireFM delivers expert facilities management services across the UK — hard FM, planned preventative maintenance, industrial cleaning, and 24/7 helpdesk support for commercial and residential clients. Founded 2009.","https://www.entirefm.com","noindex",TRUE,""
"/services/critical/thermal-imaging/Sheffield","https://www.entirefm.com/services/critical/thermal-imaging/Sheffield",404,"https://www.entirefm.com/services/critical/thermal-imaging/Sheffield",0,"404","404: This page could not be found.","EntireFM delivers expert facilities management services across the UK — hard FM, planned preventative maintenance, industrial cleaning, and 24/7 helpdesk support for commercial and residential clients. Founded 2009.","https://www.entirefm.com","noindex",TRUE,""
"/services/critical/ups-maintenance","https://www.entirefm.com/services/critical/ups-maintenance",200,"https://www.entirefm.com/services/critical/ups-maintenance",0,"UPS Maintenance &amp; Battery Testing","UPS Maintenance &amp; Battery Testing | Critical Power | EntireFM","UPS maintenance including battery impedance testing, load bank verification, and replacement cycles. Static and modular UPS servicing for data centres and mission-critical facilities.","https://www.entirefm.com","index, follow",TRUE,""
"/services/critical/ups-maintenance/Birmingham","https://www.entirefm.com/services/critical/ups-maintenance/Birmingham",404,"https://www.entirefm.com/services/critical/ups-maintenance/Birmingham",0,"404","404: This page could not be found.","EntireFM delivers expert facilities management services across the UK — hard FM, planned preventative maintenance, industrial cleaning, and 24/7 helpdesk support for commercial and residential clients. Founded 2009.","https://www.entirefm.com","noindex",TRUE,""
"/services/critical/ups-maintenance/Chesterfield","https://www.entirefm.com/services/critical/ups-maintenance/Chesterfield",404,"https://www.entirefm.com/services/critical/ups-maintenance/Chesterfield",0,"404","404: This page could not be found.","EntireFM delivers expert facilities management services across the UK — hard FM, planned preventative maintenance, industrial cleaning, and 24/7 helpdesk support for commercial and residential clients. Founded 2009.","https://www.entirefm.com","noindex",TRUE,""
"/services/critical/ups-maintenance/Derby","https://www.entirefm.com/services/critical/ups-maintenance/Derby",404,"https://www.entirefm.com/services/critical/ups-maintenance/Derby",0,"404","404: This page could not be found.","EntireFM delivers expert facilities management services across the UK — hard FM, planned preventative maintenance, industrial cleaning, and 24/7 helpdesk support for commercial and residential clients. Founded 2009.","https://www.entirefm.com","noindex",TRUE,""
"/services/critical/ups-maintenance/Leeds","https://www.entirefm.com/services/critical/ups-maintenance/Leeds",404,"https://www.entirefm.com/services/critical/ups-maintenance/Leeds",0,"404","404: This page could not be found.","EntireFM delivers expert facilities management services across the UK — hard FM, planned preventative maintenance, industrial cleaning, and 24/7 helpdesk support for commercial and residential clients. Founded 2009.","https://www.entirefm.com","noindex",TRUE,""
"/services/critical/ups-maintenance/Lincoln","https://www.entirefm.com/services/critical/ups-maintenance/Lincoln",404,"https://www.entirefm.com/services/critical/ups-maintenance/Lincoln",0,"404","404: This page could not be found.","EntireFM delivers expert facilities management services across the UK — hard FM, planned preventative maintenance, industrial cleaning, and 24/7 helpdesk support for commercial and residential clients. Founded 2009.","https://www.entirefm.com","noindex",TRUE,""
"/services/critical/ups-maintenance/London","https://www.entirefm.com/services/critical/ups-maintenance/London",404,"https://www.entirefm.com/services/critical/ups-maintenance/London",0,"404","404: This page could not be found.","EntireFM delivers expert facilities management services across the UK — hard FM, planned preventative maintenance, industrial cleaning, and 24/7 helpdesk support for commercial and residential clients. Founded 2009.","https://www.entirefm.com","noindex",TRUE,""
"/services/critical/ups-maintenance/Manchester","https://www.entirefm.com/services/critical/ups-maintenance/Manchester",404,"https://www.entirefm.com/services/critical/ups-maintenance/Manchester",0,"404","404: This page could not be found.","EntireFM delivers expert facilities management services across the UK — hard FM, planned preventative maintenance, industrial cleaning, and 24/7 helpdesk support for commercial and residential clients. Founded 2009.","https://www.entirefm.com","noindex",TRUE,""
"/services/critical/ups-maintenance/Nottingham","https://www.entirefm.com/services/critical/ups-maintenance/Nottingham",404,"https://www.entirefm.com/services/critical/ups-maintenance/Nottingham",0,"404","404: This page could not be found.","EntireFM delivers expert facilities management services across the UK — hard FM, planned preventative maintenance, industrial cleaning, and 24/7 helpdesk support for commercial and residential clients. Founded 2009.","https://www.entirefm.com","noindex",TRUE,""
"/services/critical/ups-maintenance/Sheffield","https://www.entirefm.com/services/critical/ups-maintenance/Sheffield",404,"https://www.entirefm.com/services/critical/ups-maintenance/Sheffield",0,"404","404: This page could not be found.","EntireFM delivers expert facilities management services across the UK — hard FM, planned preventative maintenance, industrial cleaning, and 24/7 helpdesk support for commercial and residential clients. Founded 2009.","https://www.entirefm.com","noindex",TRUE,""
"/services/data-centre-cooling-compliance","https://www.entirefm.com/services/data-centre-cooling-compliance",200,"https://www.entirefm.com/services/data-centre-cooling-compliance",0,"Data Centre Cooling Compliance","Data Centre Cooling Compliance | CRAC/CRAH Maintenance | Entire FM | EntireFM","Expert data centre cooling compliance ensuring uptime and thermal stability. CRAC/CRAH maintenance, redundancy testing, temperature/humidity controls, and energy efficiency optimization.","https://www.entirefm.com","index, follow",TRUE,""
"/services/dilapidation-compliance","https://www.entirefm.com/services/dilapidation-compliance",200,"https://www.entirefm.com/services/dilapidation-compliance",0,"Dilapidation &amp; End-of-Lease Compliance","Dilapidation &amp; End-of-Lease Compliance | Lease Handover | Remedial Works | EntireFM | EntireFM","Dilapidation and end-of-lease compliance services. Engineering inspections, remedial works, and handover certification for commercial property lease exits.","https://www.entirefm.com","index, follow",TRUE,""
"/services/disaster-recovery","https://www.entirefm.com/services/disaster-recovery",200,"https://www.entirefm.com/services/disaster-recovery",0,"Estate Disaster Recovery Services","Estate Disaster Recovery Services | Fire Flood Impact Damage | EntireFM | EntireFM","Estate disaster recovery services for fire, flood, impact damage and major system failures. Structural, building services and system recovery with insurance coordination.","https://www.entirefm.com","index, follow",TRUE,""
"/services/dock-leveller-maintenance","https://www.entirefm.com/services/dock-leveller-maintenance",200,"https://www.entirefm.com/services/dock-leveller-maintenance",0,"Dock Leveller Servicing","Dock Leveller Servicing | LOLER &amp; PUWER Compliance | Entire FM | EntireFM","LOLER-compliant dock leveller maintenance for warehouse loading bays. Hydraulic checks, safety interlocks, lip extension testing, and control panel integrity verification.","https://www.entirefm.com","index, follow",TRUE,""
"/services/drainage-cctv-surveys","https://www.entirefm.com/services/drainage-cctv-surveys",200,"https://www.entirefm.com/services/drainage-cctv-surveys",0,"Drainage CCTV Surveys","Drainage CCTV Surveys | High-Definition Remote Drainage Inspection | EntireFM","High-definition remote inspection of internal and external drainage infrastructure. Expert drainage CCTV surveys, jetting integration, and defect reporting.","https://www.entirefm.com","index, follow",TRUE,""
"/services/drone-inspections","https://www.entirefm.com/services/drone-inspections",200,"https://www.entirefm.com/services/drone-inspections",0,"Drone Building Inspections","Drone Building Inspections | Roof &amp; Façade Surveys | EntireFM | EntireFM","Drone building inspection services for roofs, façades, and high-rise buildings. Safe, cost-effective surveys of inaccessible areas without scaffolding.","https://www.entirefm.com","index, follow",TRUE,""
"/services/dry-riser-testing","https://www.entirefm.com/services/dry-riser-testing",200,"https://www.entirefm.com/services/dry-riser-testing",0,"Dry Riser Testing &amp; Certification","Dry Riser Testing &amp; Certification | BS 9990 Compliance | EntireFM | EntireFM","Professional dry riser testing and certification to BS 9990 for high-rise firefighting systems. Annual pressure testing, inspection, and compliance management.","https://www.entirefm.com","index, follow",TRUE,""
"/services/electrical","https://www.entirefm.com/services/electrical",200,"https://www.entirefm.com/services/electrical",0,"Electrical Compliance Without the Guesswork","Electrical Compliance &amp; Testing UK | EICR &amp; PAT Testing | EntireFM | EntireFM","NICEIC-approved electrical testing and compliance. EICR, PAT testing, thermal imaging, and same-day remedials for commercial buildings across the UK.","https://www.entirefm.com","index, follow",TRUE,""
"/services/electrical-compliance","https://www.entirefm.com/services/electrical-compliance",200,"https://www.entirefm.com/services/electrical-compliance",0,"Electrical Compliance &amp; EICR Testing Services","Electrical Compliance &amp; EICR Testing Services | EntireFM | EntireFM","BS 7671 certified EICR testing, thermal imaging and electrical remedials. Protect people, uptime, and legal accountability across commercial estates.","https://www.entirefm.com","index, follow",TRUE,""
"/services/electrical/Birmingham","https://www.entirefm.com/services/electrical/Birmingham",200,"https://www.entirefm.com/services/electrical/birmingham",1,"Commercial Electrical Compliance – Birmingham","Electrical Compliance in Birmingham | EICR Testing &amp; BS 7671 | EntireFM | EntireFM","EICR testing &amp; remedials across logistics, manufacturing &amp; corporate estates in the West Midlands. Protect Birmingham operations with BS 7671 compliant electrical compliance.","https://www.entirefm.com","index, follow",TRUE,""
"/services/electrical/Chesterfield","https://www.entirefm.com/services/electrical/Chesterfield",200,"https://www.entirefm.com/services/electrical/chesterfield",1,"Electrical Compliance – Chesterfield","Electrical Compliance Chesterfield | Logistics EICR Testing M1 Corridor | EntireFM","Rapid compliance testing for logistics-driven businesses along the M1 corridor. BS 7671 certified EICR testing with minimal disruption.","https://www.entirefm.com","index, follow",TRUE,""
"/services/electrical/Derby","https://www.entirefm.com/services/electrical/Derby",200,"https://www.entirefm.com/services/electrical/derby",1,"Electrical Compliance – Derby","Electrical Compliance Derby | Rail &amp; Aerospace EICR Testing | EntireFM","Compliance-led testing for Derby&#x27;s rail, aerospace and industrial estates. Uptime protection with BS 7671 certified electrical inspections.","https://www.entirefm.com","index, follow",TRUE,""
"/services/electrical/Leeds","https://www.entirefm.com/services/electrical/Leeds",200,"https://www.entirefm.com/services/electrical/leeds",1,"Commercial Electrical Compliance – Leeds","Commercial Electrical Compliance Leeds | EICR Testing &amp; Remedials | EntireFM","EICR testing and remedial resolution protecting Leeds corporate, retail and public estates from electrical risk and costly downtime.","https://www.entirefm.com","index, follow",TRUE,""
"/services/electrical/Lincoln","https://www.entirefm.com/services/electrical/Lincoln",200,"https://www.entirefm.com/services/electrical/lincoln",1,"Commercial Electrical Compliance – Lincoln","Commercial Electrical Compliance Lincoln | Heritage &amp; Healthcare EICR Testing | EntireFM","Audit-ready electrical governance for Lincoln&#x27;s healthcare &amp; heritage environments. Conservation-sensitive BS 7671 compliance testing.","https://www.entirefm.com","index, follow",TRUE,""
"/services/electrical/London","https://www.entirefm.com/services/electrical/London",200,"https://www.entirefm.com/services/electrical/london",1,"Commercial Electrical Compliance – London","Commercial Electrical Compliance London | EICR Testing &amp; BS 7671 Certification | EntireFM","EICR testing, fault remediation and certification that protects operations, assets and legal responsibility across London.","https://www.entirefm.com","index, follow",TRUE,""
"/services/electrical/Manchester","https://www.entirefm.com/services/electrical/Manchester",200,"https://www.entirefm.com/services/electrical/manchester",1,"Commercial Electrical Compliance – Manchester","Commercial Electrical Compliance Manchester | EICR Testing &amp; PBSA Safety | EntireFM","EICR testing for Manchester PBSA, Trafford Park industrial, and Salford Quays commercial estates. Protect student accommodation and business operations.","https://www.entirefm.com","index, follow",TRUE,""
"/services/electrical/Nottingham","https://www.entirefm.com/services/electrical/Nottingham",200,"https://www.entirefm.com/services/electrical/nottingham",1,"Commercial Electrical Compliance – Nottingham","Commercial Electrical Compliance Nottingham | PBSA &amp; Retail EICR Testing | EntireFM","BS 7671 testing, fault remediation &amp; documentation for Nottingham&#x27;s PBSA, retail &amp; leisure estates.","https://www.entirefm.com","index, follow",TRUE,""
"/services/electrical/Sheffield","https://www.entirefm.com/services/electrical/Sheffield",200,"https://www.entirefm.com/services/electrical/sheffield",1,"Commercial Electrical Compliance – Sheffield","Commercial Electrical Compliance Sheffield | Industrial EICR Testing | EntireFM","Compliance-driven electrical testing &amp; remedials built for Sheffield&#x27;s industrial and retail infrastructure.","https://www.entirefm.com","index, follow",TRUE,""
"/services/emergency-lighting","https://www.entirefm.com/services/emergency-lighting",200,"https://www.entirefm.com/services/emergency-lighting",0,"Emergency Lighting &amp; Evacuation Safety","Emergency Lighting &amp; BS 5266 Compliance UK | EntireFM | EntireFM","BS 5266 certified emergency lighting testing, 3-hour duration verification and rapid remedials. Evacuation safety compliance across UK commercial estates.","https://www.entirefm.com","index, follow",TRUE,""
"/services/emergency-lighting/Birmingham","https://www.entirefm.com/services/emergency-lighting/Birmingham",200,"https://www.entirefm.com/services/emergency-lighting/birmingham",1,"Emergency Lighting Compliance – Birmingham","Emergency Lighting Compliance in Birmingham | Local Testing &amp; Statutory Compliance | EntireFM | EntireFM","Life-safety illumination testing across Birmingham&#x27;s logistics, retail and corporate spaces. BS 5266 compliance with rapid remedials.","https://www.entirefm.com","index, follow",TRUE,""
"/services/emergency-lighting/Chesterfield","https://www.entirefm.com/services/emergency-lighting/Chesterfield",200,"https://www.entirefm.com/services/emergency-lighting/chesterfield",1,"Emergency Lighting Compliance – Chesterfield","Emergency Lighting Compliance in Chesterfield | Local Testing &amp; Statutory Compliance | EntireFM | EntireFM","Compliance testing for logistics &amp; industrial estates along the M1. BS 5266 emergency lighting for warehouses.","https://www.entirefm.com","index, follow",TRUE,""
"/services/emergency-lighting/Derby","https://www.entirefm.com/services/emergency-lighting/Derby",200,"https://www.entirefm.com/services/emergency-lighting/derby",1,"Emergency Lighting Compliance – Derby","Emergency Lighting Compliance in Derby | Local Testing &amp; Statutory Compliance | EntireFM | EntireFM","Evacuation safety for Derby&#x27;s industrial and transport estates. BS 5266 testing for manufacturing facilities.","https://www.entirefm.com","index, follow",TRUE,""
"/services/emergency-lighting/Leeds","https://www.entirefm.com/services/emergency-lighting/Leeds",200,"https://www.entirefm.com/services/emergency-lighting/leeds",1,"Emergency Lighting Compliance – Leeds","Emergency Lighting Compliance in Leeds | Local Testing &amp; Statutory Compliance | EntireFM | EntireFM","BS 5266 testing and certification protecting safe evacuation for Leeds&#x27; corporate and hospitality estates. Monthly and annual 3-hour duration tests.","https://www.entirefm.com","index, follow",TRUE,""
"/services/emergency-lighting/Lincoln","https://www.entirefm.com/services/emergency-lighting/Lincoln",200,"https://www.entirefm.com/services/emergency-lighting/lincoln",1,"Emergency Lighting Compliance – Lincoln","Emergency Lighting Compliance in Lincoln | Local Testing &amp; Statutory Compliance | EntireFM | EntireFM","BS 5266 testing for healthcare &amp; heritage estates where evacuation reliability is non-negotiable. Life-safety compliance.","https://www.entirefm.com","index, follow",TRUE,""
"/services/emergency-lighting/London","https://www.entirefm.com/services/emergency-lighting/London",200,"https://www.entirefm.com/services/emergency-lighting/london",1,"Emergency Lighting Compliance – London","Emergency Lighting Compliance in London | Local Testing &amp; Statutory Compliance | EntireFM | EntireFM","BS 5266 testing &amp; 3-hour duration verification to protect life safety and legal compliance across London&#x27;s commercial estate.","https://www.entirefm.com","index, follow",TRUE,""
"/services/emergency-lighting/Manchester","https://www.entirefm.com/services/emergency-lighting/Manchester",200,"https://www.entirefm.com/services/emergency-lighting/manchester",1,"Emergency Lighting Compliance – Manchester","Emergency Lighting Compliance in Manchester | Local Testing &amp; Statutory Compliance | EntireFM | EntireFM","Protect residents, guests &amp; visitors with BS 5266 testing. Emergency lighting compliance for Manchester&#x27;s PBSA, retail and hospitality estates.","https://www.entirefm.com","index, follow",TRUE,""
"/services/emergency-lighting/Nottingham","https://www.entirefm.com/services/emergency-lighting/Nottingham",200,"https://www.entirefm.com/services/emergency-lighting/nottingham",1,"Emergency Lighting Compliance – Nottingham","Emergency Lighting Compliance in Nottingham | Local Testing &amp; Statutory Compliance | EntireFM | EntireFM","BS 5266 testing for PBSA, retail and heritage estates. Student accommodation and heritage building evacuation safety.","https://www.entirefm.com","index, follow",TRUE,""
"/services/emergency-lighting/Sheffield","https://www.entirefm.com/services/emergency-lighting/Sheffield",200,"https://www.entirefm.com/services/emergency-lighting/sheffield",1,"Emergency Lighting Compliance – Sheffield","Emergency Lighting Compliance in Sheffield | Local Testing &amp; Statutory Compliance | EntireFM | EntireFM","Life-safety illumination testing for Sheffield&#x27;s industrial, retail and public estates. BS 5266 compliance with rapid remedial execution.","https://www.entirefm.com","index, follow",TRUE,""
"/services/emergency-response","https://www.entirefm.com/services/emergency-response",200,"https://www.entirefm.com/services/emergency-response",0,"Emergency Response &amp; Critical Incident Management","Emergency Response &amp; Critical Incident Management | 24/7 | EntireFM | EntireFM","24/7 emergency response for FM emergencies. Coordinated response for water leaks, electrical failures, fire alarms, and plant breakdowns with immediate dispatch.","https://www.entirefm.com","index, follow",TRUE,""
"/services/emergency-systems","https://www.entirefm.com/services/emergency-systems",200,"https://www.entirefm.com/services/emergency-systems",0,"Emergency Building Systems","Emergency Building Systems | Fire Safety &amp; Life Safety Systems | EntireFM | EntireFM","Emergency building systems maintenance. Emergency lighting, fire alarms, smoke ventilation, AOV systems, and backup power for life safety compliance.","https://www.entirefm.com","index, follow",TRUE,""
"/services/energy-audits","https://www.entirefm.com/services/energy-audits",200,"https://www.entirefm.com/services/energy-audits",0,"Energy Audits &amp; Building Performance Reviews","Energy Audits &amp; Building Performance Reviews | ESOS Compliance | EntireFM | EntireFM","Energy audits identifying hidden inefficiencies in HVAC, lighting, controls and plant systems. ESOS-compliant assessments reducing operational costs and carbon footprint.","https://www.entirefm.com","index, follow",TRUE,""
"/services/energy-optimisation","https://www.entirefm.com/services/energy-optimisation",200,"https://www.entirefm.com/services/energy-optimisation",0,"Building Energy Efficiency &amp; Optimisation","Building Energy Efficiency &amp; Optimisation | TM44 | HVAC Performance | EntireFM | EntireFM","Building energy efficiency and optimisation services. Reducing energy demand through HVAC plant optimisation, controls tuning, and compliance audits. Supporting ESG and net zero targets.","https://www.entirefm.com","index, follow",TRUE,""
"/services/environmental-noise-surveys","https://www.entirefm.com/services/environmental-noise-surveys",200,"https://www.entirefm.com/services/environmental-noise-surveys",0,"Environmental Noise Surveys","Environmental Noise Surveys | BS4142 Compliance | Mechanical Plant Noise | EntireFM | EntireFM","Environmental noise surveys for mechanical plant and building services. BS4142 assessments, planning compliance, and noise mitigation for commercial and industrial estates.","https://www.entirefm.com","index, follow",TRUE,""
"/services/evacuation-chair-servicing","https://www.entirefm.com/services/evacuation-chair-servicing",200,"https://www.entirefm.com/services/evacuation-chair-servicing",0,"Evacuation Chair Servicing","Evacuation Chair Servicing | Emergency Evacuation Equipment | Entire FM | EntireFM","Annual evacuation chair servicing for multi-storey buildings. Gear, belt, and brake checks, frame integrity inspection, and compliance guidance for safe emergency evacuation.","https://www.entirefm.com","index, follow",TRUE,""
"/services/fire-alarms","https://www.entirefm.com/services/fire-alarms",200,"https://www.entirefm.com/services/fire-alarms",0,"Fire Safety with No Room for Error","Fire Alarm Maintenance &amp; BS 5839 Compliance UK | EntireFM | EntireFM","BS 5839 certified fire alarm testing, maintenance and 24/7 emergency response. Protecting people, property and legal liability across UK commercial estates.","https://www.entirefm.com","index, follow",TRUE,""
"/services/fire-compartmentation-surveys","https://www.entirefm.com/services/fire-compartmentation-surveys",200,"https://www.entirefm.com/services/fire-compartmentation-surveys",0,"Fire Compartmentation Surveys","Fire Compartmentation Surveys | Breach Detection &amp; Risk Reports | Entire FM | EntireFM","Specialist fire compartmentation surveys identifying breaches in fire separation. Thermal imaging, penetration sealing assessment, and actionable risk reports for Fire Safety Act compliance.","https://www.entirefm.com","index, follow",TRUE,""
"/services/fire-safety","https://www.entirefm.com/services/fire-safety",200,"https://www.entirefm.com/services/fire-safety",0,"Fire Safety Compliance &amp; Life Protection Systems","Fire Safety Compliance &amp; Testing | BS 5839, BS 5266 | EntireFM | EntireFM","Expert fire alarm testing, emergency lighting, sprinklers &amp; fire risk assessments. BS 5839, BS 5266 &amp; BS 5306 compliant. Nationwide coverage with 24/7 emergency response.","https://www.entirefm.com","index, follow",TRUE,""
"/services/fire/Birmingham","https://www.entirefm.com/services/fire/Birmingham",200,"https://www.entirefm.com/services/fire/birmingham",1,"Fire Alarm Compliance Services – Birmingham","Fire Safety Compliance in Birmingham | Local Testing &amp; Statutory Compliance | EntireFM | EntireFM","Protect people, operations, and legal responsibility across Birmingham and the West Midlands. Statutory fire alarm testing, BS 5839 certification &amp; urgent remedials.","https://www.entirefm.com","index, follow",TRUE,""
"/services/fire/Chesterfield","https://www.entirefm.com/services/fire/Chesterfield",200,"https://www.entirefm.com/services/fire/chesterfield",1,"Fire Compliance – Chesterfield","Fire Safety Compliance in Chesterfield | Local Testing &amp; Statutory Compliance | EntireFM | EntireFM","Fire compliance for Chesterfield&#x27;s regional logistics hub. Uptime-focused BS 5839 testing protecting distribution operations.","https://www.entirefm.com","index, follow",TRUE,""
"/services/fire/Derby","https://www.entirefm.com/services/fire/Derby",200,"https://www.entirefm.com/services/fire/derby",1,"Fire Compliance – Derby","Fire Safety Compliance in Derby | Local Testing &amp; Statutory Compliance | EntireFM | EntireFM","Fire compliance for Derby&#x27;s rail and aerospace corridor. Critical asset safety with BS 5839 certification protecting advanced manufacturing operations.","https://www.entirefm.com","index, follow",TRUE,""
"/services/fire/Leeds","https://www.entirefm.com/services/fire/Leeds",200,"https://www.entirefm.com/services/fire/leeds",1,"Fire Alarm Compliance – Leeds","Fire Safety Compliance in Leeds | Local Testing &amp; Statutory Compliance | EntireFM | EntireFM","Professional fire alarm testing across Leeds and West Yorkshire. PBSA, retail campus and commercial compliance with BS 5839 certification.","https://www.entirefm.com","index, follow",TRUE,""
"/services/fire/Lincoln","https://www.entirefm.com/services/fire/Lincoln",200,"https://www.entirefm.com/services/fire/lincoln",1,"Fire Compliance – Lincoln","Fire Safety Compliance in Lincoln | Local Testing &amp; Statutory Compliance | EntireFM | EntireFM","Fire compliance for Lincoln&#x27;s heritage protected buildings and healthcare facilities. BS 5839 certification respecting conservation requirements.","https://www.entirefm.com","index, follow",TRUE,""
"/services/fire/London","https://www.entirefm.com/services/fire/London",200,"https://www.entirefm.com/services/fire/london",1,"Fire Alarm Compliance Services – London","Fire Safety Compliance in London | Local Testing &amp; Statutory Compliance | EntireFM | EntireFM","Protect people, operations, and legal responsibility across Greater London. Statutory fire alarm testing, BS 5839 certification &amp; urgent remedials.","https://www.entirefm.com","index, follow",TRUE,""
"/services/fire/Manchester","https://www.entirefm.com/services/fire/Manchester",200,"https://www.entirefm.com/services/fire/manchester",1,"Fire Alarm Compliance Services – Manchester","Fire Safety Compliance in Manchester | Local Testing &amp; Statutory Compliance | EntireFM | EntireFM","Protect people, operations, and legal responsibility across Greater Manchester. Statutory fire alarm testing, BS 5839 certification for PBSA, hospitality and commercial sites.","https://www.entirefm.com","index, follow",TRUE,""
"/services/fire/Nottingham","https://www.entirefm.com/services/fire/Nottingham",200,"https://www.entirefm.com/services/fire/nottingham",1,"Fire Alarm Compliance – Nottingham","Fire Safety Compliance in Nottingham | Local Testing &amp; Statutory Compliance | EntireFM | EntireFM","Fire compliance for Nottingham&#x27;s historic buildings and student-dense environment. BS 5839 testing protecting heritage structures and PBSA developments.","https://www.entirefm.com","index, follow",TRUE,""
"/services/fire/Sheffield","https://www.entirefm.com/services/fire/Sheffield",200,"https://www.entirefm.com/services/fire/sheffield",1,"Fire Compliance – Sheffield","Fire Safety Compliance in Sheffield | Local Testing &amp; Statutory Compliance | EntireFM | EntireFM","Fire compliance for Sheffield&#x27;s heavy industrial, logistics and residential tower sites. Expert BS 5839 testing with manufacturing heritage knowledge.","https://www.entirefm.com","index, follow",TRUE,""
"/services/front-of-house","https://www.entirefm.com/services/front-of-house",200,"https://www.entirefm.com/services/front-of-house",0,"First impressions last —make yours unstoppable.","Reception Maintenance &amp; Public Environment Quality | EntireFM | EntireFM","Transform your reception and public spaces into a brand advantage. Professional FM services for entrances, receptions, and customer-facing environments.","https://www.entirefm.com","index, follow",TRUE,""
"/services/fume-extraction-lev","https://www.entirefm.com/services/fume-extraction-lev",200,"https://www.entirefm.com/services/fume-extraction-lev",0,"LEV Testing &amp; Maintenance","LEV Testing &amp; Maintenance | Local Exhaust Ventilation Compliance | EntireFM","Protecting air quality and ensuring compliance with COSHH regulations. Expert LEV testing and fume extraction maintenance.","https://www.entirefm.com","index, follow",TRUE,""
"/services/gas-safety","https://www.entirefm.com/services/gas-safety",200,"https://www.entirefm.com/services/gas-safety",0,"Commercial Gas Safety &amp; Boiler Compliance","Commercial Gas Safety &amp; Boiler Compliance Services | Gas Safe Inspections | EntireFM","Gas Safe inspections, CP1/CP15 certification, catering CP42 compliance and carbon monoxide risk elimination across commercial estates.","https://www.entirefm.com","index, follow",TRUE,""
"/services/gas/Birmingham","https://www.entirefm.com/services/gas/Birmingham",200,"https://www.entirefm.com/services/gas/birmingham",1,"Gas Safety &amp; Boiler Compliance – Birmingham","Gas Safety &amp; Boiler Compliance in Birmingham | Local Testing &amp; Statutory Compliance | EntireFM | EntireFM","Industrial gas safety compliance for Birmingham logistics &amp; manufacturing estates. CP1/CP15, CP42 catering, PRV testing, and boiler optimisation.","https://www.entirefm.com","index, follow",TRUE,""
"/services/gas/Chesterfield","https://www.entirefm.com/services/gas/Chesterfield",200,"https://www.entirefm.com/services/gas/chesterfield",1,"Gas Safety Compliance – Chesterfield","Gas Safety &amp; Boiler Compliance in Chesterfield | Local Testing &amp; Statutory Compliance | EntireFM | EntireFM","Logistics + warehouse heating compliance in Chesterfield. Gas safety with CO protection and energy-efficiency focus to reduce large-space heating costs.","https://www.entirefm.com","index, follow",TRUE,""
"/services/gas/Derby","https://www.entirefm.com/services/gas/Derby",200,"https://www.entirefm.com/services/gas/derby",1,"Gas Safety Compliance – Derby","Gas Safety &amp; Boiler Compliance in Derby | Local Testing &amp; Statutory Compliance | EntireFM | EntireFM","Aerospace/industrial heating gas compliance in Derby. GS(I&amp;U) Regs enforcement with zero fail tolerance and high-efficiency boiler upgrades.","https://www.entirefm.com","index, follow",TRUE,""
"/services/gas/Leeds","https://www.entirefm.com/services/gas/Leeds",200,"https://www.entirefm.com/services/gas/leeds",1,"Gas Safety &amp; Boiler Compliance – Leeds","Gas Safety &amp; Boiler Compliance in Leeds | Local Testing &amp; Statutory Compliance | EntireFM | EntireFM","Corporate + hospitality heating/catering safety in Leeds. CP42 catering inspections, boiler servicing, and energy-efficiency upgrades.","https://www.entirefm.com","index, follow",TRUE,""
"/services/gas/Lincoln","https://www.entirefm.com/services/gas/Lincoln",200,"https://www.entirefm.com/services/gas/lincoln",1,"Gas Safety Compliance – Lincoln","Gas Safety &amp; Boiler Compliance in Lincoln | Local Testing &amp; Statutory Compliance | EntireFM | EntireFM","Healthcare + heritage assets gas safety in Lincoln. Sensitive inspection protocols, CO monitoring, and energy savings in public sector plantrooms.","https://www.entirefm.com","index, follow",TRUE,""
"/services/gas/London","https://www.entirefm.com/services/gas/London",200,"https://www.entirefm.com/services/gas/london",1,"Commercial Gas Safety &amp; Boiler Compliance – London","Gas Safety &amp; Boiler Compliance in London | Local Testing &amp; Statutory Compliance | EntireFM | EntireFM","Gas Safe inspections, catering CP42 certification and full legal compliance for high-occupancy estates across London. CO risk elimination, boiler servicing &amp; energy efficiency.","https://www.entirefm.com","index, follow",TRUE,""
"/services/gas/Manchester","https://www.entirefm.com/services/gas/Manchester",200,"https://www.entirefm.com/services/gas/manchester",1,"Gas Safety &amp; Boiler Compliance – Manchester","Gas Safety &amp; Boiler Compliance in Manchester | Local Testing &amp; Statutory Compliance | EntireFM | EntireFM","Gas safety protection for Manchester&#x27;s PBSA &amp; entertainment estates. CP42 catering, CO risk elimination, and energy-efficiency upgrades.","https://www.entirefm.com","index, follow",TRUE,""
"/services/gas/Nottingham","https://www.entirefm.com/services/gas/Nottingham",200,"https://www.entirefm.com/services/gas/nottingham",1,"Gas Safety Compliance – Nottingham","Gas Safety &amp; Boiler Compliance in Nottingham | Local Testing &amp; Statutory Compliance | EntireFM | EntireFM","PBSA &amp; heritage structures gas safety in Nottingham. Full compliance governance, CO monitoring, and boiler energy optimisation.","https://www.entirefm.com","index, follow",TRUE,""
"/services/gas/Sheffield","https://www.entirefm.com/services/gas/Sheffield",200,"https://www.entirefm.com/services/gas/sheffield",1,"Industrial Gas Safety – Sheffield","Gas Safety &amp; Boiler Compliance in Sheffield | Local Testing &amp; Statutory Compliance | EntireFM | EntireFM","Industrial heat systems gas compliance in Sheffield. Strict GS(I&amp;U) Regs enforcement, CO risk removal, and energy upgrades for high-load plants.","https://www.entirefm.com","index, follow",TRUE,""
"/services/general-maintenance","https://www.entirefm.com/services/general-maintenance",200,"https://www.entirefm.com/services/general-maintenance",0,"GeneralBuildingMaintenance","General Maintenance &amp; Handyman Services | Commercial | EntireFM | EntireFM","Commercial general maintenance and handyman services. Fixtures, furniture assembly, signage, snagging, carpentry, and day-to-day repairs across the UK.","https://www.entirefm.com","index, follow",TRUE,""
"/services/generator-maintenance","https://www.entirefm.com/services/generator-maintenance",200,"https://www.entirefm.com/services/critical/generator-maintenance",1,"Generator Servicing, ATS Testing &amp; Backup Power","Generator Servicing, ATS Testing &amp; Backup Power | EntireFM","Generator maintenance including planned servicing, fuel polishing, load testing, and emergency callout. ATS testing and fire compliance for generator rooms ensuring reliable backup power.","https://www.entirefm.com","index, follow",TRUE,""
"/services/grease-trap-maintenance","https://www.entirefm.com/services/grease-trap-maintenance",200,"https://www.entirefm.com/services/grease-trap-maintenance",0,"Grease Trap Maintenance","Grease Trap Maintenance | Commercial Kitchen Grease Management | EntireFM","Commercial kitchen grease management compliance. Expert grease trap servicing and environmental compliance.","https://www.entirefm.com","index, follow",TRUE,""
"/services/hard-fm","https://www.entirefm.com/services/hard-fm",200,"https://www.entirefm.com/services/hard-fm",0,"Hard FM Services — Expert Mechanical, Electrical and Compliance Services Across the UK","Hard FM Services UK | M&amp;E, HVAC &amp; Building Compliance | EntireFM | EntireFM","EntireFM delivers expert hard facilities management services across the UK — mechanical and electrical maintenance, HVAC, fire safety, electrical compliance, and building fabric. SFG20-aligned with 24/7 helpdesk support.","https://www.entirefm.com/services/hard-fm","index, follow",TRUE,""
"/services/hard-services","https://www.entirefm.com/services/hard-services",200,"https://www.entirefm.com/services/hard-services",0,"Hard Services &amp; M&amp;E — Guaranteed Uptime. Full Compliance. Zero Excuses.","Hard Services &amp; M&amp;E Maintenance | Facilities Management UK | EntireFM | EntireFM","Full hard FM solutions: HVAC, electrical, plumbing, gas, and building fabric. Guaranteed uptime, 24/7 support, and full compliance across the UK.","https://www.entirefm.com","index, follow",TRUE,""
"/services/hard-services-fm","https://www.entirefm.com/services/hard-services-fm",200,"https://www.entirefm.com/services/hard-services",1,"Hard Services &amp; M&amp;E — Guaranteed Uptime. Full Compliance. Zero Excuses.","Hard Services &amp; M&amp;E Maintenance | Facilities Management UK | EntireFM | EntireFM","Full hard FM solutions: HVAC, electrical, plumbing, gas, and building fabric. Guaranteed uptime, 24/7 support, and full compliance across the UK.","https://www.entirefm.com","index, follow",TRUE,""
"/services/height-safety","https://www.entirefm.com/services/height-safety",200,"https://www.entirefm.com/services/height-safety",0,"Height Safety Systems","Height Safety Systems Inspection &amp; Testing | EntireFM | EntireFM","Work at Height Regulations compliant inspection of fall protection systems, anchor points, lifelines and height safety equipment. Expert certification services.","https://www.entirefm.com","index, follow",TRUE,""
"/services/hvac","https://www.entirefm.com/services/hvac",200,"https://www.entirefm.com/services/hvac",0,"HVAC That Doesn&#x27;t Let You Down","Commercial HVAC Maintenance &amp; Air Conditioning UK | EntireFM | EntireFM","F-Gas certified HVAC maintenance for commercial buildings. Air conditioning, heating, ventilation, and climate control with 24/7 emergency response across the UK.","https://www.entirefm.com","index, follow",TRUE,""
"/services/hvac-compliance","https://www.entirefm.com/services/hvac-compliance",200,"https://www.entirefm.com/services/hvac-compliance",0,"HVAC, Air Conditioning &amp; F-Gas Compliance Services","HVAC, Air Conditioning &amp; F-Gas Compliance | TM44 | EntireFM | EntireFM","TM44 inspections, F-Gas leak governance and proactive HVAC maintenance that optimise comfort, uptime, and safety across commercial estates.","https://www.entirefm.com","index, follow",TRUE,""
"/services/hvac/Birmingham","https://www.entirefm.com/services/hvac/Birmingham",200,"https://www.entirefm.com/services/hvac/birmingham",1,"HVAC &amp; F-Gas Compliance – Birmingham","HVAC Compliance in Birmingham | TM44 &amp; F-Gas Services | Entire FM | EntireFM","Industrial HVAC maintenance, TM44 audits and F-Gas compliance for Birmingham estates. Retail and logistics cooling optimization. Book audit.","https://www.entirefm.com","index, follow",TRUE,""
"/services/hvac/Chesterfield","https://www.entirefm.com/services/hvac/Chesterfield",200,"https://www.entirefm.com/services/hvac/chesterfield",1,"HVAC &amp; F-Gas Compliance – Chesterfield","HVAC Compliance in Chesterfield | TM44 &amp; F-Gas Services | Entire FM | EntireFM","Logistics HVAC compliance in Chesterfield. Warehouse cooling, TM44 audits and F-Gas leak detection. Energy efficiency focus. Book survey.","https://www.entirefm.com","index, follow",TRUE,""
"/services/hvac/Derby","https://www.entirefm.com/services/hvac/Derby",200,"https://www.entirefm.com/services/hvac/derby",1,"HVAC &amp; F-Gas Compliance – Derby","HVAC Compliance in Derby | TM44 &amp; F-Gas Services | Entire FM | EntireFM","Transport and manufacturing HVAC compliance in Derby. TM44 certification, AHU and VRF maintenance. Zero downtime focus. Book F-Gas check.","https://www.entirefm.com","index, follow",TRUE,""
"/services/hvac/Leeds","https://www.entirefm.com/services/hvac/Leeds",200,"https://www.entirefm.com/services/hvac/leeds",1,"HVAC &amp; F-Gas Compliance – Leeds","HVAC Compliance in Leeds | TM44 &amp; F-Gas Services | Entire FM | EntireFM","Corporate and retail HVAC compliance in Leeds. TM44 audits, AHU servicing and F-Gas infrastructure management. Book audit.","https://www.entirefm.com","index, follow",TRUE,""
"/services/hvac/Lincoln","https://www.entirefm.com/services/hvac/Lincoln",200,"https://www.entirefm.com/services/hvac/lincoln",1,"HVAC &amp; F-Gas Compliance – Lincoln","HVAC Compliance in Lincoln | TM44 &amp; F-Gas Services | Entire FM | EntireFM","Healthcare and heritage HVAC compliance in Lincoln. Sensitive IAQ oversight, TM44 audits and energy optimization. Request TM44 inspection.","https://www.entirefm.com","index, follow",TRUE,""
"/services/hvac/London","https://www.entirefm.com/services/hvac/London",200,"https://www.entirefm.com/services/hvac/london",1,"HVAC, AC &amp; F-Gas Compliance – London","HVAC Compliance in London | TM44 &amp; F-Gas Services | Entire FM | EntireFM","TM44 AC inspections, F-Gas leak governance and HVAC maintenance for London estates. EC 517/2014 compliant refrigerant management. Book audit.","https://www.entirefm.com","index, follow",TRUE,""
"/services/hvac/Manchester","https://www.entirefm.com/services/hvac/Manchester",200,"https://www.entirefm.com/services/hvac/manchester",1,"HVAC Compliance – Manchester","HVAC Compliance in Manchester | TM44 &amp; F-Gas Services | Entire FM | EntireFM","TM44 audits, F-Gas compliance and IAQ monitoring for Manchester PBSA and corporate estates. Digital governance platform included.","https://www.entirefm.com","index, follow",TRUE,""
"/services/hvac/Nottingham","https://www.entirefm.com/services/hvac/Nottingham",200,"https://www.entirefm.com/services/hvac/nottingham",1,"HVAC Compliance – Nottingham","HVAC Compliance in Nottingham | TM44 &amp; F-Gas Services | Entire FM | EntireFM","PBSA and leisure HVAC compliance in Nottingham. TM44 audits, refrigerant management and air quality monitoring. Book review.","https://www.entirefm.com","index, follow",TRUE,""
"/services/hvac/Sheffield","https://www.entirefm.com/services/hvac/Sheffield",200,"https://www.entirefm.com/services/hvac/sheffield",1,"HVAC &amp; F-Gas Compliance – Sheffield","HVAC Compliance in Sheffield | TM44 &amp; F-Gas Services | Entire FM | EntireFM","Industrial HVAC compliance in Sheffield. TM44 audits, process cooling and F-Gas leak detection. Energy performance improvements. Book audit.","https://www.entirefm.com","index, follow",TRUE,""
"/services/indoor-air-quality-testing","https://www.entirefm.com/services/indoor-air-quality-testing",200,"https://www.entirefm.com/services/indoor-air-quality-testing",0,"Indoor Air Quality (IAQ) Testing","Indoor Air Quality (IAQ) Testing | Workplace Health &amp; HVAC Performance | EntireFM | EntireFM","Indoor air quality testing for commercial, education, and residential buildings. Assessing CO₂, VOCs, particulates, and ventilation effectiveness to protect occupant health.","https://www.entirefm.com","index, follow",TRUE,""
"/services/industrial-cleaning","https://www.entirefm.com/services/industrial-cleaning",404,"https://www.entirefm.com/services/industrial-cleaning",0,"404","404: This page could not be found.","EntireFM delivers expert facilities management services across the UK — hard FM, planned preventative maintenance, industrial cleaning, and 24/7 helpdesk support for commercial and residential clients. Founded 2009.","https://www.entirefm.com","noindex",TRUE,""
"/services/industrial-refrigeration","https://www.entirefm.com/services/industrial-refrigeration",200,"https://www.entirefm.com/services/industrial-refrigeration",0,"Industrial Refrigeration Compliance","Industrial Refrigeration Compliance | Cold Room &amp; Chiller Maintenance | EntireFM","Service and compliance for chillers, cold rooms and large refrigeration systems. Expert F-gas compliance and temperature control.","https://www.entirefm.com","index, follow",TRUE,""
"/services/interceptor-maintenance","https://www.entirefm.com/services/interceptor-maintenance",200,"https://www.entirefm.com/services/interceptor-maintenance",0,"Interceptor &amp; Separator Maintenance","Interceptor &amp; Separator Maintenance | Oil &amp; Fuel Interceptor Servicing | EntireFM","Compliance servicing for oil, fuel and water interceptors used in car parks, loading bays and industrial estates. Expert interceptor maintenance and environmental compliance.","https://www.entirefm.com","index, follow",TRUE,""
"/services/leak-detection-repair","https://www.entirefm.com/services/leak-detection-repair",200,"https://www.entirefm.com/services/leak-detection-repair",0,"LeakDetection&amp;WaterSystemRepair","Leak Detection and Repair Services | Commercial | EntireFM | EntireFM","Commercial leak detection and repair services. Thermal imaging, trace and access, burst pipe repairs, and 24/7 emergency water leak response across the UK.","https://www.entirefm.com","index, follow",TRUE,""
"/services/lifting-equipment","https://www.entirefm.com/services/lifting-equipment",200,"https://www.entirefm.com/services/lifting-equipment",0,"Lifting Equipment Inspection","Lifting Equipment Inspection &amp; Testing (LOLER) | EntireFM | EntireFM","LOLER-compliant lifting equipment inspection, testing and certification. Thorough examinations for hoists, lifts, cranes, MEWPs and all lifting accessories.","https://www.entirefm.com","index, follow",TRUE,""
"/services/lightning-protection-testing","https://www.entirefm.com/services/lightning-protection-testing",200,"https://www.entirefm.com/services/critical/lightning-protection",1,"Lightning Protection Testing &amp; Earthing Compliance","Lightning Protection Testing &amp; Earthing Compliance | EntireFM | EntireFM","Lightning protection testing for critical infrastructure. Annual testing, earth resistance measurement, continuity testing and BS EN 62305 compliance for commercial buildings.","https://www.entirefm.com","index, follow",TRUE,""
"/services/load-bank-testing","https://www.entirefm.com/services/load-bank-testing",200,"https://www.entirefm.com/services/critical/power-redundancy",1,"Power Redundancy Testing (Load Banks &amp; N+1)","Power Redundancy Testing (Load Banks &amp; N+1) | EntireFM","N+1 and N+2 power redundancy design, load bank testing, Black Building Tests, and backup power validation for mission-critical infrastructure.","https://www.entirefm.com","index, follow",TRUE,""
"/services/loading-bay-safety-systems","https://www.entirefm.com/services/loading-bay-safety-systems",200,"https://www.entirefm.com/services/loading-bay-safety-systems",0,"Loading Bay Safety Systems","Loading Bay Safety Systems | Roller Shutters, Traffic &amp; Dock Safety | EntireFM","Roller shutters, dock lights, traffic systems and interlocks for industrial estates. Expert loading bay safety and PUWER compliance.","https://www.entirefm.com","index, follow",TRUE,""
"/services/mansafe-testing","https://www.entirefm.com/services/mansafe-testing",200,"https://www.entirefm.com/services/mansafe-testing",0,"Mansafe &amp; Fall Arrest System Testing","Mansafe &amp; Fall Arrest System Testing | Working at Height Compliance | EntireFM","Compliance testing for wire systems, posts, anchors and fixed fall protection. Expert mansafe testing under ACREP and HSE standards.","https://www.entirefm.com","index, follow",TRUE,""
"/services/me-services","https://www.entirefm.com/services/me-services",200,"https://www.entirefm.com/services/me-services",0,"Mechanical &amp; Electrical (M&amp;E) Services","Mechanical &amp; Electrical Services | M&amp;E Maintenance UK | EntireFM | EntireFM","Comprehensive M&amp;E maintenance for commercial buildings. HVAC, electrical, plumbing, and compliance services with 24/7 emergency response across the UK.","https://www.entirefm.com","index, follow",TRUE,""
"/services/mewp-safety-checks","https://www.entirefm.com/services/mewp-safety-checks",200,"https://www.entirefm.com/services/mewp-safety-checks",0,"MEWP &amp; High-Level Access Safety Checks","MEWP &amp; High-Level Access Safety Checks | PUWER/LOLER Compliance | EntireFM","PUWER/LOLER compliance for powered access equipment. Expert MEWP inspection and work at height safety.","https://www.entirefm.com","index, follow",TRUE,""
"/services/out-of-hours-support","https://www.entirefm.com/services/out-of-hours-support",200,"https://www.entirefm.com/services/out-of-hours-support",0,"24/7Out-of-HoursFMSupport","Out of Hours Support &amp; Emergency Attendance | 24/7 | EntireFM | EntireFM","24/7 out of hours support and emergency attendance for commercial buildings. Engineer dispatch, alarm response, BMS monitoring, and security attendance.","https://www.entirefm.com","index, follow",TRUE,""
"/services/plant-room-risk-assessments","https://www.entirefm.com/services/plant-room-risk-assessments",200,"https://www.entirefm.com/services/plant-room-risk-assessments",0,"Plant Room Risk Assessments","Plant Room Risk Assessments | Mechanical &amp; Electrical Hazards | Entire FM | EntireFM","Comprehensive plant room risk assessments identifying operational, electrical, thermal, and fire risks. Control measures for machinery, stored energy, hot works, and confined spaces.","https://www.entirefm.com","index, follow",TRUE,""
"/services/plumbing","https://www.entirefm.com/services/plumbing",200,"https://www.entirefm.com/services/plumbing",0,"Plumbing &amp; Gas That Works. Every Single Time.","Commercial Plumbing &amp; Gas Safety UK | CP42 Certification | EntireFM | EntireFM","Gas Safe registered plumbing and gas safety services. CP42 certification, boiler servicing, emergency call-outs, and compliance management for commercial buildings.","https://www.entirefm.com","index, follow",TRUE,""
"/services/power-quality-analysis","https://www.entirefm.com/services/power-quality-analysis",200,"https://www.entirefm.com/services/critical/power-quality",1,"Power Quality Analysis (PF, THD &amp; Voltage Stability)","Power Quality Analysis (PF, THD &amp; Voltage Stability) | EntireFM","Power quality surveys identifying harmonic distortion, voltage sags, transients, and power factor issues. Corrective engineering to protect critical IT and electrical infrastructure.","https://www.entirefm.com","index, follow",TRUE,""
"/services/ppm","https://www.entirefm.com/services/ppm",200,"https://www.entirefm.com/services/ppm",0,"Planned Preventative Maintenance — Proactive. Compliant. Cost-Effective.","Planned Preventative Maintenance (PPM) Services UK | EntireFM | EntireFM","EntireFM delivers SFG20-aligned planned preventative maintenance across the UK — scheduled M&amp;E servicing, HVAC, fire safety, and statutory compliance. Reduce reactive costs. Stay compliant.","https://www.entirefm.com/services/ppm","index, follow",TRUE,""
"/services/ppm/Birmingham","https://www.entirefm.com/services/ppm/Birmingham",200,"https://www.entirefm.com/services/ppm/birmingham",1,"Planned Preventive Maintenance – Birmingham","PPM Services in Birmingham | Planned Preventative Maintenance | Entire FM | EntireFM","Integrated PPM for Birmingham logistics and manufacturing estates. Fire, HVAC, electrical, water &amp; gas compliance in one proactive programme. Build PPM plan.","https://www.entirefm.com","index, follow",TRUE,""
"/services/ppm/Chesterfield","https://www.entirefm.com/services/ppm/Chesterfield",200,"https://www.entirefm.com/services/ppm/chesterfield",1,"Planned Preventive Maintenance – Chesterfield","PPM Services in Chesterfield | Planned Preventative Maintenance | Entire FM | EntireFM","PPM for Chesterfield logistics estates. Safety and productivity protection preventing lost orders from downtime. Book PPM audit.","https://www.entirefm.com","index, follow",TRUE,""
"/services/ppm/Derby","https://www.entirefm.com/services/ppm/Derby",200,"https://www.entirefm.com/services/ppm/derby",1,"Planned Preventive Maintenance – Derby","PPM Services in Derby | Planned Preventative Maintenance | Entire FM | EntireFM","PPM for Derby aerospace and engineering estates. Total reliability for production and public access. Schedule PPM review.","https://www.entirefm.com","index, follow",TRUE,""
"/services/ppm/Leeds","https://www.entirefm.com/services/ppm/Leeds",200,"https://www.entirefm.com/services/ppm/leeds",1,"Planned Preventive Maintenance – Leeds","PPM Services in Leeds | Planned Preventative Maintenance | Entire FM | EntireFM","PPM safeguarding corporate HQ operations in Leeds. Fire, HVAC, electrical, gas, water bundled in one governance platform. Book PPM assessment.","https://www.entirefm.com","index, follow",TRUE,""
"/services/ppm/Lincoln","https://www.entirefm.com/services/ppm/Lincoln",200,"https://www.entirefm.com/services/ppm/lincoln",1,"Planned Preventive Maintenance – Lincoln","PPM Services in Lincoln | Planned Preventative Maintenance | Entire FM | EntireFM","PPM for Lincoln healthcare and heritage estates. Integrated maintenance with digital compliance governance. Build long-term maintenance plan.","https://www.entirefm.com","index, follow",TRUE,""
"/services/ppm/London","https://www.entirefm.com/services/ppm/London",200,"https://www.entirefm.com/services/ppm/london",1,"Planned Preventive Maintenance &amp; Asset Compliance – London","PPM Services in London | Planned Preventative Maintenance | Entire FM | EntireFM","Proactive PPM programmes integrating fire, electrical, HVAC, water and gas compliance for London estates. Digital governance, predictive maintenance. Build programme.","https://www.entirefm.com","index, follow",TRUE,""
"/services/ppm/Manchester","https://www.entirefm.com/services/ppm/Manchester",200,"https://www.entirefm.com/services/ppm/manchester",1,"Planned Preventive Maintenance – Manchester","PPM Services in Manchester | Planned Preventative Maintenance | Entire FM | EntireFM","Integrated PPM for Manchester student and hospitality estates. Protect reputation and revenue with proactive maintenance across essential services. Create schedule.","https://www.entirefm.com","index, follow",TRUE,""
"/services/ppm/Nottingham","https://www.entirefm.com/services/ppm/Nottingham",200,"https://www.entirefm.com/services/ppm/nottingham",1,"Planned Preventive Maintenance – Nottingham","PPM Services in Nottingham | Planned Preventative Maintenance | Entire FM | EntireFM","PPM for Nottingham PBSA and leisure estates. Proactive asset management prevents customer-facing failures. Build custom PPM plan.","https://www.entirefm.com","index, follow",TRUE,""
"/services/ppm/Sheffield","https://www.entirefm.com/services/ppm/Sheffield",200,"https://www.entirefm.com/services/ppm/sheffield",1,"Planned Preventive Maintenance – Sheffield","PPM Services in Sheffield | Planned Preventative Maintenance | Entire FM | EntireFM","Industrial PPM for Sheffield manufacturing estates. Predictive maintenance and full compliance management. Protect asset availability.","https://www.entirefm.com","index, follow",TRUE,""
"/services/pump-room-maintenance","https://www.entirefm.com/services/pump-room-maintenance",200,"https://www.entirefm.com/services/pump-room-maintenance",0,"Pump Room Maintenance","Pump Room Maintenance | Critical Plant Servicing | Entire FM | EntireFM","Expert pump room maintenance for heating, water, and fire suppression systems. Duty/standby rotation, seal inspections, flow performance checks, and thermal imaging for commercial properties.","https://www.entirefm.com","index, follow",TRUE,""
"/services/pump-station-servicing","https://www.entirefm.com/services/pump-station-servicing",200,"https://www.entirefm.com/services/pump-station-servicing",0,"Pump Station Servicing","Pump Station Servicing | Foul &amp; Surface Water Pump Maintenance | EntireFM","Commercial foul &amp; surface water pump station servicing, monitoring and compliance. Expert pump station maintenance and environmental compliance.","https://www.entirefm.com","index, follow",TRUE,""
"/services/rising-mains","https://www.entirefm.com/services/rising-mains",200,"https://www.entirefm.com/services/rising-mains",0,"Rising Mains (Wet &amp; Dry)","Rising Mains Testing &amp; Maintenance | BS 9990 Compliance | Entire FM | EntireFM","Expert rising mains testing for wet and dry systems. BS 9990 compliance, flow testing, landing valve checks, and pressure integrity verification for high-rise firefighting infrastructure.","https://www.entirefm.com","index, follow",TRUE,""
"/services/roller-shutter-maintenance","https://www.entirefm.com/services/roller-shutter-maintenance",200,"https://www.entirefm.com/services/roller-shutter-maintenance",0,"Roller Shutter &amp; Industrial Door Maintenance","Roller Shutter &amp; Industrial Door Maintenance | PUWER Compliance | Entire FM | EntireFM","Safety-critical roller shutter maintenance under PUWER. Spring/balance testing, motor performance, safety brake checks, guide rail servicing, and emergency release testing.","https://www.entirefm.com","index, follow",TRUE,""
"/services/roof-safety-inspections","https://www.entirefm.com/services/roof-safety-inspections",200,"https://www.entirefm.com/services/roof-safety-inspections",0,"Roof Safety System Inspections","Roof Safety System Inspections | Working at Height Compliance | EntireFM","Guardrails, walkways, fixed ladders, harness points and safe-access assets. Expert roof safety inspections under HSE guidance.","https://www.entirefm.com","index, follow",TRUE,""
"/services/security-systems-healthcheck","https://www.entirefm.com/services/security-systems-healthcheck",200,"https://www.entirefm.com/services/security-systems-healthcheck",0,"Estate Security System Health Check","Estate Security Systems Health Check | Whole-Site Security Assessment | EntireFM","Whole-site assessments covering CCTV, access control, alarms, barriers and ANPR. Expert security system health checks and compliance audits.","https://www.entirefm.com","index, follow",TRUE,""
"/services/smart-building-iot","https://www.entirefm.com/services/smart-building-iot",200,"https://www.entirefm.com/services/smart-building-io-t",1,"Smart Building IoT Sensors &amp; Analytics","Smart Building IoT Sensors &amp; Analytics | Real-Time Monitoring | EntireFM | EntireFM","Smart building IoT sensors providing real-time visibility of occupancy, energy, air quality and asset performance. Wireless sensor networks with cloud analytics.","https://www.entirefm.com","index, follow",TRUE,""
"/services/smoke-vent-systems","https://www.entirefm.com/services/smoke-vent-systems",200,"https://www.entirefm.com/services/smoke-vent-systems",0,"Smoke Vent &amp; Fire Extraction Systems","Smoke Vent &amp; Fire Extraction Systems | AOV Testing | EntireFM | EntireFM","Professional smoke vent and fire extraction system maintenance. AOV testing, inspection, and certification to BS EN 12101 standards.","https://www.entirefm.com","index, follow",TRUE,""
"/services/soft-fm","https://www.entirefm.com/services/soft-fm",200,"https://www.entirefm.com/services/soft-fm",0,"Soft FM Services — Safe, Clean, &amp; Welcoming","Soft FM Services UK | Cleaning, Security &amp; Grounds Maintenance | EntireFM | EntireFM","Complete soft FM services from EntireFM — commercial cleaning, SIA-trained security, grounds maintenance, concierge, and caretaking for residential, commercial, and retail clients across the UK.","https://www.entirefm.com/services/soft-fm","index, follow",TRUE,""
"/services/space-planning","https://www.entirefm.com/services/space-planning",200,"https://www.entirefm.com/services/space-planning",0,"Space Planning &amp; Workplace Adjustments","Space Planning &amp; Workplace Adjustments | Office Reconfiguration | EntireFM | EntireFM","Space planning and workplace adjustments for office reconfiguration. Welfare optimization, moves management and flexible workspace design.","https://www.entirefm.com","index, follow",TRUE,""
"/services/sprinklers","https://www.entirefm.com/services/sprinklers",200,"https://www.entirefm.com/services/sprinklers",0,"Fire Suppression Systems That Don&#x27;t Fail When Lives Depend on Them","Sprinkler &amp; Dry Riser Testing UK (BS EN 12845) | EntireFM","Full fire suppression maintenance for safety-critical sites.","https://www.entirefm.com","index, follow",TRUE,""
"/services/staircase-pressurisation","https://www.entirefm.com/services/staircase-pressurisation",404,"https://www.entirefm.com/services/staircase-pressurisation",0,"404","404: This page could not be found.","EntireFM delivers expert facilities management services across the UK — hard FM, planned preventative maintenance, industrial cleaning, and 24/7 helpdesk support for commercial and residential clients. Founded 2009.","https://www.entirefm.com","noindex",TRUE,""
"/services/sustainability-monitoring","https://www.entirefm.com/services/sustainability-monitoring",200,"https://www.entirefm.com/services/sustainability-monitoring",0,"Sustainability Performance Monitoring","Sustainability Performance Monitoring | ESG Reporting | EntireFM | EntireFM","Sustainability performance monitoring tracking energy, water, waste and carbon metrics to optimise operational sustainability and ESG reporting for commercial estates.","https://www.entirefm.com","index, follow",TRUE,""
"/services/thermal-imaging-surveys","https://www.entirefm.com/services/thermal-imaging-surveys",200,"https://www.entirefm.com/services/critical/thermal-imaging",1,"Thermal Imaging for Electrical Systems &amp; Data Rooms","Thermal Imaging for Electrical Systems &amp; Data Rooms | EntireFM","Non-invasive thermal imaging surveys identifying electrical hotspots, overheating components, and fire risks. BS 7671 compliant infrared inspections for critical infrastructure.","https://www.entirefm.com","index, follow",TRUE,""
"/services/total-facilities-management","https://www.entirefm.com/services/total-facilities-management",200,"https://www.entirefm.com/services/total-facilities-management",0,"Total Facilities Management — One Partner. Every Service. Complete Accountability.","Total Facilities Management UK | Integrated TFM | EntireFM | EntireFM","EntireFM delivers total facilities management (TFM) across the UK — one contract, one provider, covering all hard and soft FM services for commercial, residential, and industrial clients.","https://www.entirefm.com/services/total-facilities-management","index, follow",TRUE,""
"/services/ups-maintenance","https://www.entirefm.com/services/ups-maintenance",200,"https://www.entirefm.com/services/critical/ups-maintenance",1,"UPS Maintenance &amp; Battery Testing","UPS Maintenance &amp; Battery Testing | Critical Power | EntireFM","UPS maintenance including battery impedance testing, load bank verification, and replacement cycles. Static and modular UPS servicing for data centres and mission-critical facilities.","https://www.entirefm.com","index, follow",TRUE,""
"/services/waste-compliance","https://www.entirefm.com/services/waste-compliance",200,"https://www.entirefm.com/services/waste-compliance",0,"Waste Management &amp; Environmental Compliance","Waste Management &amp; Environmental Compliance | Duty of Care | EntireFM | EntireFM","Waste management and environmental compliance for commercial estates. Ensuring Duty of Care, documentation, hazardous waste handling, and sustainable waste practices.","https://www.entirefm.com","index, follow",TRUE,""
"/services/water-hygiene","https://www.entirefm.com/services/water-hygiene",200,"https://www.entirefm.com/services/water-hygiene",0,"Water Hygiene &amp; Legionella Compliance","Water Hygiene &amp; Legionella Compliance UK | ACOP L8 | EntireFM | EntireFM","ACOP L8 and HSG274 compliant water hygiene services. Legionella risk assessments, temperature monitoring, UKAS sampling and rapid remedials across UK estates.","https://www.entirefm.com","index, follow",TRUE,""
"/services/water-optimisation","https://www.entirefm.com/services/water-optimisation",200,"https://www.entirefm.com/services/water-optimisation",0,"Water Consumption Optimisation","Water Consumption Optimisation | Leak Detection &amp; Efficiency | EntireFM | EntireFM","Water consumption optimisation reducing wastage and improving efficiency in commercial estates. Flow restrictors, leak detection, smart metering and benchmarking.","https://www.entirefm.com","index, follow",TRUE,""
"/services/water-treatment-plant-maintenance","https://www.entirefm.com/services/water-treatment-plant-maintenance",200,"https://www.entirefm.com/services/water-treatment-plant-maintenance",0,"Water Treatment Plant Maintenance","Water Treatment Plant Maintenance | Filtration &amp; Softening Systems | Entire FM | EntireFM","Commercial water treatment plant maintenance for large estates. Filtration media checks, softener servicing, chlorination systems, and legionella control integration.","https://www.entirefm.com","index, follow",TRUE,""
"/services/water/Birmingham","https://www.entirefm.com/services/water/Birmingham",200,"https://www.entirefm.com/services/water/birmingham",1,"Legionella Compliance &amp; Water Hygiene – Birmingham","Water Hygiene &amp; Legionella Testing in Birmingham | Local Testing &amp; Statutory Compliance | EntireFM | EntireFM","Legionella compliance for West Midlands businesses. ACOP L8 risk assessments, monitoring programmes, and rapid remedials for warehouses, retail, and corporate estates in Birmingham.","https://www.entirefm.com","index, follow",TRUE,""
"/services/water/Chesterfield","https://www.entirefm.com/services/water/Chesterfield",200,"https://www.entirefm.com/services/water/chesterfield",1,"Legionella Compliance &amp; Water Hygiene – Chesterfield","Water Hygiene &amp; Legionella Testing in Chesterfield | Local Testing &amp; Statutory Compliance | EntireFM | EntireFM","Distribution centre Legionella compliance for Chesterfield. ACOP L8 risk assessments, operational monitoring, and rapid remedials for M1 corridor logistics facilities.","https://www.entirefm.com","index, follow",TRUE,""
"/services/water/Derby","https://www.entirefm.com/services/water/Derby",200,"https://www.entirefm.com/services/water/derby",1,"Legionella Compliance &amp; Water Hygiene – Derby","Water Hygiene &amp; Legionella Testing in Derby | Local Testing &amp; Statutory Compliance | EntireFM | EntireFM","Transport and aerospace Legionella compliance for Derby. ACOP L8 risk assessments, operational monitoring, and rapid remedials for transport hubs and manufacturing facilities.","https://www.entirefm.com","index, follow",TRUE,""
"/services/water/Leeds","https://www.entirefm.com/services/water/Leeds",200,"https://www.entirefm.com/services/water/leeds",1,"Legionella Compliance &amp; Water Hygiene – Leeds","Water Hygiene &amp; Legionella Testing in Leeds | Local Testing &amp; Statutory Compliance | EntireFM | EntireFM","Specialist Legionella compliance for Leeds healthcare, PBSA, and public buildings. ACOP L8 and HTM 04-01 risk assessments, year-round monitoring, and rapid remedials.","https://www.entirefm.com","index, follow",TRUE,""
"/services/water/Lincoln","https://www.entirefm.com/services/water/Lincoln",200,"https://www.entirefm.com/services/water/lincoln",1,"Legionella Compliance &amp; Water Hygiene – Lincoln","Water Hygiene &amp; Legionella Testing in Lincoln | Local Testing &amp; Statutory Compliance | EntireFM | EntireFM","Healthcare and heritage Legionella compliance for Lincoln. ACOP L8 and HTM 04-01 risk assessments, specialist monitoring, and rapid remedials for sensitive buildings.","https://www.entirefm.com","index, follow",TRUE,""
"/services/water/London","https://www.entirefm.com/services/water/London",200,"https://www.entirefm.com/services/water/london",1,"Legionella Compliance &amp; Water Hygiene – London","Water Hygiene &amp; Legionella Testing in London | Local Testing &amp; Statutory Compliance | EntireFM | EntireFM","Comprehensive Legionella compliance and water hygiene services across London. ACOP L8 risk assessments, monitoring programmes, and rapid remedials for corporate, retail &amp; healthcare estates.","https://www.entirefm.com","index, follow",TRUE,""
"/services/water/Manchester","https://www.entirefm.com/services/water/Manchester",200,"https://www.entirefm.com/services/water/manchester",1,"Legionella Compliance &amp; Water Hygiene – Manchester","Water Hygiene &amp; Legionella Testing in Manchester | Local Testing &amp; Statutory Compliance | EntireFM | EntireFM","Specialist Legionella compliance for Manchester&#x27;s student accommodation and commercial properties. ACOP L8 risk assessments, monitoring, and rapid remedials for PBSA, offices, and retail.","https://www.entirefm.com","index, follow",TRUE,""
"/services/water/Nottingham","https://www.entirefm.com/services/water/Nottingham",200,"https://www.entirefm.com/services/water/nottingham",1,"Legionella Compliance &amp; Water Hygiene – Nottingham","Water Hygiene &amp; Legionella Testing in Nottingham | Local Testing &amp; Statutory Compliance | EntireFM | EntireFM","Student accommodation Legionella compliance for Nottingham. ACOP L8 risk assessments, vacation period flushing, and rapid remedials for PBSA, universities, and commercial properties.","https://www.entirefm.com","index, follow",TRUE,""
"/services/water/Sheffield","https://www.entirefm.com/services/water/Sheffield",200,"https://www.entirefm.com/services/water/sheffield",1,"Legionella Compliance &amp; Water Hygiene – Sheffield","Water Hygiene &amp; Legionella Testing in Sheffield | Local Testing &amp; Statutory Compliance | EntireFM | EntireFM","Specialist Legionella compliance for Sheffield&#x27;s industrial and manufacturing sector. ACOP L8 risk assessments, cooling tower monitoring, and rapid remedials with minimal downtime.","https://www.entirefm.com","index, follow",TRUE,""
"/sitemap","https://www.entirefm.com/sitemap",200,"https://www.entirefm.com/sitemap",0,"Sitemap","Sitemap | EntireFM - All Pages &amp; Services | EntireFM","Complete sitemap of EntireFM facilities management services, locations, sectors, and resources. Find all pages across our comprehensive FM services platform.","https://www.entirefm.com","index, follow",TRUE,""
"/social-value","https://www.entirefm.com/social-value",200,"https://www.entirefm.com/social-value",0,"We don&#x27;t just maintain buildings.We support the communities around them.","Social Value &amp; Community Impact | EntireFM | EntireFM","Measurable social value delivery through facilities management. Local employment, apprenticeships, and community support.","https://www.entirefm.com","index, follow",TRUE,""
"/soft-services/concierge","https://www.entirefm.com/soft-services/concierge",200,"https://www.entirefm.com/services/soft-fm",1,"Soft FM Services — Safe, Clean, &amp; Welcoming","Soft FM Services UK | Cleaning, Security &amp; Grounds Maintenance | EntireFM | EntireFM","Complete soft FM services from EntireFM — commercial cleaning, SIA-trained security, grounds maintenance, concierge, and caretaking for residential, commercial, and retail clients across the UK.","https://www.entirefm.com/services/soft-fm","index, follow",TRUE,""
"/soft-services/grounds-maintenance","https://www.entirefm.com/soft-services/grounds-maintenance",200,"https://www.entirefm.com/services/soft-fm",1,"Soft FM Services — Safe, Clean, &amp; Welcoming","Soft FM Services UK | Cleaning, Security &amp; Grounds Maintenance | EntireFM | EntireFM","Complete soft FM services from EntireFM — commercial cleaning, SIA-trained security, grounds maintenance, concierge, and caretaking for residential, commercial, and retail clients across the UK.","https://www.entirefm.com/services/soft-fm","index, follow",TRUE,""
"/soft-services/specialist-cleaning","https://www.entirefm.com/soft-services/specialist-cleaning",200,"https://www.entirefm.com/services/soft-fm",1,"Soft FM Services — Safe, Clean, &amp; Welcoming","Soft FM Services UK | Cleaning, Security &amp; Grounds Maintenance | EntireFM | EntireFM","Complete soft FM services from EntireFM — commercial cleaning, SIA-trained security, grounds maintenance, concierge, and caretaking for residential, commercial, and retail clients across the UK.","https://www.entirefm.com/services/soft-fm","index, follow",TRUE,""
"/soft-services/waste-recycling","https://www.entirefm.com/soft-services/waste-recycling",200,"https://www.entirefm.com/services/waste-compliance",1,"Waste Management &amp; Environmental Compliance","Waste Management &amp; Environmental Compliance | Duty of Care | EntireFM | EntireFM","Waste management and environmental compliance for commercial estates. Ensuring Duty of Care, documentation, hazardous waste handling, and sustainable waste practices.","https://www.entirefm.com","index, follow",TRUE,""
"/suppliers","https://www.entirefm.com/suppliers",200,"https://www.entirefm.com/suppliers",0,"Supplier &amp; Specialist Partner Hub","Supplier &amp; Specialist Partner Hub | EntireFM | EntireFM","Join the EntireFM specialist supply chain. We partner with qualified engineers and contractors who meet our governance and safety standards.","https://www.entirefm.com","index, follow",TRUE,""
"/sustainability","https://www.entirefm.com/sustainability",200,"https://www.entirefm.com/sustainability",0,"Sustainability &amp; Net Zero FM","Sustainability &amp; Net Zero FM Services | EntireFM | EntireFM","Achieve your environmental targets without compromising performance. Data-driven FM that reduces carbon, cuts energy costs, and delivers measurable ESG outcomes.","https://www.entirefm.com","index, follow",TRUE,""
"/technology","https://www.entirefm.com/technology",200,"https://www.entirefm.com/technology",0,"Every asset. Every status.Every certificate.","FM Technology &amp; CAFM Portal | EntireFM | EntireFM","Complete CAFM platform providing real-time visibility of assets, compliance, and FM operations with zero complexity.","https://www.entirefm.com","index, follow",TRUE,""
"/terms","https://www.entirefm.com/terms",200,"https://www.entirefm.com/terms",0,"Terms &amp; Conditions","EntireFM | Facilities Management Company | Nationwide UK","EntireFM delivers expert facilities management services across the UK — hard FM, planned preventative maintenance, industrial cleaning, and 24/7 helpdesk support for commercial and residential clients. Founded 2009.","https://www.entirefm.com","index, follow",TRUE,""
"/tools/compliance-calendar","https://www.entirefm.com/tools/compliance-calendar",200,"https://www.entirefm.com/tools/compliance-calendar",0,"FM Compliance Calendar","FM Compliance Calendar — Free Tool | EntireFM | EntireFM","Generate a personalised FM compliance calendar for your building — covering all statutory and recommended maintenance requirements month by month. Export to Google Calendar or Outlook. Free.","https://www.entirefm.com/tools/compliance-calendar","index, follow",TRUE,""
"/tools/compliance-checker","https://www.entirefm.com/tools/compliance-checker",200,"https://www.entirefm.com/tools/compliance-checker",0,"FM Compliance Checker","FM Compliance Checker — Free Tool | EntireFM | EntireFM","Check your building&#x27;s compliance position in under 2 minutes. Answer 8 questions and receive a free personalised FM compliance report covering fire safety, PPM, electrical, water safety, and more.","https://www.entirefm.com/tools/compliance-checker","index, follow",TRUE,""
"/tools/cost-savings-calculator","https://www.entirefm.com/tools/cost-savings-calculator",404,"https://www.entirefm.com/tools/cost-savings-calculator",0,"404","404: This page could not be found.","EntireFM delivers expert facilities management services across the UK — hard FM, planned preventative maintenance, industrial cleaning, and 24/7 helpdesk support for commercial and residential clients. Founded 2009.","https://www.entirefm.com","noindex",TRUE,""
"/tools/fm-health-check","https://www.entirefm.com/tools/fm-health-check",200,"https://www.entirefm.com/tools/fm-health-check",0,"How Compliant Is Your Building?","FM Building Health Check — Free Quiz | EntireFM | EntireFM","How compliant is your building? Answer 12 questions in 2 minutes and get a personalised FM compliance score — with a breakdown of your gaps and recommended next steps.","https://www.entirefm.com/tools/fm-health-check","index, follow",TRUE,""
"/tools/fm-roi-calculator","https://www.entirefm.com/tools/fm-roi-calculator",200,"https://www.entirefm.com/tools/fm-roi-calculator",0,"FM Total Cost of Ownership Calculator","FM ROI Calculator — True Cost of FM | EntireFM | EntireFM","Calculate the true cost of your current FM model — including hidden costs — and see your 5-year saving potential with EntireFM. Free, instant, downloadable report.","https://www.entirefm.com/tools/fm-roi-calculator","index, follow",TRUE,""
"/tools/ppm-calculator","https://www.entirefm.com/tools/ppm-calculator",404,"https://www.entirefm.com/tools/ppm-calculator",0,"404","404: This page could not be found.","EntireFM delivers expert facilities management services across the UK — hard FM, planned preventative maintenance, industrial cleaning, and 24/7 helpdesk support for commercial and residential clients. Founded 2009.","https://www.entirefm.com","noindex",TRUE,""
"/tools/ppm-estimator","https://www.entirefm.com/tools/ppm-estimator",200,"https://www.entirefm.com/tools/ppm-estimator",0,"PPM Cost Estimator","PPM Cost Estimator — Free Tool | EntireFM | EntireFM","Get a free ballpark planned preventative maintenance cost estimate in under 2 minutes. Enter your site profile and see a realistic PPM programme cost range with potential savings calculation.","https://www.entirefm.com/tools/ppm-estimator","index, follow",TRUE,""
"/tools/ppm-schedule-builder","https://www.entirefm.com/tools/ppm-schedule-builder",200,"https://www.entirefm.com/tools/ppm-schedule-builder",0,"PPM Schedule Builder","PPM Schedule Builder — Free Tool | EntireFM | EntireFM","Build a complete planned preventative maintenance schedule for your building in minutes. Select your assets, generate SFG20-aligned frequencies, and download your schedule free.","https://www.entirefm.com/tools/ppm-schedule-builder","index, follow",TRUE,""
"/tools/risk-diagnostic","https://www.entirefm.com/tools/risk-diagnostic",200,"https://www.entirefm.com/tools/fm-health-check",1,"How Compliant Is Your Building?","FM Building Health Check — Free Quiz | EntireFM | EntireFM","How compliant is your building? Answer 12 questions in 2 minutes and get a personalised FM compliance score — with a breakdown of your gaps and recommended next steps.","https://www.entirefm.com/tools/fm-health-check","index, follow",TRUE,""
"/tools/sla-benchmark","https://www.entirefm.com/tools/sla-benchmark",404,"https://www.entirefm.com/tools/sla-benchmark",0,"404","404: This page could not be found.","EntireFM delivers expert facilities management services across the UK — hard FM, planned preventative maintenance, industrial cleaning, and 24/7 helpdesk support for commercial and residential clients. Founded 2009.","https://www.entirefm.com","noindex",TRUE,""
"/tools/tender-brief","https://www.entirefm.com/tools/tender-brief",200,"https://www.entirefm.com/tools/tender-brief",0,"FM Tender Brief Generator","FM Tender Brief Generator — Free Tool | EntireFM | EntireFM","Generate a professional facilities management service specification in minutes. Describe your FM requirements and download a complete tender brief — free, no expertise needed.","https://www.entirefm.com/tools/tender-brief","index, follow",TRUE,""
"/tools/tm44-checker","https://www.entirefm.com/tools/tm44-checker",404,"https://www.entirefm.com/tools/tm44-checker",0,"404","404: This page could not be found.","EntireFM delivers expert facilities management services across the UK — hard FM, planned preventative maintenance, industrial cleaning, and 24/7 helpdesk support for commercial and residential clients. Founded 2009.","https://www.entirefm.com","noindex",TRUE,""
"/tools/water-risk-grader","https://www.entirefm.com/tools/water-risk-grader",200,"https://www.entirefm.com/tools/fm-health-check",1,"How Compliant Is Your Building?","FM Building Health Check — Free Quiz | EntireFM | EntireFM","How compliant is your building? Answer 12 questions in 2 minutes and get a personalised FM compliance score — with a breakdown of your gaps and recommended next steps.","https://www.entirefm.com/tools/fm-health-check","index, follow",TRUE,""
"/visual-standards","https://www.entirefm.com/visual-standards",200,"https://www.entirefm.com/visual-standards",0,"Small details make big impressions.And we perfect the details.","Visual Standards | EntireFM Branding &amp; Identity | EntireFM","Our visual identity and standards. Consistency in presentation and professional appearance across all EntireFM operations.","https://www.entirefm.com","index, follow",TRUE,""
"/warehouse-facilities-management","https://www.entirefm.com/warehouse-facilities-management",200,"https://www.entirefm.com/warehouse-facilities-management",0,"Warehouse &amp; Logistics Facilities Management — Uptime is Revenue in Modern Logistics","Warehouse &amp; Logistics Facilities Management UK | EntireFM | EntireFM","Bespoke warehouse &amp; logistics FM services from EntireFM — Logistics hubs never sleep. Maintaining loading bay safety, fire suppression systems for high-rack s...","https://www.entirefm.com/warehouse-facilities-management","index, follow",TRUE,""
"/why-entirefm","https://www.entirefm.com/why-entirefm",200,"https://www.entirefm.com/why-entirefm",0,"Why EntireFM","Why EntireFM? | Independent Facilities Management Partner | EntireFM","Independent FM that delivers control, responsiveness, and governance — without the friction of enterprise bureaucracy.","https://www.entirefm.com","index, follow",TRUE,""
"/why-switch","https://www.entirefm.com/why-switch",200,"https://www.entirefm.com/why-switch",0,"Tired of Excuses? Change to Execution.","Why Switch to EntireFM | Facilities Management Transition | EntireFM","Tired of excuses? Experience FM that performs. We handle the transition so you don&#x27;t have to. No operational downtime, no compliance gaps.","https://www.entirefm.com","index, follow",TRUE,""