URL,Status,Canonical,Title,Meta Description,H1,Robots,Word/Content Status,Inlinks,Outlinks,Sitemap Group,Schema
"https://entirefm.com","200 OK","https://entirefm.com","Entire FM | Total Facilities Management Services UK","Entire FM delivers integrated Hard FM, Soft FM, mechanical & electrical engineering, scheduled PPM, and specialist facilities services across the UK.","Total Facilities Management & Engineering Precision","INDEX, FOLLOW (Production)","COMPLETE (Enriched)","Hub Connected","Cross-Linked","core","Organization, Service, BreadcrumbList, FAQPage"
"https://entirefm.com/24-7-fm-support","200 OK","https://entirefm.com/24-7-fm-support","24 7 Fm Support | Entire FM","Entire FM — 24 7 Fm Support. Dedicated facilities management, mechanical & electrical engineering, and property maintenance services.","24 7 Fm Support","INDEX, FOLLOW (Production)","COMPLETE (Enriched)","Hub Connected","Cross-Linked","core","Organization, Service, BreadcrumbList, FAQPage"
"https://entirefm.com/about-entire-facilities-management","200 OK","https://entirefm.com/about-entire-facilities-management","About Entire Facilities Management | Entire FM","Entire FM — About Entire Facilities Management. Dedicated facilities management, mechanical & electrical engineering, and property maintenance services.","About Entire Facilities Management","INDEX, FOLLOW (Production)","COMPLETE (Enriched)","Hub Connected","Cross-Linked","company","Organization, Service, BreadcrumbList, FAQPage"
"https://entirefm.com/accessibility-statement","200 OK","https://entirefm.com/accessibility-statement","Accessibility Statement | Entire FM","Entire FM — Accessibility Statement. Dedicated facilities management, mechanical & electrical engineering, and property maintenance services.","Accessibility Statement","INDEX, FOLLOW (Production)","COMPLETE (Enriched)","Hub Connected","Cross-Linked","core","Organization, Service, BreadcrumbList, FAQPage"
"https://entirefm.com/aerial-drone-building-inspection","200 OK","https://entirefm.com/aerial-drone-building-inspection","Aerial Drone Building Inspection | Entire FM","Entire FM — Aerial Drone Building Inspection. Dedicated facilities management, mechanical & electrical engineering, and property maintenance services.","Aerial Drone Building Inspection","INDEX, FOLLOW (Production)","COMPLETE (Enriched)","Hub Connected","Cross-Linked","hard-fm","Organization, Service, BreadcrumbList, FAQPage"
"https://entirefm.com/airport-facilities-management","200 OK","https://entirefm.com/airport-facilities-management","Airport Facilities Management Solutions | Entire FM","Specialized facilities management for the airport sector — statutory compliance, asset uptime, M&E engineering, and cleaning.","Airport Facilities Management","INDEX, FOLLOW (Production)","COMPLETE (Enriched)","Hub Connected","Cross-Linked","sectors","Organization, Service, BreadcrumbList, FAQPage"
"https://entirefm.com/arena-facilities-management","200 OK","https://entirefm.com/arena-facilities-management","Arena Facilities Management Solutions | Entire FM","Specialized facilities management for the arena sector — statutory compliance, asset uptime, M&E engineering, and cleaning.","Arena Facilities Management","INDEX, FOLLOW (Production)","COMPLETE (Enriched)","Hub Connected","Cross-Linked","sectors","Organization, Service, BreadcrumbList, FAQPage"
"https://entirefm.com/best-facilities-management-company","200 OK","https://entirefm.com/best-facilities-management-company","Best Facilities Management Company | Entire FM","Entire FM — Best Facilities Management Company. Dedicated facilities management, mechanical & electrical engineering, and property maintenance services.","Best Facilities Management Company","INDEX, FOLLOW (Production)","COMPLETE (Enriched)","Hub Connected","Cross-Linked","company","Organization, Service, BreadcrumbList, FAQPage"
"https://entirefm.com/birmingham-facilities-management","200 OK","https://entirefm.com/birmingham-facilities-management","Birmingham Facilities Management | Commercial Property Maintenance | Entire FM","Entire FM provides dedicated facilities management across Birmingham — hard FM, M&E engineering, PPM, cleaning, and 24/7 reactive callout support.","Birmingham Facilities Management & Building Maintenance","INDEX, FOLLOW (Production)","COMPLETE (Enriched)","Hub Connected","Cross-Linked","locations","Organization, Service, BreadcrumbList, FAQPage"
"https://entirefm.com/blog","200 OK","https://entirefm.com/blog","Blog | Facilities Management Insights | Entire FM","Read Entire FM’s comprehensive industry guide on blog for UK commercial property and estate managers.","Blog","INDEX, FOLLOW (Production)","COMPLETE (Enriched)","Hub Connected","Cross-Linked","insights","Organization, Service, BreadcrumbList, FAQPage"
"https://entirefm.com/bocker-crane-hire","200 OK","https://entirefm.com/bocker-crane-hire","Bocker Crane Hire | Entire FM","Entire FM — Bocker Crane Hire. Dedicated facilities management, mechanical & electrical engineering, and property maintenance services.","Bocker Crane Hire","INDEX, FOLLOW (Production)","COMPLETE (Enriched)","Hub Connected","Cross-Linked","specialist-services","Organization, Service, BreadcrumbList, FAQPage"
"https://entirefm.com/bolton-facilities-management","200 OK","https://entirefm.com/bolton-facilities-management","Bolton Facilities Management | Commercial Property Maintenance | Entire FM","Entire FM provides dedicated facilities management across Bolton — hard FM, M&E engineering, PPM, cleaning, and 24/7 reactive callout support.","Bolton Facilities Management & Building Maintenance","INDEX, FOLLOW (Production)","COMPLETE (Enriched)","Hub Connected","Cross-Linked","locations","Organization, Service, BreadcrumbList, FAQPage"
"https://entirefm.com/bradford-facilities-management","200 OK","https://entirefm.com/bradford-facilities-management","Bradford Facilities Management | Commercial Property Maintenance | Entire FM","Entire FM provides dedicated facilities management across Bradford — hard FM, M&E engineering, PPM, cleaning, and 24/7 reactive callout support.","Bradford Facilities Management & Building Maintenance","INDEX, FOLLOW (Production)","COMPLETE (Enriched)","Hub Connected","Cross-Linked","locations","Organization, Service, BreadcrumbList, FAQPage"
"https://entirefm.com/building-inspecting-testing","200 OK","https://entirefm.com/building-inspecting-testing","Building Inspecting Testing | Entire FM","Entire FM — Building Inspecting Testing. Dedicated facilities management, mechanical & electrical engineering, and property maintenance services.","Building Inspecting Testing","INDEX, FOLLOW (Production)","COMPLETE (Enriched)","Hub Connected","Cross-Linked","hard-fm","Organization, Service, BreadcrumbList, FAQPage"
"https://entirefm.com/building-maintenance","200 OK","https://entirefm.com/building-maintenance","Building Maintenance | Entire FM","Entire FM — Building Maintenance. Dedicated facilities management, mechanical & electrical engineering, and property maintenance services.","Building Maintenance","INDEX, FOLLOW (Production)","COMPLETE (Enriched)","Hub Connected","Cross-Linked","hard-fm","Organization, Service, BreadcrumbList, FAQPage"
"https://entirefm.com/bury-facilities-management","200 OK","https://entirefm.com/bury-facilities-management","Bury Facilities Management | Commercial Property Maintenance | Entire FM","Entire FM provides dedicated facilities management across Bury — hard FM, M&E engineering, PPM, cleaning, and 24/7 reactive callout support.","Bury Facilities Management & Building Maintenance","INDEX, FOLLOW (Production)","COMPLETE (Enriched)","Hub Connected","Cross-Linked","locations","Organization, Service, BreadcrumbList, FAQPage"
"https://entirefm.com/caretaker","200 OK","https://entirefm.com/caretaker","Caretaker | Entire FM","Entire FM — Caretaker. Dedicated facilities management, mechanical & electrical engineering, and property maintenance services.","Caretaker","INDEX, FOLLOW (Production)","COMPLETE (Enriched)","Hub Connected","Cross-Linked","soft-fm","Organization, Service, BreadcrumbList, FAQPage"
"https://entirefm.com/carpark-management","200 OK","https://entirefm.com/carpark-management","Carpark Management | Entire FM","Entire FM — Carpark Management. Dedicated facilities management, mechanical & electrical engineering, and property maintenance services.","Carpark Management","INDEX, FOLLOW (Production)","COMPLETE (Enriched)","Hub Connected","Cross-Linked","soft-fm","Organization, Service, BreadcrumbList, FAQPage"
"https://entirefm.com/chesterfield-facilities-management","200 OK","https://entirefm.com/chesterfield-facilities-management","Chesterfield Facilities Management | Commercial Property Maintenance | Entire FM","Entire FM provides dedicated facilities management across Chesterfield — hard FM, M&E engineering, PPM, cleaning, and 24/7 reactive callout support.","Chesterfield Facilities Management & Building Maintenance","INDEX, FOLLOW (Production)","COMPLETE (Enriched)","Hub Connected","Cross-Linked","locations","Organization, Service, BreadcrumbList, FAQPage"
"https://entirefm.com/cleaning-services","200 OK","https://entirefm.com/cleaning-services","Cleaning Services | Entire FM","Entire FM — Cleaning Services. Dedicated facilities management, mechanical & electrical engineering, and property maintenance services.","Cleaning Services","INDEX, FOLLOW (Production)","COMPLETE (Enriched)","Hub Connected","Cross-Linked","cleaning","Organization, Service, BreadcrumbList, FAQPage"
"https://entirefm.com/client-login","200 OK","https://entirefm.com/client-login","Client Login | Entire FM","Entire FM — Client Login. Dedicated facilities management, mechanical & electrical engineering, and property maintenance services.","Client Login","INDEX, FOLLOW (Production)","COMPLETE (Enriched)","Hub Connected","Cross-Linked","company","Organization, Service, BreadcrumbList, FAQPage"
"https://entirefm.com/client-login/account-registration","200 OK","https://entirefm.com/client-login/account-registration","Client Login/Account Registration | Entire FM","Entire FM — Client Login/Account Registration. Dedicated facilities management, mechanical & electrical engineering, and property maintenance services.","Client Login/Account Registration","INDEX, FOLLOW (Production)","COMPLETE (Enriched)","Hub Connected","Cross-Linked","company","Organization, Service, BreadcrumbList, FAQPage"
"https://entirefm.com/commercial-cleaning-birmingham","200 OK","https://entirefm.com/commercial-cleaning-birmingham","Commercial Cleaning Birmingham | Specialist Commercial Services | Entire FM","Professional commercial cleaning across Birmingham — specialist equipment, certified operatives, and tailored commercial service schedules.","Commercial Cleaning Birmingham","INDEX, FOLLOW (Production)","COMPLETE (Enriched)","Hub Connected","Cross-Linked","local-services","Organization, Service, BreadcrumbList, FAQPage"
"https://entirefm.com/commercial-cleaning-chesterfield","200 OK","https://entirefm.com/commercial-cleaning-chesterfield","Commercial Cleaning Chesterfield | Specialist Commercial Services | Entire FM","Professional commercial cleaning across Chesterfield — specialist equipment, certified operatives, and tailored commercial service schedules.","Commercial Cleaning Chesterfield","INDEX, FOLLOW (Production)","COMPLETE (Enriched)","Hub Connected","Cross-Linked","local-services","Organization, Service, BreadcrumbList, FAQPage"
"https://entirefm.com/commercial-cleaning-leeds","200 OK","https://entirefm.com/commercial-cleaning-leeds","Commercial Cleaning Leeds | Specialist Commercial Services | Entire FM","Professional commercial cleaning across Leeds — specialist equipment, certified operatives, and tailored commercial service schedules.","Commercial Cleaning Leeds","INDEX, FOLLOW (Production)","COMPLETE (Enriched)","Hub Connected","Cross-Linked","local-services","Organization, Service, BreadcrumbList, FAQPage"
"https://entirefm.com/commercial-cleaning-lincoln","200 OK","https://entirefm.com/commercial-cleaning-lincoln","Commercial Cleaning Lincoln | Specialist Commercial Services | Entire FM","Professional commercial cleaning across Lincoln — specialist equipment, certified operatives, and tailored commercial service schedules.","Commercial Cleaning Lincoln","INDEX, FOLLOW (Production)","COMPLETE (Enriched)","Hub Connected","Cross-Linked","local-services","Organization, Service, BreadcrumbList, FAQPage"
"https://entirefm.com/commercial-cleaning-london","200 OK","https://entirefm.com/commercial-cleaning-london","Commercial Cleaning London | Specialist Commercial Services | Entire FM","Professional commercial cleaning across London — specialist equipment, certified operatives, and tailored commercial service schedules.","Commercial Cleaning London","INDEX, FOLLOW (Production)","COMPLETE (Enriched)","Hub Connected","Cross-Linked","local-services","Organization, Service, BreadcrumbList, FAQPage"
"https://entirefm.com/commercial-cleaning-manchester","200 OK","https://entirefm.com/commercial-cleaning-manchester","Commercial Cleaning Manchester | Specialist Commercial Services | Entire FM","Professional commercial cleaning across Manchester — specialist equipment, certified operatives, and tailored commercial service schedules.","Commercial Cleaning Manchester","INDEX, FOLLOW (Production)","COMPLETE (Enriched)","Hub Connected","Cross-Linked","local-services","Organization, Service, BreadcrumbList, FAQPage"
"https://entirefm.com/commercial-cleaning-nottingham","200 OK","https://entirefm.com/commercial-cleaning-nottingham","Commercial Cleaning Nottingham | Specialist Commercial Services | Entire FM","Professional commercial cleaning across Nottingham — specialist equipment, certified operatives, and tailored commercial service schedules.","Commercial Cleaning Nottingham","INDEX, FOLLOW (Production)","COMPLETE (Enriched)","Hub Connected","Cross-Linked","local-services","Organization, Service, BreadcrumbList, FAQPage"
"https://entirefm.com/commercial-cleaning-sheffield","200 OK","https://entirefm.com/commercial-cleaning-sheffield","Commercial Cleaning Sheffield | Specialist Commercial Services | Entire FM","Professional commercial cleaning across Sheffield — specialist equipment, certified operatives, and tailored commercial service schedules.","Commercial Cleaning Sheffield","INDEX, FOLLOW (Production)","COMPLETE (Enriched)","Hub Connected","Cross-Linked","local-services","Organization, Service, BreadcrumbList, FAQPage"
"https://entirefm.com/commercial-facilities-management","200 OK","https://entirefm.com/commercial-facilities-management","Commercial Facilities Management Solutions | Entire FM","Specialized facilities management for the commercial sector — statutory compliance, asset uptime, M&E engineering, and cleaning.","Commercial Facilities Management","INDEX, FOLLOW (Production)","COMPLETE (Enriched)","Hub Connected","Cross-Linked","sectors","Organization, Service, BreadcrumbList, FAQPage"
"https://entirefm.com/commercial-fm-lincoln","200 OK","https://entirefm.com/commercial-fm-lincoln","Lincoln Facilities Management | Commercial Property Maintenance | Entire FM","Entire FM provides dedicated facilities management across Lincoln — hard FM, M&E engineering, PPM, cleaning, and 24/7 reactive callout support.","Lincoln Facilities Management & Building Maintenance","INDEX, FOLLOW (Production)","COMPLETE (Enriched)","Hub Connected","Cross-Linked","locations","Organization, Service, BreadcrumbList, FAQPage"
"https://entirefm.com/concierge-services","200 OK","https://entirefm.com/concierge-services","Concierge Services | Entire FM","Entire FM — Concierge Services. Dedicated facilities management, mechanical & electrical engineering, and property maintenance services.","Concierge Services","INDEX, FOLLOW (Production)","COMPLETE (Enriched)","Hub Connected","Cross-Linked","soft-fm","Organization, Service, BreadcrumbList, FAQPage"
"https://entirefm.com/construction-facilities-management","200 OK","https://entirefm.com/construction-facilities-management","Construction Facilities Management Solutions | Entire FM","Specialized facilities management for the construction sector — statutory compliance, asset uptime, M&E engineering, and cleaning.","Construction Facilities Management","INDEX, FOLLOW (Production)","COMPLETE (Enriched)","Hub Connected","Cross-Linked","sectors","Organization, Service, BreadcrumbList, FAQPage"
"https://entirefm.com/contact-us","200 OK","https://entirefm.com/contact-us","Contact Us | Entire FM","Entire FM — Contact Us. Dedicated facilities management, mechanical & electrical engineering, and property maintenance services.","Contact Us","INDEX, FOLLOW (Production)","COMPLETE (Enriched)","Hub Connected","Cross-Linked","company","Organization, Service, BreadcrumbList, FAQPage"
"https://entirefm.com/contract-cleaning","200 OK","https://entirefm.com/contract-cleaning","Contract Cleaning | Entire FM","Entire FM — Contract Cleaning. Dedicated facilities management, mechanical & electrical engineering, and property maintenance services.","Contract Cleaning","INDEX, FOLLOW (Production)","COMPLETE (Enriched)","Hub Connected","Cross-Linked","cleaning","Organization, Service, BreadcrumbList, FAQPage"
"https://entirefm.com/contract-cleaning-chesterfield","200 OK","https://entirefm.com/contract-cleaning-chesterfield","Contract Cleaning Chesterfield | Specialist Commercial Services | Entire FM","Professional contract cleaning across Chesterfield — specialist equipment, certified operatives, and tailored commercial service schedules.","Contract Cleaning Chesterfield","INDEX, FOLLOW (Production)","COMPLETE (Enriched)","Hub Connected","Cross-Linked","local-services","Organization, Service, BreadcrumbList, FAQPage"
"https://entirefm.com/contract-cleaning-leeds","200 OK","https://entirefm.com/contract-cleaning-leeds","Contract Cleaning Leeds | Specialist Commercial Services | Entire FM","Professional contract cleaning across Leeds — specialist equipment, certified operatives, and tailored commercial service schedules.","Contract Cleaning Leeds","INDEX, FOLLOW (Production)","COMPLETE (Enriched)","Hub Connected","Cross-Linked","local-services","Organization, Service, BreadcrumbList, FAQPage"
"https://entirefm.com/contract-cleaning-lincoln","200 OK","https://entirefm.com/contract-cleaning-lincoln","Contract Cleaning Lincoln | Specialist Commercial Services | Entire FM","Professional contract cleaning across Lincoln — specialist equipment, certified operatives, and tailored commercial service schedules.","Contract Cleaning Lincoln","INDEX, FOLLOW (Production)","COMPLETE (Enriched)","Hub Connected","Cross-Linked","local-services","Organization, Service, BreadcrumbList, FAQPage"
"https://entirefm.com/contract-cleaning-london","200 OK","https://entirefm.com/contract-cleaning-london","Contract Cleaning London | Specialist Commercial Services | Entire FM","Professional contract cleaning across London — specialist equipment, certified operatives, and tailored commercial service schedules.","Contract Cleaning London","INDEX, FOLLOW (Production)","COMPLETE (Enriched)","Hub Connected","Cross-Linked","local-services","Organization, Service, BreadcrumbList, FAQPage"
"https://entirefm.com/contract-cleaning-manchester","200 OK","https://entirefm.com/contract-cleaning-manchester","Contract Cleaning Manchester | Specialist Commercial Services | Entire FM","Professional contract cleaning across Manchester — specialist equipment, certified operatives, and tailored commercial service schedules.","Contract Cleaning Manchester","INDEX, FOLLOW (Production)","COMPLETE (Enriched)","Hub Connected","Cross-Linked","local-services","Organization, Service, BreadcrumbList, FAQPage"
"https://entirefm.com/contract-cleaning-sheffield","200 OK","https://entirefm.com/contract-cleaning-sheffield","Contract Cleaning Sheffield | Specialist Commercial Services | Entire FM","Professional contract cleaning across Sheffield — specialist equipment, certified operatives, and tailored commercial service schedules.","Contract Cleaning Sheffield","INDEX, FOLLOW (Production)","COMPLETE (Enriched)","Hub Connected","Cross-Linked","local-services","Organization, Service, BreadcrumbList, FAQPage"
"https://entirefm.com/copy-of-helpdesk-registration","200 OK","https://entirefm.com/copy-of-helpdesk-registration","Copy Of Helpdesk Registration | Entire FM","Entire FM — Copy Of Helpdesk Registration. Dedicated facilities management, mechanical & electrical engineering, and property maintenance services.","Copy Of Helpdesk Registration","INDEX, FOLLOW (Production)","COMPLETE (Enriched)","Hub Connected","Cross-Linked","company","Organization, Service, BreadcrumbList, FAQPage"
"https://entirefm.com/copy-of-industrial-cleaning","200 OK","https://entirefm.com/copy-of-industrial-cleaning","Copy Of Industrial Cleaning | Entire FM","Entire FM — Copy Of Industrial Cleaning. Dedicated facilities management, mechanical & electrical engineering, and property maintenance services.","Copy Of Industrial Cleaning","INDEX, FOLLOW (Production)","COMPLETE (Enriched)","Hub Connected","Cross-Linked","core","Organization, Service, BreadcrumbList, FAQPage"
"https://entirefm.com/copy-of-what-is-facilities-manageme","200 OK","https://entirefm.com/copy-of-what-is-facilities-manageme","Copy Of What Is Facilities Manageme | Entire FM","Entire FM — Copy Of What Is Facilities Manageme. Dedicated facilities management, mechanical & electrical engineering, and property maintenance services.","Copy Of What Is Facilities Manageme","INDEX, FOLLOW (Production)","COMPLETE (Enriched)","Hub Connected","Cross-Linked","core","Organization, Service, BreadcrumbList, FAQPage"
"https://entirefm.com/derby-facilities-management","200 OK","https://entirefm.com/derby-facilities-management","Derby Facilities Management | Commercial Property Maintenance | Entire FM","Entire FM provides dedicated facilities management across Derby — hard FM, M&E engineering, PPM, cleaning, and 24/7 reactive callout support.","Derby Facilities Management & Building Maintenance","INDEX, FOLLOW (Production)","COMPLETE (Enriched)","Hub Connected","Cross-Linked","locations","Organization, Service, BreadcrumbList, FAQPage"
"https://entirefm.com/doncaster-facilities-management","200 OK","https://entirefm.com/doncaster-facilities-management","Doncaster Facilities Management | Commercial Property Maintenance | Entire FM","Entire FM provides dedicated facilities management across Doncaster — hard FM, M&E engineering, PPM, cleaning, and 24/7 reactive callout support.","Doncaster Facilities Management & Building Maintenance","INDEX, FOLLOW (Production)","COMPLETE (Enriched)","Hub Connected","Cross-Linked","locations","Organization, Service, BreadcrumbList, FAQPage"
"https://entirefm.com/education-cleaning","200 OK","https://entirefm.com/education-cleaning","Education Cleaning | Entire FM","Entire FM — Education Cleaning. Dedicated facilities management, mechanical & electrical engineering, and property maintenance services.","Education Cleaning","INDEX, FOLLOW (Production)","COMPLETE (Enriched)","Hub Connected","Cross-Linked","cleaning","Organization, Service, BreadcrumbList, FAQPage"
"https://entirefm.com/education-facilities-management","200 OK","https://entirefm.com/education-facilities-management","Education Facilities Management Solutions | Entire FM","Specialized facilities management for the education sector — statutory compliance, asset uptime, M&E engineering, and cleaning.","Education Facilities Management","INDEX, FOLLOW (Production)","COMPLETE (Enriched)","Hub Connected","Cross-Linked","sectors","Organization, Service, BreadcrumbList, FAQPage"
"https://entirefm.com/employment-portal","200 OK","https://entirefm.com/employment-portal","Employment Portal | Entire FM","Entire FM — Employment Portal. Dedicated facilities management, mechanical & electrical engineering, and property maintenance services.","Employment Portal","INDEX, FOLLOW (Production)","COMPLETE (Enriched)","Hub Connected","Cross-Linked","company","Organization, Service, BreadcrumbList, FAQPage"
"https://entirefm.com/external-cleaning-birmingham","200 OK","https://entirefm.com/external-cleaning-birmingham","External Cleaning Birmingham | Specialist Commercial Services | Entire FM","Professional external cleaning across Birmingham — specialist equipment, certified operatives, and tailored commercial service schedules.","External Cleaning Birmingham","INDEX, FOLLOW (Production)","COMPLETE (Enriched)","Hub Connected","Cross-Linked","local-services","Organization, Service, BreadcrumbList, FAQPage"
"https://entirefm.com/external-cleaning-lincoln","200 OK","https://entirefm.com/external-cleaning-lincoln","External Cleaning Lincoln | Specialist Commercial Services | Entire FM","Professional external cleaning across Lincoln — specialist equipment, certified operatives, and tailored commercial service schedules.","External Cleaning Lincoln","INDEX, FOLLOW (Production)","COMPLETE (Enriched)","Hub Connected","Cross-Linked","local-services","Organization, Service, BreadcrumbList, FAQPage"
"https://entirefm.com/external-cleaning-london","200 OK","https://entirefm.com/external-cleaning-london","External Cleaning London | Specialist Commercial Services | Entire FM","Professional external cleaning across London — specialist equipment, certified operatives, and tailored commercial service schedules.","External Cleaning London","INDEX, FOLLOW (Production)","COMPLETE (Enriched)","Hub Connected","Cross-Linked","local-services","Organization, Service, BreadcrumbList, FAQPage"
"https://entirefm.com/external-cleaning-manchester","200 OK","https://entirefm.com/external-cleaning-manchester","External Cleaning Manchester | Specialist Commercial Services | Entire FM","Professional external cleaning across Manchester — specialist equipment, certified operatives, and tailored commercial service schedules.","External Cleaning Manchester","INDEX, FOLLOW (Production)","COMPLETE (Enriched)","Hub Connected","Cross-Linked","local-services","Organization, Service, BreadcrumbList, FAQPage"
"https://entirefm.com/facilities-management-birmingham","200 OK","https://entirefm.com/facilities-management-birmingham","Birmingham Facilities Management | Commercial Property Maintenance | Entire FM","Entire FM provides dedicated facilities management across Birmingham — hard FM, M&E engineering, PPM, cleaning, and 24/7 reactive callout support.","Birmingham Facilities Management & Building Maintenance","INDEX, FOLLOW (Production)","COMPLETE (Enriched)","Hub Connected","Cross-Linked","locations","Organization, Service, BreadcrumbList, FAQPage"
"https://entirefm.com/facilities-management-blog","200 OK","https://entirefm.com/facilities-management-blog","Facilities Management Blog | Facilities Management Insights | Entire FM","Read Entire FM’s comprehensive industry guide on facilities management blog for UK commercial property and estate managers.","Facilities Management Blog","INDEX, FOLLOW (Production)","COMPLETE (Enriched)","Hub Connected","Cross-Linked","insights","Organization, Service, BreadcrumbList, FAQPage"
"https://entirefm.com/facilities-management-bolton","200 OK","https://entirefm.com/facilities-management-bolton","Bolton Facilities Management | Commercial Property Maintenance | Entire FM","Entire FM provides dedicated facilities management across Bolton — hard FM, M&E engineering, PPM, cleaning, and 24/7 reactive callout support.","Bolton Facilities Management & Building Maintenance","INDEX, FOLLOW (Production)","COMPLETE (Enriched)","Hub Connected","Cross-Linked","locations","Organization, Service, BreadcrumbList, FAQPage"
"https://entirefm.com/facilities-management-bradford","200 OK","https://entirefm.com/facilities-management-bradford","Bradford Facilities Management | Commercial Property Maintenance | Entire FM","Entire FM provides dedicated facilities management across Bradford — hard FM, M&E engineering, PPM, cleaning, and 24/7 reactive callout support.","Bradford Facilities Management & Building Maintenance","INDEX, FOLLOW (Production)","COMPLETE (Enriched)","Hub Connected","Cross-Linked","locations","Organization, Service, BreadcrumbList, FAQPage"
"https://entirefm.com/facilities-management-bury","200 OK","https://entirefm.com/facilities-management-bury","Bury Facilities Management | Commercial Property Maintenance | Entire FM","Entire FM provides dedicated facilities management across Bury — hard FM, M&E engineering, PPM, cleaning, and 24/7 reactive callout support.","Bury Facilities Management & Building Maintenance","INDEX, FOLLOW (Production)","COMPLETE (Enriched)","Hub Connected","Cross-Linked","locations","Organization, Service, BreadcrumbList, FAQPage"
"https://entirefm.com/facilities-management-chesterfield","200 OK","https://entirefm.com/facilities-management-chesterfield","Chesterfield Facilities Management | Commercial Property Maintenance | Entire FM","Entire FM provides dedicated facilities management across Chesterfield — hard FM, M&E engineering, PPM, cleaning, and 24/7 reactive callout support.","Chesterfield Facilities Management & Building Maintenance","INDEX, FOLLOW (Production)","COMPLETE (Enriched)","Hub Connected","Cross-Linked","locations","Organization, Service, BreadcrumbList, FAQPage"
"https://entirefm.com/facilities-management-derby","200 OK","https://entirefm.com/facilities-management-derby","Derby Facilities Management | Commercial Property Maintenance | Entire FM","Entire FM provides dedicated facilities management across Derby — hard FM, M&E engineering, PPM, cleaning, and 24/7 reactive callout support.","Derby Facilities Management & Building Maintenance","INDEX, FOLLOW (Production)","COMPLETE (Enriched)","Hub Connected","Cross-Linked","locations","Organization, Service, BreadcrumbList, FAQPage"
"https://entirefm.com/facilities-management-doncaster","200 OK","https://entirefm.com/facilities-management-doncaster","Doncaster Facilities Management | Commercial Property Maintenance | Entire FM","Entire FM provides dedicated facilities management across Doncaster — hard FM, M&E engineering, PPM, cleaning, and 24/7 reactive callout support.","Doncaster Facilities Management & Building Maintenance","INDEX, FOLLOW (Production)","COMPLETE (Enriched)","Hub Connected","Cross-Linked","locations","Organization, Service, BreadcrumbList, FAQPage"
"https://entirefm.com/facilities-management-for/construction-facilities-management","200 OK","https://entirefm.com/facilities-management-for/construction-facilities-management","Facilities Management For/Construction Facilities Management Solutions | Entire FM","Specialized facilities management for the facilities management for/construction sector — statutory compliance, asset uptime, M&E engineering, and cleaning.","Facilities Management For/Construction Facilities Management","INDEX, FOLLOW (Production)","COMPLETE (Enriched)","Hub Connected","Cross-Linked","sectors","Organization, Service, BreadcrumbList, FAQPage"
"https://entirefm.com/facilities-management-for/education-%26-schools-facilities-management","200 OK","https://entirefm.com/facilities-management-for/education-%26-schools-facilities-management","Facilities Management For/Education %26 Schools Facilities Management Solutions | Entire FM","Specialized facilities management for the facilities management for/education %26 schools sector — statutory compliance, asset uptime, M&E engineering, and cleaning.","Facilities Management For/Education %26 Schools Facilities Management","INDEX, FOLLOW (Production)","COMPLETE (Enriched)","Hub Connected","Cross-Linked","sectors","Organization, Service, BreadcrumbList, FAQPage"
"https://entirefm.com/facilities-management-for/healthcare-facilities-management","200 OK","https://entirefm.com/facilities-management-for/healthcare-facilities-management","Facilities Management For/Healthcare Facilities Management Solutions | Entire FM","Specialized facilities management for the facilities management for/healthcare sector — statutory compliance, asset uptime, M&E engineering, and cleaning.","Facilities Management For/Healthcare Facilities Management","INDEX, FOLLOW (Production)","COMPLETE (Enriched)","Hub Connected","Cross-Linked","sectors","Organization, Service, BreadcrumbList, FAQPage"
"https://entirefm.com/facilities-management-for/hotels-%26-resort-facilities-management","200 OK","https://entirefm.com/facilities-management-for/hotels-%26-resort-facilities-management","Facilities Management For/Hotels %26 Resort Facilities Management Solutions | Entire FM","Specialized facilities management for the facilities management for/hotels %26 resort sector — statutory compliance, asset uptime, M&E engineering, and cleaning.","Facilities Management For/Hotels %26 Resort Facilities Management","INDEX, FOLLOW (Production)","COMPLETE (Enriched)","Hub Connected","Cross-Linked","sectors","Organization, Service, BreadcrumbList, FAQPage"
"https://entirefm.com/facilities-management-for/industrial-facilities-management","200 OK","https://entirefm.com/facilities-management-for/industrial-facilities-management","Facilities Management For/Industrial Facilities Management Solutions | Entire FM","Specialized facilities management for the facilities management for/industrial sector — statutory compliance, asset uptime, M&E engineering, and cleaning.","Facilities Management For/Industrial Facilities Management","INDEX, FOLLOW (Production)","COMPLETE (Enriched)","Hub Connected","Cross-Linked","sectors","Organization, Service, BreadcrumbList, FAQPage"
"https://entirefm.com/facilities-management-for/leisure-centre-facilities-management","200 OK","https://entirefm.com/facilities-management-for/leisure-centre-facilities-management","Facilities Management For/Leisure Centre Facilities Management Solutions | Entire FM","Specialized facilities management for the facilities management for/leisure centre sector — statutory compliance, asset uptime, M&E engineering, and cleaning.","Facilities Management For/Leisure Centre Facilities Management","INDEX, FOLLOW (Production)","COMPLETE (Enriched)","Hub Connected","Cross-Linked","sectors","Organization, Service, BreadcrumbList, FAQPage"
"https://entirefm.com/facilities-management-for/logistics-%26-distribution-facilities-management","200 OK","https://entirefm.com/facilities-management-for/logistics-%26-distribution-facilities-management","Facilities Management For/Logistics %26 Distribution Facilities Management Solutions | Entire FM","Specialized facilities management for the facilities management for/logistics %26 distribution sector — statutory compliance, asset uptime, M&E engineering, and cleaning.","Facilities Management For/Logistics %26 Distribution Facilities Management","INDEX, FOLLOW (Production)","COMPLETE (Enriched)","Hub Connected","Cross-Linked","sectors","Organization, Service, BreadcrumbList, FAQPage"
"https://entirefm.com/facilities-management-for/managing-agent-facilities-management","200 OK","https://entirefm.com/facilities-management-for/managing-agent-facilities-management","Facilities Management For/Managing Agent Facilities Management Solutions | Entire FM","Specialized facilities management for the facilities management for/managing agent sector — statutory compliance, asset uptime, M&E engineering, and cleaning.","Facilities Management For/Managing Agent Facilities Management","INDEX, FOLLOW (Production)","COMPLETE (Enriched)","Hub Connected","Cross-Linked","sectors","Organization, Service, BreadcrumbList, FAQPage"
"https://entirefm.com/facilities-management-for/offices%2C-corporate-%26-co-working","200 OK","https://entirefm.com/facilities-management-for/offices%2C-corporate-%26-co-working","Facilities Management For/Offices%2C Corporate %26 Co Working Facilities Management Solutions | Entire FM","Specialized facilities management for the facilities management for/offices%2c corporate %26 co working sector — statutory compliance, asset uptime, M&E engineering, and cleaning.","Facilities Management For/Offices%2C Corporate %26 Co Working Facilities Management","INDEX, FOLLOW (Production)","COMPLETE (Enriched)","Hub Connected","Cross-Linked","sectors","Organization, Service, BreadcrumbList, FAQPage"
"https://entirefm.com/facilities-management-for/residential-facilities-management","200 OK","https://entirefm.com/facilities-management-for/residential-facilities-management","Facilities Management For/Residential Facilities Management Solutions | Entire FM","Specialized facilities management for the facilities management for/residential sector — statutory compliance, asset uptime, M&E engineering, and cleaning.","Facilities Management For/Residential Facilities Management","INDEX, FOLLOW (Production)","COMPLETE (Enriched)","Hub Connected","Cross-Linked","sectors","Organization, Service, BreadcrumbList, FAQPage"
"https://entirefm.com/facilities-management-for/restaurant-%26-hospitality-facilities-management","200 OK","https://entirefm.com/facilities-management-for/restaurant-%26-hospitality-facilities-management","Facilities Management For/Restaurant %26 Hospitality Facilities Management Solutions | Entire FM","Specialized facilities management for the facilities management for/restaurant %26 hospitality sector — statutory compliance, asset uptime, M&E engineering, and cleaning.","Facilities Management For/Restaurant %26 Hospitality Facilities Management","INDEX, FOLLOW (Production)","COMPLETE (Enriched)","Hub Connected","Cross-Linked","sectors","Organization, Service, BreadcrumbList, FAQPage"
"https://entirefm.com/facilities-management-for/retail-%26-shopping-centre-facilities-management","200 OK","https://entirefm.com/facilities-management-for/retail-%26-shopping-centre-facilities-management","Facilities Management For/Retail %26 Shopping Centre Facilities Management Solutions | Entire FM","Specialized facilities management for the facilities management for/retail %26 shopping centre sector — statutory compliance, asset uptime, M&E engineering, and cleaning.","Facilities Management For/Retail %26 Shopping Centre Facilities Management","INDEX, FOLLOW (Production)","COMPLETE (Enriched)","Hub Connected","Cross-Linked","sectors","Organization, Service, BreadcrumbList, FAQPage"
"https://entirefm.com/facilities-management-for/sports-venue-facilities-management","200 OK","https://entirefm.com/facilities-management-for/sports-venue-facilities-management","Facilities Management For/Sports Venue Facilities Management Solutions | Entire FM","Specialized facilities management for the facilities management for/sports venue sector — statutory compliance, asset uptime, M&E engineering, and cleaning.","Facilities Management For/Sports Venue Facilities Management","INDEX, FOLLOW (Production)","COMPLETE (Enriched)","Hub Connected","Cross-Linked","sectors","Organization, Service, BreadcrumbList, FAQPage"
"https://entirefm.com/facilities-management-for/stadium-%26-arena-facilities-management","200 OK","https://entirefm.com/facilities-management-for/stadium-%26-arena-facilities-management","Facilities Management For/Stadium %26 Arena Facilities Management Solutions | Entire FM","Specialized facilities management for the facilities management for/stadium %26 arena sector — statutory compliance, asset uptime, M&E engineering, and cleaning.","Facilities Management For/Stadium %26 Arena Facilities Management","INDEX, FOLLOW (Production)","COMPLETE (Enriched)","Hub Connected","Cross-Linked","sectors","Organization, Service, BreadcrumbList, FAQPage"
"https://entirefm.com/facilities-management-for/warehouse-%26-distribution","200 OK","https://entirefm.com/facilities-management-for/warehouse-%26-distribution","Facilities Management For/Warehouse %26 Distribution Facilities Management Solutions | Entire FM","Specialized facilities management for the facilities management for/warehouse %26 distribution sector — statutory compliance, asset uptime, M&E engineering, and cleaning.","Facilities Management For/Warehouse %26 Distribution Facilities Management","INDEX, FOLLOW (Production)","COMPLETE (Enriched)","Hub Connected","Cross-Linked","sectors","Organization, Service, BreadcrumbList, FAQPage"
"https://entirefm.com/facilities-management-grimsby","200 OK","https://entirefm.com/facilities-management-grimsby","Grimsby Facilities Management | Commercial Property Maintenance | Entire FM","Entire FM provides dedicated facilities management across Grimsby — hard FM, M&E engineering, PPM, cleaning, and 24/7 reactive callout support.","Grimsby Facilities Management & Building Maintenance","INDEX, FOLLOW (Production)","COMPLETE (Enriched)","Hub Connected","Cross-Linked","locations","Organization, Service, BreadcrumbList, FAQPage"
"https://entirefm.com/facilities-management-in-telford","200 OK","https://entirefm.com/facilities-management-in-telford","Telford Facilities Management | Commercial Property Maintenance | Entire FM","Entire FM provides dedicated facilities management across Telford — hard FM, M&E engineering, PPM, cleaning, and 24/7 reactive callout support.","Telford Facilities Management & Building Maintenance","INDEX, FOLLOW (Production)","COMPLETE (Enriched)","Hub Connected","Cross-Linked","locations","Organization, Service, BreadcrumbList, FAQPage"
"https://entirefm.com/facilities-management-in-the-midlands","200 OK","https://entirefm.com/facilities-management-in-the-midlands","Midlands Facilities Management | Commercial Property Maintenance | Entire FM","Entire FM provides dedicated facilities management across Midlands — hard FM, M&E engineering, PPM, cleaning, and 24/7 reactive callout support.","Midlands Facilities Management & Building Maintenance","INDEX, FOLLOW (Production)","COMPLETE (Enriched)","Hub Connected","Cross-Linked","locations","Organization, Service, BreadcrumbList, FAQPage"
"https://entirefm.com/facilities-management-leeds","200 OK","https://entirefm.com/facilities-management-leeds","Leeds Facilities Management | Commercial Property Maintenance | Entire FM","Entire FM provides dedicated facilities management across Leeds — hard FM, M&E engineering, PPM, cleaning, and 24/7 reactive callout support.","Leeds Facilities Management & Building Maintenance","INDEX, FOLLOW (Production)","COMPLETE (Enriched)","Hub Connected","Cross-Linked","locations","Organization, Service, BreadcrumbList, FAQPage"
"https://entirefm.com/facilities-management-lincoln","200 OK","https://entirefm.com/facilities-management-lincoln","Lincoln Facilities Management | Commercial Property Maintenance | Entire FM","Entire FM provides dedicated facilities management across Lincoln — hard FM, M&E engineering, PPM, cleaning, and 24/7 reactive callout support.","Lincoln Facilities Management & Building Maintenance","INDEX, FOLLOW (Production)","COMPLETE (Enriched)","Hub Connected","Cross-Linked","locations","Organization, Service, BreadcrumbList, FAQPage"
"https://entirefm.com/facilities-management-liverpool","200 OK","https://entirefm.com/facilities-management-liverpool","Liverpool Facilities Management | Commercial Property Maintenance | Entire FM","Entire FM provides dedicated facilities management across Liverpool — hard FM, M&E engineering, PPM, cleaning, and 24/7 reactive callout support.","Liverpool Facilities Management & Building Maintenance","INDEX, FOLLOW (Production)","COMPLETE (Enriched)","Hub Connected","Cross-Linked","locations","Organization, Service, BreadcrumbList, FAQPage"
"https://entirefm.com/facilities-management-london","200 OK","https://entirefm.com/facilities-management-london","Facilities Management London | Planned Maintenance & Compliance | Entire FM","Structured planned preventative maintenance (PPM), statutory compliance, and integrated hard & soft FM for London commercial property portfolios.","Facilities Management London — Total Estate Maintenance & Compliance","INDEX, FOLLOW (Production)","COMPLETE (Enriched)","Hub Connected","Cross-Linked","locations","Organization, Service, BreadcrumbList, FAQPage"
"https://entirefm.com/facilities-management-manchester","200 OK","https://entirefm.com/facilities-management-manchester","Manchester Facilities Management | Commercial Property Maintenance | Entire FM","Entire FM provides dedicated facilities management across Manchester — hard FM, M&E engineering, PPM, cleaning, and 24/7 reactive callout support.","Manchester Facilities Management & Building Maintenance","INDEX, FOLLOW (Production)","COMPLETE (Enriched)","Hub Connected","Cross-Linked","locations","Organization, Service, BreadcrumbList, FAQPage"
"https://entirefm.com/facilities-management-midlands","200 OK","https://entirefm.com/facilities-management-midlands","Midlands Facilities Management | Commercial Property Maintenance | Entire FM","Entire FM provides dedicated facilities management across Midlands — hard FM, M&E engineering, PPM, cleaning, and 24/7 reactive callout support.","Midlands Facilities Management & Building Maintenance","INDEX, FOLLOW (Production)","COMPLETE (Enriched)","Hub Connected","Cross-Linked","locations","Organization, Service, BreadcrumbList, FAQPage"
"https://entirefm.com/facilities-management-nottingham","200 OK","https://entirefm.com/facilities-management-nottingham","Nottingham Facilities Management | Commercial Property Maintenance | Entire FM","Entire FM provides dedicated facilities management across Nottingham — hard FM, M&E engineering, PPM, cleaning, and 24/7 reactive callout support.","Nottingham Facilities Management & Building Maintenance","INDEX, FOLLOW (Production)","COMPLETE (Enriched)","Hub Connected","Cross-Linked","locations","Organization, Service, BreadcrumbList, FAQPage"
"https://entirefm.com/facilities-management-offices","200 OK","https://entirefm.com/facilities-management-offices","Facilities Management Offices Facilities Management Solutions | Entire FM","Specialized facilities management for the facilities management offices sector — statutory compliance, asset uptime, M&E engineering, and cleaning.","Facilities Management Offices Facilities Management","INDEX, FOLLOW (Production)","COMPLETE (Enriched)","Hub Connected","Cross-Linked","sectors","Organization, Service, BreadcrumbList, FAQPage"
"https://entirefm.com/facilities-management-oxford","200 OK","https://entirefm.com/facilities-management-oxford","Oxford Facilities Management | Commercial Property Maintenance | Entire FM","Entire FM provides dedicated facilities management across Oxford — hard FM, M&E engineering, PPM, cleaning, and 24/7 reactive callout support.","Oxford Facilities Management & Building Maintenance","INDEX, FOLLOW (Production)","COMPLETE (Enriched)","Hub Connected","Cross-Linked","locations","Organization, Service, BreadcrumbList, FAQPage"
"https://entirefm.com/facilities-management-preston","200 OK","https://entirefm.com/facilities-management-preston","Preston Facilities Management | Commercial Property Maintenance | Entire FM","Entire FM provides dedicated facilities management across Preston — hard FM, M&E engineering, PPM, cleaning, and 24/7 reactive callout support.","Preston Facilities Management & Building Maintenance","INDEX, FOLLOW (Production)","COMPLETE (Enriched)","Hub Connected","Cross-Linked","locations","Organization, Service, BreadcrumbList, FAQPage"
"https://entirefm.com/facilities-management-rotherham","200 OK","https://entirefm.com/facilities-management-rotherham","Rotherham Facilities Management | Commercial Property Maintenance | Entire FM","Entire FM provides dedicated facilities management across Rotherham — hard FM, M&E engineering, PPM, cleaning, and 24/7 reactive callout support.","Rotherham Facilities Management & Building Maintenance","INDEX, FOLLOW (Production)","COMPLETE (Enriched)","Hub Connected","Cross-Linked","locations","Organization, Service, BreadcrumbList, FAQPage"
"https://entirefm.com/facilities-management-services","200 OK","https://entirefm.com/facilities-management-services","Facilities Management Services | Entire FM","Entire FM — Facilities Management Services. Dedicated facilities management, mechanical & electrical engineering, and property maintenance services.","Facilities Management Services","INDEX, FOLLOW (Production)","COMPLETE (Enriched)","Hub Connected","Cross-Linked","core","Organization, Service, BreadcrumbList, FAQPage"
"https://entirefm.com/facilities-management-services-lond","200 OK","https://entirefm.com/facilities-management-services-lond","Facilities Management Services Lond | Entire FM","Entire FM — Facilities Management Services Lond. Dedicated facilities management, mechanical & electrical engineering, and property maintenance services.","Facilities Management Services Lond","INDEX, FOLLOW (Production)","COMPLETE (Enriched)","Hub Connected","Cross-Linked","core","Organization, Service, BreadcrumbList, FAQPage"
"https://entirefm.com/facilities-management-sheffield","200 OK","https://entirefm.com/facilities-management-sheffield","Sheffield Facilities Management | Commercial Property Maintenance | Entire FM","Entire FM provides dedicated facilities management across Sheffield — hard FM, M&E engineering, PPM, cleaning, and 24/7 reactive callout support.","Sheffield Facilities Management & Building Maintenance","INDEX, FOLLOW (Production)","COMPLETE (Enriched)","Hub Connected","Cross-Linked","locations","Organization, Service, BreadcrumbList, FAQPage"
"https://entirefm.com/facilities-management-team","200 OK","https://entirefm.com/facilities-management-team","Facilities Management Team | Entire FM","Entire FM — Facilities Management Team. Dedicated facilities management, mechanical & electrical engineering, and property maintenance services.","Facilities Management Team","INDEX, FOLLOW (Production)","COMPLETE (Enriched)","Hub Connected","Cross-Linked","company","Organization, Service, BreadcrumbList, FAQPage"
"https://entirefm.com/facilities-management-telford","200 OK","https://entirefm.com/facilities-management-telford","Telford Facilities Management | Commercial Property Maintenance | Entire FM","Entire FM provides dedicated facilities management across Telford — hard FM, M&E engineering, PPM, cleaning, and 24/7 reactive callout support.","Telford Facilities Management & Building Maintenance","INDEX, FOLLOW (Production)","COMPLETE (Enriched)","Hub Connected","Cross-Linked","locations","Organization, Service, BreadcrumbList, FAQPage"
"https://entirefm.com/facilities-management-wigan","200 OK","https://entirefm.com/facilities-management-wigan","Wigan Facilities Management | Commercial Property Maintenance | Entire FM","Entire FM provides dedicated facilities management across Wigan — hard FM, M&E engineering, PPM, cleaning, and 24/7 reactive callout support.","Wigan Facilities Management & Building Maintenance","INDEX, FOLLOW (Production)","COMPLETE (Enriched)","Hub Connected","Cross-Linked","locations","Organization, Service, BreadcrumbList, FAQPage"
"https://entirefm.com/fire-emergency-systems","200 OK","https://entirefm.com/fire-emergency-systems","Fire Emergency Systems | Entire FM","Entire FM — Fire Emergency Systems. Dedicated facilities management, mechanical & electrical engineering, and property maintenance services.","Fire Emergency Systems","INDEX, FOLLOW (Production)","COMPLETE (Enriched)","Hub Connected","Cross-Linked","hard-fm","Organization, Service, BreadcrumbList, FAQPage"
"https://entirefm.com/fm-birmingham","200 OK","https://entirefm.com/fm-birmingham","Birmingham Facilities Management | Commercial Property Maintenance | Entire FM","Entire FM provides dedicated facilities management across Birmingham — hard FM, M&E engineering, PPM, cleaning, and 24/7 reactive callout support.","Birmingham Facilities Management & Building Maintenance","INDEX, FOLLOW (Production)","COMPLETE (Enriched)","Hub Connected","Cross-Linked","locations","Organization, Service, BreadcrumbList, FAQPage"
"https://entirefm.com/fm-bolton","200 OK","https://entirefm.com/fm-bolton","Bolton Facilities Management | Commercial Property Maintenance | Entire FM","Entire FM provides dedicated facilities management across Bolton — hard FM, M&E engineering, PPM, cleaning, and 24/7 reactive callout support.","Bolton Facilities Management & Building Maintenance","INDEX, FOLLOW (Production)","COMPLETE (Enriched)","Hub Connected","Cross-Linked","locations","Organization, Service, BreadcrumbList, FAQPage"
"https://entirefm.com/fm-bradford","200 OK","https://entirefm.com/fm-bradford","Bradford Facilities Management | Commercial Property Maintenance | Entire FM","Entire FM provides dedicated facilities management across Bradford — hard FM, M&E engineering, PPM, cleaning, and 24/7 reactive callout support.","Bradford Facilities Management & Building Maintenance","INDEX, FOLLOW (Production)","COMPLETE (Enriched)","Hub Connected","Cross-Linked","locations","Organization, Service, BreadcrumbList, FAQPage"
"https://entirefm.com/fm-bury","200 OK","https://entirefm.com/fm-bury","Bury Facilities Management | Commercial Property Maintenance | Entire FM","Entire FM provides dedicated facilities management across Bury — hard FM, M&E engineering, PPM, cleaning, and 24/7 reactive callout support.","Bury Facilities Management & Building Maintenance","INDEX, FOLLOW (Production)","COMPLETE (Enriched)","Hub Connected","Cross-Linked","locations","Organization, Service, BreadcrumbList, FAQPage"
"https://entirefm.com/fm-chesterfield","200 OK","https://entirefm.com/fm-chesterfield","Chesterfield Facilities Management | Commercial Property Maintenance | Entire FM","Entire FM provides dedicated facilities management across Chesterfield — hard FM, M&E engineering, PPM, cleaning, and 24/7 reactive callout support.","Chesterfield Facilities Management & Building Maintenance","INDEX, FOLLOW (Production)","COMPLETE (Enriched)","Hub Connected","Cross-Linked","locations","Organization, Service, BreadcrumbList, FAQPage"
"https://entirefm.com/fm-client-info","200 OK","https://entirefm.com/fm-client-info","Fm Client Info | Entire FM","Entire FM — Fm Client Info. Dedicated facilities management, mechanical & electrical engineering, and property maintenance services.","Fm Client Info","INDEX, FOLLOW (Production)","COMPLETE (Enriched)","Hub Connected","Cross-Linked","company","Organization, Service, BreadcrumbList, FAQPage"
"https://entirefm.com/fm-derby","200 OK","https://entirefm.com/fm-derby","Derby Facilities Management | Commercial Property Maintenance | Entire FM","Entire FM provides dedicated facilities management across Derby — hard FM, M&E engineering, PPM, cleaning, and 24/7 reactive callout support.","Derby Facilities Management & Building Maintenance","INDEX, FOLLOW (Production)","COMPLETE (Enriched)","Hub Connected","Cross-Linked","locations","Organization, Service, BreadcrumbList, FAQPage"
"https://entirefm.com/fm-doncaster","200 OK","https://entirefm.com/fm-doncaster","Doncaster Facilities Management | Commercial Property Maintenance | Entire FM","Entire FM provides dedicated facilities management across Doncaster — hard FM, M&E engineering, PPM, cleaning, and 24/7 reactive callout support.","Doncaster Facilities Management & Building Maintenance","INDEX, FOLLOW (Production)","COMPLETE (Enriched)","Hub Connected","Cross-Linked","locations","Organization, Service, BreadcrumbList, FAQPage"
"https://entirefm.com/fm-grimsby","200 OK","https://entirefm.com/fm-grimsby","Grimsby Facilities Management | Commercial Property Maintenance | Entire FM","Entire FM provides dedicated facilities management across Grimsby — hard FM, M&E engineering, PPM, cleaning, and 24/7 reactive callout support.","Grimsby Facilities Management & Building Maintenance","INDEX, FOLLOW (Production)","COMPLETE (Enriched)","Hub Connected","Cross-Linked","locations","Organization, Service, BreadcrumbList, FAQPage"
"https://entirefm.com/fm-leeds","200 OK","https://entirefm.com/fm-leeds","Leeds Facilities Management | Commercial Property Maintenance | Entire FM","Entire FM provides dedicated facilities management across Leeds — hard FM, M&E engineering, PPM, cleaning, and 24/7 reactive callout support.","Leeds Facilities Management & Building Maintenance","INDEX, FOLLOW (Production)","COMPLETE (Enriched)","Hub Connected","Cross-Linked","locations","Organization, Service, BreadcrumbList, FAQPage"
"https://entirefm.com/fm-lincoln","200 OK","https://entirefm.com/fm-lincoln","Lincoln Facilities Management | Commercial Property Maintenance | Entire FM","Entire FM provides dedicated facilities management across Lincoln — hard FM, M&E engineering, PPM, cleaning, and 24/7 reactive callout support.","Lincoln Facilities Management & Building Maintenance","INDEX, FOLLOW (Production)","COMPLETE (Enriched)","Hub Connected","Cross-Linked","locations","Organization, Service, BreadcrumbList, FAQPage"
"https://entirefm.com/fm-liverpool","200 OK","https://entirefm.com/fm-liverpool","Liverpool Facilities Management | Commercial Property Maintenance | Entire FM","Entire FM provides dedicated facilities management across Liverpool — hard FM, M&E engineering, PPM, cleaning, and 24/7 reactive callout support.","Liverpool Facilities Management & Building Maintenance","INDEX, FOLLOW (Production)","COMPLETE (Enriched)","Hub Connected","Cross-Linked","locations","Organization, Service, BreadcrumbList, FAQPage"
"https://entirefm.com/fm-london","200 OK","https://entirefm.com/fm-london","FM London | 24/7 Facilities Management & Rapid Response | Entire FM","Entire FM provides 24/7 facilities management across London — rapid emergency M&E dispatch, HVAC repair, and plant maintenance for commercial property.","FM London — 24/7 Facilities Management & Emergency Engineering","INDEX, FOLLOW (Production)","COMPLETE (Enriched)","Hub Connected","Cross-Linked","locations","Organization, Service, BreadcrumbList, FAQPage"
"https://entirefm.com/fm-manchester","200 OK","https://entirefm.com/fm-manchester","Manchester Facilities Management | Commercial Property Maintenance | Entire FM","Entire FM provides dedicated facilities management across Manchester — hard FM, M&E engineering, PPM, cleaning, and 24/7 reactive callout support.","Manchester Facilities Management & Building Maintenance","INDEX, FOLLOW (Production)","COMPLETE (Enriched)","Hub Connected","Cross-Linked","locations","Organization, Service, BreadcrumbList, FAQPage"
"https://entirefm.com/fm-matlock","200 OK","https://entirefm.com/fm-matlock","Matlock Facilities Management | Commercial Property Maintenance | Entire FM","Entire FM provides dedicated facilities management across Matlock — hard FM, M&E engineering, PPM, cleaning, and 24/7 reactive callout support.","Matlock Facilities Management & Building Maintenance","INDEX, FOLLOW (Production)","COMPLETE (Enriched)","Hub Connected","Cross-Linked","locations","Organization, Service, BreadcrumbList, FAQPage"
"https://entirefm.com/fm-nottingham","200 OK","https://entirefm.com/fm-nottingham","Nottingham Facilities Management | Commercial Property Maintenance | Entire FM","Entire FM provides dedicated facilities management across Nottingham — hard FM, M&E engineering, PPM, cleaning, and 24/7 reactive callout support.","Nottingham Facilities Management & Building Maintenance","INDEX, FOLLOW (Production)","COMPLETE (Enriched)","Hub Connected","Cross-Linked","locations","Organization, Service, BreadcrumbList, FAQPage"
"https://entirefm.com/fm-oxford","200 OK","https://entirefm.com/fm-oxford","Oxford Facilities Management | Commercial Property Maintenance | Entire FM","Entire FM provides dedicated facilities management across Oxford — hard FM, M&E engineering, PPM, cleaning, and 24/7 reactive callout support.","Oxford Facilities Management & Building Maintenance","INDEX, FOLLOW (Production)","COMPLETE (Enriched)","Hub Connected","Cross-Linked","locations","Organization, Service, BreadcrumbList, FAQPage"
"https://entirefm.com/fm-preston","200 OK","https://entirefm.com/fm-preston","Preston Facilities Management | Commercial Property Maintenance | Entire FM","Entire FM provides dedicated facilities management across Preston — hard FM, M&E engineering, PPM, cleaning, and 24/7 reactive callout support.","Preston Facilities Management & Building Maintenance","INDEX, FOLLOW (Production)","COMPLETE (Enriched)","Hub Connected","Cross-Linked","locations","Organization, Service, BreadcrumbList, FAQPage"
"https://entirefm.com/fm-rotherham","200 OK","https://entirefm.com/fm-rotherham","Rotherham Facilities Management | Commercial Property Maintenance | Entire FM","Entire FM provides dedicated facilities management across Rotherham — hard FM, M&E engineering, PPM, cleaning, and 24/7 reactive callout support.","Rotherham Facilities Management & Building Maintenance","INDEX, FOLLOW (Production)","COMPLETE (Enriched)","Hub Connected","Cross-Linked","locations","Organization, Service, BreadcrumbList, FAQPage"
"https://entirefm.com/fm-services-sheffield","200 OK","https://entirefm.com/fm-services-sheffield","Sheffield Facilities Management | Commercial Property Maintenance | Entire FM","Entire FM provides dedicated facilities management across Sheffield — hard FM, M&E engineering, PPM, cleaning, and 24/7 reactive callout support.","Sheffield Facilities Management & Building Maintenance","INDEX, FOLLOW (Production)","COMPLETE (Enriched)","Hub Connected","Cross-Linked","locations","Organization, Service, BreadcrumbList, FAQPage"
"https://entirefm.com/fm-sheffield","200 OK","https://entirefm.com/fm-sheffield","Sheffield Facilities Management | Commercial Property Maintenance | Entire FM","Entire FM provides dedicated facilities management across Sheffield — hard FM, M&E engineering, PPM, cleaning, and 24/7 reactive callout support.","Sheffield Facilities Management & Building Maintenance","INDEX, FOLLOW (Production)","COMPLETE (Enriched)","Hub Connected","Cross-Linked","locations","Organization, Service, BreadcrumbList, FAQPage"
"https://entirefm.com/fm-supply-chain","200 OK","https://entirefm.com/fm-supply-chain","Fm Supply Chain | Entire FM","Entire FM — Fm Supply Chain. Dedicated facilities management, mechanical & electrical engineering, and property maintenance services.","Fm Supply Chain","INDEX, FOLLOW (Production)","COMPLETE (Enriched)","Hub Connected","Cross-Linked","company","Organization, Service, BreadcrumbList, FAQPage"
"https://entirefm.com/fm-supply-form","200 OK","https://entirefm.com/fm-supply-form","Fm Supply Form | Entire FM","Entire FM — Fm Supply Form. Dedicated facilities management, mechanical & electrical engineering, and property maintenance services.","Fm Supply Form","INDEX, FOLLOW (Production)","COMPLETE (Enriched)","Hub Connected","Cross-Linked","company","Organization, Service, BreadcrumbList, FAQPage"
"https://entirefm.com/fm-support-n-contact","200 OK","https://entirefm.com/fm-support-n-contact","Fm Support N Contact | Entire FM","Entire FM — Fm Support N Contact. Dedicated facilities management, mechanical & electrical engineering, and property maintenance services.","Fm Support N Contact","INDEX, FOLLOW (Production)","COMPLETE (Enriched)","Hub Connected","Cross-Linked","company","Organization, Service, BreadcrumbList, FAQPage"
"https://entirefm.com/fm-support-n-contact/facilities-management-glossary","200 OK","https://entirefm.com/fm-support-n-contact/facilities-management-glossary","Fm Support N Contact/Facilities Management Glossary | Entire FM","Entire FM — Fm Support N Contact/Facilities Management Glossary. Dedicated facilities management, mechanical & electrical engineering, and property maintenance services.","Fm Support N Contact/Facilities Management Glossary","INDEX, FOLLOW (Production)","COMPLETE (Enriched)","Hub Connected","Cross-Linked","company","Organization, Service, BreadcrumbList, FAQPage"
"https://entirefm.com/fm-technical-services","200 OK","https://entirefm.com/fm-technical-services","Fm Technical Services | Entire FM","Entire FM — Fm Technical Services. Dedicated facilities management, mechanical & electrical engineering, and property maintenance services.","Fm Technical Services","INDEX, FOLLOW (Production)","COMPLETE (Enriched)","Hub Connected","Cross-Linked","hard-fm","Organization, Service, BreadcrumbList, FAQPage"
"https://entirefm.com/fm-telford","200 OK","https://entirefm.com/fm-telford","Telford Facilities Management | Commercial Property Maintenance | Entire FM","Entire FM provides dedicated facilities management across Telford — hard FM, M&E engineering, PPM, cleaning, and 24/7 reactive callout support.","Telford Facilities Management & Building Maintenance","INDEX, FOLLOW (Production)","COMPLETE (Enriched)","Hub Connected","Cross-Linked","locations","Organization, Service, BreadcrumbList, FAQPage"
"https://entirefm.com/fm-wigan","200 OK","https://entirefm.com/fm-wigan","Wigan Facilities Management | Commercial Property Maintenance | Entire FM","Entire FM provides dedicated facilities management across Wigan — hard FM, M&E engineering, PPM, cleaning, and 24/7 reactive callout support.","Wigan Facilities Management & Building Maintenance","INDEX, FOLLOW (Production)","COMPLETE (Enriched)","Hub Connected","Cross-Linked","locations","Organization, Service, BreadcrumbList, FAQPage"
"https://entirefm.com/gates-barriers","200 OK","https://entirefm.com/gates-barriers","Gates Barriers | Entire FM","Entire FM — Gates Barriers. Dedicated facilities management, mechanical & electrical engineering, and property maintenance services.","Gates Barriers","INDEX, FOLLOW (Production)","COMPLETE (Enriched)","Hub Connected","Cross-Linked","hard-fm","Organization, Service, BreadcrumbList, FAQPage"
"https://entirefm.com/grimsby-facilities-management","200 OK","https://entirefm.com/grimsby-facilities-management","Grimsby Facilities Management | Commercial Property Maintenance | Entire FM","Entire FM provides dedicated facilities management across Grimsby — hard FM, M&E engineering, PPM, cleaning, and 24/7 reactive callout support.","Grimsby Facilities Management & Building Maintenance","INDEX, FOLLOW (Production)","COMPLETE (Enriched)","Hub Connected","Cross-Linked","locations","Organization, Service, BreadcrumbList, FAQPage"
"https://entirefm.com/grounds-maintenance","200 OK","https://entirefm.com/grounds-maintenance","Grounds Maintenance | Entire FM","Entire FM — Grounds Maintenance. Dedicated facilities management, mechanical & electrical engineering, and property maintenance services.","Grounds Maintenance","INDEX, FOLLOW (Production)","COMPLETE (Enriched)","Hub Connected","Cross-Linked","soft-fm","Organization, Service, BreadcrumbList, FAQPage"
"https://entirefm.com/hard-services","200 OK","https://entirefm.com/hard-services","Hard Services | Entire FM","Entire FM — Hard Services. Dedicated facilities management, mechanical & electrical engineering, and property maintenance services.","Hard Services","INDEX, FOLLOW (Production)","COMPLETE (Enriched)","Hub Connected","Cross-Linked","hard-fm","Organization, Service, BreadcrumbList, FAQPage"
"https://entirefm.com/healthcare-facilities-management","200 OK","https://entirefm.com/healthcare-facilities-management","Healthcare Facilities Management Solutions | Entire FM","Specialized facilities management for the healthcare sector — statutory compliance, asset uptime, M&E engineering, and cleaning.","Healthcare Facilities Management","INDEX, FOLLOW (Production)","COMPLETE (Enriched)","Hub Connected","Cross-Linked","sectors","Organization, Service, BreadcrumbList, FAQPage"
"https://entirefm.com/helpdesk","200 OK","https://entirefm.com/helpdesk","Helpdesk | Entire FM","Entire FM — Helpdesk. Dedicated facilities management, mechanical & electrical engineering, and property maintenance services.","Helpdesk","INDEX, FOLLOW (Production)","COMPLETE (Enriched)","Hub Connected","Cross-Linked","company","Organization, Service, BreadcrumbList, FAQPage"
"https://entirefm.com/helpdesk-registration","200 OK","https://entirefm.com/helpdesk-registration","Helpdesk Registration | Entire FM","Entire FM — Helpdesk Registration. Dedicated facilities management, mechanical & electrical engineering, and property maintenance services.","Helpdesk Registration","INDEX, FOLLOW (Production)","COMPLETE (Enriched)","Hub Connected","Cross-Linked","company","Organization, Service, BreadcrumbList, FAQPage"
"https://entirefm.com/hot-tub-relocation","200 OK","https://entirefm.com/hot-tub-relocation","Hot Tub Relocation | Entire FM","Entire FM — Hot Tub Relocation. Dedicated facilities management, mechanical & electrical engineering, and property maintenance services.","Hot Tub Relocation","INDEX, FOLLOW (Production)","COMPLETE (Enriched)","Hub Connected","Cross-Linked","specialist-services","Organization, Service, BreadcrumbList, FAQPage"
"https://entirefm.com/hotel-facilities-management","200 OK","https://entirefm.com/hotel-facilities-management","Hotel Facilities Management Solutions | Entire FM","Specialized facilities management for the hotel sector — statutory compliance, asset uptime, M&E engineering, and cleaning.","Hotel Facilities Management","INDEX, FOLLOW (Production)","COMPLETE (Enriched)","Hub Connected","Cross-Linked","sectors","Organization, Service, BreadcrumbList, FAQPage"
"https://entirefm.com/hvac-contractor","200 OK","https://entirefm.com/hvac-contractor","Commercial HVAC Contractor | Heating, Ventilation & Air Conditioning | Entire FM","Specialist commercial HVAC contractor providing heating, ventilation, VRV/VRF air conditioning maintenance, F-Gas compliance, and TM44 audits nationwide.","Commercial HVAC Contractor — Heating, Ventilation & Air Conditioning","INDEX, FOLLOW (Production)","COMPLETE (Enriched)","Hub Connected","Cross-Linked","hard-fm","Organization, Service, BreadcrumbList, FAQPage"
"https://entirefm.com/industrial-cleaning","200 OK","https://entirefm.com/industrial-cleaning","Industrial Cleaning Services | Factory Deep Cleans & High Access | Entire FM","Specialist industrial cleaning across the UK — factory shutdowns, high-level structural cleaning, machinery degreasing, and warehouse floor care.","Specialist Industrial Cleaning Services","INDEX, FOLLOW (Production)","COMPLETE (Enriched)","Hub Connected","Cross-Linked","cleaning","Organization, Service, BreadcrumbList, FAQPage"
"https://entirefm.com/industrial-cleaning-birmingham","200 OK","https://entirefm.com/industrial-cleaning-birmingham","Industrial Cleaning Birmingham | Specialist Commercial Services | Entire FM","Professional industrial cleaning across Birmingham — specialist equipment, certified operatives, and tailored commercial service schedules.","Industrial Cleaning Birmingham","INDEX, FOLLOW (Production)","COMPLETE (Enriched)","Hub Connected","Cross-Linked","local-services","Organization, Service, BreadcrumbList, FAQPage"
"https://entirefm.com/industrial-cleaning-chesterfield","200 OK","https://entirefm.com/industrial-cleaning-chesterfield","Industrial Cleaning Chesterfield | Specialist Commercial Services | Entire FM","Professional industrial cleaning across Chesterfield — specialist equipment, certified operatives, and tailored commercial service schedules.","Industrial Cleaning Chesterfield","INDEX, FOLLOW (Production)","COMPLETE (Enriched)","Hub Connected","Cross-Linked","local-services","Organization, Service, BreadcrumbList, FAQPage"
"https://entirefm.com/industrial-cleaning-derby","200 OK","https://entirefm.com/industrial-cleaning-derby","Industrial Cleaning Derby | Specialist Commercial Services | Entire FM","Professional industrial cleaning across Derby — specialist equipment, certified operatives, and tailored commercial service schedules.","Industrial Cleaning Derby","INDEX, FOLLOW (Production)","COMPLETE (Enriched)","Hub Connected","Cross-Linked","local-services","Organization, Service, BreadcrumbList, FAQPage"
"https://entirefm.com/industrial-cleaning-leeds","200 OK","https://entirefm.com/industrial-cleaning-leeds","Industrial Cleaning Leeds | Specialist Commercial Services | Entire FM","Professional industrial cleaning across Leeds — specialist equipment, certified operatives, and tailored commercial service schedules.","Industrial Cleaning Leeds","INDEX, FOLLOW (Production)","COMPLETE (Enriched)","Hub Connected","Cross-Linked","local-services","Organization, Service, BreadcrumbList, FAQPage"
"https://entirefm.com/industrial-cleaning-lincoln","200 OK","https://entirefm.com/industrial-cleaning-lincoln","Industrial Cleaning Lincoln | Specialist Commercial Services | Entire FM","Professional industrial cleaning across Lincoln — specialist equipment, certified operatives, and tailored commercial service schedules.","Industrial Cleaning Lincoln","INDEX, FOLLOW (Production)","COMPLETE (Enriched)","Hub Connected","Cross-Linked","local-services","Organization, Service, BreadcrumbList, FAQPage"
"https://entirefm.com/industrial-cleaning-london","200 OK","https://entirefm.com/industrial-cleaning-london","Industrial Cleaning London | Specialist Commercial Services | Entire FM","Professional industrial cleaning across London — specialist equipment, certified operatives, and tailored commercial service schedules.","Industrial Cleaning London","INDEX, FOLLOW (Production)","COMPLETE (Enriched)","Hub Connected","Cross-Linked","local-services","Organization, Service, BreadcrumbList, FAQPage"
"https://entirefm.com/industrial-cleaning-manchester","200 OK","https://entirefm.com/industrial-cleaning-manchester","Industrial Cleaning Manchester | Specialist Commercial Services | Entire FM","Professional industrial cleaning across Manchester — specialist equipment, certified operatives, and tailored commercial service schedules.","Industrial Cleaning Manchester","INDEX, FOLLOW (Production)","COMPLETE (Enriched)","Hub Connected","Cross-Linked","local-services","Organization, Service, BreadcrumbList, FAQPage"
"https://entirefm.com/industrial-cleaning-nottingham","200 OK","https://entirefm.com/industrial-cleaning-nottingham","Industrial Cleaning Nottingham | Specialist Commercial Services | Entire FM","Professional industrial cleaning across Nottingham — specialist equipment, certified operatives, and tailored commercial service schedules.","Industrial Cleaning Nottingham","INDEX, FOLLOW (Production)","COMPLETE (Enriched)","Hub Connected","Cross-Linked","local-services","Organization, Service, BreadcrumbList, FAQPage"
"https://entirefm.com/industrial-cleaning-sheffield","200 OK","https://entirefm.com/industrial-cleaning-sheffield","Industrial Cleaning Sheffield | Specialist Commercial Services | Entire FM","Professional industrial cleaning across Sheffield — specialist equipment, certified operatives, and tailored commercial service schedules.","Industrial Cleaning Sheffield","INDEX, FOLLOW (Production)","COMPLETE (Enriched)","Hub Connected","Cross-Linked","local-services","Organization, Service, BreadcrumbList, FAQPage"
"https://entirefm.com/industrial-facilities-management","200 OK","https://entirefm.com/industrial-facilities-management","Industrial Facilities Management Solutions | Entire FM","Specialized facilities management for the industrial sector — statutory compliance, asset uptime, M&E engineering, and cleaning.","Industrial Facilities Management","INDEX, FOLLOW (Production)","COMPLETE (Enriched)","Hub Connected","Cross-Linked","sectors","Organization, Service, BreadcrumbList, FAQPage"
"https://entirefm.com/industrial-fm-lincoln","200 OK","https://entirefm.com/industrial-fm-lincoln","Lincoln Facilities Management | Commercial Property Maintenance | Entire FM","Entire FM provides dedicated facilities management across Lincoln — hard FM, M&E engineering, PPM, cleaning, and 24/7 reactive callout support.","Lincoln Facilities Management & Building Maintenance","INDEX, FOLLOW (Production)","COMPLETE (Enriched)","Hub Connected","Cross-Linked","locations","Organization, Service, BreadcrumbList, FAQPage"
"https://entirefm.com/internal-cleaning","200 OK","https://entirefm.com/internal-cleaning","Internal Cleaning | Entire FM","Entire FM — Internal Cleaning. Dedicated facilities management, mechanical & electrical engineering, and property maintenance services.","Internal Cleaning","INDEX, FOLLOW (Production)","COMPLETE (Enriched)","Hub Connected","Cross-Linked","cleaning","Organization, Service, BreadcrumbList, FAQPage"
"https://entirefm.com/items","200 OK","https://entirefm.com/items","Items | Entire FM","Entire FM — Items. Dedicated facilities management, mechanical & electrical engineering, and property maintenance services.","Items","INDEX, FOLLOW (Production)","COMPLETE (Enriched)","Hub Connected","Cross-Linked","company","Organization, Service, BreadcrumbList, FAQPage"
"https://entirefm.com/job-board","200 OK","https://entirefm.com/job-board","Job Board | Entire FM","Entire FM — Job Board. Dedicated facilities management, mechanical & electrical engineering, and property maintenance services.","Job Board","INDEX, FOLLOW (Production)","COMPLETE (Enriched)","Hub Connected","Cross-Linked","company","Organization, Service, BreadcrumbList, FAQPage"
"https://entirefm.com/landmark-facilities-management","200 OK","https://entirefm.com/landmark-facilities-management","Landmark Facilities Management Solutions | Entire FM","Specialized facilities management for the landmark sector — statutory compliance, asset uptime, M&E engineering, and cleaning.","Landmark Facilities Management","INDEX, FOLLOW (Production)","COMPLETE (Enriched)","Hub Connected","Cross-Linked","sectors","Organization, Service, BreadcrumbList, FAQPage"
"https://entirefm.com/landscaping","200 OK","https://entirefm.com/landscaping","Landscaping | Entire FM","Entire FM — Landscaping. Dedicated facilities management, mechanical & electrical engineering, and property maintenance services.","Landscaping","INDEX, FOLLOW (Production)","COMPLETE (Enriched)","Hub Connected","Cross-Linked","soft-fm","Organization, Service, BreadcrumbList, FAQPage"
"https://entirefm.com/leeds-facilities-management","200 OK","https://entirefm.com/leeds-facilities-management","Leeds Facilities Management | Commercial Property Maintenance | Entire FM","Entire FM provides dedicated facilities management across Leeds — hard FM, M&E engineering, PPM, cleaning, and 24/7 reactive callout support.","Leeds Facilities Management & Building Maintenance","INDEX, FOLLOW (Production)","COMPLETE (Enriched)","Hub Connected","Cross-Linked","locations","Organization, Service, BreadcrumbList, FAQPage"
"https://entirefm.com/lincoln-facilities-management","200 OK","https://entirefm.com/lincoln-facilities-management","Lincoln Facilities Management | Commercial Property Maintenance | Entire FM","Entire FM provides dedicated facilities management across Lincoln — hard FM, M&E engineering, PPM, cleaning, and 24/7 reactive callout support.","Lincoln Facilities Management & Building Maintenance","INDEX, FOLLOW (Production)","COMPLETE (Enriched)","Hub Connected","Cross-Linked","locations","Organization, Service, BreadcrumbList, FAQPage"
"https://entirefm.com/lincoln-facilities-management-areas","200 OK","https://entirefm.com/lincoln-facilities-management-areas","Lincoln Facilities Management | Commercial Property Maintenance | Entire FM","Entire FM provides dedicated facilities management across Lincoln — hard FM, M&E engineering, PPM, cleaning, and 24/7 reactive callout support.","Lincoln Facilities Management & Building Maintenance","INDEX, FOLLOW (Production)","COMPLETE (Enriched)","Hub Connected","Cross-Linked","locations","Organization, Service, BreadcrumbList, FAQPage"
"https://entirefm.com/liverpool-facilities-management","200 OK","https://entirefm.com/liverpool-facilities-management","Liverpool Facilities Management | Commercial Property Maintenance | Entire FM","Entire FM provides dedicated facilities management across Liverpool — hard FM, M&E engineering, PPM, cleaning, and 24/7 reactive callout support.","Liverpool Facilities Management & Building Maintenance","INDEX, FOLLOW (Production)","COMPLETE (Enriched)","Hub Connected","Cross-Linked","locations","Organization, Service, BreadcrumbList, FAQPage"
"https://entirefm.com/logistics-facilities-management","200 OK","https://entirefm.com/logistics-facilities-management","Logistics Facilities Management Solutions | Entire FM","Specialized facilities management for the logistics sector — statutory compliance, asset uptime, M&E engineering, and cleaning.","Logistics Facilities Management","INDEX, FOLLOW (Production)","COMPLETE (Enriched)","Hub Connected","Cross-Linked","sectors","Organization, Service, BreadcrumbList, FAQPage"
"https://entirefm.com/london-facilities-management","200 OK","https://entirefm.com/london-facilities-management","London Facilities Management | Managing Agents & Corporate Estates | Entire FM","Strategic facilities management and building services for managing agents, corporate headquarters, and institutional landlords across London.","London Facilities Management — Strategic Estate Governance & Managing Agent Solutions","INDEX, FOLLOW (Production)","COMPLETE (Enriched)","Hub Connected","Cross-Linked","locations","Organization, Service, BreadcrumbList, FAQPage"
"https://entirefm.com/london-facilities-management-areas","200 OK","https://entirefm.com/london-facilities-management-areas","London Facilities Management | Commercial Property Maintenance | Entire FM","Entire FM provides dedicated facilities management across London — hard FM, M&E engineering, PPM, cleaning, and 24/7 reactive callout support.","London Facilities Management & Building Maintenance","INDEX, FOLLOW (Production)","COMPLETE (Enriched)","Hub Connected","Cross-Linked","locations","Organization, Service, BreadcrumbList, FAQPage"
"https://entirefm.com/manchester-facilities-management","200 OK","https://entirefm.com/manchester-facilities-management","Manchester Facilities Management | Commercial Property Maintenance | Entire FM","Entire FM provides dedicated facilities management across Manchester — hard FM, M&E engineering, PPM, cleaning, and 24/7 reactive callout support.","Manchester Facilities Management & Building Maintenance","INDEX, FOLLOW (Production)","COMPLETE (Enriched)","Hub Connected","Cross-Linked","locations","Organization, Service, BreadcrumbList, FAQPage"
"https://entirefm.com/manchester-facilities-managment","200 OK","https://entirefm.com/manchester-facilities-managment","Manchester Facilities Managment | Entire FM","Entire FM — Manchester Facilities Managment. Dedicated facilities management, mechanical & electrical engineering, and property maintenance services.","Manchester Facilities Managment","INDEX, FOLLOW (Production)","COMPLETE (Enriched)","Hub Connected","Cross-Linked","core","Organization, Service, BreadcrumbList, FAQPage"
"https://entirefm.com/manchester-office-cleaning","200 OK","https://entirefm.com/manchester-office-cleaning","Office Cleaning Manchester | Specialist Commercial Services | Entire FM","Professional office cleaning across Manchester — specialist equipment, certified operatives, and tailored commercial service schedules.","Office Cleaning Manchester","INDEX, FOLLOW (Production)","COMPLETE (Enriched)","Hub Connected","Cross-Linked","local-services","Organization, Service, BreadcrumbList, FAQPage"
"https://entirefm.com/mechanical-electrical","200 OK","https://entirefm.com/mechanical-electrical","Mechanical & Electrical Services | M&E Contractor | Entire FM","Entire FM delivers integrated mechanical and electrical engineering across the UK — switchgear, HVAC, emergency lighting, gas safety, and SFG20 PPM.","Mechanical & Electrical (M&E) Services","INDEX, FOLLOW (Production)","COMPLETE (Enriched)","Hub Connected","Cross-Linked","hard-fm","Organization, Service, BreadcrumbList, FAQPage"
"https://entirefm.com/mechanical-electrical/access-control","200 OK","https://entirefm.com/mechanical-electrical/access-control","Mechanical Electrical/Access Control | Entire FM","Entire FM — Mechanical Electrical/Access Control. Dedicated facilities management, mechanical & electrical engineering, and property maintenance services.","Mechanical Electrical/Access Control","INDEX, FOLLOW (Production)","COMPLETE (Enriched)","Hub Connected","Cross-Linked","hard-fm","Organization, Service, BreadcrumbList, FAQPage"
"https://entirefm.com/mechanical-electrical/emergency-light-testing","200 OK","https://entirefm.com/mechanical-electrical/emergency-light-testing","Mechanical Electrical/Emergency Light Testing | Entire FM","Entire FM — Mechanical Electrical/Emergency Light Testing. Dedicated facilities management, mechanical & electrical engineering, and property maintenance services.","Mechanical Electrical/Emergency Light Testing","INDEX, FOLLOW (Production)","COMPLETE (Enriched)","Hub Connected","Cross-Linked","hard-fm","Organization, Service, BreadcrumbList, FAQPage"
"https://entirefm.com/media-digital-displays","200 OK","https://entirefm.com/media-digital-displays","Media Digital Displays | Entire FM","Entire FM — Media Digital Displays. Dedicated facilities management, mechanical & electrical engineering, and property maintenance services.","Media Digital Displays","INDEX, FOLLOW (Production)","COMPLETE (Enriched)","Hub Connected","Cross-Linked","hard-fm","Organization, Service, BreadcrumbList, FAQPage"
"https://entirefm.com/medical-cleaning","200 OK","https://entirefm.com/medical-cleaning","Medical Cleaning | Entire FM","Entire FM — Medical Cleaning. Dedicated facilities management, mechanical & electrical engineering, and property maintenance services.","Medical Cleaning","INDEX, FOLLOW (Production)","COMPLETE (Enriched)","Hub Connected","Cross-Linked","cleaning","Organization, Service, BreadcrumbList, FAQPage"
"https://entirefm.com/mobile-crane-hire","200 OK","https://entirefm.com/mobile-crane-hire","Mobile Crane Hire | Entire FM","Entire FM — Mobile Crane Hire. Dedicated facilities management, mechanical & electrical engineering, and property maintenance services.","Mobile Crane Hire","INDEX, FOLLOW (Production)","COMPLETE (Enriched)","Hub Connected","Cross-Linked","specialist-services","Organization, Service, BreadcrumbList, FAQPage"
"https://entirefm.com/mobile-crane-hire/chesterfield","200 OK","https://entirefm.com/mobile-crane-hire/chesterfield","Mobile Crane Hire/Chesterfield | Entire FM","Entire FM — Mobile Crane Hire/Chesterfield. Dedicated facilities management, mechanical & electrical engineering, and property maintenance services.","Mobile Crane Hire/Chesterfield","INDEX, FOLLOW (Production)","COMPLETE (Enriched)","Hub Connected","Cross-Linked","specialist-services","Organization, Service, BreadcrumbList, FAQPage"
"https://entirefm.com/mobile-crane-hire/sheffield","200 OK","https://entirefm.com/mobile-crane-hire/sheffield","Mobile Crane Hire/Sheffield | Entire FM","Entire FM — Mobile Crane Hire/Sheffield. Dedicated facilities management, mechanical & electrical engineering, and property maintenance services.","Mobile Crane Hire/Sheffield","INDEX, FOLLOW (Production)","COMPLETE (Enriched)","Hub Connected","Cross-Linked","specialist-services","Organization, Service, BreadcrumbList, FAQPage"
"https://entirefm.com/mobile-crane-hire/truck-mount-crane-hire","200 OK","https://entirefm.com/mobile-crane-hire/truck-mount-crane-hire","Mobile Crane Hire/Truck Mount Crane Hire | Entire FM","Entire FM — Mobile Crane Hire/Truck Mount Crane Hire. Dedicated facilities management, mechanical & electrical engineering, and property maintenance services.","Mobile Crane Hire/Truck Mount Crane Hire","INDEX, FOLLOW (Production)","COMPLETE (Enriched)","Hub Connected","Cross-Linked","specialist-services","Organization, Service, BreadcrumbList, FAQPage"
"https://entirefm.com/nottingham-facilities-management","200 OK","https://entirefm.com/nottingham-facilities-management","Nottingham Facilities Management | Commercial Property Maintenance | Entire FM","Entire FM provides dedicated facilities management across Nottingham — hard FM, M&E engineering, PPM, cleaning, and 24/7 reactive callout support.","Nottingham Facilities Management & Building Maintenance","INDEX, FOLLOW (Production)","COMPLETE (Enriched)","Hub Connected","Cross-Linked","locations","Organization, Service, BreadcrumbList, FAQPage"
"https://entirefm.com/office-cleaning","200 OK","https://entirefm.com/office-cleaning","Office Cleaning | Entire FM","Entire FM — Office Cleaning. Dedicated facilities management, mechanical & electrical engineering, and property maintenance services.","Office Cleaning","INDEX, FOLLOW (Production)","COMPLETE (Enriched)","Hub Connected","Cross-Linked","cleaning","Organization, Service, BreadcrumbList, FAQPage"
"https://entirefm.com/office-cleaning-lincoln","200 OK","https://entirefm.com/office-cleaning-lincoln","Office Cleaning Lincoln | Specialist Commercial Services | Entire FM","Professional office cleaning across Lincoln — specialist equipment, certified operatives, and tailored commercial service schedules.","Office Cleaning Lincoln","INDEX, FOLLOW (Production)","COMPLETE (Enriched)","Hub Connected","Cross-Linked","local-services","Organization, Service, BreadcrumbList, FAQPage"
"https://entirefm.com/office-cleaning-london","200 OK","https://entirefm.com/office-cleaning-london","Office Cleaning London | Specialist Commercial Services | Entire FM","Professional office cleaning across London — specialist equipment, certified operatives, and tailored commercial service schedules.","Office Cleaning London","INDEX, FOLLOW (Production)","COMPLETE (Enriched)","Hub Connected","Cross-Linked","local-services","Organization, Service, BreadcrumbList, FAQPage"
"https://entirefm.com/oxford-facilities-management","200 OK","https://entirefm.com/oxford-facilities-management","Oxford Facilities Management | Commercial Property Maintenance | Entire FM","Entire FM provides dedicated facilities management across Oxford — hard FM, M&E engineering, PPM, cleaning, and 24/7 reactive callout support.","Oxford Facilities Management & Building Maintenance","INDEX, FOLLOW (Production)","COMPLETE (Enriched)","Hub Connected","Cross-Linked","locations","Organization, Service, BreadcrumbList, FAQPage"
"https://entirefm.com/plumbing-gas","200 OK","https://entirefm.com/plumbing-gas","Plumbing Gas | Entire FM","Entire FM — Plumbing Gas. Dedicated facilities management, mechanical & electrical engineering, and property maintenance services.","Plumbing Gas","INDEX, FOLLOW (Production)","COMPLETE (Enriched)","Hub Connected","Cross-Linked","hard-fm","Organization, Service, BreadcrumbList, FAQPage"
"https://entirefm.com/portfolio","200 OK","https://entirefm.com/portfolio","Portfolio | Entire FM","Entire FM — Portfolio. Dedicated facilities management, mechanical & electrical engineering, and property maintenance services.","Portfolio","INDEX, FOLLOW (Production)","COMPLETE (Enriched)","Hub Connected","Cross-Linked","company","Organization, Service, BreadcrumbList, FAQPage"
"https://entirefm.com/post/facilities-management-in-different-sectors-similarities-differences-and-the-need-for-agility","200 OK","https://entirefm.com/post/facilities-management-in-different-sectors-similarities-differences-and-the-need-for-agility","Facilities Management In Different Sectors Similarities Differences And The Need For Agility | Facilities Management Insights | Entire FM","Read Entire FM’s comprehensive industry guide on facilities management in different sectors similarities differences and the need for agility for UK commercial property and estate managers.","Facilities Management In Different Sectors Similarities Differences And The Need For Agility","INDEX, FOLLOW (Production)","COMPLETE (Enriched)","Hub Connected","Cross-Linked","insights","Organization, Service, BreadcrumbList, FAQPage"
"https://entirefm.com/post/facilities-management-services-in-lincoln","200 OK","https://entirefm.com/post/facilities-management-services-in-lincoln","Facilities Management Services In Lincoln | Facilities Management Insights | Entire FM","Read Entire FM’s comprehensive industry guide on facilities management services in lincoln for UK commercial property and estate managers.","Facilities Management Services In Lincoln","INDEX, FOLLOW (Production)","COMPLETE (Enriched)","Hub Connected","Cross-Linked","insights","Organization, Service, BreadcrumbList, FAQPage"
"https://entirefm.com/post/facilities-management-to-birmingham","200 OK","https://entirefm.com/post/facilities-management-to-birmingham","Facilities Management To Birmingham | Facilities Management Insights | Entire FM","Read Entire FM’s comprehensive industry guide on facilities management to birmingham for UK commercial property and estate managers.","Facilities Management To Birmingham","INDEX, FOLLOW (Production)","COMPLETE (Enriched)","Hub Connected","Cross-Linked","insights","Organization, Service, BreadcrumbList, FAQPage"
"https://entirefm.com/post/the-importance-of-regular-maintenance-and-inspections","200 OK","https://entirefm.com/post/the-importance-of-regular-maintenance-and-inspections","The Importance Of Regular Maintenance And Inspections | Facilities Management Insights | Entire FM","Read Entire FM’s comprehensive industry guide on the importance of regular maintenance and inspections for UK commercial property and estate managers.","The Importance Of Regular Maintenance And Inspections","INDEX, FOLLOW (Production)","COMPLETE (Enriched)","Hub Connected","Cross-Linked","insights","Organization, Service, BreadcrumbList, FAQPage"
"https://entirefm.com/post/the-importance-of-regular-maintenance-and-inspections-1","200 OK","https://entirefm.com/post/the-importance-of-regular-maintenance-and-inspections-1","The Importance Of Regular Maintenance And Inspections 1 | Facilities Management Insights | Entire FM","Read Entire FM’s comprehensive industry guide on the importance of regular maintenance and inspections 1 for UK commercial property and estate managers.","The Importance Of Regular Maintenance And Inspections 1","INDEX, FOLLOW (Production)","COMPLETE (Enriched)","Hub Connected","Cross-Linked","insights","Organization, Service, BreadcrumbList, FAQPage"
"https://entirefm.com/post/what-are-hard-services","200 OK","https://entirefm.com/post/what-are-hard-services","What Are Hard Services | Facilities Management Insights | Entire FM","Read Entire FM’s comprehensive industry guide on what are hard services for UK commercial property and estate managers.","What Are Hard Services","INDEX, FOLLOW (Production)","COMPLETE (Enriched)","Hub Connected","Cross-Linked","insights","Organization, Service, BreadcrumbList, FAQPage"
"https://entirefm.com/post/what-are-hard-services-in-facilities-management","200 OK","https://entirefm.com/post/what-are-hard-services-in-facilities-management","What Are Hard Services In Facilities Management | Facilities Management Insights | Entire FM","Read Entire FM’s comprehensive industry guide on what are hard services in facilities management for UK commercial property and estate managers.","What Are Hard Services In Facilities Management","INDEX, FOLLOW (Production)","COMPLETE (Enriched)","Hub Connected","Cross-Linked","insights","Organization, Service, BreadcrumbList, FAQPage"
"https://entirefm.com/post/what-are-hard-services-in-facilities-management-1","200 OK","https://entirefm.com/post/what-are-hard-services-in-facilities-management-1","What Are Hard Services In Facilities Management 1 | Facilities Management Insights | Entire FM","Read Entire FM’s comprehensive industry guide on what are hard services in facilities management 1 for UK commercial property and estate managers.","What Are Hard Services In Facilities Management 1","INDEX, FOLLOW (Production)","COMPLETE (Enriched)","Hub Connected","Cross-Linked","insights","Organization, Service, BreadcrumbList, FAQPage"
"https://entirefm.com/post/what-is-facilities-management","200 OK","https://entirefm.com/post/what-is-facilities-management","What Is Facilities Management | Facilities Management Insights | Entire FM","Read Entire FM’s comprehensive industry guide on what is facilities management for UK commercial property and estate managers.","What Is Facilities Management","INDEX, FOLLOW (Production)","COMPLETE (Enriched)","Hub Connected","Cross-Linked","insights","Organization, Service, BreadcrumbList, FAQPage"
"https://entirefm.com/post/what-is-facilities-management-1","200 OK","https://entirefm.com/post/what-is-facilities-management-1","What Is Facilities Management 1 | Facilities Management Insights | Entire FM","Read Entire FM’s comprehensive industry guide on what is facilities management 1 for UK commercial property and estate managers.","What Is Facilities Management 1","INDEX, FOLLOW (Production)","COMPLETE (Enriched)","Hub Connected","Cross-Linked","insights","Organization, Service, BreadcrumbList, FAQPage"
"https://entirefm.com/post/what-is-facilities-management-1-1","200 OK","https://entirefm.com/post/what-is-facilities-management-1-1","What Is Facilities Management 1 1 | Facilities Management Insights | Entire FM","Read Entire FM’s comprehensive industry guide on what is facilities management 1 1 for UK commercial property and estate managers.","What Is Facilities Management 1 1","INDEX, FOLLOW (Production)","COMPLETE (Enriched)","Hub Connected","Cross-Linked","insights","Organization, Service, BreadcrumbList, FAQPage"
"https://entirefm.com/ppm","200 OK","https://entirefm.com/ppm","Planned Preventative Maintenance (PPM) | SFG20 Scheduling | Entire FM","Protect building assets and ensure statutory compliance with structured SFG20 planned preventative maintenance (PPM) schedules from Entire FM.","Planned Preventative Maintenance (PPM) Services","INDEX, FOLLOW (Production)","COMPLETE (Enriched)","Hub Connected","Cross-Linked","maintenance","Organization, Service, BreadcrumbList, FAQPage"
"https://entirefm.com/pressure-washing","200 OK","https://entirefm.com/pressure-washing","Pressure Washing | Entire FM","Entire FM — Pressure Washing. Dedicated facilities management, mechanical & electrical engineering, and property maintenance services.","Pressure Washing","INDEX, FOLLOW (Production)","COMPLETE (Enriched)","Hub Connected","Cross-Linked","cleaning","Organization, Service, BreadcrumbList, FAQPage"
"https://entirefm.com/pressure-washing-birmingham","200 OK","https://entirefm.com/pressure-washing-birmingham","Pressure Washing Birmingham | Specialist Commercial Services | Entire FM","Professional pressure washing across Birmingham — specialist equipment, certified operatives, and tailored commercial service schedules.","Pressure Washing Birmingham","INDEX, FOLLOW (Production)","COMPLETE (Enriched)","Hub Connected","Cross-Linked","local-services","Organization, Service, BreadcrumbList, FAQPage"
"https://entirefm.com/pressure-washing-lincoln","200 OK","https://entirefm.com/pressure-washing-lincoln","Pressure Washing Lincoln | Specialist Commercial Services | Entire FM","Professional pressure washing across Lincoln — specialist equipment, certified operatives, and tailored commercial service schedules.","Pressure Washing Lincoln","INDEX, FOLLOW (Production)","COMPLETE (Enriched)","Hub Connected","Cross-Linked","local-services","Organization, Service, BreadcrumbList, FAQPage"
"https://entirefm.com/pressure-washing-london","200 OK","https://entirefm.com/pressure-washing-london","Pressure Washing London | Specialist Commercial Services | Entire FM","Professional pressure washing across London — specialist equipment, certified operatives, and tailored commercial service schedules.","Pressure Washing London","INDEX, FOLLOW (Production)","COMPLETE (Enriched)","Hub Connected","Cross-Linked","local-services","Organization, Service, BreadcrumbList, FAQPage"
"https://entirefm.com/pressure-washing-manchester","200 OK","https://entirefm.com/pressure-washing-manchester","Pressure Washing Manchester | Specialist Commercial Services | Entire FM","Professional pressure washing across Manchester — specialist equipment, certified operatives, and tailored commercial service schedules.","Pressure Washing Manchester","INDEX, FOLLOW (Production)","COMPLETE (Enriched)","Hub Connected","Cross-Linked","local-services","Organization, Service, BreadcrumbList, FAQPage"
"https://entirefm.com/pressure-washing-sheffield","200 OK","https://entirefm.com/pressure-washing-sheffield","Pressure Washing Sheffield | Specialist Commercial Services | Entire FM","Professional pressure washing across Sheffield — specialist equipment, certified operatives, and tailored commercial service schedules.","Pressure Washing Sheffield","INDEX, FOLLOW (Production)","COMPLETE (Enriched)","Hub Connected","Cross-Linked","local-services","Organization, Service, BreadcrumbList, FAQPage"
"https://entirefm.com/preston-facilities-management","200 OK","https://entirefm.com/preston-facilities-management","Preston Facilities Management | Commercial Property Maintenance | Entire FM","Entire FM provides dedicated facilities management across Preston — hard FM, M&E engineering, PPM, cleaning, and 24/7 reactive callout support.","Preston Facilities Management & Building Maintenance","INDEX, FOLLOW (Production)","COMPLETE (Enriched)","Hub Connected","Cross-Linked","locations","Organization, Service, BreadcrumbList, FAQPage"
"https://entirefm.com/privacy-policy","200 OK","https://entirefm.com/privacy-policy","Privacy Policy | Entire FM","Entire FM — Privacy Policy. Dedicated facilities management, mechanical & electrical engineering, and property maintenance services.","Privacy Policy","INDEX, FOLLOW (Production)","COMPLETE (Enriched)","Hub Connected","Cross-Linked","core","Organization, Service, BreadcrumbList, FAQPage"
"https://entirefm.com/property-manager-fm-services","200 OK","https://entirefm.com/property-manager-fm-services","Property Manager Fm Services Facilities Management Solutions | Entire FM","Specialized facilities management for the property manager fm services sector — statutory compliance, asset uptime, M&E engineering, and cleaning.","Property Manager Fm Services Facilities Management","INDEX, FOLLOW (Production)","COMPLETE (Enriched)","Hub Connected","Cross-Linked","sectors","Organization, Service, BreadcrumbList, FAQPage"
"https://entirefm.com/public-sector-facilities-management","200 OK","https://entirefm.com/public-sector-facilities-management","Public Sector Facilities Management Solutions | Entire FM","Specialized facilities management for the public sector sector — statutory compliance, asset uptime, M&E engineering, and cleaning.","Public Sector Facilities Management","INDEX, FOLLOW (Production)","COMPLETE (Enriched)","Hub Connected","Cross-Linked","sectors","Organization, Service, BreadcrumbList, FAQPage"
"https://entirefm.com/reactive-cleaning-services","200 OK","https://entirefm.com/reactive-cleaning-services","Reactive Cleaning Services | Entire FM","Entire FM — Reactive Cleaning Services. Dedicated facilities management, mechanical & electrical engineering, and property maintenance services.","Reactive Cleaning Services","INDEX, FOLLOW (Production)","COMPLETE (Enriched)","Hub Connected","Cross-Linked","cleaning","Organization, Service, BreadcrumbList, FAQPage"
"https://entirefm.com/residential-cleaning","200 OK","https://entirefm.com/residential-cleaning","Residential Cleaning | Entire FM","Entire FM — Residential Cleaning. Dedicated facilities management, mechanical & electrical engineering, and property maintenance services.","Residential Cleaning","INDEX, FOLLOW (Production)","COMPLETE (Enriched)","Hub Connected","Cross-Linked","cleaning","Organization, Service, BreadcrumbList, FAQPage"
"https://entirefm.com/residential-facilities-management","200 OK","https://entirefm.com/residential-facilities-management","Residential Facilities Management Solutions | Entire FM","Specialized facilities management for the residential sector — statutory compliance, asset uptime, M&E engineering, and cleaning.","Residential Facilities Management","INDEX, FOLLOW (Production)","COMPLETE (Enriched)","Hub Connected","Cross-Linked","sectors","Organization, Service, BreadcrumbList, FAQPage"
"https://entirefm.com/residential-fm-lincoln","200 OK","https://entirefm.com/residential-fm-lincoln","Lincoln Facilities Management | Commercial Property Maintenance | Entire FM","Entire FM provides dedicated facilities management across Lincoln — hard FM, M&E engineering, PPM, cleaning, and 24/7 reactive callout support.","Lincoln Facilities Management & Building Maintenance","INDEX, FOLLOW (Production)","COMPLETE (Enriched)","Hub Connected","Cross-Linked","locations","Organization, Service, BreadcrumbList, FAQPage"
"https://entirefm.com/restaurant-facilities-management","200 OK","https://entirefm.com/restaurant-facilities-management","Restaurant Facilities Management Solutions | Entire FM","Specialized facilities management for the restaurant sector — statutory compliance, asset uptime, M&E engineering, and cleaning.","Restaurant Facilities Management","INDEX, FOLLOW (Production)","COMPLETE (Enriched)","Hub Connected","Cross-Linked","sectors","Organization, Service, BreadcrumbList, FAQPage"
"https://entirefm.com/retail-cleaning","200 OK","https://entirefm.com/retail-cleaning","Retail Cleaning | Entire FM","Entire FM — Retail Cleaning. Dedicated facilities management, mechanical & electrical engineering, and property maintenance services.","Retail Cleaning","INDEX, FOLLOW (Production)","COMPLETE (Enriched)","Hub Connected","Cross-Linked","cleaning","Organization, Service, BreadcrumbList, FAQPage"
"https://entirefm.com/retail-facilities-management","200 OK","https://entirefm.com/retail-facilities-management","Retail Facilities Management Solutions | Entire FM","Specialized facilities management for the retail sector — statutory compliance, asset uptime, M&E engineering, and cleaning.","Retail Facilities Management","INDEX, FOLLOW (Production)","COMPLETE (Enriched)","Hub Connected","Cross-Linked","sectors","Organization, Service, BreadcrumbList, FAQPage"
"https://entirefm.com/retail-fm-lincoln","200 OK","https://entirefm.com/retail-fm-lincoln","Lincoln Facilities Management | Commercial Property Maintenance | Entire FM","Entire FM provides dedicated facilities management across Lincoln — hard FM, M&E engineering, PPM, cleaning, and 24/7 reactive callout support.","Lincoln Facilities Management & Building Maintenance","INDEX, FOLLOW (Production)","COMPLETE (Enriched)","Hub Connected","Cross-Linked","locations","Organization, Service, BreadcrumbList, FAQPage"
"https://entirefm.com/rotherham-facilities-management","200 OK","https://entirefm.com/rotherham-facilities-management","Rotherham Facilities Management | Commercial Property Maintenance | Entire FM","Entire FM provides dedicated facilities management across Rotherham — hard FM, M&E engineering, PPM, cleaning, and 24/7 reactive callout support.","Rotherham Facilities Management & Building Maintenance","INDEX, FOLLOW (Production)","COMPLETE (Enriched)","Hub Connected","Cross-Linked","locations","Organization, Service, BreadcrumbList, FAQPage"
"https://entirefm.com/safety-critical-emergency-systems","200 OK","https://entirefm.com/safety-critical-emergency-systems","Safety Critical Emergency Systems | Entire FM","Entire FM — Safety Critical Emergency Systems. Dedicated facilities management, mechanical & electrical engineering, and property maintenance services.","Safety Critical Emergency Systems","INDEX, FOLLOW (Production)","COMPLETE (Enriched)","Hub Connected","Cross-Linked","hard-fm","Organization, Service, BreadcrumbList, FAQPage"
"https://entirefm.com/security-services","200 OK","https://entirefm.com/security-services","Security Services | Entire FM","Entire FM — Security Services. Dedicated facilities management, mechanical & electrical engineering, and property maintenance services.","Security Services","INDEX, FOLLOW (Production)","COMPLETE (Enriched)","Hub Connected","Cross-Linked","soft-fm","Organization, Service, BreadcrumbList, FAQPage"
"https://entirefm.com/service-station-fm","200 OK","https://entirefm.com/service-station-fm","Service Station Facilities Management Solutions | Entire FM","Specialized facilities management for the service station sector — statutory compliance, asset uptime, M&E engineering, and cleaning.","Service Station Facilities Management","INDEX, FOLLOW (Production)","COMPLETE (Enriched)","Hub Connected","Cross-Linked","sectors","Organization, Service, BreadcrumbList, FAQPage"
"https://entirefm.com/services","200 OK","https://entirefm.com/services","Services | Entire FM","Entire FM — Services. Dedicated facilities management, mechanical & electrical engineering, and property maintenance services.","Services","INDEX, FOLLOW (Production)","COMPLETE (Enriched)","Hub Connected","Cross-Linked","company","Organization, Service, BreadcrumbList, FAQPage"
"https://entirefm.com/sheffield-facilities-management","200 OK","https://entirefm.com/sheffield-facilities-management","Sheffield Facilities Management | Commercial Property Maintenance | Entire FM","Entire FM provides dedicated facilities management across Sheffield — hard FM, M&E engineering, PPM, cleaning, and 24/7 reactive callout support.","Sheffield Facilities Management & Building Maintenance","INDEX, FOLLOW (Production)","COMPLETE (Enriched)","Hub Connected","Cross-Linked","locations","Organization, Service, BreadcrumbList, FAQPage"
"https://entirefm.com/soft-services","200 OK","https://entirefm.com/soft-services","Soft Services | Entire FM","Entire FM — Soft Services. Dedicated facilities management, mechanical & electrical engineering, and property maintenance services.","Soft Services","INDEX, FOLLOW (Production)","COMPLETE (Enriched)","Hub Connected","Cross-Linked","soft-fm","Organization, Service, BreadcrumbList, FAQPage"
"https://entirefm.com/sport-centre-facilities-management","200 OK","https://entirefm.com/sport-centre-facilities-management","Sport Centre Facilities Management Solutions | Entire FM","Specialized facilities management for the sport centre sector — statutory compliance, asset uptime, M&E engineering, and cleaning.","Sport Centre Facilities Management","INDEX, FOLLOW (Production)","COMPLETE (Enriched)","Hub Connected","Cross-Linked","sectors","Organization, Service, BreadcrumbList, FAQPage"
"https://entirefm.com/telford-facilities-management","200 OK","https://entirefm.com/telford-facilities-management","Telford Facilities Management | Commercial Property Maintenance | Entire FM","Entire FM provides dedicated facilities management across Telford — hard FM, M&E engineering, PPM, cleaning, and 24/7 reactive callout support.","Telford Facilities Management & Building Maintenance","INDEX, FOLLOW (Production)","COMPLETE (Enriched)","Hub Connected","Cross-Linked","locations","Organization, Service, BreadcrumbList, FAQPage"
"https://entirefm.com/terms-and-conditions","200 OK","https://entirefm.com/terms-and-conditions","Terms And Conditions | Entire FM","Entire FM — Terms And Conditions. Dedicated facilities management, mechanical & electrical engineering, and property maintenance services.","Terms And Conditions","INDEX, FOLLOW (Production)","COMPLETE (Enriched)","Hub Connected","Cross-Linked","core","Organization, Service, BreadcrumbList, FAQPage"
"https://entirefm.com/tier-one-facilities-management","200 OK","https://entirefm.com/tier-one-facilities-management","Tier One Facilities Management Solutions | Entire FM","Specialized facilities management for the tier one sector — statutory compliance, asset uptime, M&E engineering, and cleaning.","Tier One Facilities Management","INDEX, FOLLOW (Production)","COMPLETE (Enriched)","Hub Connected","Cross-Linked","sectors","Organization, Service, BreadcrumbList, FAQPage"
"https://entirefm.com/tierone-facilities-managment","200 OK","https://entirefm.com/tierone-facilities-managment","Tierone Facilities Managment Facilities Management Solutions | Entire FM","Specialized facilities management for the tierone facilities managment sector — statutory compliance, asset uptime, M&E engineering, and cleaning.","Tierone Facilities Managment Facilities Management","INDEX, FOLLOW (Production)","COMPLETE (Enriched)","Hub Connected","Cross-Linked","sectors","Organization, Service, BreadcrumbList, FAQPage"
"https://entirefm.com/transport-facilities-management","200 OK","https://entirefm.com/transport-facilities-management","Transport Facilities Management Solutions | Entire FM","Specialized facilities management for the transport sector — statutory compliance, asset uptime, M&E engineering, and cleaning.","Transport Facilities Management","INDEX, FOLLOW (Production)","COMPLETE (Enriched)","Hub Connected","Cross-Linked","sectors","Organization, Service, BreadcrumbList, FAQPage"
"https://entirefm.com/vending-supplier","200 OK","https://entirefm.com/vending-supplier","Vending Supplier | Entire FM","Entire FM — Vending Supplier. Dedicated facilities management, mechanical & electrical engineering, and property maintenance services.","Vending Supplier","INDEX, FOLLOW (Production)","COMPLETE (Enriched)","Hub Connected","Cross-Linked","soft-fm","Organization, Service, BreadcrumbList, FAQPage"
"https://entirefm.com/warehouse-facilities-management","200 OK","https://entirefm.com/warehouse-facilities-management","Warehouse Facilities Management Solutions | Entire FM","Specialized facilities management for the warehouse sector — statutory compliance, asset uptime, M&E engineering, and cleaning.","Warehouse Facilities Management","INDEX, FOLLOW (Production)","COMPLETE (Enriched)","Hub Connected","Cross-Linked","sectors","Organization, Service, BreadcrumbList, FAQPage"
"https://entirefm.com/washroom-management","200 OK","https://entirefm.com/washroom-management","Washroom Management | Entire FM","Entire FM — Washroom Management. Dedicated facilities management, mechanical & electrical engineering, and property maintenance services.","Washroom Management","INDEX, FOLLOW (Production)","COMPLETE (Enriched)","Hub Connected","Cross-Linked","soft-fm","Organization, Service, BreadcrumbList, FAQPage"
"https://entirefm.com/what-is-facilities-management","200 OK","https://entirefm.com/what-is-facilities-management","What Is Facilities Management | Entire FM","Entire FM — What Is Facilities Management. Dedicated facilities management, mechanical & electrical engineering, and property maintenance services.","What Is Facilities Management","INDEX, FOLLOW (Production)","COMPLETE (Enriched)","Hub Connected","Cross-Linked","core","Organization, Service, BreadcrumbList, FAQPage"
"https://entirefm.com/wigan-facilities-management","200 OK","https://entirefm.com/wigan-facilities-management","Wigan Facilities Management | Commercial Property Maintenance | Entire FM","Entire FM provides dedicated facilities management across Wigan — hard FM, M&E engineering, PPM, cleaning, and 24/7 reactive callout support.","Wigan Facilities Management & Building Maintenance","INDEX, FOLLOW (Production)","COMPLETE (Enriched)","Hub Connected","Cross-Linked","locations","Organization, Service, BreadcrumbList, FAQPage"
"https://entirefm.com/window-cleaning","200 OK","https://entirefm.com/window-cleaning","Window Cleaning | Entire FM","Entire FM — Window Cleaning. Dedicated facilities management, mechanical & electrical engineering, and property maintenance services.","Window Cleaning","INDEX, FOLLOW (Production)","COMPLETE (Enriched)","Hub Connected","Cross-Linked","cleaning","Organization, Service, BreadcrumbList, FAQPage"
"https://entirefm.com/working-at-heights","200 OK","https://entirefm.com/working-at-heights","Working At Heights | Entire FM","Entire FM — Working At Heights. Dedicated facilities management, mechanical & electrical engineering, and property maintenance services.","Working At Heights","INDEX, FOLLOW (Production)","COMPLETE (Enriched)","Hub Connected","Cross-Linked","hard-fm","Organization, Service, BreadcrumbList, FAQPage"